source,recordID,normalized_identifier,union_identifier_key,track,scientific_disposition,scientific_clause,evidence_level
ACM,E001,10.65109/ydmy4904,doi:10.65109/ydmy4904,academic/control per v1,include,I1,Unknown (v1 audit has no v2 mutually exclusive field)
ACM,E002,10.1145/3772363.3799174,doi:10.1145/3772363.3799174,academic/control per v1,exclude,X1/ordinary_recommendation,Unknown (v1 audit has no v2 mutually exclusive field)
ACM,E003,10.1145/3773077.3813783,doi:10.1145/3773077.3813783,academic/control per v1,exclude,X1,Unknown (v1 audit has no v2 mutually exclusive field)
ACM,E004,10.1145/3706598.3713218,doi:10.1145/3706598.3713218,academic/control per v1,include,I1/direct_commercial_interaction,Unknown (v1 audit has no v2 mutually exclusive field)
ACM,E005,10.1145/3560905.3568301,doi:10.1145/3560905.3568301,academic/control per v1,exclude,X1/noncommercial_agent_application,Unknown (v1 audit has no v2 mutually exclusive field)
ACM,E006,10.1145/1082473,doi:10.1145/1082473,academic/control per v1,exclude,T1/proceedings_collection,Unknown (v1 audit has no v2 mutually exclusive field)
ACM,E007,10.1145/3820915.3820953,doi:10.1145/3820915.3820953,academic/control per v1,exclude,X1,Unknown (v1 audit has no v2 mutually exclusive field)
ACM,E008,10.1145/3785706.3785939,doi:10.1145/3785706.3785939,academic/control per v1,exclude,X1,Unknown (v1 audit has no v2 mutually exclusive field)
ACM,E009,10.1145/3774905.3795718,doi:10.1145/3774905.3795718,academic/control per v1,exclude,X2,Unknown (v1 audit has no v2 mutually exclusive field)
ACM,E010,10.1145/3842390,doi:10.1145/3842390,academic/control per v1,exclude,X1,Unknown (v1 audit has no v2 mutually exclusive field)
ACM,E011,10.1145/3833541.3833669,doi:10.1145/3833541.3833669,academic/control per v1,exclude,X1,Unknown (v1 audit has no v2 mutually exclusive field)
ACM,E012,10.14778/3827998.3828081,doi:10.14778/3827998.3828081,academic/control per v1,exclude,X1,Unknown (v1 audit has no v2 mutually exclusive field)
ACM,E013,10.1145/3805712.3808508,doi:10.1145/3805712.3808508,academic/control per v1,exclude,X1,Unknown (v1 audit has no v2 mutually exclusive field)
ACM,E014,10.1145/3805712.3808643,doi:10.1145/3805712.3808643,academic/control per v1,exclude,X1,Unknown (v1 audit has no v2 mutually exclusive field)
ACM,E015,10.1145/3805712.3808579,doi:10.1145/3805712.3808579,academic/control per v1,exclude,X1,Unknown (v1 audit has no v2 mutually exclusive field)
ACM,E016,10.1145/3726302.3731959,doi:10.1145/3726302.3731959,academic/control per v1,exclude,X1,Unknown (v1 audit has no v2 mutually exclusive field)
ACM,E017,10.1145/3800000.3800048,doi:10.1145/3800000.3800048,academic/control per v1,exclude,X2,Unknown (v1 audit has no v2 mutually exclusive field)
ACM,E018,10.1145/3813822.3814079,doi:10.1145/3813822.3814079,academic/control per v1,exclude,X1,Unknown (v1 audit has no v2 mutually exclusive field)
ACM,E019,10.1145/3726302.3731950,doi:10.1145/3726302.3731950,academic/control per v1,exclude,X1,Unknown (v1 audit has no v2 mutually exclusive field)
ACM,E020,10.1145/3837873.3838005,doi:10.1145/3837873.3838005,academic/control per v1,exclude,X1,Unknown (v1 audit has no v2 mutually exclusive field)
ACM,E021,10.1145/3800000.3800156,doi:10.1145/3800000.3800156,academic/control per v1,exclude,X1,Unknown (v1 audit has no v2 mutually exclusive field)
ACM,E022,10.1145/3817124.3817247,doi:10.1145/3817124.3817247,academic/control per v1,exclude,X1,Unknown (v1 audit has no v2 mutually exclusive field)
ACM,E023,10.14778/3734839.3734859,doi:10.14778/3734839.3734859,academic/control per v1,exclude,X1,Unknown (v1 audit has no v2 mutually exclusive field)
ACM,E024,10.1145/3774904.3793050,doi:10.1145/3774904.3793050,academic/control per v1,exclude,X1,Unknown (v1 audit has no v2 mutually exclusive field)
ACM,E025,10.5555/3709347.3744003,doi:10.5555/3709347.3744003,academic/control per v1,include,I1,Unknown (v1 audit has no v2 mutually exclusive field)
ACM,E026,10.65109/norv5629,doi:10.65109/norv5629,academic/control per v1,exclude,X2,Unknown (v1 audit has no v2 mutually exclusive field)
ACM,E027,10.1145/3774904.3792850,doi:10.1145/3774904.3792850,academic/control per v1,exclude,X1,Unknown (v1 audit has no v2 mutually exclusive field)
ACM,E028,10.1145/3773078.3831721,doi:10.1145/3773078.3831721,academic/control per v1,exclude,T2/after_cutoff,Unknown (v1 audit has no v2 mutually exclusive field)
ACM,E029,10.1145/3837873.3838012,doi:10.1145/3837873.3838012,academic/control per v1,exclude,X1,Unknown (v1 audit has no v2 mutually exclusive field)
ACM,E030,10.1145/3773966.3784969,doi:10.1145/3773966.3784969,academic/control per v1,exclude,X1,Unknown (v1 audit has no v2 mutually exclusive field)
ACM,E031,10.1145/3705328.3748064,doi:10.1145/3705328.3748064,academic/control per v1,exclude,X1,Unknown (v1 audit has no v2 mutually exclusive field)
ACM,E032,10.1145/3774905.3795728,doi:10.1145/3774905.3795728,academic/control per v1,exclude,X1/ordinary_recommendation,Unknown (v1 audit has no v2 mutually exclusive field)
ACM,E033,10.1145/3805712.3808410,doi:10.1145/3805712.3808410,academic/control per v1,exclude,X1,Unknown (v1 audit has no v2 mutually exclusive field)
ACM,E034,10.1145/3695652.3695663,doi:10.1145/3695652.3695663,academic/control per v1,exclude,X1,Unknown (v1 audit has no v2 mutually exclusive field)
ACM,E035,10.1145/3805712.3808592,doi:10.1145/3805712.3808592,academic/control per v1,include,I1,Unknown (v1 audit has no v2 mutually exclusive field)
ACM,E036,10.1145/3796130.3796140,doi:10.1145/3796130.3796140,academic/control per v1,exclude,X1,Unknown (v1 audit has no v2 mutually exclusive field)
ACM,E037,10.1145/3767052.3767057,doi:10.1145/3767052.3767057,academic/control per v1,exclude,X1,Unknown (v1 audit has no v2 mutually exclusive field)
ACM,E038,10.1145/3708557.3716360,doi:10.1145/3708557.3716360,academic/control per v1,exclude,X1,Unknown (v1 audit has no v2 mutually exclusive field)
ACM,E039,10.1145/3837873.3838040,doi:10.1145/3837873.3838040,academic/control per v1,exclude,X1/out_of_scope,Unknown (v1 audit has no v2 mutually exclusive field)
ACM,E040,10.1145/3637528.3672503,doi:10.1145/3637528.3672503,academic/control per v1,exclude,X2,Unknown (v1 audit has no v2 mutually exclusive field)
ACM,E041,10.1145/3729706.3729764,doi:10.1145/3729706.3729764,academic/control per v1,exclude,X2,Unknown (v1 audit has no v2 mutually exclusive field)
ACM,E042,10.1145/3805712.3808459,doi:10.1145/3805712.3808459,academic/control per v1,exclude,X1,Unknown (v1 audit has no v2 mutually exclusive field)
ACM,E043,10.1145/3708319.3734179,doi:10.1145/3708319.3734179,academic/control per v1,exclude,X1,Unknown (v1 audit has no v2 mutually exclusive field)
ACM,E044,10.1145/3578338.3593572,doi:10.1145/3578338.3593572,academic/control per v1,exclude,X1,Unknown (v1 audit has no v2 mutually exclusive field)
ACM,E045,10.1145/3589976,doi:10.1145/3589976,academic/control per v1,exclude,X1/general_blockchain_performance,Unknown (v1 audit has no v2 mutually exclusive field)
ACM,E046,10.1145/3317604,doi:10.1145/3317604,academic/control per v1,include,I1/direct_agent_commerce,Unknown (v1 audit has no v2 mutually exclusive field)
ACM,E047,10.1145/1329125.1329259,doi:10.1145/1329125.1329259,academic/control per v1,exclude,X2,Unknown (v1 audit has no v2 mutually exclusive field)
ACM,E048,10.5555/2147671.2147747,doi:10.5555/2147671.2147747,academic/control per v1,include,I1,Unknown (v1 audit has no v2 mutually exclusive field)
ACM,E049,10.1145/1062261.1062275,doi:10.1145/1062261.1062275,academic/control per v1,exclude,X2,Unknown (v1 audit has no v2 mutually exclusive field)
ACM,E050,10.1145/1456223.1456262,doi:10.1145/1456223.1456262,academic/control per v1,exclude,X1,Unknown (v1 audit has no v2 mutually exclusive field)
ACM,E051,10.1145/1655925.1655969,doi:10.1145/1655925.1655969,academic/control per v1,exclude,X1,Unknown (v1 audit has no v2 mutually exclusive field)
ACM,E052,10.1145/1655925.1656192,doi:10.1145/1655925.1656192,academic/control per v1,exclude,X1,Unknown (v1 audit has no v2 mutually exclusive field)
ACM,E053,10.1145/3809482,doi:10.1145/3809482,academic/control per v1,exclude,X1,Unknown (v1 audit has no v2 mutually exclusive field)
ACM,E054,10.1145/3821216,doi:10.1145/3821216,academic/control per v1,include,I2,Unknown (v1 audit has no v2 mutually exclusive field)
ACM,E055,10.14778/3827998.3828066,doi:10.14778/3827998.3828066,academic/control per v1,include,I1,Unknown (v1 audit has no v2 mutually exclusive field)
ACM,E056,10.1145/3653681,doi:10.1145/3653681,academic/control per v1,exclude,X2,Unknown (v1 audit has no v2 mutually exclusive field)
ACM,E057,10.1145/3670865.3673489,doi:10.1145/3670865.3673489,academic/control per v1,exclude,X1,Unknown (v1 audit has no v2 mutually exclusive field)
ACM,E058,10.1145/3774904.3792893,doi:10.1145/3774904.3792893,academic/control per v1,include,I1,Unknown (v1 audit has no v2 mutually exclusive field)
ACM,E059,10.1145/3486622.3493919,doi:10.1145/3486622.3493919,academic/control per v1,include,I1/direct_commercial_interaction,Unknown (v1 audit has no v2 mutually exclusive field)
ACM,E060,10.1145/3772363.3798851,doi:10.1145/3772363.3798851,academic/control per v1,exclude,X2,Unknown (v1 audit has no v2 mutually exclusive field)
ACM,E061,10.1145/3767695.3769484,doi:10.1145/3767695.3769484,academic/control per v1,exclude,X1,Unknown (v1 audit has no v2 mutually exclusive field)
ACM,E062,10.1145/3501402,doi:10.1145/3501402,academic/control per v1,exclude,X1/general_security_protocol,Unknown (v1 audit has no v2 mutually exclusive field)
ACM,E063,10.1145/3774905.3793108,doi:10.1145/3774905.3793108,academic/control per v1,exclude,X1/generic_agent_framework,Unknown (v1 audit has no v2 mutually exclusive field)
ACM,E064,10.1145/3789240.3822606,doi:10.1145/3789240.3822606,academic/control per v1,exclude,X1,Unknown (v1 audit has no v2 mutually exclusive field)
ACM,E065,10.1145/3659154.3659159,doi:10.1145/3659154.3659159,academic/control per v1,exclude,X1/noncommercial_agent_application,Unknown (v1 audit has no v2 mutually exclusive field)
ACM,E066,10.1145/3765611.3815148,doi:10.1145/3765611.3815148,academic/control per v1,exclude,X1,Unknown (v1 audit has no v2 mutually exclusive field)
ACM,E067,10.5555/3306127.3331962,doi:10.5555/3306127.3331962,academic/control per v1,exclude,X2,Unknown (v1 audit has no v2 mutually exclusive field)
ACM,E068,10.1145/3319535.3345651,doi:10.1145/3319535.3345651,academic/control per v1,exclude,X1/general_security_protocol,Unknown (v1 audit has no v2 mutually exclusive field)
ACM,E069,10.1145/3765611.3815147,doi:10.1145/3765611.3815147,academic/control per v1,exclude,X1,Unknown (v1 audit has no v2 mutually exclusive field)
ACM,E070,10.1145/3773078.3831743,doi:10.1145/3773078.3831743,academic/control per v1,exclude,T2/after_cutoff,Unknown (v1 audit has no v2 mutually exclusive field)
ACM,E071,10.1145/3664476.3664485,doi:10.1145/3664476.3664485,academic/control per v1,exclude,X1,Unknown (v1 audit has no v2 mutually exclusive field)
ACM,E072,10.1145/3820441.3821235,doi:10.1145/3820441.3821235,academic/control per v1,include,I2/commerce_enabling_protocol,Unknown (v1 audit has no v2 mutually exclusive field)
ACM,E073,10.65109/pjgh6650,doi:10.65109/pjgh6650,academic/control per v1,include,I2,Unknown (v1 audit has no v2 mutually exclusive field)
ACM,E074,10.1145/3770855.3817862,doi:10.1145/3770855.3817862,academic/control per v1,include,I2,Unknown (v1 audit has no v2 mutually exclusive field)
ACM,E075,10.1145/3757374.3771455,doi:10.1145/3757374.3771455,academic/control per v1,exclude,X1,Unknown (v1 audit has no v2 mutually exclusive field)
ACM,E076,10.1145/3805621.3807649,doi:10.1145/3805621.3807649,academic/control per v1,exclude,X1,Unknown (v1 audit has no v2 mutually exclusive field)
ACM,E077,10.1145/3770855.3816475,doi:10.1145/3770855.3816475,academic/control per v1,exclude,X1,Unknown (v1 audit has no v2 mutually exclusive field)
ACM,E078,10.1145/3800935.3830851,doi:10.1145/3800935.3830851,academic/control per v1,include,I2,Unknown (v1 audit has no v2 mutually exclusive field)
ACM,E079,10.1145/3803437.3807394,doi:10.1145/3803437.3807394,academic/control per v1,exclude,X1,Unknown (v1 audit has no v2 mutually exclusive field)
ACM,E080,10.1145/3808103,doi:10.1145/3808103,academic/control per v1,include,I2,Unknown (v1 audit has no v2 mutually exclusive field)
ACM,E081,10.1145/3805712.3808376,doi:10.1145/3805712.3808376,academic/control per v1,exclude,X1,Unknown (v1 audit has no v2 mutually exclusive field)
ACM,E082,10.1145/3785462.3815873,doi:10.1145/3785462.3815873,academic/control per v1,include,I2,Unknown (v1 audit has no v2 mutually exclusive field)
ACM,E083,10.1145/3766882.3767177,doi:10.1145/3766882.3767177,academic/control per v1,include,I2,Unknown (v1 audit has no v2 mutually exclusive field)
ACM,E084,10.65109/gmhb4353,doi:10.65109/gmhb4353,academic/control per v1,exclude,X2,Unknown (v1 audit has no v2 mutually exclusive field)
ACM,E085,10.1145/3802133.3802268,doi:10.1145/3802133.3802268,academic/control per v1,exclude,X1,Unknown (v1 audit has no v2 mutually exclusive field)
ACM,E086,10.1145/3793653.3793773,doi:10.1145/3793653.3793773,academic/control per v1,include,I2,Unknown (v1 audit has no v2 mutually exclusive field)
ACM,E087,10.1145/3776865.3776913,doi:10.1145/3776865.3776913,academic/control per v1,exclude,X1,Unknown (v1 audit has no v2 mutually exclusive field)
ACM,E088,10.1145/3772363.3798864,doi:10.1145/3772363.3798864,academic/control per v1,include,I2/commerce_enabling_protocol,Unknown (v1 audit has no v2 mutually exclusive field)
ACM,E089,10.1145/3733802.3764057,doi:10.1145/3733802.3764057,academic/control per v1,include,I2/commerce_enabling_protocol,Unknown (v1 audit has no v2 mutually exclusive field)
ACM,E090,10.1145/3805712.3809582,doi:10.1145/3805712.3809582,academic/control per v1,include,I2,Unknown (v1 audit has no v2 mutually exclusive field)
ACM,E091,10.1145/3704413.3765314,doi:10.1145/3704413.3765314,academic/control per v1,include,I2/commerce_related_enabling_protocol,Unknown (v1 audit has no v2 mutually exclusive field)
ACM,E092,10.1145/3770855.3818655,doi:10.1145/3770855.3818655,academic/control per v1,exclude,X2,Unknown (v1 audit has no v2 mutually exclusive field)
ACM,E093,10.1145/3829441.3829514,doi:10.1145/3829441.3829514,academic/control per v1,exclude,X1,Unknown (v1 audit has no v2 mutually exclusive field)
ACM,E094,10.1145/3774900.3776637,doi:10.1145/3774900.3776637,academic/control per v1,include,I2,Unknown (v1 audit has no v2 mutually exclusive field)
ACM,E095,10.1145/3821576,doi:10.1145/3821576,academic/control per v1,include,I2/commerce_enabling_protocol,Unknown (v1 audit has no v2 mutually exclusive field)
ACM,E096,10.1145/3803431,doi:10.1145/3803431,academic/control per v1,include,I2,Unknown (v1 audit has no v2 mutually exclusive field)
ACM,E097,10.1145/3746027.3758176,doi:10.1145/3746027.3758176,academic/control per v1,exclude,X1/incidental_protocol_application,Unknown (v1 audit has no v2 mutually exclusive field)
ACM,E098,10.1145/860575.860788,doi:10.1145/860575.860788,academic/control per v1,exclude,X1,Unknown (v1 audit has no v2 mutually exclusive field)
ACM,E099,10.1145/3737888,doi:10.1145/3737888,academic/control per v1,exclude,X1,Unknown (v1 audit has no v2 mutually exclusive field)
ACM,E100,10.1145/3459637.3482052,doi:10.1145/3459637.3482052,academic/control per v1,exclude,X1,Unknown (v1 audit has no v2 mutually exclusive field)
ACM,E101,10.1145/2785830.2785874,doi:10.1145/2785830.2785874,academic/control per v1,exclude,X1,Unknown (v1 audit has no v2 mutually exclusive field)
ACM,E102,10.5555/509058.509129,doi:10.5555/509058.509129,academic/control per v1,exclude,X1,Unknown (v1 audit has no v2 mutually exclusive field)
ACM,E103,10.1145/3777912.3847607,doi:10.1145/3777912.3847607,academic/control per v1,exclude,T2/after_cutoff,Unknown (v1 audit has no v2 mutually exclusive field)
ACM,E104,10.1145/3469213.3470712,doi:10.1145/3469213.3470712,academic/control per v1,exclude,X1,Unknown (v1 audit has no v2 mutually exclusive field)
ACM,E105,10.5555/1838206.1838479,doi:10.5555/1838206.1838479,academic/control per v1,exclude,X1,Unknown (v1 audit has no v2 mutually exclusive field)
ACM,E106,10.1145/1282100.1282126,doi:10.1145/1282100.1282126,academic/control per v1,include,I2,Unknown (v1 audit has no v2 mutually exclusive field)
ACM,E107,10.1145/3789240.3830292,doi:10.1145/3789240.3830292,academic/control per v1,include,I1,Unknown (v1 audit has no v2 mutually exclusive field)
ACM,E108,10.65109/frtb6682,doi:10.65109/frtb6682,academic/control per v1,exclude,X1/economic_agents_without_software_system,Unknown (v1 audit has no v2 mutually exclusive field)
ACM,E109,10.1145/3736252.3742624,doi:10.1145/3736252.3742624,academic/control per v1,exclude,X1/economic_agents_without_software_system,Unknown (v1 audit has no v2 mutually exclusive field)
ACM,E110,10.1145/3772900.3772961,doi:10.1145/3772900.3772961,academic/control per v1,exclude,X2,Unknown (v1 audit has no v2 mutually exclusive field)
ACM,E111,10.1145/3736252.3742668,doi:10.1145/3736252.3742668,academic/control per v1,exclude,X1,Unknown (v1 audit has no v2 mutually exclusive field)
ACM,E112,10.1145/3770855.3818329,doi:10.1145/3770855.3818329,academic/control per v1,include,I1,Unknown (v1 audit has no v2 mutually exclusive field)
ACM,E113,10.5555/3709347.3744087,doi:10.5555/3709347.3744087,academic/control per v1,exclude,X2,Unknown (v1 audit has no v2 mutually exclusive field)
ACM,E114,10.65109/dpvb1014,doi:10.65109/dpvb1014,academic/control per v1,exclude,X2,Unknown (v1 audit has no v2 mutually exclusive field)
ACM,E115,10.1145/3691326,doi:10.1145/3691326,academic/control per v1,include,I1,Unknown (v1 audit has no v2 mutually exclusive field)
ACM,E116,10.5555/3709347.3743829,doi:10.5555/3709347.3743829,academic/control per v1,exclude,X1,Unknown (v1 audit has no v2 mutually exclusive field)
ACM,E117,10.1145/3746458,doi:10.1145/3746458,academic/control per v1,exclude,X1/economic_agents_without_software_system,Unknown (v1 audit has no v2 mutually exclusive field)
ACM,E118,10.1145/3736252.3742663,doi:10.1145/3736252.3742663,academic/control per v1,exclude,X1/economic_agents_without_software_system,Unknown (v1 audit has no v2 mutually exclusive field)
ACM,E119,10.1145/3736252.3742540,doi:10.1145/3736252.3742540,academic/control per v1,exclude,X1/economic_agents_without_software_system,Unknown (v1 audit has no v2 mutually exclusive field)
ACM,E120,10.1145/3785706.3785982,doi:10.1145/3785706.3785982,academic/control per v1,exclude,X1,Unknown (v1 audit has no v2 mutually exclusive field)
ACM,E121,10.1145/3789692.3789789,doi:10.1145/3789692.3789789,academic/control per v1,exclude,X1,Unknown (v1 audit has no v2 mutually exclusive field)
ACM,E122,10.1145/3736252.3742664,doi:10.1145/3736252.3742664,academic/control per v1,exclude,X1/economic_agents_without_software_system,Unknown (v1 audit has no v2 mutually exclusive field)
ACM,E123,10.1145/3788882.3788885,doi:10.1145/3788882.3788885,academic/control per v1,exclude,X2,Unknown (v1 audit has no v2 mutually exclusive field)
ACM,E124,10.5555/3712729.3712950,doi:10.5555/3712729.3712950,academic/control per v1,exclude,X1,Unknown (v1 audit has no v2 mutually exclusive field)
ACM,E125,10.1145/3788853.3802511,doi:10.1145/3788853.3802511,academic/control per v1,exclude,X1/agenda_without_substantive_mechanism,Unknown (v1 audit has no v2 mutually exclusive field)
ACM,E126,10.1145/3543507.3583334,doi:10.1145/3543507.3583334,academic/control per v1,include,I1,Unknown (v1 audit has no v2 mutually exclusive field)
ACM,E127,10.1145/3750555.3811883,doi:10.1145/3750555.3811883,academic/control per v1,include,I1,Unknown (v1 audit has no v2 mutually exclusive field)
ACM,E128,10.1145/3736252.3742576,doi:10.1145/3736252.3742576,academic/control per v1,exclude,X1/economic_agents_without_software_system,Unknown (v1 audit has no v2 mutually exclusive field)
ACM,E129,10.1145/3545897.3545917,doi:10.1145/3545897.3545917,academic/control per v1,exclude,X1,Unknown (v1 audit has no v2 mutually exclusive field)
ACM,E130,10.1145/3610549.3614597,doi:10.1145/3610549.3614597,academic/control per v1,exclude,X1,Unknown (v1 audit has no v2 mutually exclusive field)
ACM,E131,10.1145/3696500.3696558,doi:10.1145/3696500.3696558,academic/control per v1,exclude,X1,Unknown (v1 audit has no v2 mutually exclusive field)
ACM,E132,10.1145/3545897,doi:10.1145/3545897,academic/control per v1,exclude,T1/proceedings_collection,Unknown (v1 audit has no v2 mutually exclusive field)
ACM,E133,10.1145/3610549,doi:10.1145/3610549,academic/control per v1,exclude,T1/proceedings_collection,Unknown (v1 audit has no v2 mutually exclusive field)
ACM,E134,10.5555/3145862.3145884,doi:10.5555/3145862.3145884,academic/control per v1,exclude,X1,Unknown (v1 audit has no v2 mutually exclusive field)
ACM,E135,10.1145/3174781.3174789,doi:10.1145/3174781.3174789,academic/control per v1,exclude,X1,Unknown (v1 audit has no v2 mutually exclusive field)
ACM,E136,10.1145/128756.128759,doi:10.1145/128756.128759,academic/control per v1,exclude,X1,Unknown (v1 audit has no v2 mutually exclusive field)
ACM,E137,10.1145/3696500,doi:10.1145/3696500,academic/control per v1,exclude,T1/proceedings_collection,Unknown (v1 audit has no v2 mutually exclusive field)
ACM,E138,10.1145/3803437.3805231,doi:10.1145/3803437.3805231,academic/control per v1,exclude,X2/scope_not_explicit_in_abstract,Unknown (v1 audit has no v2 mutually exclusive field)
ACM,E139,10.1145/3794209.3794236,doi:10.1145/3794209.3794236,academic/control per v1,exclude,X2,Unknown (v1 audit has no v2 mutually exclusive field)
ACM,E140,10.65109/phrw6922,doi:10.65109/phrw6922,academic/control per v1,exclude,X1/generic_agent_protocol_without_commerce,Unknown (v1 audit has no v2 mutually exclusive field)
ACM,E141,10.1145/3830910,doi:10.1145/3830910,academic/control per v1,exclude,X1/generic_agent_framework,Unknown (v1 audit has no v2 mutually exclusive field)
ACM,E142,10.1145/3786335.3813130,doi:10.1145/3786335.3813130,academic/control per v1,exclude,X1,Unknown (v1 audit has no v2 mutually exclusive field)
ACM,E143,10.1145/3786335.3813204,doi:10.1145/3786335.3813204,academic/control per v1,exclude,X1/generic_agent_framework,Unknown (v1 audit has no v2 mutually exclusive field)
ACM,E144,10.1145/3793656.3793690,doi:10.1145/3793656.3793690,academic/control per v1,exclude,X1/out_of_scope,Unknown (v1 audit has no v2 mutually exclusive field)
ACM,E145,10.1145/3779208.3786259,doi:10.1145/3779208.3786259,academic/control per v1,include,I1/direct_commercial_interaction,Unknown (v1 audit has no v2 mutually exclusive field)
ACM,E146,10.1145/3805689.3806728,doi:10.1145/3805689.3806728,academic/control per v1,exclude,X1,Unknown (v1 audit has no v2 mutually exclusive field)
ACM,E147,10.1145/3785462.3815882,doi:10.1145/3785462.3815882,academic/control per v1,exclude,X1,Unknown (v1 audit has no v2 mutually exclusive field)
ACM,E148,10.1145/3850159,doi:10.1145/3850159,academic/control per v1,exclude,T2/after_cutoff,Unknown (v1 audit has no v2 mutually exclusive field)
ACM,E149,10.1145/3796519,doi:10.1145/3796519,academic/control per v1,include,I2/commerce_enabling_protocol,Unknown (v1 audit has no v2 mutually exclusive field)
ACM,E150,10.1145/3830467,doi:10.1145/3830467,academic/control per v1,include,I2/commerce_enabling_protocol,Unknown (v1 audit has no v2 mutually exclusive field)
ACM,E151,10.1145/3786160.3788471,doi:10.1145/3786160.3788471,academic/control per v1,include,I2,Unknown (v1 audit has no v2 mutually exclusive field)
ACM,E152,10.1145/3822455.3830317,doi:10.1145/3822455.3830317,academic/control per v1,exclude,T2/after_cutoff,Unknown (v1 audit has no v2 mutually exclusive field)
ACM,E153,10.1145/3814959,doi:10.1145/3814959,academic/control per v1,include,I2/commerce_enabling_protocol,Unknown (v1 audit has no v2 mutually exclusive field)
ACM,E154,10.1145/3847119,doi:10.1145/3847119,academic/control per v1,include,I2/commerce_enabling_protocol,Unknown (v1 audit has no v2 mutually exclusive field)
ACM,E155,10.1145/3786161.3788462,doi:10.1145/3786161.3788462,academic/control per v1,include,I2,Unknown (v1 audit has no v2 mutually exclusive field)
ACM,E156,10.1145/3711875.3736687,doi:10.1145/3711875.3736687,academic/control per v1,exclude,X2,Unknown (v1 audit has no v2 mutually exclusive field)
ACM,E157,10.1145/3737895.3768303,doi:10.1145/3737895.3768303,academic/control per v1,exclude,X2,Unknown (v1 audit has no v2 mutually exclusive field)
ACM,E158,10.1145/3737897.3767287,doi:10.1145/3737897.3767287,academic/control per v1,include,I2,Unknown (v1 audit has no v2 mutually exclusive field)
ACM,E159,10.1145/3789692.3789854,doi:10.1145/3789692.3789854,academic/control per v1,exclude,X2,Unknown (v1 audit has no v2 mutually exclusive field)
ACM,E160,10.1145/3772363.3798433,doi:10.1145/3772363.3798433,academic/control per v1,exclude,X1,Unknown (v1 audit has no v2 mutually exclusive field)
ACM,E161,10.1145/3770855.3817478,doi:10.1145/3770855.3817478,academic/control per v1,include,I2,Unknown (v1 audit has no v2 mutually exclusive field)
ACM,E162,10.5555/2484920.2485027,doi:10.5555/2484920.2485027,academic/control per v1,exclude,X1,Unknown (v1 audit has no v2 mutually exclusive field)
ACM,E163,10.1109/tnet.2022.3174114,doi:10.1109/tnet.2022.3174114,academic/control per v1,exclude,X2/scope_not_explicit_in_abstract,Unknown (v1 audit has no v2 mutually exclusive field)
ACM,E164,10.1145/3503465,doi:10.1145/3503465,academic/control per v1,exclude,X1/general_computing,Unknown (v1 audit has no v2 mutually exclusive field)
ACM,E165,10.1145/3798217,doi:10.1145/3798217,academic/control per v1,exclude,X1/general_security,Unknown (v1 audit has no v2 mutually exclusive field)
ACM,E166,10.1145/3774905.3795086,doi:10.1145/3774905.3795086,academic/control per v1,exclude,X1,Unknown (v1 audit has no v2 mutually exclusive field)
ACM,E167,10.1145/3706598.3713528,doi:10.1145/3706598.3713528,academic/control per v1,exclude,X1/general_industry_application,Unknown (v1 audit has no v2 mutually exclusive field)
ACM,E168,10.1145/3564625.3564654,doi:10.1145/3564625.3564654,academic/control per v1,exclude,X1,Unknown (v1 audit has no v2 mutually exclusive field)
ACM,E169,10.1145/3744916,doi:10.1145/3744916,academic/control per v1,exclude,T1/proceedings_collection,Unknown (v1 audit has no v2 mutually exclusive field)
ACM,E170,10.1145/3815189,doi:10.1145/3815189,academic/control per v1,exclude,X1,Unknown (v1 audit has no v2 mutually exclusive field)
ACM,E171,10.1145/3625704.3625772,doi:10.1145/3625704.3625772,academic/control per v1,exclude,X1,Unknown (v1 audit has no v2 mutually exclusive field)
ACM,E172,10.1145/3805689,doi:10.1145/3805689,academic/control per v1,exclude,T1/proceedings_collection,Unknown (v1 audit has no v2 mutually exclusive field)
ACM,E173,10.1145/3798129,doi:10.1145/3798129,academic/control per v1,exclude,T1/proceedings_collection,Unknown (v1 audit has no v2 mutually exclusive field)
ACM,E174,10.1145/3794915,doi:10.1145/3794915,academic/control per v1,exclude,T1/proceedings_collection,Unknown (v1 audit has no v2 mutually exclusive field)
ACM,E175,10.1145/3787495,doi:10.1145/3787495,academic/control per v1,exclude,X1/general_security,Unknown (v1 audit has no v2 mutually exclusive field)
ACM,E176,10.1145/3715336,doi:10.1145/3715336,academic/control per v1,exclude,T1/proceedings_collection,Unknown (v1 audit has no v2 mutually exclusive field)
ACM,E177,10.1145/3661814.3662100,doi:10.1145/3661814.3662100,academic/control per v1,exclude,X1/general_security,Unknown (v1 audit has no v2 mutually exclusive field)
ACM,E178,10.1145/3704522,doi:10.1145/3704522,academic/control per v1,exclude,T1/proceedings_collection,Unknown (v1 audit has no v2 mutually exclusive field)
ACM,N002121E3DB1747CF,10.1145/3368274.3368285,doi:10.1145/3368274.3368285,academic/control per v1,exclude,X1/non_agent_topic,Unknown (v1 audit has no v2 mutually exclusive field)
ACM,N003EDBF00B04A6BB,10.1145/1293731.1293736,doi:10.1145/1293731.1293736,academic/control per v1,exclude,X1/general_agent_framework,Unknown (v1 audit has no v2 mutually exclusive field)
ACM,N00598CC2869A25DE,10.1145/3759439,doi:10.1145/3759439,academic/control per v1,exclude,T1/proceedings_collection,Unknown (v1 audit has no v2 mutually exclusive field)
ACM,N0060678F42217168,10.1145/544862.544885,doi:10.1145/544862.544885,academic/control per v1,include,I1/direct_commercial_interaction,Unknown (v1 audit has no v2 mutually exclusive field)
ACM,N007850C31D3D37C0,10.1145/544862.544867,doi:10.1145/544862.544867,academic/control per v1,exclude,X2/scope_not_explicit_in_abstract,Unknown (v1 audit has no v2 mutually exclusive field)
ACM,N00E1686FF5DDE028,10.1145/1040032.174179,doi:10.1145/1040032.174179,academic/control per v1,exclude,X1/general_AI_framework,Unknown (v1 audit has no v2 mutually exclusive field)
ACM,N00F8A449C72776B3,10.1145/1248377.1248432,doi:10.1145/1248377.1248432,academic/control per v1,exclude,X1/economic_agents_without_software,Unknown (v1 audit has no v2 mutually exclusive field)
ACM,N0108FDBF2D2B57E7,10.1145/860575.860659,doi:10.1145/860575.860659,academic/control per v1,include,I2/commercial_commitment_ACL_protocol,Unknown (v1 audit has no v2 mutually exclusive field)
ACM,N0129AD4728B4ED56,10.1145/1403375.1403698,doi:10.1145/1403375.1403698,academic/control per v1,exclude,X1/non_agent_topic,Unknown (v1 audit has no v2 mutually exclusive field)
ACM,N0175265561CB34EF,10.1109/tnet.2021.3138923,doi:10.1109/tnet.2021.3138923,academic/control per v1,exclude,X1/noncommercial_scheduling,Unknown (v1 audit has no v2 mutually exclusive field)
ACM,N018015B0CBC7EA05,10.1145/1250910.1250951,doi:10.1145/1250910.1250951,academic/control per v1,exclude,X1/economic_agents_without_software,Unknown (v1 audit has no v2 mutually exclusive field)
ACM,N018C68AAD7972AFA,10.1145/777005.777040,doi:10.1145/777005.777040,academic/control per v1,exclude,X1/noncommercial_system,Unknown (v1 audit has no v2 mutually exclusive field)
ACM,N01A5D8AD565A5C87,10.1145/1329125.1329186,doi:10.1145/1329125.1329186,academic/control per v1,include,I1/direct_commercial_interaction,Unknown (v1 audit has no v2 mutually exclusive field)
ACM,N01A627173C10B091,10.1145/3477339.3477351,doi:10.1145/3477339.3477351,academic/control per v1,exclude,X1,Unknown (v1 audit has no v2 mutually exclusive field)
ACM,N01DE675961F9F6DC,10.1145/3366423.3380217,doi:10.1145/3366423.3380217,academic/control per v1,exclude,X1/human_commercial_behavior,Unknown (v1 audit has no v2 mutually exclusive field)
ACM,N01DED2CA88457B09,10.5555/2484920.2485121,doi:10.5555/2484920.2485121,academic/control per v1,include,I1,Unknown (v1 audit has no v2 mutually exclusive field)
ACM,N0225D4342960531B,10.1145/2213977.2213990,doi:10.1145/2213977.2213990,academic/control per v1,exclude,X1/economic_agents_without_software,Unknown (v1 audit has no v2 mutually exclusive field)
ACM,N024CF8F7CFC65605,10.1145/3219166.3219167,doi:10.1145/3219166.3219167,academic/control per v1,exclude,X1/economic_agents_without_software_system,Unknown (v1 audit has no v2 mutually exclusive field)
ACM,N0256CD7E9879A8B5,10.1109/tnet.2009.2037621,doi:10.1109/tnet.2009.2037621,academic/control per v1,exclude,X1/general_security,Unknown (v1 audit has no v2 mutually exclusive field)
ACM,N026F03CD44CD0AB8,10.5555/3545946.3598787,doi:10.5555/3545946.3598787,academic/control per v1,exclude,X2,Unknown (v1 audit has no v2 mutually exclusive field)
ACM,N0279982F15E61A54,10.5555/3535850.3535859,doi:10.5555/3535850.3535859,academic/control per v1,exclude,X2,Unknown (v1 audit has no v2 mutually exclusive field)
ACM,N029884E12B11FCBA,10.1145/3670865.3673490,doi:10.1145/3670865.3673490,academic/control per v1,exclude,X1/economic_agents_without_software_system,Unknown (v1 audit has no v2 mutually exclusive field)
ACM,N02C282D090353BC4,10.1145/3772318.3791496,doi:10.1145/3772318.3791496,academic/control per v1,exclude,X1/human_platform_labor,Unknown (v1 audit has no v2 mutually exclusive field)
ACM,N02F6B771883C8329,10.1145/3832165,doi:10.1145/3832165,academic/control per v1,exclude,T2/after_cutoff,Unknown (v1 audit has no v2 mutually exclusive field)
ACM,N0328982594A543BA,10.1145/3543829.3544530,doi:10.1145/3543829.3544530,academic/control per v1,exclude,X1/ordinary_recommendation,Unknown (v1 audit has no v2 mutually exclusive field)
ACM,N032E156ECB332E39,10.1145/3805689.3812402,doi:10.1145/3805689.3812402,academic/control per v1,exclude,X1/general_code_generation,Unknown (v1 audit has no v2 mutually exclusive field)
ACM,N034135117B78FEA7,10.5555/2627817.2627907,doi:10.5555/2627817.2627907,academic/control per v1,exclude,X2,Unknown (v1 audit has no v2 mutually exclusive field)
ACM,N0359709A4228C25F,10.1145/860575.860652,doi:10.1145/860575.860652,academic/control per v1,exclude,X1/economic_agents_without_software,Unknown (v1 audit has no v2 mutually exclusive field)
ACM,N03610C142ED70474,10.1145/1082473.1082623,doi:10.1145/1082473.1082623,academic/control per v1,exclude,X2,Unknown (v1 audit has no v2 mutually exclusive field)
ACM,N037333FC63BD14DF,10.1145/3593013.3594031,doi:10.1145/3593013.3594031,academic/control per v1,exclude,X1/human_platform_labor,Unknown (v1 audit has no v2 mutually exclusive field)
ACM,N0386831C5B6602C4,10.1145/3555228,doi:10.1145/3555228,academic/control per v1,exclude,T1/proceedings_collection,Unknown (v1 audit has no v2 mutually exclusive field)
ACM,N03CC89A4A169C232,10.1145/1621995.1622041,doi:10.1145/1621995.1622041,academic/control per v1,exclude,X1/general_text_analysis,Unknown (v1 audit has no v2 mutually exclusive field)
ACM,N03D7D0DE6C183CA1,10.1145/3755991,doi:10.1145/3755991,academic/control per v1,exclude,X1/non_agent_topic,Unknown (v1 audit has no v2 mutually exclusive field)
ACM,N03E6C1ECCF54E4BF,10.1145/3530799,doi:10.1145/3530799,academic/control per v1,exclude,X1/economic_agents_without_software_system,Unknown (v1 audit has no v2 mutually exclusive field)
ACM,N04011AA33B1D7786,10.1145/3618260.3664273,doi:10.1145/3618260.3664273,academic/control per v1,exclude,X1/economic_agents_without_software_system,Unknown (v1 audit has no v2 mutually exclusive field)
ACM,N041C9CEFF9ED2E41,10.5555/1367832.1367838,doi:10.5555/1367832.1367838,academic/control per v1,exclude,X1,Unknown (v1 audit has no v2 mutually exclusive field)
ACM,N042F04F597533ED0,10.1145/3605573,doi:10.1145/3605573,academic/control per v1,exclude,T1/proceedings_collection,Unknown (v1 audit has no v2 mutually exclusive field)
ACM,N043E5DBCE337375B,10.1007/11575726_9,doi:10.1007/11575726_9,academic/control per v1,include,I1/direct_commercial_interaction,Unknown (v1 audit has no v2 mutually exclusive field)
ACM,N0471A0822F64C975,10.1145/2783258.2783370,doi:10.1145/2783258.2783370,academic/control per v1,exclude,X1/ordinary_analysis,Unknown (v1 audit has no v2 mutually exclusive field)
ACM,N0492936D994AED92,10.1145/967900.968060,doi:10.1145/967900.968060,academic/control per v1,include,I1/direct_commercial_interaction,Unknown (v1 audit has no v2 mutually exclusive field)
ACM,N049CAADE85CA7C44,10.1145/3774905.3793921,doi:10.1145/3774905.3793921,academic/control per v1,exclude,X2/scope_not_explicit_in_abstract,Unknown (v1 audit has no v2 mutually exclusive field)
ACM,N04D85C9A837FF8C8,10.1145/3770854.3783949,doi:10.1145/3770854.3783949,academic/control per v1,exclude,X1/general_code_generation,Unknown (v1 audit has no v2 mutually exclusive field)
ACM,N04D870ABEACB3BDD,10.1109/tnet.2015.2458892,doi:10.1109/tnet.2015.2458892,academic/control per v1,exclude,X1/noncommercial_prediction,Unknown (v1 audit has no v2 mutually exclusive field)
ACM,N04DD415C5305843B,10.5555/2814058.3252438,doi:10.5555/2814058.3252438,academic/control per v1,pending,A0/missing_primary_abstract,Unknown (v1 audit has no v2 mutually exclusive field)
ACM,N04DEF36E1534BE11,10.1145/3774934,doi:10.1145/3774934,academic/control per v1,exclude,T1/proceedings_collection,Unknown (v1 audit has no v2 mutually exclusive field)
ACM,N04E03FF41007C532,10.1145/3584684,doi:10.1145/3584684,academic/control per v1,exclude,T1/proceedings_collection,Unknown (v1 audit has no v2 mutually exclusive field)
ACM,N04E66E9CC5030A20,10.1145/3786304.3787872,doi:10.1145/3786304.3787872,academic/control per v1,exclude,X1,Unknown (v1 audit has no v2 mutually exclusive field)
ACM,N051500BBC5078B09,10.5555/3398761.3398857,doi:10.5555/3398761.3398857,academic/control per v1,exclude,X2,Unknown (v1 audit has no v2 mutually exclusive field)
ACM,N0520A22F9EA47902,10.1145/948005.948026,doi:10.1145/948005.948026,academic/control per v1,include,I1/direct_commercial_interaction,Unknown (v1 audit has no v2 mutually exclusive field)
ACM,N05639A9F331B3A0B,10.1613/jair.1.11204,doi:10.1613/jair.1.11204,academic/control per v1,exclude,X1,Unknown (v1 audit has no v2 mutually exclusive field)
ACM,N05841BF0A9E3B020,10.1145/501158.501193,doi:10.1145/501158.501193,academic/control per v1,include,I1/direct_commercial_interaction,Unknown (v1 audit has no v2 mutually exclusive field)
ACM,N059507574A498125,10.1145/3335484.3335525,doi:10.1145/3335484.3335525,academic/control per v1,exclude,X1/consumer_marketing,Unknown (v1 audit has no v2 mutually exclusive field)
ACM,N059A4A2A30F96F5D,10.5555/510378.510637,doi:10.5555/510378.510637,academic/control per v1,include,I1,Unknown (v1 audit has no v2 mutually exclusive field)
ACM,N059D1BAD82427AED,10.1145/3701716,doi:10.1145/3701716,academic/control per v1,exclude,T1/proceedings_collection,Unknown (v1 audit has no v2 mutually exclusive field)
ACM,N05AC847F64B52E0A,10.1145/3626772.3661345,doi:10.1145/3626772.3661345,academic/control per v1,exclude,X1/human_customer_service,Unknown (v1 audit has no v2 mutually exclusive field)
ACM,N05AD5C60930D9B92,10.1145/3742414.3794777,doi:10.1145/3742414.3794777,academic/control per v1,exclude,X1/incidental_protocol_application,Unknown (v1 audit has no v2 mutually exclusive field)
ACM,N05B8EBD57D20CE47,10.1145/3003434,doi:10.1145/3003434,academic/control per v1,exclude,X1/noncommercial_agent_interaction,Unknown (v1 audit has no v2 mutually exclusive field)
ACM,N05E92D91506D02BF,10.5555/3545946.3598807,doi:10.5555/3545946.3598807,academic/control per v1,exclude,X1,Unknown (v1 audit has no v2 mutually exclusive field)
ACM,N05F4BD3AC4F49940,10.1145/3746027.3762030,doi:10.1145/3746027.3762030,academic/control per v1,exclude,X1/noncommercial_agent_application,Unknown (v1 audit has no v2 mutually exclusive field)
ACM,N05F5F5DB86934B19,10.5555/2936924.2937182,doi:10.5555/2936924.2937182,academic/control per v1,exclude,X2,Unknown (v1 audit has no v2 mutually exclusive field)
ACM,N062208061602F49D,10.5555/3091125.3091394,doi:10.5555/3091125.3091394,academic/control per v1,include,I1,Unknown (v1 audit has no v2 mutually exclusive field)
ACM,N0645F7CA3C6298ED,10.5555/2429759.2430182,doi:10.5555/2429759.2430182,academic/control per v1,exclude,X1,Unknown (v1 audit has no v2 mutually exclusive field)
ACM,N0663E97F477C6E8C,10.5555/2484920.2484961,doi:10.5555/2484920.2484961,academic/control per v1,exclude,X2,Unknown (v1 audit has no v2 mutually exclusive field)
ACM,N06695E76FC0DD83C,10.1145/1807342.1807389,doi:10.1145/1807342.1807389,academic/control per v1,include,I1/direct_commercial_interaction,Unknown (v1 audit has no v2 mutually exclusive field)
ACM,N06909284625D2FDA,10.1145/2677855.2677875,doi:10.1145/2677855.2677875,academic/control per v1,exclude,X1/noncommercial_agent_application,Unknown (v1 audit has no v2 mutually exclusive field)
ACM,N069F42F66AF57D40,10.1145/3786167.3788429,doi:10.1145/3786167.3788429,academic/control per v1,exclude,X2/scope_not_explicit_in_abstract,Unknown (v1 audit has no v2 mutually exclusive field)
ACM,N06B23DC928F3A577,10.1145/3475959,doi:10.1145/3475959,academic/control per v1,exclude,T1/proceedings_collection,Unknown (v1 audit has no v2 mutually exclusive field)
ACM,N06D2F1584A5E3AC1,10.1145/2492002.2482599,doi:10.1145/2492002.2482599,academic/control per v1,include,I1/direct_commercial_interaction,Unknown (v1 audit has no v2 mutually exclusive field)
ACM,N06E58A1BE90AB558,10.1145/3820355.3820384,doi:10.1145/3820355.3820384,academic/control per v1,exclude,X1/generic_agent_infrastructure,Unknown (v1 audit has no v2 mutually exclusive field)
ACM,N06EC4351D6AF26CF,10.1145/3805690.3805726,doi:10.1145/3805690.3805726,academic/control per v1,exclude,T2/date_eligibility_unestablished,Unknown (v1 audit has no v2 mutually exclusive field)
ACM,N0700567704FCF07B,10.1145/2037556.2037559,doi:10.1145/2037556.2037559,academic/control per v1,exclude,X1/non_agent_topic,Unknown (v1 audit has no v2 mutually exclusive field)
ACM,N070F7C822E81AA28,10.1145/3281411.3281417,doi:10.1145/3281411.3281417,academic/control per v1,exclude,X1/noncommercial_resource_management,Unknown (v1 audit has no v2 mutually exclusive field)
ACM,N07221F7606C2EBBD,10.1145/501158.501182,doi:10.1145/501158.501182,academic/control per v1,include,I1/direct_commercial_interaction,Unknown (v1 audit has no v2 mutually exclusive field)
ACM,N072D721B016B4FA7,10.1145/3737905,doi:10.1145/3737905,academic/control per v1,exclude,T1/proceedings_collection,Unknown (v1 audit has no v2 mutually exclusive field)
ACM,N07301784C0282A1D,10.5555/1838206.1838373,doi:10.5555/1838206.1838373,academic/control per v1,exclude,X1,Unknown (v1 audit has no v2 mutually exclusive field)
ACM,N0743A70E010557E7,10.1145/3708496,doi:10.1145/3708496,academic/control per v1,exclude,X1/general_security_protocol,Unknown (v1 audit has no v2 mutually exclusive field)
ACM,N074B9F85468DBA15,10.5555/2343776.2343803,doi:10.5555/2343776.2343803,academic/control per v1,exclude,X2,Unknown (v1 audit has no v2 mutually exclusive field)
ACM,N0773E69B27B43AF4,10.1145/1409540.1409597,doi:10.1145/1409540.1409597,academic/control per v1,include,I1/direct_commercial_interaction,Unknown (v1 audit has no v2 mutually exclusive field)
ACM,N0779AEBBB4EF32B1,10.1145/3736252.3742593,doi:10.1145/3736252.3742593,academic/control per v1,exclude,X1/economic_agents_without_software_system,Unknown (v1 audit has no v2 mutually exclusive field)
ACM,N078BD63C7F7A93B2,10.1145/1124566.1124572,doi:10.1145/1124566.1124572,academic/control per v1,exclude,X2/scope_not_explicit_in_abstract,Unknown (v1 audit has no v2 mutually exclusive field)
ACM,N07922BB2151413B1,10.1145/1658866.1658876,doi:10.1145/1658866.1658876,academic/control per v1,exclude,X1/noncommercial_agent_application,Unknown (v1 audit has no v2 mutually exclusive field)
ACM,N08089E3AEFA2104A,10.1145/3308558,doi:10.1145/3308558,academic/control per v1,exclude,T1/proceedings_collection,Unknown (v1 audit has no v2 mutually exclusive field)
ACM,N081B2DC8EBCD61F7,10.5555/1025132.1026312,doi:10.5555/1025132.1026312,academic/control per v1,exclude,X1/general_service_framework,Unknown (v1 audit has no v2 mutually exclusive field)
ACM,N086B0A31EB88E8E3,10.5555/2872550.2872553,doi:10.5555/2872550.2872553,academic/control per v1,exclude,X1,Unknown (v1 audit has no v2 mutually exclusive field)
ACM,N08B9289BDADFD2A5,10.1145/3745756.3809195,doi:10.1145/3745756.3809195,academic/control per v1,exclude,X1/generic_agent_infrastructure,Unknown (v1 audit has no v2 mutually exclusive field)
ACM,N08E6E1A3E11A55B7,10.1145/3316480.3325516,doi:10.1145/3316480.3325516,academic/control per v1,exclude,X1/general_computing,Unknown (v1 audit has no v2 mutually exclusive field)
ACM,N08EA3493561DDB39,10.1145/3589334.3645534,doi:10.1145/3589334.3645534,academic/control per v1,include,I1/direct_commercial_interaction,Unknown (v1 audit has no v2 mutually exclusive field)
ACM,N08ED1D92DC3C41BA,10.1145/3772318.3791234,doi:10.1145/3772318.3791234,academic/control per v1,exclude,X1/non_agent_topic,Unknown (v1 audit has no v2 mutually exclusive field)
ACM,N09007048BCED348D,10.1145/3604237.3626840,doi:10.1145/3604237.3626840,academic/control per v1,exclude,X2/scope_not_explicit_in_abstract,Unknown (v1 audit has no v2 mutually exclusive field)
ACM,N09031CEDA75683DC,10.1145/3777490,doi:10.1145/3777490,academic/control per v1,exclude,T1/proceedings_collection,Unknown (v1 audit has no v2 mutually exclusive field)
ACM,N0919F69846DEE30A,10.1145/1186810.1186813,doi:10.1145/1186810.1186813,academic/control per v1,exclude,X1/economic_agents_without_software_system,Unknown (v1 audit has no v2 mutually exclusive field)
ACM,N09217374B560BB77,10.1109/icse-nier52604.2021.00011,doi:10.1109/icse-nier52604.2021.00011,academic/control per v1,exclude,X1/general_code_generation,Unknown (v1 audit has no v2 mutually exclusive field)
ACM,N093B63E1265D650E,10.1145/3670865.3673520,doi:10.1145/3670865.3673520,academic/control per v1,exclude,X1/economic_agents_without_software_system,Unknown (v1 audit has no v2 mutually exclusive field)
ACM,N0944436B93EEC8CF,10.1145/3772363.3798736,doi:10.1145/3772363.3798736,academic/control per v1,exclude,X1/generic_agent_interface,Unknown (v1 audit has no v2 mutually exclusive field)
ACM,N096321D065DA0991,10.1145/1282100.1282109,doi:10.1145/1282100.1282109,academic/control per v1,include,I2/commercial_enabling_protocol,Unknown (v1 audit has no v2 mutually exclusive field)
ACM,N0971AD4A5C83157F,10.5555/1283383.1283459,doi:10.5555/1283383.1283459,academic/control per v1,exclude,X2,Unknown (v1 audit has no v2 mutually exclusive field)
ACM,N098F3472353979D5,10.1145/1082473.1082737,doi:10.1145/1082473.1082737,academic/control per v1,exclude,X2/scope_not_explicit_in_abstract,Unknown (v1 audit has no v2 mutually exclusive field)
ACM,N098FBD3BAB0DCF34,10.1145/3799818,doi:10.1145/3799818,academic/control per v1,exclude,T1/proceedings_collection,Unknown (v1 audit has no v2 mutually exclusive field)
ACM,N099012D00441FC39,10.1145/1399589.1399598,doi:10.1145/1399589.1399598,academic/control per v1,exclude,X1/economic_agents_without_software,Unknown (v1 audit has no v2 mutually exclusive field)
ACM,N09A1FA42578ACE61,10.1145/1566374.1566404,doi:10.1145/1566374.1566404,academic/control per v1,exclude,X1/economic_agents_without_software_system,Unknown (v1 audit has no v2 mutually exclusive field)
ACM,N09AF0ED582B28AF3,10.1145/3736252.3742610,doi:10.1145/3736252.3742610,academic/control per v1,exclude,X1/ordinary_prediction,Unknown (v1 audit has no v2 mutually exclusive field)
ACM,N09BB511D28F26364,10.1145/3772363.3798687,doi:10.1145/3772363.3798687,academic/control per v1,exclude,X1/human_AI_interaction,Unknown (v1 audit has no v2 mutually exclusive field)
ACM,N09BCF6CE05DE6F4A,10.1145/3828183.3828192,doi:10.1145/3828183.3828192,academic/control per v1,exclude,X1/noncommercial_agent_application,Unknown (v1 audit has no v2 mutually exclusive field)
ACM,N09C25DE7914CA6CA,10.5555/3635637.3663139,doi:10.5555/3635637.3663139,academic/control per v1,exclude,X1/physical_path_coordination,Unknown (v1 audit has no v2 mutually exclusive field)
ACM,N09F2BA7EB5A0D8D6,10.5555/2675983.2676360,doi:10.5555/2675983.2676360,academic/control per v1,exclude,X1,Unknown (v1 audit has no v2 mutually exclusive field)
ACM,N09F396C6F22CE7F5,10.1145/3446434.3446453,doi:10.1145/3446434.3446453,academic/control per v1,exclude,X1/non_agent_trade_analysis,Unknown (v1 audit has no v2 mutually exclusive field)
ACM,N09FD5AB1A62FD99D,10.5555/3709347.3743612,doi:10.5555/3709347.3743612,academic/control per v1,exclude,X1,Unknown (v1 audit has no v2 mutually exclusive field)
ACM,N0A00963BCE856D5C,10.1109/grid.2004.31,doi:10.1109/grid.2004.31,academic/control per v1,exclude,X1/general_computing,Unknown (v1 audit has no v2 mutually exclusive field)
ACM,N0A033ECEEEC06EDD,10.1145/3745238.3745397,doi:10.1145/3745238.3745397,academic/control per v1,exclude,X1/non_agent_topic,Unknown (v1 audit has no v2 mutually exclusive field)
ACM,N0A0ACB4BABB5A0CF,10.1145/3196494.3196509,doi:10.1145/3196494.3196509,academic/control per v1,exclude,X1/general_security,Unknown (v1 audit has no v2 mutually exclusive field)
ACM,N0A2C162B4DD1D845,10.1145/501158.501173,doi:10.1145/501158.501173,academic/control per v1,exclude,X1/human_consumer_research,Unknown (v1 audit has no v2 mutually exclusive field)
ACM,N0A3D79FFBD142B7F,10.5555/1838206.1838250,doi:10.5555/1838206.1838250,academic/control per v1,exclude,X1/general_agent_learning,Unknown (v1 audit has no v2 mutually exclusive field)
ACM,N0A52DF6AA6D58CFF,10.1145/3786335.3813214,doi:10.1145/3786335.3813214,academic/control per v1,exclude,X1/incidental_protocol_application,Unknown (v1 audit has no v2 mutually exclusive field)
ACM,N0A61C7341497673B,10.1145/1754239.1754274,doi:10.1145/1754239.1754274,academic/control per v1,exclude,X1/general_privacy_system,Unknown (v1 audit has no v2 mutually exclusive field)
ACM,N0A81E1D32D52A56D,10.1145/3731599.3767342,doi:10.1145/3731599.3767342,academic/control per v1,exclude,X1/noncommercial_agent_application,Unknown (v1 audit has no v2 mutually exclusive field)
ACM,N0AAE772616AEEA75,10.1145/3770855.3818435,doi:10.1145/3770855.3818435,academic/control per v1,include,I1/direct_commercial_interaction,Unknown (v1 audit has no v2 mutually exclusive field)
ACM,N0AB957E1D872EEE7,10.1145/3696630.3728714,doi:10.1145/3696630.3728714,academic/control per v1,exclude,X1/generic_agent_framework,Unknown (v1 audit has no v2 mutually exclusive field)
ACM,N0AF67C7FF4C40AC6,10.1145/3625687,doi:10.1145/3625687,academic/control per v1,exclude,T1/proceedings_collection,Unknown (v1 audit has no v2 mutually exclusive field)
ACM,N0B1D668C8EC736BD,10.1145/3603165,doi:10.1145/3603165,academic/control per v1,exclude,T1/proceedings_collection,Unknown (v1 audit has no v2 mutually exclusive field)
ACM,N0B375ACA154A1399,10.5555/3635637.3662854,doi:10.5555/3635637.3662854,academic/control per v1,exclude,X1/economic_agents_without_software_system,Unknown (v1 audit has no v2 mutually exclusive field)
ACM,N0B7844C7DC870471,10.1145/3678504,doi:10.1145/3678504,academic/control per v1,exclude,X1/non_agent_topic,Unknown (v1 audit has no v2 mutually exclusive field)
ACM,N0BA382DC349567B8,10.1145/3170427.3185061,doi:10.1145/3170427.3185061,academic/control per v1,exclude,X1/general_privacy_system,Unknown (v1 audit has no v2 mutually exclusive field)
ACM,N0BB954B3ECEA29FA,10.1145/844324.844328,doi:10.1145/844324.844328,academic/control per v1,include,I1/direct_commercial_interaction,Unknown (v1 audit has no v2 mutually exclusive field)
ACM,N0BC55B3800141665,10.1145/3737841.3787558,doi:10.1145/3737841.3787558,academic/control per v1,exclude,X1/non_agent_commercial_system,Unknown (v1 audit has no v2 mutually exclusive field)
ACM,N0BF49CA50B3F64FB,10.1145/3632047.3632073,doi:10.1145/3632047.3632073,academic/control per v1,exclude,X1/non_agent_scientific_study,Unknown (v1 audit has no v2 mutually exclusive field)
ACM,N0BFEDE97F2005DA9,10.1145/3800935.3830850,doi:10.1145/3800935.3830850,academic/control per v1,exclude,X1/non_agent_topic,Unknown (v1 audit has no v2 mutually exclusive field)
ACM,N0C1108528B9AF0E1,10.1145/3803437.3806411,doi:10.1145/3803437.3806411,academic/control per v1,exclude,X1,Unknown (v1 audit has no v2 mutually exclusive field)
ACM,N0C8240A9A4F9CD06,10.1145/3731715,doi:10.1145/3731715,academic/control per v1,exclude,T1/proceedings_collection,Unknown (v1 audit has no v2 mutually exclusive field)
ACM,N0C8D7C304A00D5FB,10.1145/3766918.3766944,doi:10.1145/3766918.3766944,academic/control per v1,exclude,X2/scope_not_explicit_in_abstract,Unknown (v1 audit has no v2 mutually exclusive field)
ACM,N0C8EBF63417E60C5,10.5555/772636.772670,doi:10.5555/772636.772670,academic/control per v1,exclude,X1,Unknown (v1 audit has no v2 mutually exclusive field)
ACM,N0C97541D86FD4D55,10.1145/1282100.1282108,doi:10.1145/1282100.1282108,academic/control per v1,include,I1/direct_commercial_interaction,Unknown (v1 audit has no v2 mutually exclusive field)
ACM,N0CB455435F746AC0,10.1145/3371647.3371659,doi:10.1145/3371647.3371659,academic/control per v1,exclude,X1/noncommercial_agent_application,Unknown (v1 audit has no v2 mutually exclusive field)
ACM,N0CB7A410CF26C27F,10.1145/3807503,doi:10.1145/3807503,academic/control per v1,exclude,T1/proceedings_collection,Unknown (v1 audit has no v2 mutually exclusive field)
ACM,N0D07793D1467B9F1,10.1145/3463677.3463700,doi:10.1145/3463677.3463700,academic/control per v1,exclude,X1/non_agent_topic,Unknown (v1 audit has no v2 mutually exclusive field)
ACM,N0D372DB88B2CC9AC,10.1145/3734695,doi:10.1145/3734695,academic/control per v1,exclude,X1/general_security_system,Unknown (v1 audit has no v2 mutually exclusive field)
ACM,N0D37A5CDB9412DFC,10.1145/3772318.3791238,doi:10.1145/3772318.3791238,academic/control per v1,exclude,X1/noncommercial_agent_application,Unknown (v1 audit has no v2 mutually exclusive field)
ACM,N0D41CC2761677071,10.1145/3731867.3731876,doi:10.1145/3731867.3731876,academic/control per v1,include,I1,Unknown (v1 audit has no v2 mutually exclusive field)
ACM,N0D9FDA5E8FCE6FF6,10.1145/3789692,doi:10.1145/3789692,academic/control per v1,exclude,T1/proceedings_collection,Unknown (v1 audit has no v2 mutually exclusive field)
ACM,N0DB8D034E1C0B8D5,10.5555/3463952.3464054,doi:10.5555/3463952.3464054,academic/control per v1,exclude,X1,Unknown (v1 audit has no v2 mutually exclusive field)
ACM,N0DB9F0611CA81479,10.1145/860575.860654,doi:10.1145/860575.860654,academic/control per v1,exclude,X2/scope_not_explicit_in_abstract,Unknown (v1 audit has no v2 mutually exclusive field)
ACM,N0DC7A23D691B116C,10.1145/2959100.2959135,doi:10.1145/2959100.2959135,academic/control per v1,exclude,X1/ordinary_recommendation,Unknown (v1 audit has no v2 mutually exclusive field)
ACM,N0DFDFC3D08F73540,10.1145/3746252.3760811,doi:10.1145/3746252.3760811,academic/control per v1,exclude,X1/non_agent_topic,Unknown (v1 audit has no v2 mutually exclusive field)
ACM,N0E147742ADD528DD,10.1145/1096510.1096514,doi:10.1145/1096510.1096514,academic/control per v1,pending,A0/missing_primary_abstract,Unknown (v1 audit has no v2 mutually exclusive field)
ACM,N0E7106FA362AEC8D,10.1145/3757279,doi:10.1145/3757279,academic/control per v1,exclude,T1/proceedings_collection,Unknown (v1 audit has no v2 mutually exclusive field)
ACM,N0EA301A2A3F90F12,10.1145/3465084.3467486,doi:10.1145/3465084.3467486,academic/control per v1,exclude,X1/general_agent_framework,Unknown (v1 audit has no v2 mutually exclusive field)
ACM,N0EAEA8E1CD731EE8,10.5555/2031678.2031733,doi:10.5555/2031678.2031733,academic/control per v1,include,I1,Unknown (v1 audit has no v2 mutually exclusive field)
ACM,N0EC440F73C0353F3,10.1145/2588555.2588558,doi:10.1145/2588555.2588558,academic/control per v1,exclude,X1/non_agent_topic,Unknown (v1 audit has no v2 mutually exclusive field)
ACM,N0EC7B0B2FF4D6431,10.1145/779928.779949,doi:10.1145/779928.779949,academic/control per v1,exclude,X2/scope_not_explicit_in_abstract,Unknown (v1 audit has no v2 mutually exclusive field)
ACM,N0F0D36C0CF7A0764,10.1145/3815417,doi:10.1145/3815417,academic/control per v1,exclude,X1/general_security_system,Unknown (v1 audit has no v2 mutually exclusive field)
ACM,N0F60D1C74B16A665,10.1145/3844179,doi:10.1145/3844179,academic/control per v1,exclude,X1/generic_agent_infrastructure,Unknown (v1 audit has no v2 mutually exclusive field)
ACM,N0F64CC6433568BC0,10.1145/2602044.2602068,doi:10.1145/2602044.2602068,academic/control per v1,exclude,X1/non_agent_commercial_system,Unknown (v1 audit has no v2 mutually exclusive field)
ACM,N0F6EA8416466071E,10.1145/3487351.3489476,doi:10.1145/3487351.3489476,academic/control per v1,include,I1/direct_commercial_interaction,Unknown (v1 audit has no v2 mutually exclusive field)
ACM,N0F74C3D9E8BAC399,10.1145/3313831.3376376,doi:10.1145/3313831.3376376,academic/control per v1,exclude,X1/non_agent_topic,Unknown (v1 audit has no v2 mutually exclusive field)
ACM,N0F98D99E64698123,10.1145/3800935.3830837,doi:10.1145/3800935.3830837,academic/control per v1,exclude,X1/noncommercial_agent_application,Unknown (v1 audit has no v2 mutually exclusive field)
ACM,N0FAAE1867615A165,10.1145/3757376.3771417,doi:10.1145/3757376.3771417,academic/control per v1,exclude,X1/incidental_protocol_application,Unknown (v1 audit has no v2 mutually exclusive field)
ACM,N0FAD038B07EDF8BC,10.1145/1993574.1993580,doi:10.1145/1993574.1993580,academic/control per v1,exclude,X1/non_agent_ad_optimization,Unknown (v1 audit has no v2 mutually exclusive field)
ACM,N100372D26ECB9B76,10.5555/3545946.3599063,doi:10.5555/3545946.3599063,academic/control per v1,exclude,X1/general_agent_framework,Unknown (v1 audit has no v2 mutually exclusive field)
ACM,N1018B1B879E74F48,10.1145/3368274.3368277,doi:10.1145/3368274.3368277,academic/control per v1,exclude,X1,Unknown (v1 audit has no v2 mutually exclusive field)
ACM,N101EF2D5152F521D,10.1109/taslp.2019.2949925,doi:10.1109/taslp.2019.2949925,academic/control per v1,exclude,X1/ordinary_recommendation,Unknown (v1 audit has no v2 mutually exclusive field)
ACM,N1022DF4389ED24C9,10.1145/3806774,doi:10.1145/3806774,academic/control per v1,exclude,T1/proceedings_collection,Unknown (v1 audit has no v2 mutually exclusive field)
ACM,N1034F0A2057584CF,10.1145/775047.775103,doi:10.1145/775047.775103,academic/control per v1,exclude,X1/general_security_system,Unknown (v1 audit has no v2 mutually exclusive field)
ACM,N103795E34FD4E4EF,10.1109/wiiat.2008.129,doi:10.1109/wiiat.2008.129,academic/control per v1,exclude,X1/noncommercial_agent_application,Unknown (v1 audit has no v2 mutually exclusive field)
ACM,N10631725C2C4EA2C,10.1145/3795496.3795715,doi:10.1145/3795496.3795715,academic/control per v1,exclude,X1/incidental_protocol_application,Unknown (v1 audit has no v2 mutually exclusive field)
ACM,N10688A1C38373DC5,10.1145/3786167.3788414,doi:10.1145/3786167.3788414,academic/control per v1,exclude,X1/generic_agent_framework,Unknown (v1 audit has no v2 mutually exclusive field)
ACM,N1071874C7E5F0758,10.1145/3774905.3795092,doi:10.1145/3774905.3795092,academic/control per v1,exclude,X1/generic_agent_framework,Unknown (v1 audit has no v2 mutually exclusive field)
ACM,N10789D521E5889D6,10.1145/3770855.3818652,doi:10.1145/3770855.3818652,academic/control per v1,exclude,X1/generic_agent_framework,Unknown (v1 audit has no v2 mutually exclusive field)
ACM,N10A0C99155B9D5DB,10.1145/3816440,doi:10.1145/3816440,academic/control per v1,exclude,T1/proceedings_collection,Unknown (v1 audit has no v2 mutually exclusive field)
ACM,N1103488754962DEB,10.5555/1558109.1558267,doi:10.5555/1558109.1558267,academic/control per v1,exclude,X2,Unknown (v1 audit has no v2 mutually exclusive field)
ACM,N1143834FE333B5FD,10.1145/800104.803374,doi:10.1145/800104.803374,academic/control per v1,exclude,X1/non_agent_topic,Unknown (v1 audit has no v2 mutually exclusive field)
ACM,N1148C6EB0D6C279C,10.1145/2482540.2482551,doi:10.1145/2482540.2482551,academic/control per v1,exclude,X1/economic_agents_without_software_system,Unknown (v1 audit has no v2 mutually exclusive field)
ACM,N11ABC761353565DC,10.1145/2845926.2845935,doi:10.1145/2845926.2845935,academic/control per v1,exclude,X1/economic_agents_without_software,Unknown (v1 audit has no v2 mutually exclusive field)
ACM,N1206A41DD2929324,10.1145/3773078.3841297,doi:10.1145/3773078.3841297,academic/control per v1,exclude,T2/after_cutoff,Unknown (v1 audit has no v2 mutually exclusive field)
ACM,N12152ACEBF18D77C,10.5555/2016945.2016952,doi:10.5555/2016945.2016952,academic/control per v1,exclude,X1,Unknown (v1 audit has no v2 mutually exclusive field)
ACM,N121E1453F45343B3,10.1145/3470972,doi:10.1145/3470972,academic/control per v1,exclude,X1/noncommercial_resource_optimization,Unknown (v1 audit has no v2 mutually exclusive field)
ACM,N122AB4EF662CFCFD,10.1145/2908131.2908148,doi:10.1145/2908131.2908148,academic/control per v1,exclude,X1/ordinary_recommendation,Unknown (v1 audit has no v2 mutually exclusive field)
ACM,N124E03F369E00BFD,10.5555/1402821.1402932,doi:10.5555/1402821.1402932,academic/control per v1,exclude,X2/scope_not_explicit_in_abstract,Unknown (v1 audit has no v2 mutually exclusive field)
ACM,N12563C367F2501AD,10.1145/1809018.1809025,doi:10.1145/1809018.1809025,academic/control per v1,exclude,X1/noncommercial_resource_management,Unknown (v1 audit has no v2 mutually exclusive field)
ACM,N125B7678816553A3,10.1109/iat.2006.64,doi:10.1109/iat.2006.64,academic/control per v1,include,I1/direct_commercial_interaction,Unknown (v1 audit has no v2 mutually exclusive field)
ACM,N1292434F2772DDBC,10.5555/2095116.2095186,doi:10.5555/2095116.2095186,academic/control per v1,exclude,X2,Unknown (v1 audit has no v2 mutually exclusive field)
ACM,N129DAC51F26A757D,10.1145/3774904.3792996,doi:10.1145/3774904.3792996,academic/control per v1,exclude,X1/noncommercial_agent_application,Unknown (v1 audit has no v2 mutually exclusive field)
ACM,N12C96B3A755730D1,10.1145/3524304.3524326,doi:10.1145/3524304.3524326,academic/control per v1,exclude,X1/human_commercial_behavior,Unknown (v1 audit has no v2 mutually exclusive field)
ACM,N12D2F7063C256B0D,10.1145/3815423,doi:10.1145/3815423,academic/control per v1,exclude,X1,Unknown (v1 audit has no v2 mutually exclusive field)
ACM,N12D4BC86034EC8A0,10.1145/3580507.3597784,doi:10.1145/3580507.3597784,academic/control per v1,exclude,X1/economic_agents_without_software_system,Unknown (v1 audit has no v2 mutually exclusive field)
ACM,N12DAC92FF1C03632,10.1145/948005.948068,doi:10.1145/948005.948068,academic/control per v1,include,I1/direct_commercial_interaction,Unknown (v1 audit has no v2 mutually exclusive field)
ACM,N130435B07D8C7ED8,10.5555/3709347.3743546,doi:10.5555/3709347.3743546,academic/control per v1,include,I1/direct_commercial_interaction,Unknown (v1 audit has no v2 mutually exclusive field)
ACM,N13205543364E42D4,10.1145/3755991.3755994,doi:10.1145/3755991.3755994,academic/control per v1,exclude,X1/non_agent_topic,Unknown (v1 audit has no v2 mutually exclusive field)
ACM,N1339F30244DCBCF9,10.1145/1145735.1145739,doi:10.1145/1145735.1145739,academic/control per v1,exclude,X1/non_agent_topic,Unknown (v1 audit has no v2 mutually exclusive field)
ACM,N133B1852F816F729,10.1145/3110025.3110065,doi:10.1145/3110025.3110065,academic/control per v1,exclude,X1/human_social_behavior,Unknown (v1 audit has no v2 mutually exclusive field)
ACM,N13409C892ED630AB,10.1145/3776734,doi:10.1145/3776734,academic/control per v1,exclude,T1/proceedings_collection,Unknown (v1 audit has no v2 mutually exclusive field)
ACM,N137B4B1CAFD07553,10.1145/3490486.3538270,doi:10.1145/3490486.3538270,academic/control per v1,exclude,X1/economic_agents_without_software_system,Unknown (v1 audit has no v2 mutually exclusive field)
ACM,N1387AD75A769D1E2,10.1145/3789240.3830284,doi:10.1145/3789240.3830284,academic/control per v1,exclude,X1,Unknown (v1 audit has no v2 mutually exclusive field)
ACM,N138C6FA834138CD3,10.1145/3772318.3790448,doi:10.1145/3772318.3790448,academic/control per v1,exclude,X1/noncommercial_agent_application,Unknown (v1 audit has no v2 mutually exclusive field)
ACM,N1399A0E7958BD246,10.1145/3604559,doi:10.1145/3604559,academic/control per v1,exclude,X1/ordinary_prediction_marketing,Unknown (v1 audit has no v2 mutually exclusive field)
ACM,N139E41664D976C1D,10.1145/3569052.3578925,doi:10.1145/3569052.3578925,academic/control per v1,exclude,X1/general_computing,Unknown (v1 audit has no v2 mutually exclusive field)
ACM,N13A2C75326347BEF,10.1613/jair.1.12594,doi:10.1613/jair.1.12594,academic/control per v1,exclude,X1/general_agent_learning,Unknown (v1 audit has no v2 mutually exclusive field)
ACM,N13A7CA61364AF190,10.1145/2229012.2229076,doi:10.1145/2229012.2229076,academic/control per v1,exclude,X1/economic_agents_without_software_system,Unknown (v1 audit has no v2 mutually exclusive field)
ACM,N13CD613B9F1A76DF,10.1145/3354287,doi:10.1145/3354287,academic/control per v1,exclude,X1/ordinary_prediction,Unknown (v1 audit has no v2 mutually exclusive field)
ACM,N13CF730C63BFBCF1,10.1145/1160633.1160852,doi:10.1145/1160633.1160852,academic/control per v1,exclude,X2/scope_not_explicit_in_abstract,Unknown (v1 audit has no v2 mutually exclusive field)
ACM,N13ED93BAEA553E15,10.1145/3199524.3199539,doi:10.1145/3199524.3199539,academic/control per v1,exclude,X1,Unknown (v1 audit has no v2 mutually exclusive field)
ACM,N140116D0EAD60470,10.5555/1622434.1622442,doi:10.5555/1622434.1622442,academic/control per v1,include,I1,Unknown (v1 audit has no v2 mutually exclusive field)
ACM,N143485091BBC81CC,10.1145/2699407,doi:10.1145/2699407,academic/control per v1,exclude,X1/general_computing,Unknown (v1 audit has no v2 mutually exclusive field)
ACM,N143D6159DB1ECB0A,10.1145/3802607,doi:10.1145/3802607,academic/control per v1,exclude,T1/proceedings_collection,Unknown (v1 audit has no v2 mutually exclusive field)
ACM,N143E65B7DF101A6A,10.1145/205447.205458,doi:10.1145/205447.205458,academic/control per v1,exclude,X1/general_communications,Unknown (v1 audit has no v2 mutually exclusive field)
ACM,N144163A9C9A61B15,10.1145/3795011,doi:10.1145/3795011,academic/control per v1,exclude,T1/proceedings_collection,Unknown (v1 audit has no v2 mutually exclusive field)
ACM,N1463866D6529B478,10.1145/3797248.3815414,doi:10.1145/3797248.3815414,academic/control per v1,exclude,X1/noncommercial_physical_coordination,Unknown (v1 audit has no v2 mutually exclusive field)
ACM,N14707E9DA9A1D6F2,10.1145/3267338,doi:10.1145/3267338,academic/control per v1,exclude,X1/general_agent_framework,Unknown (v1 audit has no v2 mutually exclusive field)
ACM,N1472548BC1B43AC0,10.1145/1391469.1391552,doi:10.1145/1391469.1391552,academic/control per v1,exclude,X1/non_agent_topic,Unknown (v1 audit has no v2 mutually exclusive field)
ACM,N147FE1FCE18DF0A4,10.1145/3078853,doi:10.1145/3078853,academic/control per v1,exclude,X1/human_crowdsourcing,Unknown (v1 audit has no v2 mutually exclusive field)
ACM,N1483D6D9B5CFD001,10.1145/3670865.3673644,doi:10.1145/3670865.3673644,academic/control per v1,include,I1/direct_commercial_interaction,Unknown (v1 audit has no v2 mutually exclusive field)
ACM,N14B09FAFEB16678A,10.1109/wi-iat.2009.66,doi:10.1109/wi-iat.2009.66,academic/control per v1,exclude,X2/scope_not_explicit_in_abstract,Unknown (v1 audit has no v2 mutually exclusive field)
ACM,N14D83178A2AE7D28,10.1145/2492002.2482576,doi:10.1145/2492002.2482576,academic/control per v1,exclude,X1/economic_agents_without_software_system,Unknown (v1 audit has no v2 mutually exclusive field)
ACM,N1513C93EC66EC9A2,10.1145/3757374,doi:10.1145/3757374,academic/control per v1,exclude,T1/proceedings_collection,Unknown (v1 audit has no v2 mutually exclusive field)
ACM,N15409103BEC8E8FB,10.1145/2645791.2645844,doi:10.1145/2645791.2645844,academic/control per v1,exclude,X2,Unknown (v1 audit has no v2 mutually exclusive field)
ACM,N1550DEB5B2080E0F,10.1145/3745238,doi:10.1145/3745238,academic/control per v1,exclude,T1/proceedings_collection,Unknown (v1 audit has no v2 mutually exclusive field)
ACM,N155ECD42D5F757A1,10.1145/3832810,doi:10.1145/3832810,academic/control per v1,exclude,T1/proceedings_collection,Unknown (v1 audit has no v2 mutually exclusive field)
ACM,N15A093FE20F930EB,10.1109/iat.2007.80,doi:10.1109/iat.2007.80,academic/control per v1,exclude,X2/scope_not_explicit_in_abstract,Unknown (v1 audit has no v2 mutually exclusive field)
ACM,N15A86103E2A2DCD8,10.5555/1838206.1838439,doi:10.5555/1838206.1838439,academic/control per v1,exclude,X2,Unknown (v1 audit has no v2 mutually exclusive field)
ACM,N15B8156CE9D2D602,10.1109/tnet.2015.2476497,doi:10.1109/tnet.2015.2476497,academic/control per v1,exclude,X1/economic_mechanism_without_software_agents,Unknown (v1 audit has no v2 mutually exclusive field)
ACM,N15BD3912DB637E83,10.1145/3772052.3772255,doi:10.1145/3772052.3772255,academic/control per v1,exclude,X1/generic_agent_infrastructure,Unknown (v1 audit has no v2 mutually exclusive field)
ACM,N15BF7D3293CCC7B2,10.1145/3698062.3698099,doi:10.1145/3698062.3698099,academic/control per v1,exclude,X2,Unknown (v1 audit has no v2 mutually exclusive field)
ACM,N15E796D49550C669,10.5555/1018411.1018857,doi:10.5555/1018411.1018857,academic/control per v1,exclude,X1/noncommercial_agent_application,Unknown (v1 audit has no v2 mutually exclusive field)
ACM,N16094C5D2B06CD36,10.1145/3084358,doi:10.1145/3084358,academic/control per v1,exclude,X1/economic_agents_without_software,Unknown (v1 audit has no v2 mutually exclusive field)
ACM,N160EB0F8DD3EE216,10.1145/3809500,doi:10.1145/3809500,academic/control per v1,exclude,X1/general_code_generation,Unknown (v1 audit has no v2 mutually exclusive field)
ACM,N1613F43115D8C933,10.1145/3332165.3347873,doi:10.1145/3332165.3347873,academic/control per v1,exclude,X1/human_commercial_behavior,Unknown (v1 audit has no v2 mutually exclusive field)
ACM,N16747653C97F4086,10.1145/860575.860649,doi:10.1145/860575.860649,academic/control per v1,include,I1/direct_commercial_interaction,Unknown (v1 audit has no v2 mutually exclusive field)
ACM,N168B027FD8FBBB36,10.1145/3219819.3219918,doi:10.1145/3219819.3219918,academic/control per v1,include,I1,Unknown (v1 audit has no v2 mutually exclusive field)
ACM,N1696A612F1910D99,10.1145/3209978.3210002,doi:10.1145/3209978.3210002,academic/control per v1,exclude,X1/ordinary_recommendation,Unknown (v1 audit has no v2 mutually exclusive field)
ACM,N16B1AB3E5469D2AD,10.1145/3731217,doi:10.1145/3731217,academic/control per v1,exclude,X1/non_agent_topic,Unknown (v1 audit has no v2 mutually exclusive field)
ACM,N16B8BD23C388C31D,10.1145/3670865.3673485,doi:10.1145/3670865.3673485,academic/control per v1,exclude,X1/general_blockchain_security,Unknown (v1 audit has no v2 mutually exclusive field)
ACM,N16C76B2FCCC255DA,10.1145/3477495.3536325,doi:10.1145/3477495.3536325,academic/control per v1,exclude,X1/ordinary_UI_optimization,Unknown (v1 audit has no v2 mutually exclusive field)
ACM,N1703CC3751EC6A3A,10.5555/1082338.1082346,doi:10.5555/1082338.1082346,academic/control per v1,exclude,X1,Unknown (v1 audit has no v2 mutually exclusive field)
ACM,N170C4025E1AFADEF,10.5555/3237383.3237993,doi:10.5555/3237383.3237993,academic/control per v1,exclude,X1,Unknown (v1 audit has no v2 mutually exclusive field)
ACM,N1713E67167D784E1,10.1145/3746059,doi:10.1145/3746059,academic/control per v1,exclude,T1/proceedings_collection,Unknown (v1 audit has no v2 mutually exclusive field)
ACM,N17201E20A8EFE370,10.1145/1082473.1082474,doi:10.1145/1082473.1082474,academic/control per v1,exclude,X1,Unknown (v1 audit has no v2 mutually exclusive field)
ACM,N173EF6562AFBCDFA,10.1145/501158.501183,doi:10.1145/501158.501183,academic/control per v1,include,I1,Unknown (v1 audit has no v2 mutually exclusive field)
ACM,N1741D64DA2D73965,10.1145/3805712.3808611,doi:10.1145/3805712.3808611,academic/control per v1,exclude,X1/non_agent_topic,Unknown (v1 audit has no v2 mutually exclusive field)
ACM,N1744DA85E5E98746,10.1145/1998549.1998556,doi:10.1145/1998549.1998556,academic/control per v1,exclude,X1/economic_agents_without_software_system,Unknown (v1 audit has no v2 mutually exclusive field)
ACM,N1746D1167234D8E4,10.1145/3737905.3769284,doi:10.1145/3737905.3769284,academic/control per v1,exclude,X1/incidental_protocol_application,Unknown (v1 audit has no v2 mutually exclusive field)
ACM,N174BC9C52B910BAF,10.1145/775152.775199,doi:10.1145/775152.775199,academic/control per v1,exclude,X2/scope_not_explicit_in_abstract,Unknown (v1 audit has no v2 mutually exclusive field)
ACM,N178FB5C70330FDB0,10.1145/3132498.3132509,doi:10.1145/3132498.3132509,academic/control per v1,exclude,X1/noncommercial_optimization,Unknown (v1 audit has no v2 mutually exclusive field)
ACM,N1792052061831D44,10.1145/3490354.3494410,doi:10.1145/3490354.3494410,academic/control per v1,include,I1/direct_commercial_interaction,Unknown (v1 audit has no v2 mutually exclusive field)
ACM,N17EB6C483C2449D9,10.1145/3476883.3520208,doi:10.1145/3476883.3520208,academic/control per v1,exclude,X1/general_security,Unknown (v1 audit has no v2 mutually exclusive field)
ACM,N18129AE4862F017F,10.1145/1064009.1064032,doi:10.1145/1064009.1064032,academic/control per v1,exclude,X1/economic_agents_without_software_system,Unknown (v1 audit has no v2 mutually exclusive field)
ACM,N18630BE87F01D436,10.1145/3570773.3570887,doi:10.1145/3570773.3570887,academic/control per v1,exclude,X1/non_agent_topic,Unknown (v1 audit has no v2 mutually exclusive field)
ACM,N18A28DAEA45A0221,10.1145/3326066,doi:10.1145/3326066,academic/control per v1,exclude,X1/noncommercial_resource_optimization,Unknown (v1 audit has no v2 mutually exclusive field)
ACM,N18ADF8B03088E441,10.5555/783106.783128,doi:10.5555/783106.783128,academic/control per v1,exclude,X2/scope_not_explicit_in_abstract,Unknown (v1 audit has no v2 mutually exclusive field)
ACM,N18E3F6BD8781F19F,10.1145/3799818.3812072,doi:10.1145/3799818.3812072,academic/control per v1,exclude,X1/noncommercial_agent_application,Unknown (v1 audit has no v2 mutually exclusive field)
ACM,N18EF1B926F338864,10.1145/1329125.1329159,doi:10.1145/1329125.1329159,academic/control per v1,exclude,X2/scope_not_explicit_in_abstract,Unknown (v1 audit has no v2 mutually exclusive field)
ACM,N19089F026AB5C55B,10.14778/3685800.3685822,doi:10.14778/3685800.3685822,academic/control per v1,exclude,X1,Unknown (v1 audit has no v2 mutually exclusive field)
ACM,N19308EC0E4CC67F8,10.1145/3803437.3806715,doi:10.1145/3803437.3806715,academic/control per v1,exclude,X1/general_code_generation,Unknown (v1 audit has no v2 mutually exclusive field)
ACM,N1938F33F9377C3A4,10.14778/3184470.3184474,doi:10.14778/3184470.3184474,academic/control per v1,exclude,X1,Unknown (v1 audit has no v2 mutually exclusive field)
ACM,N194803990377C11C,10.1145/2729978,doi:10.1145/2729978,academic/control per v1,exclude,X1/economic_agents_without_software_system,Unknown (v1 audit has no v2 mutually exclusive field)
ACM,N1988DD6C721A7C35,10.5555/2616606.2616797,doi:10.5555/2616606.2616797,academic/control per v1,exclude,X1,Unknown (v1 audit has no v2 mutually exclusive field)
ACM,N19BE4CFD04BB954A,10.1145/1993574.1993601,doi:10.1145/1993574.1993601,academic/control per v1,exclude,X1/economic_agents_without_software_system,Unknown (v1 audit has no v2 mutually exclusive field)
ACM,N19D144774219F8FB,10.1145/948005,doi:10.1145/948005,academic/control per v1,exclude,T1/proceedings_collection,Unknown (v1 audit has no v2 mutually exclusive field)
ACM,N19D165F045CFF439,10.1145/312624.312741,doi:10.1145/312624.312741,academic/control per v1,pending,A0/missing_primary_abstract,Unknown (v1 audit has no v2 mutually exclusive field)
ACM,N1A154350194DC463,10.1145/3807965,doi:10.1145/3807965,academic/control per v1,exclude,X1/human_workflow_study,Unknown (v1 audit has no v2 mutually exclusive field)
ACM,N1A1E06A1BDD7D293,10.5555/3571885,doi:10.5555/3571885,academic/control per v1,exclude,T1/proceedings_collection,Unknown (v1 audit has no v2 mutually exclusive field)
ACM,N1A21E35AB475120E,10.5555/2433508.2433525,doi:10.5555/2433508.2433525,academic/control per v1,exclude,X1,Unknown (v1 audit has no v2 mutually exclusive field)
ACM,N1A4835A733BD5231,10.5555/3635637.3662867,doi:10.5555/3635637.3662867,academic/control per v1,exclude,X2,Unknown (v1 audit has no v2 mutually exclusive field)
ACM,N1A5B5580D4A0B233,10.5555/2343896.2343970,doi:10.5555/2343896.2343970,academic/control per v1,exclude,X2,Unknown (v1 audit has no v2 mutually exclusive field)
ACM,N1A7FF836AEFAF2A9,10.1145/3813822,doi:10.1145/3813822,academic/control per v1,exclude,T1/proceedings_collection,Unknown (v1 audit has no v2 mutually exclusive field)
ACM,N1AAC97B83A40C1D3,10.1145/3629378,doi:10.1145/3629378,academic/control per v1,exclude,T1/proceedings_collection,Unknown (v1 audit has no v2 mutually exclusive field)
ACM,N1AD3179D30B446B3,10.5555/1036843.1036909,doi:10.5555/1036843.1036909,academic/control per v1,exclude,X1,Unknown (v1 audit has no v2 mutually exclusive field)
ACM,N1B06D2D4C084CB63,10.1145/3774748,doi:10.1145/3774748,academic/control per v1,exclude,T1/proceedings_collection,Unknown (v1 audit has no v2 mutually exclusive field)
ACM,N1B181029D565DA61,10.5555/3039686.3039719,doi:10.5555/3039686.3039719,academic/control per v1,exclude,X2,Unknown (v1 audit has no v2 mutually exclusive field)
ACM,N1B2C7B2A72666524,10.1145/3801119,doi:10.1145/3801119,academic/control per v1,exclude,T1/proceedings_collection,Unknown (v1 audit has no v2 mutually exclusive field)
ACM,N1B552D2CC39EB53E,10.1145/3805760.3814887,doi:10.1145/3805760.3814887,academic/control per v1,exclude,X1/general_code_generation,Unknown (v1 audit has no v2 mutually exclusive field)
ACM,N1B7BB7BAAF349BD6,10.1109/wi-iat.2010.113,doi:10.1109/wi-iat.2010.113,academic/control per v1,exclude,X2/scope_not_explicit_in_abstract,Unknown (v1 audit has no v2 mutually exclusive field)
ACM,N1C1A3C829C5DFC65,10.5555/3237383.3238055,doi:10.5555/3237383.3238055,academic/control per v1,exclude,X2,Unknown (v1 audit has no v2 mutually exclusive field)
ACM,N1C25E5B8B5738FE7,10.1145/1178766.1178771,doi:10.1145/1178766.1178771,academic/control per v1,exclude,X1/general_security_system,Unknown (v1 audit has no v2 mutually exclusive field)
ACM,N1C65173FA2728521,10.1145/3786484,doi:10.1145/3786484,academic/control per v1,exclude,T1/proceedings_collection,Unknown (v1 audit has no v2 mutually exclusive field)
ACM,N1C836BD11A230AE9,10.1145/3475797,doi:10.1145/3475797,academic/control per v1,exclude,X1/human_privacy_behavior,Unknown (v1 audit has no v2 mutually exclusive field)
ACM,N1CB858C711371A7E,10.1145/1052220.1052229,doi:10.1145/1052220.1052229,academic/control per v1,include,I1/direct_commercial_interaction,Unknown (v1 audit has no v2 mutually exclusive field)
ACM,N1CBF0BD8329C6C3F,10.1145/3769047,doi:10.1145/3769047,academic/control per v1,exclude,T1/proceedings_collection,Unknown (v1 audit has no v2 mutually exclusive field)
ACM,N1CCCBB01CDF8F5C2,10.1145/3485447.3512229,doi:10.1145/3485447.3512229,academic/control per v1,exclude,X1/ordinary_prediction,Unknown (v1 audit has no v2 mutually exclusive field)
ACM,N1CCD2EEE6766F58C,10.1145/3711875.3736666,doi:10.1145/3711875.3736666,academic/control per v1,exclude,X1/incidental_protocol_application,Unknown (v1 audit has no v2 mutually exclusive field)
ACM,N1D40076318E16349,10.1145/501158.501171,doi:10.1145/501158.501171,academic/control per v1,include,I1/direct_commercial_interaction,Unknown (v1 audit has no v2 mutually exclusive field)
ACM,N1D5EEFB109B3BC4E,10.1145/1721837.1721852,doi:10.1145/1721837.1721852,academic/control per v1,exclude,X1/economic_agents_without_software,Unknown (v1 audit has no v2 mutually exclusive field)
ACM,N1D7B98D811690900,10.1145/3579895,doi:10.1145/3579895,academic/control per v1,exclude,T1/proceedings_collection,Unknown (v1 audit has no v2 mutually exclusive field)
ACM,N1DA6C79ECAD3A5FF,10.1145/3580507.3597696,doi:10.1145/3580507.3597696,academic/control per v1,exclude,X1/economic_agents_without_software_system,Unknown (v1 audit has no v2 mutually exclusive field)
ACM,N1DA986C4F05CA3DD,10.65109/vevz5917,doi:10.65109/vevz5917,academic/control per v1,exclude,X1/out_of_scope,Unknown (v1 audit has no v2 mutually exclusive field)
ACM,N1DC142FA11FFE13E,10.1145/3776759.3776853,doi:10.1145/3776759.3776853,academic/control per v1,exclude,X1/noncommercial_agent_application,Unknown (v1 audit has no v2 mutually exclusive field)
ACM,N1E01D7BF372BFBD9,10.1145/3219752,doi:10.1145/3219752,academic/control per v1,exclude,X1/noncommercial_network_optimization,Unknown (v1 audit has no v2 mutually exclusive field)
ACM,N1E11A54B183B7497,10.1145/3563657.3596095,doi:10.1145/3563657.3596095,academic/control per v1,exclude,X1/noncommercial_agent_application,Unknown (v1 audit has no v2 mutually exclusive field)
ACM,N1E57A9385CA5E94A,10.1145/3465456.3467651,doi:10.1145/3465456.3467651,academic/control per v1,exclude,X1/economic_agents_without_software_system,Unknown (v1 audit has no v2 mutually exclusive field)
ACM,N1E98BEFBE9C3E84B,10.1145/3802974.3808678,doi:10.1145/3802974.3808678,academic/control per v1,exclude,X1/incidental_protocol_application,Unknown (v1 audit has no v2 mutually exclusive field)
ACM,N1EBCC86CA01D0A88,10.1145/3805712.3808629,doi:10.1145/3805712.3808629,academic/control per v1,exclude,X1,Unknown (v1 audit has no v2 mutually exclusive field)
ACM,N1F05EB3C7037100D,10.1145/3793302.3793367,doi:10.1145/3793302.3793367,academic/control per v1,exclude,X1/general_code_generation,Unknown (v1 audit has no v2 mutually exclusive field)
ACM,N1F60FF067C76B2DD,10.1109/wi-iat.2013.126,doi:10.1109/wi-iat.2013.126,academic/control per v1,exclude,X1/ordinary_classification,Unknown (v1 audit has no v2 mutually exclusive field)
ACM,N1F769FE7B422FC64,10.1145/2979676,doi:10.1145/2979676,academic/control per v1,exclude,X1/general_security_protocol,Unknown (v1 audit has no v2 mutually exclusive field)
ACM,N1F8C1429CAB330E8,10.1145/1610304.1610307,doi:10.1145/1610304.1610307,academic/control per v1,exclude,X1/noncommercial_networking,Unknown (v1 audit has no v2 mutually exclusive field)
ACM,N1FB8E6E8E4FFFA4F,10.1145/3786335.3813179,doi:10.1145/3786335.3813179,academic/control per v1,exclude,X1/generic_agent_framework,Unknown (v1 audit has no v2 mutually exclusive field)
ACM,N1FBA10409C83FDB7,10.1145/3805622.3810431,doi:10.1145/3805622.3810431,academic/control per v1,exclude,X1,Unknown (v1 audit has no v2 mutually exclusive field)
ACM,N1FC25319B77AACBD,10.1145/2187836.2187970,doi:10.1145/2187836.2187970,academic/control per v1,exclude,X1/economic_agents_without_software_system,Unknown (v1 audit has no v2 mutually exclusive field)
ACM,N1FC86B953EDB63F4,10.1145/844309.844312,doi:10.1145/844309.844312,academic/control per v1,exclude,X1/non_agent_ecommerce_architecture,Unknown (v1 audit has no v2 mutually exclusive field)
ACM,N1FCFAA4AFAFFD7CB,10.1145/3576842,doi:10.1145/3576842,academic/control per v1,exclude,T1/proceedings_collection,Unknown (v1 audit has no v2 mutually exclusive field)
ACM,N1FE21FB378949E7C,10.1145/3233795.3233812,doi:10.1145/3233795.3233812,academic/control per v1,pending,A0/missing_primary_abstract,Unknown (v1 audit has no v2 mutually exclusive field)
ACM,N1FF8CF92EB0A7BA0,10.1145/2488968.2488972,doi:10.1145/2488968.2488972,academic/control per v1,exclude,X1/non_agent_topic,Unknown (v1 audit has no v2 mutually exclusive field)
ACM,N20138D694040B4D4,10.1145/2835375,doi:10.1145/2835375,academic/control per v1,exclude,X1/general_security,Unknown (v1 audit has no v2 mutually exclusive field)
ACM,N204242DACA926E9C,10.1145/2325702.2325712,doi:10.1145/2325702.2325712,academic/control per v1,exclude,X1/economic_agents_without_software_system,Unknown (v1 audit has no v2 mutually exclusive field)
ACM,N208F312C378AD787,10.1145/3663547,doi:10.1145/3663547,academic/control per v1,exclude,T1/proceedings_collection,Unknown (v1 audit has no v2 mutually exclusive field)
ACM,N20980AA25FA6A875,10.1145/3829641,doi:10.1145/3829641,academic/control per v1,exclude,T1/proceedings_collection,Unknown (v1 audit has no v2 mutually exclusive field)
ACM,N20B20DEEC85E53B9,10.1145/3694687,doi:10.1145/3694687,academic/control per v1,exclude,X1/non_agent_topic,Unknown (v1 audit has no v2 mutually exclusive field)
ACM,N20B63B9ECFA67929,10.1145/3047273.3047306,doi:10.1145/3047273.3047306,academic/control per v1,exclude,X1/non_agent_commercial_system,Unknown (v1 audit has no v2 mutually exclusive field)
ACM,N20F22EE6AF8DC17D,10.5555/2387915.2387931,doi:10.5555/2387915.2387931,academic/control per v1,exclude,X1,Unknown (v1 audit has no v2 mutually exclusive field)
ACM,N21103324AF85A8A6,10.5555/1402821.1402931,doi:10.5555/1402821.1402931,academic/control per v1,exclude,X1,Unknown (v1 audit has no v2 mutually exclusive field)
ACM,N2129EECFF839D341,10.1145/3837873,doi:10.1145/3837873,academic/control per v1,exclude,T1/proceedings_collection,Unknown (v1 audit has no v2 mutually exclusive field)
ACM,N21355BDAA57C55FA,10.65109/kapy7208,doi:10.65109/kapy7208,academic/control per v1,exclude,X1/out_of_scope,Unknown (v1 audit has no v2 mutually exclusive field)
ACM,N21715EDEB0E2B657,10.1145/1082473.1082573,doi:10.1145/1082473.1082573,academic/control per v1,include,I1/direct_commercial_interaction,Unknown (v1 audit has no v2 mutually exclusive field)
ACM,N2176894A61BE2CA1,10.1145/1250910.1250959,doi:10.1145/1250910.1250959,academic/control per v1,exclude,X1/economic_agents_without_software_system,Unknown (v1 audit has no v2 mutually exclusive field)
ACM,N218AB9B05C87D62A,10.1145/3801154,doi:10.1145/3801154,academic/control per v1,exclude,X1/out_of_scope,Unknown (v1 audit has no v2 mutually exclusive field)
ACM,N21BC197D2233E4EA,10.5555/2936924.2936937,doi:10.5555/2936924.2936937,academic/control per v1,exclude,X2,Unknown (v1 audit has no v2 mutually exclusive field)
ACM,N21F7F9413791681E,10.1145/948005.948067,doi:10.1145/948005.948067,academic/control per v1,include,I1,Unknown (v1 audit has no v2 mutually exclusive field)
ACM,N223C1671751D9CE8,10.5555/1018409.1018735,doi:10.5555/1018409.1018735,academic/control per v1,exclude,X2,Unknown (v1 audit has no v2 mutually exclusive field)
ACM,N223F6D9DB3F0A60F,10.1145/3731599,doi:10.1145/3731599,academic/control per v1,exclude,T1/proceedings_collection,Unknown (v1 audit has no v2 mutually exclusive field)
ACM,N22451A495F322B0C,10.1145/3293611.3331572,doi:10.1145/3293611.3331572,academic/control per v1,exclude,X1/noncommercial_physical_coordination,Unknown (v1 audit has no v2 mutually exclusive field)
ACM,N226D5DC53F321728,10.5555/3535850.3535972,doi:10.5555/3535850.3535972,academic/control per v1,exclude,X1/economic_agents_without_software_system,Unknown (v1 audit has no v2 mutually exclusive field)
ACM,N229895AC5F79548B,10.1145/1282100.1282161,doi:10.1145/1282100.1282161,academic/control per v1,exclude,X2/scope_not_explicit_in_abstract,Unknown (v1 audit has no v2 mutually exclusive field)
ACM,N22BFE01C5FA07D44,10.5555/1558109.1558254,doi:10.5555/1558109.1558254,academic/control per v1,include,I2,Unknown (v1 audit has no v2 mutually exclusive field)
ACM,N22C2BB0089BEDB90,10.5555/2615731.2616027,doi:10.5555/2615731.2616027,academic/control per v1,exclude,X1,Unknown (v1 audit has no v2 mutually exclusive field)
ACM,N22D7B9763041A433,10.1145/1566374.1566387,doi:10.1145/1566374.1566387,academic/control per v1,exclude,X2/scope_not_explicit_in_abstract,Unknown (v1 audit has no v2 mutually exclusive field)
ACM,N22F18B5D15BD07A2,10.1145/3748496.3748990,doi:10.1145/3748496.3748990,academic/control per v1,exclude,X1/noncommercial_agent_application,Unknown (v1 audit has no v2 mutually exclusive field)
ACM,N23B7A8EBFE2EC442,10.1145/3793655,doi:10.1145/3793655,academic/control per v1,exclude,T1/proceedings_collection,Unknown (v1 audit has no v2 mutually exclusive field)
ACM,N23C4A2C1331985B9,10.5555/1018409.1018749,doi:10.5555/1018409.1018749,academic/control per v1,exclude,X2/scope_not_explicit_in_abstract,Unknown (v1 audit has no v2 mutually exclusive field)
ACM,N23E4ECD772A6620E,10.1145/1859995.1860016,doi:10.1145/1859995.1860016,academic/control per v1,exclude,X1/general_computing,Unknown (v1 audit has no v2 mutually exclusive field)
ACM,N240130D0000B2AFF,10.5555/3635637.3663166,doi:10.5555/3635637.3663166,academic/control per v1,exclude,X1,Unknown (v1 audit has no v2 mutually exclusive field)
ACM,N241FA70B1D236D3F,10.1145/3106426.3106485,doi:10.1145/3106426.3106485,academic/control per v1,exclude,X1,Unknown (v1 audit has no v2 mutually exclusive field)
ACM,N24394CEDECF53079,10.1145/3679007,doi:10.1145/3679007,academic/control per v1,exclude,T1/proceedings_collection,Unknown (v1 audit has no v2 mutually exclusive field)
ACM,N243DDAE9F0F06F96,10.1145/3629606.3629655,doi:10.1145/3629606.3629655,academic/control per v1,exclude,X1/human_social_behavior,Unknown (v1 audit has no v2 mutually exclusive field)
ACM,N244DA846D3393C65,10.1145/3708319.3733808,doi:10.1145/3708319.3733808,academic/control per v1,exclude,X1/noncommercial_agent_application,Unknown (v1 audit has no v2 mutually exclusive field)
ACM,N2467CDDFFDBD8EE7,10.1145/3288757,doi:10.1145/3288757,academic/control per v1,exclude,X1/non_agent_topic,Unknown (v1 audit has no v2 mutually exclusive field)
ACM,N247D598679BD7F86,10.1109/wi-iatw.2006.15,doi:10.1109/wi-iatw.2006.15,academic/control per v1,include,I1,Unknown (v1 audit has no v2 mutually exclusive field)
ACM,N249F217EDEE42301,10.1145/3292500.3330968,doi:10.1145/3292500.3330968,academic/control per v1,exclude,X1,Unknown (v1 audit has no v2 mutually exclusive field)
ACM,N24C3CD743A4FF88E,10.1145/3472291,doi:10.1145/3472291,academic/control per v1,exclude,X1/ordinary_classification,Unknown (v1 audit has no v2 mutually exclusive field)
ACM,N250134D56695FD89,10.1145/3796315,doi:10.1145/3796315,academic/control per v1,exclude,T1/proceedings_collection,Unknown (v1 audit has no v2 mutually exclusive field)
ACM,N2504D132AB826D13,10.1145/3802802,doi:10.1145/3802802,academic/control per v1,pending,A0/missing_primary_abstract,Unknown (v1 audit has no v2 mutually exclusive field)
ACM,N2539D64D4DABE0D7,10.1145/3805689.3806726,doi:10.1145/3805689.3806726,academic/control per v1,exclude,X1/generic_agent_application,Unknown (v1 audit has no v2 mutually exclusive field)
ACM,N254B7856BA5AE812,10.5555/1036843.1036900,doi:10.5555/1036843.1036900,academic/control per v1,exclude,X2,Unknown (v1 audit has no v2 mutually exclusive field)
ACM,N25975B99222CCB8A,10.1145/2030613.2030638,doi:10.1145/2030613.2030638,academic/control per v1,exclude,X1/general_computing,Unknown (v1 audit has no v2 mutually exclusive field)
ACM,N25A6A8009EEDA341,10.14778/3827998.3838712,doi:10.14778/3827998.3838712,academic/control per v1,exclude,X1/generic_agent_infrastructure,Unknown (v1 audit has no v2 mutually exclusive field)
ACM,N25B56E0A83414132,10.1145/3478384.3478391,doi:10.1145/3478384.3478391,academic/control per v1,exclude,X1/non_agent_topic,Unknown (v1 audit has no v2 mutually exclusive field)
ACM,N25E8E403978DBF40,10.1145/3774904.3792724,doi:10.1145/3774904.3792724,academic/control per v1,exclude,X1,Unknown (v1 audit has no v2 mutually exclusive field)
ACM,N2603ADA112F70816,10.1145/1055959.1055963,doi:10.1145/1055959.1055963,academic/control per v1,exclude,X1/economic_agents_without_software_system,Unknown (v1 audit has no v2 mutually exclusive field)
ACM,N262C3275DB953415,10.1145/3805621.3807636,doi:10.1145/3805621.3807636,academic/control per v1,exclude,X1/general_agent_security,Unknown (v1 audit has no v2 mutually exclusive field)
ACM,N263284BE388834E7,10.1145/152683.152692,doi:10.1145/152683.152692,academic/control per v1,exclude,X1/generic_agent_theory,Unknown (v1 audit has no v2 mutually exclusive field)
ACM,N264303DF73DEB8B9,10.1145/2108144.2108152,doi:10.1145/2108144.2108152,academic/control per v1,exclude,X1,Unknown (v1 audit has no v2 mutually exclusive field)
ACM,N265FFA54824A93B8,10.1145/3786335.3813195,doi:10.1145/3786335.3813195,academic/control per v1,exclude,X1/general_code_generation,Unknown (v1 audit has no v2 mutually exclusive field)
ACM,N266449C19E5A6F05,10.5555/3458064.3458177,doi:10.5555/3458064.3458177,academic/control per v1,exclude,X1,Unknown (v1 audit has no v2 mutually exclusive field)
ACM,N266BD37522FEBFE2,10.1145/3806645,doi:10.1145/3806645,academic/control per v1,exclude,T1/proceedings_collection,Unknown (v1 audit has no v2 mutually exclusive field)
ACM,N2670DEAD06E4F02E,10.5555/2484920.2485200,doi:10.5555/2484920.2485200,academic/control per v1,exclude,X2,Unknown (v1 audit has no v2 mutually exclusive field)
ACM,N2691D21947594C62,10.1145/3577032,doi:10.1145/3577032,academic/control per v1,exclude,X1/ordinary_recommendation,Unknown (v1 audit has no v2 mutually exclusive field)
ACM,N26AA6344B26E877A,10.1145/3591106,doi:10.1145/3591106,academic/control per v1,exclude,T1/proceedings_collection,Unknown (v1 audit has no v2 mutually exclusive field)
ACM,N26B8A4F33B8537B8,10.1145/763973.763977,doi:10.1145/763973.763977,academic/control per v1,exclude,X1/non_agent_commercial_system,Unknown (v1 audit has no v2 mutually exclusive field)
ACM,N26D40840550D06AF,10.1145/3580305.3599254,doi:10.1145/3580305.3599254,academic/control per v1,include,I1/direct_commercial_interaction,Unknown (v1 audit has no v2 mutually exclusive field)
ACM,N26F39F9C216213A0,10.5555/2655713.2655725,doi:10.5555/2655713.2655725,academic/control per v1,exclude,X2,Unknown (v1 audit has no v2 mutually exclusive field)
ACM,N26FDF0F47B724DD6,10.1145/857166.857168,doi:10.1145/857166.857168,academic/control per v1,include,I1/direct_commercial_interaction,Unknown (v1 audit has no v2 mutually exclusive field)
ACM,N2703204B54377C67,10.1145/333334.333376,doi:10.1145/333334.333376,academic/control per v1,exclude,X1/non_agent_organizational_research,Unknown (v1 audit has no v2 mutually exclusive field)
ACM,N2708465B43A23E40,10.1145/3564246.3585193,doi:10.1145/3564246.3585193,academic/control per v1,exclude,X1/economic_agents_without_software,Unknown (v1 audit has no v2 mutually exclusive field)
ACM,N270950D300840372,10.1109/wi-iat.2012.168,doi:10.1109/wi-iat.2012.168,academic/control per v1,include,I1/direct_commercial_interaction,Unknown (v1 audit has no v2 mutually exclusive field)
ACM,N27221E93B2AAEDE1,10.1145/3770855.3817996,doi:10.1145/3770855.3817996,academic/control per v1,exclude,X1/generic_agent_framework,Unknown (v1 audit has no v2 mutually exclusive field)
ACM,N27328B33AB4D4661,10.1145/3233795.3233807,doi:10.1145/3233795.3233807,academic/control per v1,pending,A0/missing_primary_abstract,Unknown (v1 audit has no v2 mutually exclusive field)
ACM,N2739D0321F37CE3E,10.1145/2940716.2940746,doi:10.1145/2940716.2940746,academic/control per v1,exclude,X1/economic_mechanism_without_software_agents,Unknown (v1 audit has no v2 mutually exclusive field)
ACM,N274F6DED6C286901,10.1145/3523055,doi:10.1145/3523055,academic/control per v1,exclude,X1/ordinary_classification,Unknown (v1 audit has no v2 mutually exclusive field)
ACM,N2761812F765CA4F4,10.1145/3786181.3788711,doi:10.1145/3786181.3788711,academic/control per v1,exclude,X1/general_code_generation,Unknown (v1 audit has no v2 mutually exclusive field)
ACM,N27D052D4048073CE,10.1145/3800645.3813089,doi:10.1145/3800645.3813089,academic/control per v1,exclude,X1/non_agent_topic,Unknown (v1 audit has no v2 mutually exclusive field)
ACM,N280A18EDA7395E46,10.1145/3764386.3779612,doi:10.1145/3764386.3779612,academic/control per v1,exclude,X1/general_code_generation,Unknown (v1 audit has no v2 mutually exclusive field)
ACM,N2829A7E802B44604,10.1145/1329125.1329462,doi:10.1145/1329125.1329462,academic/control per v1,exclude,X1,Unknown (v1 audit has no v2 mutually exclusive field)
ACM,N283A19853FA1FA83,10.1145/2346536.2346565,doi:10.1145/2346536.2346565,academic/control per v1,exclude,X2/scope_not_explicit_in_abstract,Unknown (v1 audit has no v2 mutually exclusive field)
ACM,N28443FB56791F80F,10.1145/3805029.3818296,doi:10.1145/3805029.3818296,academic/control per v1,exclude,X1/general_code_generation,Unknown (v1 audit has no v2 mutually exclusive field)
ACM,N285F4E62A4276C08,10.1145/3786335.3813162,doi:10.1145/3786335.3813162,academic/control per v1,exclude,X1/general_code_generation,Unknown (v1 audit has no v2 mutually exclusive field)
ACM,N28A02F2F25C15EE0,10.1145/2845926.2845932,doi:10.1145/2845926.2845932,academic/control per v1,exclude,X1/economic_agents_without_software_system,Unknown (v1 audit has no v2 mutually exclusive field)
ACM,N28B9483D362D69C8,10.1145/3477339.3477345,doi:10.1145/3477339.3477345,academic/control per v1,exclude,X1/non_agent_topic,Unknown (v1 audit has no v2 mutually exclusive field)
ACM,N28BE976BDF2A9FFF,10.5555/3545946.3598886,doi:10.5555/3545946.3598886,academic/control per v1,exclude,X1/economic_agents_without_software_system,Unknown (v1 audit has no v2 mutually exclusive field)
ACM,N292DF8781CAD3C3E,10.1145/2799979.2800039,doi:10.1145/2799979.2800039,academic/control per v1,exclude,X1/ordinary_prediction,Unknown (v1 audit has no v2 mutually exclusive field)
ACM,N2953EAB4FB048062,10.1145/3772318.3790384,doi:10.1145/3772318.3790384,academic/control per v1,exclude,X1/non_agent_topic,Unknown (v1 audit has no v2 mutually exclusive field)
ACM,N29582A1510891342,10.1145/3706890,doi:10.1145/3706890,academic/control per v1,exclude,T1/proceedings_collection,Unknown (v1 audit has no v2 mutually exclusive field)
ACM,N295CD2525FCE603C,10.1145/948005.948007,doi:10.1145/948005.948007,academic/control per v1,include,I1/direct_commercial_interaction,Unknown (v1 audit has no v2 mutually exclusive field)
ACM,N295E25E438C386D4,10.1145/1387148,doi:10.1145/1387148,academic/control per v1,pending,A0/missing_primary_abstract,Unknown (v1 audit has no v2 mutually exclusive field)
ACM,N2973E60288C5A165,10.1145/779928.779936,doi:10.1145/779928.779936,academic/control per v1,include,I1/direct_commercial_interaction,Unknown (v1 audit has no v2 mutually exclusive field)
ACM,N297FA241FBD5612E,10.1145/1102613.1102644,doi:10.1145/1102613.1102644,academic/control per v1,include,I1/direct_agent_commerce,Unknown (v1 audit has no v2 mutually exclusive field)
ACM,N29832C1B112DCD1F,10.1145/1141277.1141300,doi:10.1145/1141277.1141300,academic/control per v1,exclude,X1,Unknown (v1 audit has no v2 mutually exclusive field)
ACM,N29836737578315A6,10.5555/3091125.3091294,doi:10.5555/3091125.3091294,academic/control per v1,exclude,X2,Unknown (v1 audit has no v2 mutually exclusive field)
ACM,N29A0BDAD8300B549,10.1145/3670865.3673532,doi:10.1145/3670865.3673532,academic/control per v1,exclude,X1/non_agent_feedback_mechanism,Unknown (v1 audit has no v2 mutually exclusive field)
ACM,N29A5A7A67A5AFFFC,10.5555/2615731.2616121,doi:10.5555/2615731.2616121,academic/control per v1,exclude,X1,Unknown (v1 audit has no v2 mutually exclusive field)
ACM,N29F8458F8AF30B92,10.1145/780542.780617,doi:10.1145/780542.780617,academic/control per v1,exclude,X1/economic_agents_without_software_system,Unknown (v1 audit has no v2 mutually exclusive field)
ACM,N2A21E8933191DDBE,10.1145/2639968.2640062,doi:10.1145/2639968.2640062,academic/control per v1,exclude,X1/noncommercial_agent_simulation,Unknown (v1 audit has no v2 mutually exclusive field)
ACM,N2A49DF341CA068D2,10.1145/1082473.1082561,doi:10.1145/1082473.1082561,academic/control per v1,exclude,X1,Unknown (v1 audit has no v2 mutually exclusive field)
ACM,N2A604490698EB5F0,10.1145/1592648.1592655,doi:10.1145/1592648.1592655,academic/control per v1,exclude,X1/noncommercial_network_management,Unknown (v1 audit has no v2 mutually exclusive field)
ACM,N2A6BC5A07597010A,10.1145/3802974.3807997,doi:10.1145/3802974.3807997,academic/control per v1,exclude,X1/noncommercial_agent_application,Unknown (v1 audit has no v2 mutually exclusive field)
ACM,N2A72429E6C4281CE,10.1007/11575726_10,doi:10.1007/11575726_10,academic/control per v1,include,I1,Unknown (v1 audit has no v2 mutually exclusive field)
ACM,N2A7732E243C62FA9,10.1145/3393691.3394201,doi:10.1145/3393691.3394201,academic/control per v1,exclude,X1/economic_agents_without_software_system,Unknown (v1 audit has no v2 mutually exclusive field)
ACM,N2A86F018CFDB1A8F,10.1109/wi-iat.2014.141,doi:10.1109/wi-iat.2014.141,academic/control per v1,exclude,X1/noncommercial_optimization,Unknown (v1 audit has no v2 mutually exclusive field)
ACM,N2AA037D0D358239F,10.5555/3635637.3662938,doi:10.5555/3635637.3662938,academic/control per v1,include,I1,Unknown (v1 audit has no v2 mutually exclusive field)
ACM,N2AD96429C19C4B0A,10.1145/1993574.1993613,doi:10.1145/1993574.1993613,academic/control per v1,exclude,X1/economic_agents_without_software_system,Unknown (v1 audit has no v2 mutually exclusive field)
ACM,N2B048C50472793B4,10.5555/3237383.3237415,doi:10.5555/3237383.3237415,academic/control per v1,exclude,X1,Unknown (v1 audit has no v2 mutually exclusive field)
ACM,N2B24AC3069BD71CF,10.1145/1480083.1480105,doi:10.1145/1480083.1480105,academic/control per v1,exclude,X1/non_agent_topic,Unknown (v1 audit has no v2 mutually exclusive field)
ACM,N2B3346FEB7416AD9,10.1145/1993574.1993632,doi:10.1145/1993574.1993632,academic/control per v1,exclude,X1/economic_agents_without_software,Unknown (v1 audit has no v2 mutually exclusive field)
ACM,N2B3EF0911797BD62,10.1145/3736252.3742516,doi:10.1145/3736252.3742516,academic/control per v1,exclude,X2/scope_not_explicit_in_abstract,Unknown (v1 audit has no v2 mutually exclusive field)
ACM,N2B41A81B7E88650E,10.1145/1046290.1046348,doi:10.1145/1046290.1046348,academic/control per v1,exclude,X2/scope_not_explicit_in_abstract,Unknown (v1 audit has no v2 mutually exclusive field)
ACM,N2B62A448A2754AD1,10.5555/2936924.2937087,doi:10.5555/2936924.2937087,academic/control per v1,exclude,X1,Unknown (v1 audit has no v2 mutually exclusive field)
ACM,N2B64ABEF6A3972DB,10.1007/bf01215408,doi:10.1007/bf01215408,academic/control per v1,exclude,X1/general_computing,Unknown (v1 audit has no v2 mutually exclusive field)
ACM,N2BBFA01FC27E1133,10.1145/3806008.3811708,doi:10.1145/3806008.3811708,academic/control per v1,exclude,X1/general_security_system,Unknown (v1 audit has no v2 mutually exclusive field)
ACM,N2BC3FA9B5A88B644,10.1145/1352789.1352792,doi:10.1145/1352789.1352792,academic/control per v1,exclude,X2/scope_not_explicit_in_abstract,Unknown (v1 audit has no v2 mutually exclusive field)
ACM,N2BC5BFC94D360177,10.1145/3696952.3696980,doi:10.1145/3696952.3696980,academic/control per v1,exclude,X2/scope_not_explicit_in_abstract,Unknown (v1 audit has no v2 mutually exclusive field)
ACM,N2BD6F343B4CF8B38,10.5555/1018409.1018770,doi:10.5555/1018409.1018770,academic/control per v1,exclude,X2/scope_not_explicit_in_abstract,Unknown (v1 audit has no v2 mutually exclusive field)
ACM,N2BEB5F226F69D3AF,10.65109/bhtf7700,doi:10.65109/bhtf7700,academic/control per v1,exclude,X1/out_of_scope,Unknown (v1 audit has no v2 mutually exclusive field)
ACM,N2C0E88C53E6BE7A7,10.1145/3453953.3453981,doi:10.1145/3453953.3453981,academic/control per v1,exclude,X1/noncommercial_network_optimization,Unknown (v1 audit has no v2 mutually exclusive field)
ACM,N2C3D04971DA39AF6,10.1145/1143997.1144260,doi:10.1145/1143997.1144260,academic/control per v1,exclude,X2/scope_not_explicit_in_abstract,Unknown (v1 audit has no v2 mutually exclusive field)
ACM,N2C5C31BEA085D4FD,10.1145/1509096.1509196,doi:10.1145/1509096.1509196,academic/control per v1,exclude,X1/non_agent_commercial_system,Unknown (v1 audit has no v2 mutually exclusive field)
ACM,N2C5F126E9511349C,10.1145/544862.544888,doi:10.1145/544862.544888,academic/control per v1,include,I1/direct_commercial_interaction,Unknown (v1 audit has no v2 mutually exclusive field)
ACM,N2CE0E2D56C8BF822,10.1145/3805689.3812397,doi:10.1145/3805689.3812397,academic/control per v1,exclude,X1/economic_agents_without_software_system,Unknown (v1 audit has no v2 mutually exclusive field)
ACM,N2D2362878DCA454C,10.1145/319759.319785,doi:10.1145/319759.319785,academic/control per v1,exclude,X1/ordinary_behavior_analysis,Unknown (v1 audit has no v2 mutually exclusive field)
ACM,N2D5A188187E25295,10.5555/1402298.1402366,doi:10.5555/1402298.1402366,academic/control per v1,exclude,X2,Unknown (v1 audit has no v2 mutually exclusive field)
ACM,N2D6E70750143F17A,10.1145/3809487,doi:10.1145/3809487,academic/control per v1,exclude,X1/non_agent_topic,Unknown (v1 audit has no v2 mutually exclusive field)
ACM,N2D8E2A3360D0AF31,10.1145/2381716.2381837,doi:10.1145/2381716.2381837,academic/control per v1,exclude,X1/ordinary_recommendation,Unknown (v1 audit has no v2 mutually exclusive field)
ACM,N2DD0D546DA376511,10.5555/1838206.1838323,doi:10.5555/1838206.1838323,academic/control per v1,exclude,X2,Unknown (v1 audit has no v2 mutually exclusive field)
ACM,N2DD7F9F45C8FC7AA,10.1145/3386567.3388571,doi:10.1145/3386567.3388571,academic/control per v1,exclude,X1/non_agent_topic,Unknown (v1 audit has no v2 mutually exclusive field)
ACM,N2DFC78037A9948D8,10.1145/1386790.1386825,doi:10.1145/1386790.1386825,academic/control per v1,exclude,X1/economic_agents_without_software_system,Unknown (v1 audit has no v2 mutually exclusive field)
ACM,N2E278CAE0FB93B3A,10.1145/2107581.2107582,doi:10.1145/2107581.2107582,academic/control per v1,include,I1/direct_commercial_interaction,Unknown (v1 audit has no v2 mutually exclusive field)
ACM,N2E4DE4A8C92E0099,10.1145/3805760.3814895,doi:10.1145/3805760.3814895,academic/control per v1,exclude,X1/generic_agent_infrastructure,Unknown (v1 audit has no v2 mutually exclusive field)
ACM,N2E4E96DD2B80ACC0,10.1109/wi-iat.2009.188,doi:10.1109/wi-iat.2009.188,academic/control per v1,include,I2/enabling_protocol,Unknown (v1 audit has no v2 mutually exclusive field)
ACM,N2E6C5FD9EC606F5F,10.1145/3773084,doi:10.1145/3773084,academic/control per v1,exclude,X1/general_code_generation,Unknown (v1 audit has no v2 mutually exclusive field)
ACM,N2E734A4032B11474,10.1145/1562814.1562839,doi:10.1145/1562814.1562839,academic/control per v1,exclude,X1/economic_agents_without_software_system,Unknown (v1 audit has no v2 mutually exclusive field)
ACM,N2E900F0A4ABA66B4,10.1145/3764206.3764301,doi:10.1145/3764206.3764301,academic/control per v1,exclude,X1/noncommercial_agent_application,Unknown (v1 audit has no v2 mutually exclusive field)
ACM,N2E9C1ADB56108F2A,10.1145/3490486.3538261,doi:10.1145/3490486.3538261,academic/control per v1,exclude,X1/economic_agents_without_software_system,Unknown (v1 audit has no v2 mutually exclusive field)
ACM,N2EAA5C93FEA82F23,10.1145/3233795.3233810,doi:10.1145/3233795.3233810,academic/control per v1,pending,A0/missing_primary_abstract,Unknown (v1 audit has no v2 mutually exclusive field)
ACM,N2EE74ECEACE373F2,10.5555/1283383.1283400,doi:10.5555/1283383.1283400,academic/control per v1,exclude,X1,Unknown (v1 audit has no v2 mutually exclusive field)
ACM,N2EE9BC205711D7FD,10.1145/2490255,doi:10.1145/2490255,academic/control per v1,exclude,X1/ordinary_recommendation,Unknown (v1 audit has no v2 mutually exclusive field)
ACM,N2F0FFC518AB03B8E,10.1145/3838457,doi:10.1145/3838457,academic/control per v1,exclude,T1/proceedings_collection,Unknown (v1 audit has no v2 mutually exclusive field)
ACM,N2F1FE7E2F66BD852,10.1145/3632047,doi:10.1145/3632047,academic/control per v1,exclude,T1/proceedings_collection,Unknown (v1 audit has no v2 mutually exclusive field)
ACM,N2F342912068F13CA,10.1145/1486877.1486882,doi:10.1145/1486877.1486882,academic/control per v1,exclude,X1/economic_agents_without_software_system,Unknown (v1 audit has no v2 mutually exclusive field)
ACM,N2F393AA577D0A296,10.1145/2764468.2764505,doi:10.1145/2764468.2764505,academic/control per v1,exclude,X1/economic_agents_without_software_system,Unknown (v1 audit has no v2 mutually exclusive field)
ACM,N2F4EA7B585E957A0,10.1145/1137677.1137685,doi:10.1145/1137677.1137685,academic/control per v1,exclude,X1,Unknown (v1 audit has no v2 mutually exclusive field)
ACM,N2F4EEAE235C33840,10.1145/2756509.2756510,doi:10.1145/2756509.2756510,academic/control per v1,exclude,X1/out_of_scope,Unknown (v1 audit has no v2 mutually exclusive field)
ACM,N2F56425AF4726389,10.1145/358841.358845,doi:10.1145/358841.358845,academic/control per v1,exclude,X1/non_agent_topic,Unknown (v1 audit has no v2 mutually exclusive field)
ACM,N2F56C90B59EFFB92,10.5555/3463952.3464135,doi:10.5555/3463952.3464135,academic/control per v1,exclude,X1/out_of_scope,Unknown (v1 audit has no v2 mutually exclusive field)
ACM,N2F596DB7F63B9095,10.5555/3191835.3192009,doi:10.5555/3191835.3192009,academic/control per v1,exclude,X2/scope_not_explicit_in_abstract,Unknown (v1 audit has no v2 mutually exclusive field)
ACM,N2F68D04CC69E23CB,10.1145/3097983.3098014,doi:10.1145/3097983.3098014,academic/control per v1,exclude,X1/non_agent_topic,Unknown (v1 audit has no v2 mutually exclusive field)
ACM,N2F73FC4D0A5F58EB,10.1145/3764687.3764719,doi:10.1145/3764687.3764719,academic/control per v1,exclude,X1/noncommercial_agent_application,Unknown (v1 audit has no v2 mutually exclusive field)
ACM,N2F9EB5FFEE798A82,10.1145/3759441.3759445,doi:10.1145/3759441.3759445,academic/control per v1,exclude,X1/generic_agent_infrastructure,Unknown (v1 audit has no v2 mutually exclusive field)
ACM,N2FA224F0EBE03721,10.1145/3411764,doi:10.1145/3411764,academic/control per v1,exclude,T1/proceedings_collection,Unknown (v1 audit has no v2 mutually exclusive field)
ACM,N2FFFF2A1FDC22166,10.1145/3786335.3813145,doi:10.1145/3786335.3813145,academic/control per v1,exclude,X1/general_agent_security,Unknown (v1 audit has no v2 mutually exclusive field)
ACM,N300AC0EE1118B5A8,10.1145/2940716.2940775,doi:10.1145/2940716.2940775,academic/control per v1,exclude,X1/economic_agents_without_software_system,Unknown (v1 audit has no v2 mutually exclusive field)
ACM,N3067E3F7832AA8D0,10.1145/3715275,doi:10.1145/3715275,academic/control per v1,exclude,T1/proceedings_collection,Unknown (v1 audit has no v2 mutually exclusive field)
ACM,N30A54EFBE1DE13D1,10.1145/3670865.3673581,doi:10.1145/3670865.3673581,academic/control per v1,exclude,X1/economic_agents_without_software,Unknown (v1 audit has no v2 mutually exclusive field)
ACM,N30A8CA0A4BA18CD6,10.1145/2383276.2383290,doi:10.1145/2383276.2383290,academic/control per v1,exclude,X1/noncommercial_agent_planning,Unknown (v1 audit has no v2 mutually exclusive field)
ACM,N30BAFD35D51D420E,10.1145/3793449.3793498,doi:10.1145/3793449.3793498,academic/control per v1,include,I2/commerce_enabling_protocol,Unknown (v1 audit has no v2 mutually exclusive field)
ACM,N30D8115AB68B71B6,10.1145/779928.779946,doi:10.1145/779928.779946,academic/control per v1,exclude,X1/economic_agents_without_software_system,Unknown (v1 audit has no v2 mutually exclusive field)
ACM,N30E5759719AA0071,10.1145/2700403,doi:10.1145/2700403,academic/control per v1,exclude,X1/general_security,Unknown (v1 audit has no v2 mutually exclusive field)
ACM,N312E5F0C21AC140B,10.1145/3397166.3409146,doi:10.1145/3397166.3409146,academic/control per v1,exclude,X1/out_of_scope,Unknown (v1 audit has no v2 mutually exclusive field)
ACM,N3133AF764DC3C934,10.1145/333334.333373,doi:10.1145/333334.333373,academic/control per v1,include,I1/direct_commercial_interaction,Unknown (v1 audit has no v2 mutually exclusive field)
ACM,N3137CAE27E269DC2,10.1145/3772318.3790919,doi:10.1145/3772318.3790919,academic/control per v1,exclude,X1,Unknown (v1 audit has no v2 mutually exclusive field)
ACM,N31476AC562E50F78,10.1145/1160633.1160856,doi:10.1145/1160633.1160856,academic/control per v1,exclude,X1/economic_agents_without_software_system,Unknown (v1 audit has no v2 mutually exclusive field)
ACM,N316CBEA38122524F,10.1145/3808045.3808059,doi:10.1145/3808045.3808059,academic/control per v1,exclude,X1/general_code_generation,Unknown (v1 audit has no v2 mutually exclusive field)
ACM,N316CFE40CB4DD2DD,10.1145/3821566,doi:10.1145/3821566,academic/control per v1,exclude,X1/generic_agent_framework,Unknown (v1 audit has no v2 mutually exclusive field)
ACM,N3183E5CEA1A7CDC6,10.1145/3308558.3313679,doi:10.1145/3308558.3313679,academic/control per v1,exclude,X1/economic_agents_without_software_system,Unknown (v1 audit has no v2 mutually exclusive field)
ACM,N31F612AAD6FC9C61,10.1145/1065907.1066030,doi:10.1145/1065907.1066030,academic/control per v1,exclude,X1/general_computing,Unknown (v1 audit has no v2 mutually exclusive field)
ACM,N322AF780588FD299,10.1145/1134707.1134709,doi:10.1145/1134707.1134709,academic/control per v1,exclude,X1/economic_agents_without_software,Unknown (v1 audit has no v2 mutually exclusive field)
ACM,N322FDEA1C0793D57,10.1007/11821830_3,doi:10.1007/11821830_3,academic/control per v1,exclude,X1/noncommercial_agent_application,Unknown (v1 audit has no v2 mutually exclusive field)
ACM,N3250BC9456ABD8AE,10.1145/2940716.2940751,doi:10.1145/2940716.2940751,academic/control per v1,exclude,X1/human_market_behavior,Unknown (v1 audit has no v2 mutually exclusive field)
ACM,N3257E5BBA4912825,10.4108/icst.bodynets.2013.253682,doi:10.4108/icst.bodynets.2013.253682,academic/control per v1,exclude,X1/general_communications,Unknown (v1 audit has no v2 mutually exclusive field)
ACM,N328F5D4DDB069765,10.1145/3772318.3790335,doi:10.1145/3772318.3790335,academic/control per v1,exclude,X1/noncommercial_agent_application,Unknown (v1 audit has no v2 mutually exclusive field)
ACM,N32A985AF475A6629,10.1145/3670865.3673542,doi:10.1145/3670865.3673542,academic/control per v1,exclude,X1/economic_agents_without_software_system,Unknown (v1 audit has no v2 mutually exclusive field)
ACM,N32AD04AAB826CE91,10.1145/3773365,doi:10.1145/3773365,academic/control per v1,exclude,T1/proceedings_collection,Unknown (v1 audit has no v2 mutually exclusive field)
ACM,N32D0D850BBD067C8,10.1145/2940716.2940745,doi:10.1145/2940716.2940745,academic/control per v1,exclude,X1/economic_agents_without_software,Unknown (v1 audit has no v2 mutually exclusive field)
ACM,N3304C66D1A081BF1,10.1145/3773077.3806124,doi:10.1145/3773077.3806124,academic/control per v1,exclude,X1/human_social_behavior,Unknown (v1 audit has no v2 mutually exclusive field)
ACM,N33186695558C3F71,10.1145/3777490.3777513,doi:10.1145/3777490.3777513,academic/control per v1,exclude,X1/incidental_protocol_application,Unknown (v1 audit has no v2 mutually exclusive field)
ACM,N333FF0BFF95FC8F1,10.1145/1242572.1242704,doi:10.1145/1242572.1242704,academic/control per v1,exclude,X1/general_service_framework,Unknown (v1 audit has no v2 mutually exclusive field)
ACM,N3351367B74F92054,10.1145/3811402,doi:10.1145/3811402,academic/control per v1,exclude,X1/noncommercial_physical_coordination,Unknown (v1 audit has no v2 mutually exclusive field)
ACM,N3375D602298C1B9E,10.1109/wi-iatw.2006.124,doi:10.1109/wi-iatw.2006.124,academic/control per v1,include,I1/direct_commercial_interaction,Unknown (v1 audit has no v2 mutually exclusive field)
ACM,N339AB70254176FC3,10.1145/3488539,doi:10.1145/3488539,academic/control per v1,exclude,X1/non_agent_topic,Unknown (v1 audit has no v2 mutually exclusive field)
ACM,N33A7099A1E2C78F5,10.1145/3747204,doi:10.1145/3747204,academic/control per v1,exclude,T1/proceedings_collection,Unknown (v1 audit has no v2 mutually exclusive field)
ACM,N33D71ADB5117FD63,10.1145/3593013,doi:10.1145/3593013,academic/control per v1,exclude,T1/proceedings_collection,Unknown (v1 audit has no v2 mutually exclusive field)
ACM,N33F05CC0282B31CB,10.5555/2936924.2937056,doi:10.5555/2936924.2937056,academic/control per v1,exclude,X1,Unknown (v1 audit has no v2 mutually exclusive field)
ACM,N33FC4CFBC965282C,10.1145/3670865.3673605,doi:10.1145/3670865.3673605,academic/control per v1,exclude,X1/economic_agents_without_software,Unknown (v1 audit has no v2 mutually exclusive field)
ACM,N34092DE582F4CE65,10.1145/3591106.3592215,doi:10.1145/3591106.3592215,academic/control per v1,exclude,X1/ordinary_prediction,Unknown (v1 audit has no v2 mutually exclusive field)
ACM,N340D4789DD640B72,10.5555/1339264.1339641,doi:10.5555/1339264.1339641,academic/control per v1,include,I1,Unknown (v1 audit has no v2 mutually exclusive field)
ACM,N3417EB4C69EC5764,10.1145/545056.545119,doi:10.1145/545056.545119,academic/control per v1,include,I1/direct_commercial_interaction,Unknown (v1 audit has no v2 mutually exclusive field)
ACM,N341EB90B1D6A5843,10.1145/3335484.3335493,doi:10.1145/3335484.3335493,academic/control per v1,exclude,X1/noncommercial_scheduling,Unknown (v1 audit has no v2 mutually exclusive field)
ACM,N341F4679E1783EC8,10.1145/3661814,doi:10.1145/3661814,academic/control per v1,exclude,T1/proceedings_collection,Unknown (v1 audit has no v2 mutually exclusive field)
ACM,N34252C5C53996314,10.5555/3466184.3466322,doi:10.5555/3466184.3466322,academic/control per v1,exclude,X1,Unknown (v1 audit has no v2 mutually exclusive field)
ACM,N3444818F1679E4CC,10.5555/3306127.3331879,doi:10.5555/3306127.3331879,academic/control per v1,exclude,X2/scope_not_explicit_in_abstract,Unknown (v1 audit has no v2 mutually exclusive field)
ACM,N34494C8EC5ADFAD9,10.1145/3511808.3557611,doi:10.1145/3511808.3557611,academic/control per v1,exclude,X1/ordinary_ad_optimization,Unknown (v1 audit has no v2 mutually exclusive field)
ACM,N345C47C27A25D231,10.1145/3765611.3815146,doi:10.1145/3765611.3815146,academic/control per v1,exclude,X1/general_agent_security,Unknown (v1 audit has no v2 mutually exclusive field)
ACM,N349FBEBABA602C95,10.5555/2750423.2750427,doi:10.5555/2750423.2750427,academic/control per v1,exclude,X1/out_of_scope,Unknown (v1 audit has no v2 mutually exclusive field)
ACM,N34A34084672E5E56,10.1613/jair.1.14126,doi:10.1613/jair.1.14126,academic/control per v1,include,I1/direct_commercial_interaction,Unknown (v1 audit has no v2 mutually exclusive field)
ACM,N34A3DD03266FA0CB,10.1007/11575726_14,doi:10.1007/11575726_14,academic/control per v1,exclude,X2/scope_not_explicit_in_abstract,Unknown (v1 audit has no v2 mutually exclusive field)
ACM,N34B01D22EC0B8546,10.1145/860575.860651,doi:10.1145/860575.860651,academic/control per v1,include,I1/direct_commercial_interaction,Unknown (v1 audit has no v2 mutually exclusive field)
ACM,N34BB5E576F6FA358,10.1145/3816704,doi:10.1145/3816704,academic/control per v1,exclude,X1/general_code_generation,Unknown (v1 audit has no v2 mutually exclusive field)
ACM,N34CA559155A6C1D8,10.1145/2817460.2817484,doi:10.1145/2817460.2817484,academic/control per v1,exclude,X2/scope_not_explicit_in_abstract,Unknown (v1 audit has no v2 mutually exclusive field)
ACM,N34CB5CAF2A6A90D2,10.1145/3033274.3085104,doi:10.1145/3033274.3085104,academic/control per v1,exclude,X1/economic_agents_without_software_system,Unknown (v1 audit has no v2 mutually exclusive field)
ACM,N3503220F3DEEC456,10.1145/3368274.3368284,doi:10.1145/3368274.3368284,academic/control per v1,exclude,X1,Unknown (v1 audit has no v2 mutually exclusive field)
ACM,N3505B74A9DA9DA34,10.1007/978-3-540-30566-8_84,doi:10.1007/978-3-540-30566-8_84,academic/control per v1,exclude,X1/general_security_protocol,Unknown (v1 audit has no v2 mutually exclusive field)
ACM,N351600D6987D00E8,10.1145/604045.604124,doi:10.1145/604045.604124,academic/control per v1,exclude,X2/scope_not_explicit_in_abstract,Unknown (v1 audit has no v2 mutually exclusive field)
ACM,N351A9CB636497E1D,10.5555/1402298.1402301,doi:10.5555/1402298.1402301,academic/control per v1,exclude,X1,Unknown (v1 audit has no v2 mutually exclusive field)
ACM,N352049D5BD82E4F5,10.1145/3819990,doi:10.1145/3819990,academic/control per v1,exclude,T1/proceedings_collection,Unknown (v1 audit has no v2 mutually exclusive field)
ACM,N3522F7A1763EE501,10.1145/3770855.3817454,doi:10.1145/3770855.3817454,academic/control per v1,exclude,X1/noncommercial_agent_application,Unknown (v1 audit has no v2 mutually exclusive field)
ACM,N353C219EE2F51052,10.1145/2912160.2912181,doi:10.1145/2912160.2912181,academic/control per v1,exclude,X1/human_social_behavior,Unknown (v1 audit has no v2 mutually exclusive field)
ACM,N353F55C79449B711,10.5555/1873601.1873649,doi:10.5555/1873601.1873649,academic/control per v1,exclude,X2,Unknown (v1 audit has no v2 mutually exclusive field)
ACM,N355F7D096904F5AA,10.1145/3839117,doi:10.1145/3839117,academic/control per v1,exclude,T2/after_cutoff,Unknown (v1 audit has no v2 mutually exclusive field)
ACM,N356115DF86C6D6A9,10.1145/1502650.1502733,doi:10.1145/1502650.1502733,academic/control per v1,exclude,X1/agenda_without_substantive_mechanism,Unknown (v1 audit has no v2 mutually exclusive field)
ACM,N358901039205FAF8,10.1145/3651671,doi:10.1145/3651671,academic/control per v1,exclude,T1/proceedings_collection,Unknown (v1 audit has no v2 mutually exclusive field)
ACM,N35BAC3199A098EFA,10.1145/3227609.3227682,doi:10.1145/3227609.3227682,academic/control per v1,exclude,X1/general_agent_security,Unknown (v1 audit has no v2 mutually exclusive field)
ACM,N35C230FD15A9495C,10.1145/2399187.2399191,doi:10.1145/2399187.2399191,academic/control per v1,exclude,X1/economic_agents_without_software_system,Unknown (v1 audit has no v2 mutually exclusive field)
ACM,N35D8623D09714433,10.1145/3328526.3329613,doi:10.1145/3328526.3329613,academic/control per v1,exclude,X1/economic_agents_without_software,Unknown (v1 audit has no v2 mutually exclusive field)
ACM,N35D93C9EE3AEAD7B,10.1145/2688073.2688113,doi:10.1145/2688073.2688113,academic/control per v1,exclude,X1/non_agent_topic,Unknown (v1 audit has no v2 mutually exclusive field)
ACM,N35E5EB5BFD2D3585,10.1145/3457139,doi:10.1145/3457139,academic/control per v1,exclude,X1/general_computing,Unknown (v1 audit has no v2 mutually exclusive field)
ACM,N35EB682AF3E05E5F,10.1145/3126973.3126995,doi:10.1145/3126973.3126995,academic/control per v1,exclude,X2/scope_not_explicit_in_abstract,Unknown (v1 audit has no v2 mutually exclusive field)
ACM,N360B17ABCF17EB7C,10.1145/3770855.3817948,doi:10.1145/3770855.3817948,academic/control per v1,exclude,X1/noncommercial_agent_application,Unknown (v1 audit has no v2 mutually exclusive field)
ACM,N36279D31274C9A88,10.5555/3546258.3546535,doi:10.5555/3546258.3546535,academic/control per v1,exclude,X1/out_of_scope,Unknown (v1 audit has no v2 mutually exclusive field)
ACM,N363859C23CDA0AB3,10.1145/3565970.3567697,doi:10.1145/3565970.3567697,academic/control per v1,exclude,X1/noncommercial_agent_application,Unknown (v1 audit has no v2 mutually exclusive field)
ACM,N363A8F332BE9468F,10.1145/2764468.2764520,doi:10.1145/2764468.2764520,academic/control per v1,exclude,X1/economic_mechanism_without_software_agents,Unknown (v1 audit has no v2 mutually exclusive field)
ACM,N3670848800A91A58,10.1145/382266.382430,doi:10.1145/382266.382430,academic/control per v1,exclude,X1/non_agent_topic,Unknown (v1 audit has no v2 mutually exclusive field)
ACM,N36972702BF44030A,10.1145/3757376,doi:10.1145/3757376,academic/control per v1,exclude,T1/proceedings_collection,Unknown (v1 audit has no v2 mutually exclusive field)
ACM,N36B1BACE33517C97,10.1145/3705618,doi:10.1145/3705618,academic/control per v1,exclude,T1/proceedings_collection,Unknown (v1 audit has no v2 mutually exclusive field)
ACM,N36B818B376A12AD8,10.1145/1024733.1024750,doi:10.1145/1024733.1024750,academic/control per v1,exclude,X1/non_agent_network_pricing,Unknown (v1 audit has no v2 mutually exclusive field)
ACM,N36E265B91467304C,10.1145/2330784.2330789,doi:10.1145/2330784.2330789,academic/control per v1,exclude,X1/noncommercial_optimization,Unknown (v1 audit has no v2 mutually exclusive field)
ACM,N36EDCED322C5B3C7,10.5555/1018411.1018982,doi:10.5555/1018411.1018982,academic/control per v1,exclude,X2,Unknown (v1 audit has no v2 mutually exclusive field)
ACM,N36EFC8DAF9532C7E,10.1145/1216993.1217008,doi:10.1145/1216993.1217008,academic/control per v1,exclude,X1/general_service_framework,Unknown (v1 audit has no v2 mutually exclusive field)
ACM,N36F27C5107C673E6,10.1145/3793653.3793792,doi:10.1145/3793653.3793792,academic/control per v1,exclude,X1/general_code_generation,Unknown (v1 audit has no v2 mutually exclusive field)
ACM,N3725BABC127E7C3E,10.1145/3478586.3478606,doi:10.1145/3478586.3478606,academic/control per v1,exclude,X1/noncommercial_physical_control,Unknown (v1 audit has no v2 mutually exclusive field)
ACM,N3734AD5DD0E24492,10.1145/3234150,doi:10.1145/3234150,academic/control per v1,exclude,X1/ordinary_prediction,Unknown (v1 audit has no v2 mutually exclusive field)
ACM,N374A4C87360B5DDC,10.1145/2463585.2463589,doi:10.1145/2463585.2463589,academic/control per v1,exclude,X1/non_agent_topic,Unknown (v1 audit has no v2 mutually exclusive field)
ACM,N37A29B9C94E95EA9,10.1145/1115874.1115878,doi:10.1145/1115874.1115878,academic/control per v1,exclude,X1/non_agent_topic,Unknown (v1 audit has no v2 mutually exclusive field)
ACM,N37CA472E17CF6102,10.1145/3666094.3666101,doi:10.1145/3666094.3666101,academic/control per v1,exclude,X1/human_design_practice,Unknown (v1 audit has no v2 mutually exclusive field)
ACM,N37EA024E861A8417,10.5555/1734953.1734965,doi:10.5555/1734953.1734965,academic/control per v1,include,I1,Unknown (v1 audit has no v2 mutually exclusive field)
ACM,N37F1F72E3106C6B4,10.1145/3715335,doi:10.1145/3715335,academic/control per v1,exclude,T1/proceedings_collection,Unknown (v1 audit has no v2 mutually exclusive field)
ACM,N37F624BFEA928C04,10.5555/1109557.1109674,doi:10.5555/1109557.1109674,academic/control per v1,exclude,X2,Unknown (v1 audit has no v2 mutually exclusive field)
ACM,N3819CEA031780088,10.1145/3287324.3290951,doi:10.1145/3287324.3290951,academic/control per v1,exclude,X1/non_agent_topic,Unknown (v1 audit has no v2 mutually exclusive field)
ACM,N38209B0E7493F987,10.5555/3535850.3535904,doi:10.5555/3535850.3535904,academic/control per v1,exclude,X1/out_of_scope,Unknown (v1 audit has no v2 mutually exclusive field)
ACM,N3822A38969A98F53,10.1145/3774904.3792943,doi:10.1145/3774904.3792943,academic/control per v1,include,I1,Unknown (v1 audit has no v2 mutually exclusive field)
ACM,N384DDE30516BD394,10.5555/1622673.1622697,doi:10.5555/1622673.1622697,academic/control per v1,exclude,X2,Unknown (v1 audit has no v2 mutually exclusive field)
ACM,N3854506B6C1FA071,10.1145/3372177.3373505,doi:10.1145/3372177.3373505,academic/control per v1,exclude,X1,Unknown (v1 audit has no v2 mutually exclusive field)
ACM,N386265A824B770A0,10.1145/1052934.1052939,doi:10.1145/1052934.1052939,academic/control per v1,exclude,X2/scope_not_explicit_in_abstract,Unknown (v1 audit has no v2 mutually exclusive field)
ACM,N38711D225E126DB9,10.1145/3820755.3821646,doi:10.1145/3820755.3821646,academic/control per v1,exclude,X1,Unknown (v1 audit has no v2 mutually exclusive field)
ACM,N38721718F85AE4D9,10.1145/860575.860772,doi:10.1145/860575.860772,academic/control per v1,exclude,X2/scope_not_explicit_in_abstract,Unknown (v1 audit has no v2 mutually exclusive field)
ACM,N38779DA9B0EE4C79,10.1145/3411763,doi:10.1145/3411763,academic/control per v1,exclude,T1/proceedings_collection,Unknown (v1 audit has no v2 mutually exclusive field)
ACM,N3877E137AEDEE0BC,10.1145/2331812.2331824,doi:10.1145/2331812.2331824,academic/control per v1,exclude,X1,Unknown (v1 audit has no v2 mutually exclusive field)
ACM,N387A222D6A961EE4,10.5555/1926058.1926105,doi:10.5555/1926058.1926105,academic/control per v1,exclude,X1,Unknown (v1 audit has no v2 mutually exclusive field)
ACM,N38AA6FB800557E0C,10.1145/1409540.1409559,doi:10.1145/1409540.1409559,academic/control per v1,include,I1/direct_agent_commerce,Unknown (v1 audit has no v2 mutually exclusive field)
ACM,N38F82C6965FF9613,10.1145/3802514.3809176,doi:10.1145/3802514.3809176,academic/control per v1,exclude,X1/out_of_scope,Unknown (v1 audit has no v2 mutually exclusive field)
ACM,N3903D0C2E989028F,10.1145/237502.237574,doi:10.1145/237502.237574,academic/control per v1,pending,A0/missing_primary_abstract,Unknown (v1 audit has no v2 mutually exclusive field)
ACM,N3913F543CF47B227,10.5555/1622673.1622691,doi:10.5555/1622673.1622691,academic/control per v1,include,I1,Unknown (v1 audit has no v2 mutually exclusive field)
ACM,N391F65203E7A5EAD,10.5555/1074100.1074620,doi:10.5555/1074100.1074620,academic/control per v1,exclude,X1,Unknown (v1 audit has no v2 mutually exclusive field)
ACM,N397BD3260582D19D,10.5555/1162708.1162726,doi:10.5555/1162708.1162726,academic/control per v1,exclude,X1,Unknown (v1 audit has no v2 mutually exclusive field)
ACM,N397D25AEF7D31896,10.1145/3531146.3533237,doi:10.1145/3531146.3533237,academic/control per v1,exclude,X1,Unknown (v1 audit has no v2 mutually exclusive field)
ACM,N397D577F72F17AA4,10.1145/3832267,doi:10.1145/3832267,academic/control per v1,exclude,T2/after_cutoff,Unknown (v1 audit has no v2 mutually exclusive field)
ACM,N398138FAF34529DD,10.65109/bmjz4532,doi:10.65109/bmjz4532,academic/control per v1,exclude,X1/out_of_scope,Unknown (v1 audit has no v2 mutually exclusive field)
ACM,N398D053C64E7BAD7,10.1145/775152.775200,doi:10.1145/775152.775200,academic/control per v1,include,I1,Unknown (v1 audit has no v2 mutually exclusive field)
ACM,N398D3DB6E3FA8C19,10.1145/1658260.1658271,doi:10.1145/1658260.1658271,academic/control per v1,exclude,X1,Unknown (v1 audit has no v2 mutually exclusive field)
ACM,N398E27F0A8A68332,10.1145/3170427.3170629,doi:10.1145/3170427.3170629,academic/control per v1,exclude,X1,Unknown (v1 audit has no v2 mutually exclusive field)
ACM,N398E43DBBEE8A426,10.1145/2600057.2602893,doi:10.1145/2600057.2602893,academic/control per v1,exclude,X1,Unknown (v1 audit has no v2 mutually exclusive field)
ACM,N3995AD7157F27FA5,10.1109/asonam49781.2020.9381380,doi:10.1109/asonam49781.2020.9381380,academic/control per v1,exclude,X1,Unknown (v1 audit has no v2 mutually exclusive field)
ACM,N39BE2252446B5735,10.1007/11575726_2,doi:10.1007/11575726_2,academic/control per v1,exclude,X1/out_of_scope,Unknown (v1 audit has no v2 mutually exclusive field)
ACM,N39C5820A9CEE1D37,10.5555/1558109.1558309,doi:10.5555/1558109.1558309,academic/control per v1,exclude,X2,Unknown (v1 audit has no v2 mutually exclusive field)
ACM,N39F0F2C43B1D22D2,10.1145/3772318.3791071,doi:10.1145/3772318.3791071,academic/control per v1,exclude,X1,Unknown (v1 audit has no v2 mutually exclusive field)
ACM,N3A08D30600FD3511,10.1613/jair.1.11254,doi:10.1613/jair.1.11254,academic/control per v1,exclude,X1,Unknown (v1 audit has no v2 mutually exclusive field)
ACM,N3A11B59F3FEA3715,10.1145/3774935.3812704,doi:10.1145/3774935.3812704,academic/control per v1,include,I1,Unknown (v1 audit has no v2 mutually exclusive field)
ACM,N3A1B7098E1FCD26D,10.5555/3545946.3598785,doi:10.5555/3545946.3598785,academic/control per v1,exclude,X2,Unknown (v1 audit has no v2 mutually exclusive field)
ACM,N3A2D4C6F6A150633,10.5555/2615731.2616055,doi:10.5555/2615731.2616055,academic/control per v1,include,I1,Unknown (v1 audit has no v2 mutually exclusive field)
ACM,N3A3B86097C0E952C,10.1145/2837029,doi:10.1145/2837029,academic/control per v1,exclude,X1/economic_agents_without_software_system,Unknown (v1 audit has no v2 mutually exclusive field)
ACM,N3A53C16944709341,10.1145/3233795.3233804,doi:10.1145/3233795.3233804,academic/control per v1,pending,A0/missing_primary_abstract,Unknown (v1 audit has no v2 mutually exclusive field)
ACM,N3A57F7F57C217F8C,10.1145/3219166.3219173,doi:10.1145/3219166.3219173,academic/control per v1,exclude,X1/economic_agents_without_software,Unknown (v1 audit has no v2 mutually exclusive field)
ACM,N3A62116B706887BE,10.5555/1838206.1838391,doi:10.5555/1838206.1838391,academic/control per v1,exclude,X2,Unknown (v1 audit has no v2 mutually exclusive field)
ACM,N3A72A107FA42B70C,10.1145/3670865.3673551,doi:10.1145/3670865.3673551,academic/control per v1,include,I1/direct_commercial_interaction,Unknown (v1 audit has no v2 mutually exclusive field)
ACM,N3A929C7CD3C24395,10.1145/3736252.3742566,doi:10.1145/3736252.3742566,academic/control per v1,exclude,X1,Unknown (v1 audit has no v2 mutually exclusive field)
ACM,N3AA5E9870E056B26,10.1145/3774905.3793107,doi:10.1145/3774905.3793107,academic/control per v1,exclude,X1,Unknown (v1 audit has no v2 mutually exclusive field)
ACM,N3AB5E24EF6ACA2A5,10.1145/1599410.1599439,doi:10.1145/1599410.1599439,academic/control per v1,exclude,X1,Unknown (v1 audit has no v2 mutually exclusive field)
ACM,N3ACE10BE4DB883BE,10.1145/1807342.1807393,doi:10.1145/1807342.1807393,academic/control per v1,exclude,X1,Unknown (v1 audit has no v2 mutually exclusive field)
ACM,N3AD2F0EB417419AC,10.5555/3237383.3238079,doi:10.5555/3237383.3238079,academic/control per v1,exclude,X1,Unknown (v1 audit has no v2 mutually exclusive field)
ACM,N3AE54DCC2C996EE8,10.1145/1536616.1536639,doi:10.1145/1536616.1536639,academic/control per v1,pending,A0/missing_primary_abstract,Unknown (v1 audit has no v2 mutually exclusive field)
ACM,N3B0E36B7527BF7EC,10.1145/3800935,doi:10.1145/3800935,academic/control per v1,exclude,T1/proceedings_collection,Unknown (v1 audit has no v2 mutually exclusive field)
ACM,N3B2C20EE977337B3,10.1145/1536274.1536289,doi:10.1145/1536274.1536289,academic/control per v1,exclude,X1/noncommercial_education_system,Unknown (v1 audit has no v2 mutually exclusive field)
ACM,N3B3DDD94D34D90D4,10.1145/3631461,doi:10.1145/3631461,academic/control per v1,exclude,T1/proceedings_collection,Unknown (v1 audit has no v2 mutually exclusive field)
ACM,N3B408AFBE7E01E44,10.1109/iccps.2012.12,doi:10.1109/iccps.2012.12,academic/control per v1,exclude,X1/out_of_scope,Unknown (v1 audit has no v2 mutually exclusive field)
ACM,N3B49229BCD7AC5FF,10.1145/3816251,doi:10.1145/3816251,academic/control per v1,exclude,X1,Unknown (v1 audit has no v2 mutually exclusive field)
ACM,N3B63B6808E7C450E,10.1145/3503823.3503830,doi:10.1145/3503823.3503830,academic/control per v1,exclude,X1/noncommercial_physical_control,Unknown (v1 audit has no v2 mutually exclusive field)
ACM,N3B6683FEE9A99EDA,10.1145/3404835.3462818,doi:10.1145/3404835.3462818,academic/control per v1,exclude,X1,Unknown (v1 audit has no v2 mutually exclusive field)
ACM,N3B77D31C1C090FE7,10.1145/3719027,doi:10.1145/3719027,academic/control per v1,exclude,T1/proceedings_collection,Unknown (v1 audit has no v2 mutually exclusive field)
ACM,N3B7F0520F8C41BDC,10.1145/1028493.1030195,doi:10.1145/1028493.1030195,academic/control per v1,exclude,X1/out_of_scope,Unknown (v1 audit has no v2 mutually exclusive field)
ACM,N3B8767ADC2C62C57,10.1145/3770855.3818107,doi:10.1145/3770855.3818107,academic/control per v1,exclude,X1,Unknown (v1 audit has no v2 mutually exclusive field)
ACM,N3B923CADCF45E676,10.1145/3832294,doi:10.1145/3832294,academic/control per v1,exclude,T2/after_cutoff,Unknown (v1 audit has no v2 mutually exclusive field)
ACM,N3B93EC94936B8122,10.5555/1402821.1402934,doi:10.5555/1402821.1402934,academic/control per v1,include,I2/PAUSE_bidding_protocol_operation,Unknown (v1 audit has no v2 mutually exclusive field)
ACM,N3BA3196C46CAA5BA,10.1145/3487983.3488291,doi:10.1145/3487983.3488291,academic/control per v1,exclude,X1,Unknown (v1 audit has no v2 mutually exclusive field)
ACM,N3BC15C0FAB0D9045,10.1145/3786158,doi:10.1145/3786158,academic/control per v1,exclude,T1/proceedings_collection,Unknown (v1 audit has no v2 mutually exclusive field)
ACM,N3BD9A536C0BFCD4D,10.1145/3687272.3690892,doi:10.1145/3687272.3690892,academic/control per v1,exclude,X1,Unknown (v1 audit has no v2 mutually exclusive field)
ACM,N3BDEEEC0AAF617B7,10.1145/3772363.3798622,doi:10.1145/3772363.3798622,academic/control per v1,exclude,X1,Unknown (v1 audit has no v2 mutually exclusive field)
ACM,N3BEDF358793EE13F,10.1145/1328057.1328117,doi:10.1145/1328057.1328117,academic/control per v1,exclude,X1,Unknown (v1 audit has no v2 mutually exclusive field)
ACM,N3C08C56980C05144,10.1145/3746252.3761441,doi:10.1145/3746252.3761441,academic/control per v1,exclude,X1,Unknown (v1 audit has no v2 mutually exclusive field)
ACM,N3C1241335616942F,10.1145/3737841,doi:10.1145/3737841,academic/control per v1,exclude,T1/proceedings_collection,Unknown (v1 audit has no v2 mutually exclusive field)
ACM,N3C505897301D7604,10.1145/967900.968124,doi:10.1145/967900.968124,academic/control per v1,exclude,X1/ordinary_information_extraction,Unknown (v1 audit has no v2 mutually exclusive field)
ACM,N3C61F6B32B9CFCCD,10.5555/3535850.3535943,doi:10.5555/3535850.3535943,academic/control per v1,include,I1,Unknown (v1 audit has no v2 mutually exclusive field)
ACM,N3C6D951FC3DD2526,10.1145/2505494.2505504,doi:10.1145/2505494.2505504,academic/control per v1,exclude,X1/noncommercial_network_management,Unknown (v1 audit has no v2 mutually exclusive field)
ACM,N3C786C422182534D,10.1145/3430279.3430284,doi:10.1145/3430279.3430284,academic/control per v1,exclude,X1,Unknown (v1 audit has no v2 mutually exclusive field)
ACM,N3C8928D738FC47E0,10.5555/3091125.3091143,doi:10.5555/3091125.3091143,academic/control per v1,exclude,X2,Unknown (v1 audit has no v2 mutually exclusive field)
ACM,N3CD96FF04B51313F,10.5555/3545946.3598737,doi:10.5555/3545946.3598737,academic/control per v1,exclude,X1,Unknown (v1 audit has no v2 mutually exclusive field)
ACM,N3CDBAD197A976EC2,10.1145/1160633.1160847,doi:10.1145/1160633.1160847,academic/control per v1,include,I1/direct_commercial_interaction,Unknown (v1 audit has no v2 mutually exclusive field)
ACM,N3CEB7823E2DBEFC1,10.5555/2615731.2617422,doi:10.5555/2615731.2617422,academic/control per v1,exclude,X1/out_of_scope,Unknown (v1 audit has no v2 mutually exclusive field)
ACM,N3D2F48F0716724B5,10.1145/570907.570931,doi:10.1145/570907.570931,academic/control per v1,exclude,X1/general_business_framework,Unknown (v1 audit has no v2 mutually exclusive field)
ACM,N3D79C580E0E27424,10.1145/3770855.3818454,doi:10.1145/3770855.3818454,academic/control per v1,exclude,X1,Unknown (v1 audit has no v2 mutually exclusive field)
ACM,N3D86FB2FB53D2AF3,10.1145/3772318.3790774,doi:10.1145/3772318.3790774,academic/control per v1,exclude,X1,Unknown (v1 audit has no v2 mutually exclusive field)
ACM,N3D904AE85B6CB0BB,10.1145/2851613.2851836,doi:10.1145/2851613.2851836,academic/control per v1,exclude,X1/out_of_scope,Unknown (v1 audit has no v2 mutually exclusive field)
ACM,N3D94C11589A6144A,10.1145/2001858.2002048,doi:10.1145/2001858.2002048,academic/control per v1,include,I1/direct_commercial_interaction,Unknown (v1 audit has no v2 mutually exclusive field)
ACM,N3DB8F3149AE5A2B1,10.1145/3368274.3368283,doi:10.1145/3368274.3368283,academic/control per v1,exclude,X1/non_agent_topic,Unknown (v1 audit has no v2 mutually exclusive field)
ACM,N3DC9C0C2D8F1D34E,10.1145/3770855.3817920,doi:10.1145/3770855.3817920,academic/control per v1,exclude,X1,Unknown (v1 audit has no v2 mutually exclusive field)
ACM,N3DD7A31BF2C1BE8D,10.5555/3398761.3398944,doi:10.5555/3398761.3398944,academic/control per v1,exclude,X1,Unknown (v1 audit has no v2 mutually exclusive field)
ACM,N3E287D5922CCA668,10.5555/1018411.1018919,doi:10.5555/1018411.1018919,academic/control per v1,include,I1,Unknown (v1 audit has no v2 mutually exclusive field)
ACM,N3E7F04E59D40B44D,10.1145/3372177.3373349,doi:10.1145/3372177.3373349,academic/control per v1,exclude,X1,Unknown (v1 audit has no v2 mutually exclusive field)
ACM,N3EA5E0306DA14F88,10.1145/1968613.1968652,doi:10.1145/1968613.1968652,academic/control per v1,exclude,X1/out_of_scope,Unknown (v1 audit has no v2 mutually exclusive field)
ACM,N3EA7BCA390D27E23,10.5555/2512538.2512542,doi:10.5555/2512538.2512542,academic/control per v1,exclude,X1,Unknown (v1 audit has no v2 mutually exclusive field)
ACM,N3EBA34FA2B07A8BB,10.5555/882452.874377,doi:10.5555/882452.874377,academic/control per v1,exclude,X1,Unknown (v1 audit has no v2 mutually exclusive field)
ACM,N3ED3FD150B2A2C51,10.1145/3312662.3312712,doi:10.1145/3312662.3312712,academic/control per v1,exclude,X1,Unknown (v1 audit has no v2 mutually exclusive field)
ACM,N3EE31D21EA1ED97D,10.1145/3446913,doi:10.1145/3446913,academic/control per v1,exclude,T1/proceedings_collection,Unknown (v1 audit has no v2 mutually exclusive field)
ACM,N3EE6587D915BAE2C,10.5555/2343896.2343983,doi:10.5555/2343896.2343983,academic/control per v1,exclude,X2,Unknown (v1 audit has no v2 mutually exclusive field)
ACM,N3EE84788E8B2C3D9,10.5555/3709347.3743905,doi:10.5555/3709347.3743905,academic/control per v1,exclude,X2,Unknown (v1 audit has no v2 mutually exclusive field)
ACM,N3F142E05C9A8C4C2,10.1145/3736252.3742650,doi:10.1145/3736252.3742650,academic/control per v1,exclude,X1,Unknown (v1 audit has no v2 mutually exclusive field)
ACM,N3F1FDD60B1062F32,10.5555/1838206.1838266,doi:10.5555/1838206.1838266,academic/control per v1,exclude,X2,Unknown (v1 audit has no v2 mutually exclusive field)
ACM,N3F343F7942C691C0,10.1145/3789514.3796260,doi:10.1145/3789514.3796260,academic/control per v1,exclude,X1,Unknown (v1 audit has no v2 mutually exclusive field)
ACM,N3F6ABDBE780147A1,10.1145/3845988,doi:10.1145/3845988,academic/control per v1,exclude,T2/after_cutoff,Unknown (v1 audit has no v2 mutually exclusive field)
ACM,N3F903CC061FCD9C2,10.1145/3391403.3399535,doi:10.1145/3391403.3399535,academic/control per v1,exclude,X1,Unknown (v1 audit has no v2 mutually exclusive field)
ACM,N3F95E98222C1512D,10.1145/375735.376313,doi:10.1145/375735.376313,academic/control per v1,exclude,X1,Unknown (v1 audit has no v2 mutually exclusive field)
ACM,N3FC3FACA639E18DD,10.1145/2933267.2933516,doi:10.1145/2933267.2933516,academic/control per v1,exclude,X1,Unknown (v1 audit has no v2 mutually exclusive field)
ACM,N3FC44E75DA9D4E52,10.1145/3789514.3792054,doi:10.1145/3789514.3792054,academic/control per v1,exclude,X1,Unknown (v1 audit has no v2 mutually exclusive field)
ACM,N3FE711189AEBB9E6,10.5555/3709347.3743873,doi:10.5555/3709347.3743873,academic/control per v1,exclude,X2,Unknown (v1 audit has no v2 mutually exclusive field)
ACM,N400D062CEB9754B9,10.1145/3328526.3329653,doi:10.1145/3328526.3329653,academic/control per v1,exclude,X2,Unknown (v1 audit has no v2 mutually exclusive field)
ACM,N4010C6C0579F790D,10.1145/1080368.1080372,doi:10.1145/1080368.1080372,academic/control per v1,pending,A0/missing_primary_abstract,Unknown (v1 audit has no v2 mutually exclusive field)
ACM,N4014B98A2FC2FB71,10.1145/3786628,doi:10.1145/3786628,academic/control per v1,exclude,X1,Unknown (v1 audit has no v2 mutually exclusive field)
ACM,N404C8B173760923D,10.1145/3789492.3796467,doi:10.1145/3789492.3796467,academic/control per v1,exclude,X1,Unknown (v1 audit has no v2 mutually exclusive field)
ACM,N4058AC79DEA5E211,10.1145/2847220.2847243,doi:10.1145/2847220.2847243,academic/control per v1,exclude,X1,Unknown (v1 audit has no v2 mutually exclusive field)
ACM,N4082BACE85A56FA3,10.1145/3822183,doi:10.1145/3822183,academic/control per v1,exclude,T1/proceedings_collection,Unknown (v1 audit has no v2 mutually exclusive field)
ACM,N40873D500AD6B231,10.1145/2970276,doi:10.1145/2970276,academic/control per v1,exclude,T1/proceedings_collection,Unknown (v1 audit has no v2 mutually exclusive field)
ACM,N408C03B8D9DFA4C3,10.5555/564124.564220,doi:10.5555/564124.564220,academic/control per v1,exclude,X1,Unknown (v1 audit has no v2 mutually exclusive field)
ACM,N40BD92E67E9BC17B,10.1145/3696630.3728555,doi:10.1145/3696630.3728555,academic/control per v1,exclude,X1,Unknown (v1 audit has no v2 mutually exclusive field)
ACM,N40BDAD6EF1D5C130,10.1145/564376.564499,doi:10.1145/564376.564499,academic/control per v1,exclude,X1/ordinary_information_extraction,Unknown (v1 audit has no v2 mutually exclusive field)
ACM,N40BDB5FBF05DA4B3,10.1145/1672308.1672317,doi:10.1145/1672308.1672317,academic/control per v1,pending,A0/missing_primary_abstract,Unknown (v1 audit has no v2 mutually exclusive field)
ACM,N40CD9A603CB5F523,10.1145/3701716.3715871,doi:10.1145/3701716.3715871,academic/control per v1,exclude,X1/ordinary_recommendation,Unknown (v1 audit has no v2 mutually exclusive field)
ACM,N40D88BFA6E8B202A,10.1145/633292.633512,doi:10.1145/633292.633512,academic/control per v1,exclude,X1/general_ecommerce_HCI,Unknown (v1 audit has no v2 mutually exclusive field)
ACM,N40EAD68C2DD543C0,10.1145/2492002.2482547,doi:10.1145/2492002.2482547,academic/control per v1,exclude,X1,Unknown (v1 audit has no v2 mutually exclusive field)
ACM,N40EFF754952DE61F,10.5555/3237383.3238086,doi:10.5555/3237383.3238086,academic/control per v1,exclude,X2,Unknown (v1 audit has no v2 mutually exclusive field)
ACM,N41069DAE4EDE3340,10.1145/3347122.3347131,doi:10.1145/3347122.3347131,academic/control per v1,exclude,X1,Unknown (v1 audit has no v2 mutually exclusive field)
ACM,N4108941B4DDAD356,10.1145/256562.256601,doi:10.1145/256562.256601,academic/control per v1,exclude,X1/out_of_scope,Unknown (v1 audit has no v2 mutually exclusive field)
ACM,N415BB374B59C2961,10.1145/3243082.3243088,doi:10.1145/3243082.3243088,academic/control per v1,exclude,X1,Unknown (v1 audit has no v2 mutually exclusive field)
ACM,N416DFA784F295A85,10.5555/1124191.1124311,doi:10.5555/1124191.1124311,academic/control per v1,exclude,X1,Unknown (v1 audit has no v2 mutually exclusive field)
ACM,N417A6CA88D8F57F7,10.1145/3492866.3549728,doi:10.1145/3492866.3549728,academic/control per v1,exclude,X1,Unknown (v1 audit has no v2 mutually exclusive field)
ACM,N41D241AACEF06BD2,10.1145/775832.776062,doi:10.1145/775832.776062,academic/control per v1,exclude,X1,Unknown (v1 audit has no v2 mutually exclusive field)
ACM,N41D458EEC9946A3A,10.1145/2623330.2623357,doi:10.1145/2623330.2623357,academic/control per v1,exclude,X2/scope_not_explicit_in_abstract,Unknown (v1 audit has no v2 mutually exclusive field)
ACM,N41F4EF23BE717B83,10.1145/3745812.3745868,doi:10.1145/3745812.3745868,academic/control per v1,exclude,X1/out_of_scope,Unknown (v1 audit has no v2 mutually exclusive field)
ACM,N41FF5BE7F80F3189,10.1145/1317443.1317446,doi:10.1145/1317443.1317446,academic/control per v1,pending,A0/missing_primary_abstract,Unknown (v1 audit has no v2 mutually exclusive field)
ACM,N42098167D976C2C7,10.1145/3773078.3841273,doi:10.1145/3773078.3841273,academic/control per v1,exclude,T2/after_cutoff,Unknown (v1 audit has no v2 mutually exclusive field)
ACM,N423A5DAB25B08C12,10.1145/3494519,doi:10.1145/3494519,academic/control per v1,exclude,X1,Unknown (v1 audit has no v2 mutually exclusive field)
ACM,N42763C2CE5B15442,10.1109/ea.2009.5071582,doi:10.1109/ea.2009.5071582,academic/control per v1,exclude,X1/general_agent_framework,Unknown (v1 audit has no v2 mutually exclusive field)
ACM,N4277C230F09FAE49,10.1145/3715070.3757231,doi:10.1145/3715070.3757231,academic/control per v1,exclude,X1,Unknown (v1 audit has no v2 mutually exclusive field)
ACM,N427A339BD54C8028,10.5555/3310435.3310446,doi:10.5555/3310435.3310446,academic/control per v1,exclude,X1,Unknown (v1 audit has no v2 mutually exclusive field)
ACM,N4288D8E1D3275AA3,10.1145/506106.506113,doi:10.1145/506106.506113,academic/control per v1,include,I1,Unknown (v1 audit has no v2 mutually exclusive field)
ACM,N4293524C267DBE18,10.5555/2343776.2343791,doi:10.5555/2343776.2343791,academic/control per v1,include,I1,Unknown (v1 audit has no v2 mutually exclusive field)
ACM,N429E2AF5DC19436C,10.5555/3643142.3643290,doi:10.5555/3643142.3643290,academic/control per v1,include,I1,Unknown (v1 audit has no v2 mutually exclusive field)
ACM,N42A5011A8802B98C,10.1145/3788851,doi:10.1145/3788851,academic/control per v1,exclude,T1/proceedings_collection,Unknown (v1 audit has no v2 mutually exclusive field)
ACM,N42CABDD61841A5C7,10.1145/3343036.3343132,doi:10.1145/3343036.3343132,academic/control per v1,exclude,X1,Unknown (v1 audit has no v2 mutually exclusive field)
ACM,N42E5F270E91AC552,10.1145/1185373.1185420,doi:10.1145/1185373.1185420,academic/control per v1,exclude,X1,Unknown (v1 audit has no v2 mutually exclusive field)
ACM,N42EA2B16F3DEA0B4,10.1145/1150735.1150740,doi:10.1145/1150735.1150740,academic/control per v1,include,I1/direct_commercial_interaction,Unknown (v1 audit has no v2 mutually exclusive field)
ACM,N42FB7E6324B5EA58,10.1145/3641512.3686368,doi:10.1145/3641512.3686368,academic/control per v1,exclude,X2/scope_not_explicit_in_abstract,Unknown (v1 audit has no v2 mutually exclusive field)
ACM,N431A1A73F64C43EE,10.1145/3686942,doi:10.1145/3686942,academic/control per v1,exclude,X1,Unknown (v1 audit has no v2 mutually exclusive field)
ACM,N43346126AAFD4368,10.1109/tnet.2020.3035210,doi:10.1109/tnet.2020.3035210,academic/control per v1,exclude,X1,Unknown (v1 audit has no v2 mutually exclusive field)
ACM,N43373A3966B4D2FA,10.1145/3769126,doi:10.1145/3769126,academic/control per v1,exclude,T1/proceedings_collection,Unknown (v1 audit has no v2 mutually exclusive field)
ACM,N435146A4AF1740C7,10.1145/3746252.3761560,doi:10.1145/3746252.3761560,academic/control per v1,exclude,X1,Unknown (v1 audit has no v2 mutually exclusive field)
ACM,N435C71058AE3CDAA,10.1145/3771882,doi:10.1145/3771882,academic/control per v1,exclude,T1/proceedings_collection,Unknown (v1 audit has no v2 mutually exclusive field)
ACM,N43A00699C3362A52,10.5555/3643142,doi:10.5555/3643142,academic/control per v1,exclude,T1/proceedings_collection,Unknown (v1 audit has no v2 mutually exclusive field)
ACM,N43AC380B5154818A,10.1145/3637907,doi:10.1145/3637907,academic/control per v1,exclude,T1/proceedings_collection,Unknown (v1 audit has no v2 mutually exclusive field)
ACM,N43B356AE22460594,10.1145/3465456.3467529,doi:10.1145/3465456.3467529,academic/control per v1,exclude,X1,Unknown (v1 audit has no v2 mutually exclusive field)
ACM,N43E70531D6BBE945,10.1145/3488560.3498471,doi:10.1145/3488560.3498471,academic/control per v1,exclude,X1,Unknown (v1 audit has no v2 mutually exclusive field)
ACM,N43FF645D94472866,10.1145/3546000,doi:10.1145/3546000,academic/control per v1,exclude,T1/proceedings_collection,Unknown (v1 audit has no v2 mutually exclusive field)
ACM,N441E04E5EEF17F86,10.1145/3219166.3219183,doi:10.1145/3219166.3219183,academic/control per v1,exclude,X1,Unknown (v1 audit has no v2 mutually exclusive field)
ACM,N442C16269C84A310,10.1145/3773078.3831840,doi:10.1145/3773078.3831840,academic/control per v1,exclude,T2/after_cutoff,Unknown (v1 audit has no v2 mutually exclusive field)
ACM,N4443B8FCA3D75EB8,10.1145/3830455.3830459,doi:10.1145/3830455.3830459,academic/control per v1,exclude,X1,Unknown (v1 audit has no v2 mutually exclusive field)
ACM,N44466F8AEAA5F080,10.1145/3625704,doi:10.1145/3625704,academic/control per v1,exclude,T1/proceedings_collection,Unknown (v1 audit has no v2 mutually exclusive field)
ACM,N44529714C1E32225,10.5555/2484920.2485074,doi:10.5555/2484920.2485074,academic/control per v1,exclude,X1,Unknown (v1 audit has no v2 mutually exclusive field)
ACM,N44663B5806658742,10.1145/2600057.2602902,doi:10.1145/2600057.2602902,academic/control per v1,exclude,X1,Unknown (v1 audit has no v2 mutually exclusive field)
ACM,N4476CFB174601287,10.5555/1366804.1366856,doi:10.5555/1366804.1366856,academic/control per v1,exclude,X1,Unknown (v1 audit has no v2 mutually exclusive field)
ACM,N4495572569BC6C2C,10.1145/3704137,doi:10.1145/3704137,academic/control per v1,exclude,T1/proceedings_collection,Unknown (v1 audit has no v2 mutually exclusive field)
ACM,N44B5414CB0BA4220,10.1145/3396851.3397723,doi:10.1145/3396851.3397723,academic/control per v1,exclude,X2,Unknown (v1 audit has no v2 mutually exclusive field)
ACM,N44F7A9FD99FAC4F3,10.1145/3678935.3678941,doi:10.1145/3678935.3678941,academic/control per v1,exclude,X1,Unknown (v1 audit has no v2 mutually exclusive field)
ACM,N44FC15BFAA570AF0,10.1145/3357495.3357502,doi:10.1145/3357495.3357502,academic/control per v1,exclude,X1,Unknown (v1 audit has no v2 mutually exclusive field)
ACM,N451E8479D9DF0CED,10.1145/1345037.1345052,doi:10.1145/1345037.1345052,academic/control per v1,exclude,X2/scope_not_explicit_in_abstract,Unknown (v1 audit has no v2 mutually exclusive field)
ACM,N452328FB3177B66B,10.5555/3306127.3331859,doi:10.5555/3306127.3331859,academic/control per v1,exclude,X1,Unknown (v1 audit has no v2 mutually exclusive field)
ACM,N45355B7AC02EE832,10.1145/2187980.2188000,doi:10.1145/2187980.2188000,academic/control per v1,exclude,X1,Unknown (v1 audit has no v2 mutually exclusive field)
ACM,N45483D5AB10C5450,10.1145/3512917,doi:10.1145/3512917,academic/control per v1,exclude,X1,Unknown (v1 audit has no v2 mutually exclusive field)
ACM,N456B638173CDE7A9,10.1145/3418094.3418098,doi:10.1145/3418094.3418098,academic/control per v1,exclude,X2/scope_not_explicit_in_abstract,Unknown (v1 audit has no v2 mutually exclusive field)
ACM,N4576A2CED0212D26,10.1145/3539618.3591656,doi:10.1145/3539618.3591656,academic/control per v1,exclude,X1,Unknown (v1 audit has no v2 mutually exclusive field)
ACM,N4595E83DA3BC35D3,10.1145/3295500.3356140,doi:10.1145/3295500.3356140,academic/control per v1,exclude,X1,Unknown (v1 audit has no v2 mutually exclusive field)
ACM,N45A707F411E0AC47,10.1145/3772363.3798616,doi:10.1145/3772363.3798616,academic/control per v1,exclude,X1,Unknown (v1 audit has no v2 mutually exclusive field)
ACM,N45B1E60C16567D5A,10.1145/3788059,doi:10.1145/3788059,academic/control per v1,exclude,X1,Unknown (v1 audit has no v2 mutually exclusive field)
ACM,N45BE9B60E52552B0,10.1145/3786335,doi:10.1145/3786335,academic/control per v1,exclude,T1/proceedings_collection,Unknown (v1 audit has no v2 mutually exclusive field)
ACM,N45C26B56EA016F31,10.1145/1570256.1570372,doi:10.1145/1570256.1570372,academic/control per v1,include,I1,Unknown (v1 audit has no v2 mutually exclusive field)
ACM,N45FD18D4CD63F6DA,10.1145/3233795.3233799,doi:10.1145/3233795.3233799,academic/control per v1,pending,A0/missing_primary_abstract,Unknown (v1 audit has no v2 mutually exclusive field)
ACM,N460C0E10AF0156A2,10.1145/3820770,doi:10.1145/3820770,academic/control per v1,exclude,X1,Unknown (v1 audit has no v2 mutually exclusive field)
ACM,N465017C4EE031664,10.1145/1509096.1509160,doi:10.1145/1509096.1509160,academic/control per v1,exclude,X1,Unknown (v1 audit has no v2 mutually exclusive field)
ACM,N465CE484675C644D,10.1145/3539618.3591883,doi:10.1145/3539618.3591883,academic/control per v1,exclude,X1/ordinary_recommendation,Unknown (v1 audit has no v2 mutually exclusive field)
ACM,N46833A3E5CDA4ED7,10.1145/2455.2460,doi:10.1145/2455.2460,academic/control per v1,exclude,X1,Unknown (v1 audit has no v2 mutually exclusive field)
ACM,N46954496A482EF32,10.1145/3549482,doi:10.1145/3549482,academic/control per v1,exclude,X1,Unknown (v1 audit has no v2 mutually exclusive field)
ACM,N469A861E47917532,10.1145/2833086,doi:10.1145/2833086,academic/control per v1,exclude,X1,Unknown (v1 audit has no v2 mutually exclusive field)
ACM,N470EA9979334F479,10.5555/2163970.2163996,doi:10.5555/2163970.2163996,academic/control per v1,exclude,X1,Unknown (v1 audit has no v2 mutually exclusive field)
ACM,N473EBEB30212C30C,10.1145/779928.779937,doi:10.1145/779928.779937,academic/control per v1,exclude,X2,Unknown (v1 audit has no v2 mutually exclusive field)
ACM,N474BD44B2970D21F,10.65109/ooig5670,doi:10.65109/ooig5670,academic/control per v1,exclude,X1/out_of_scope,Unknown (v1 audit has no v2 mutually exclusive field)
ACM,N475148802FA7485C,10.1145/3748263,doi:10.1145/3748263,academic/control per v1,exclude,X1,Unknown (v1 audit has no v2 mutually exclusive field)
ACM,N475D073BFECEA24A,10.5555/2615731.2617439,doi:10.5555/2615731.2617439,academic/control per v1,exclude,X1,Unknown (v1 audit has no v2 mutually exclusive field)
ACM,N47700A2B64CA64E9,10.1145/3838457.3838551,doi:10.1145/3838457.3838551,academic/control per v1,exclude,X1/general_agent_security,Unknown (v1 audit has no v2 mutually exclusive field)
ACM,N47AAE582628A64BF,10.1145/3514197.3549682,doi:10.1145/3514197.3549682,academic/control per v1,exclude,X1,Unknown (v1 audit has no v2 mutually exclusive field)
ACM,N47C6E095F1F3A3CC,10.5555/1402298.1402361,doi:10.5555/1402298.1402361,academic/control per v1,exclude,X1,Unknown (v1 audit has no v2 mutually exclusive field)
ACM,N47CD5BD441D56473,10.1145/2837614,doi:10.1145/2837614,academic/control per v1,exclude,T1/proceedings_collection,Unknown (v1 audit has no v2 mutually exclusive field)
ACM,N47D03B9CFC7D34AE,10.1145/3408308.3427976,doi:10.1145/3408308.3427976,academic/control per v1,include,I1,Unknown (v1 audit has no v2 mutually exclusive field)
ACM,N47D4D9C2E9496D9D,10.1145/3492323.3495619,doi:10.1145/3492323.3495619,academic/control per v1,include,I1,Unknown (v1 audit has no v2 mutually exclusive field)
ACM,N47D8A548C20DD550,10.1145/3377929.3398119,doi:10.1145/3377929.3398119,academic/control per v1,exclude,X1,Unknown (v1 audit has no v2 mutually exclusive field)
ACM,N48078EF25B52CC0D,10.5555/2667702.2667703,doi:10.5555/2667702.2667703,academic/control per v1,exclude,X1,Unknown (v1 audit has no v2 mutually exclusive field)
ACM,N4836152CF1750E6C,10.1145/3786167.3788412,doi:10.1145/3786167.3788412,academic/control per v1,exclude,X1,Unknown (v1 audit has no v2 mutually exclusive field)
ACM,N4838BAFE0A9897CC,10.1145/3774900,doi:10.1145/3774900,academic/control per v1,exclude,T1/proceedings_collection,Unknown (v1 audit has no v2 mutually exclusive field)
ACM,N48CC2C475D9A383B,10.5555/1999416.1999425,doi:10.5555/1999416.1999425,academic/control per v1,exclude,X1,Unknown (v1 audit has no v2 mutually exclusive field)
ACM,N48D3C9C97E58DE57,10.1145/1806689.1806733,doi:10.1145/1806689.1806733,academic/control per v1,exclude,X1,Unknown (v1 audit has no v2 mutually exclusive field)
ACM,N48F148B093CD1CAE,10.1145/3731302,doi:10.1145/3731302,academic/control per v1,pending,A0/missing_primary_abstract,Unknown (v1 audit has no v2 mutually exclusive field)
ACM,N494D1089FEDB60AA,10.5555/2484920.2485026,doi:10.5555/2484920.2485026,academic/control per v1,exclude,X2,Unknown (v1 audit has no v2 mutually exclusive field)
ACM,N496E9069246E8F1A,10.5555/2615731.2617514,doi:10.5555/2615731.2617514,academic/control per v1,exclude,X1/physical_task_allocation,Unknown (v1 audit has no v2 mutually exclusive field)
ACM,N497D825696524210,10.1145/3477495.3531924,doi:10.1145/3477495.3531924,academic/control per v1,exclude,X1,Unknown (v1 audit has no v2 mutually exclusive field)
ACM,N4987EFA9A4DAE5CA,10.1145/3295500.3356164,doi:10.1145/3295500.3356164,academic/control per v1,exclude,X1,Unknown (v1 audit has no v2 mutually exclusive field)
ACM,N4992A969E3AE0866,10.1145/2897186,doi:10.1145/2897186,academic/control per v1,exclude,X1,Unknown (v1 audit has no v2 mutually exclusive field)
ACM,N49A76476A7CD1890,10.5555/1558013,doi:10.5555/1558013,academic/control per v1,exclude,T1/proceedings_collection,Unknown (v1 audit has no v2 mutually exclusive field)
ACM,N49B2071BA9084474,10.1145/3805712.3808374,doi:10.1145/3805712.3808374,academic/control per v1,exclude,X1,Unknown (v1 audit has no v2 mutually exclusive field)
ACM,N49B4BE239739541A,10.1145/1772070.1772087,doi:10.1145/1772070.1772087,academic/control per v1,exclude,X1,Unknown (v1 audit has no v2 mutually exclusive field)
ACM,N49C3E01C86156A12,10.1145/3673277,doi:10.1145/3673277,academic/control per v1,exclude,T1/proceedings_collection,Unknown (v1 audit has no v2 mutually exclusive field)
ACM,N49C4E15C65F20F42,10.1145/1160633.1160798,doi:10.1145/1160633.1160798,academic/control per v1,exclude,X2/scope_not_explicit_in_abstract,Unknown (v1 audit has no v2 mutually exclusive field)
ACM,N49DB9030764D8CEF,10.1145/2639108.2639120,doi:10.1145/2639108.2639120,academic/control per v1,exclude,X1,Unknown (v1 audit has no v2 mutually exclusive field)
ACM,N49F796B006103D3F,10.1145/1178766.1178772,doi:10.1145/1178766.1178772,academic/control per v1,exclude,X1,Unknown (v1 audit has no v2 mutually exclusive field)
ACM,N49FD7F9318123E38,10.1145/2971603.2971620,doi:10.1145/2971603.2971620,academic/control per v1,include,I1/direct_commercial_interaction,Unknown (v1 audit has no v2 mutually exclusive field)
ACM,N4A169814F40AD2E7,10.1145/3757374.3795008,doi:10.1145/3757374.3795008,academic/control per v1,exclude,X1,Unknown (v1 audit has no v2 mutually exclusive field)
ACM,N4A187048F226E2DD,10.1145/3744335.3758518,doi:10.1145/3744335.3758518,academic/control per v1,exclude,X1,Unknown (v1 audit has no v2 mutually exclusive field)
ACM,N4A22AAAAA5BDB9EC,10.1145/3570773,doi:10.1145/3570773,academic/control per v1,exclude,T1/proceedings_collection,Unknown (v1 audit has no v2 mutually exclusive field)
ACM,N4A4667E405791501,10.1145/941326.941333,doi:10.1145/941326.941333,academic/control per v1,exclude,X1,Unknown (v1 audit has no v2 mutually exclusive field)
ACM,N4A5786F07D3A8F59,10.1145/3727993,doi:10.1145/3727993,academic/control per v1,exclude,T1/proceedings_collection,Unknown (v1 audit has no v2 mutually exclusive field)
ACM,N4A5803AE091B4174,10.1145/3788550.3794870,doi:10.1145/3788550.3794870,academic/control per v1,exclude,X1,Unknown (v1 audit has no v2 mutually exclusive field)
ACM,N4A734E5BEEE0290C,10.1145/3544548.3581022,doi:10.1145/3544548.3581022,academic/control per v1,exclude,X1,Unknown (v1 audit has no v2 mutually exclusive field)
ACM,N4A90EF71D973B35E,10.1145/2764468.2764502,doi:10.1145/2764468.2764502,academic/control per v1,exclude,X1,Unknown (v1 audit has no v2 mutually exclusive field)
ACM,N4AB6B1591DE23DA0,10.1145/1064009.1064021,doi:10.1145/1064009.1064021,academic/control per v1,exclude,X1,Unknown (v1 audit has no v2 mutually exclusive field)
ACM,N4AC7010FB2244A37,10.5555/2772879.2773383,doi:10.5555/2772879.2773383,academic/control per v1,exclude,X2/scope_not_explicit_in_abstract,Unknown (v1 audit has no v2 mutually exclusive field)
ACM,N4AC890BB0C73393E,10.1145/3779211.3793173,doi:10.1145/3779211.3793173,academic/control per v1,exclude,X1,Unknown (v1 audit has no v2 mutually exclusive field)
ACM,N4AE19E73D4F0522E,10.5555/3306127.3332137,doi:10.5555/3306127.3332137,academic/control per v1,exclude,X1,Unknown (v1 audit has no v2 mutually exclusive field)
ACM,N4AEB13F9D5F1D668,10.1109/wi-iat.2009.158,doi:10.1109/wi-iat.2009.158,academic/control per v1,exclude,X1,Unknown (v1 audit has no v2 mutually exclusive field)
ACM,N4AF15F33D2DB1408,10.1145/3770855.3817660,doi:10.1145/3770855.3817660,academic/control per v1,exclude,X1/incidental_protocol_application,Unknown (v1 audit has no v2 mutually exclusive field)
ACM,N4B04BDC746D0EA43,10.5555/3398761.3398936,doi:10.5555/3398761.3398936,academic/control per v1,exclude,X1,Unknown (v1 audit has no v2 mutually exclusive field)
ACM,N4B21AFC9EDA1AC40,10.5555/1622655.1622671,doi:10.5555/1622655.1622671,academic/control per v1,exclude,X1,Unknown (v1 audit has no v2 mutually exclusive field)
ACM,N4B66770BA95DC510,10.1145/1089551.1089666,doi:10.1145/1089551.1089666,academic/control per v1,exclude,X1,Unknown (v1 audit has no v2 mutually exclusive field)
ACM,N4B6A8F6D6DF26641,10.1145/3409118.3475125,doi:10.1145/3409118.3475125,academic/control per v1,exclude,X1,Unknown (v1 audit has no v2 mutually exclusive field)
ACM,N4B76D0D309CCE652,10.1145/967900.968063,doi:10.1145/967900.968063,academic/control per v1,exclude,X1/general_security,Unknown (v1 audit has no v2 mutually exclusive field)
ACM,N4B8123D43C83F974,10.1145/3805029,doi:10.1145/3805029,academic/control per v1,exclude,T1/proceedings_collection,Unknown (v1 audit has no v2 mutually exclusive field)
ACM,N4B8265F9D0C4E907,10.1145/3786335.3813180,doi:10.1145/3786335.3813180,academic/control per v1,exclude,X1,Unknown (v1 audit has no v2 mutually exclusive field)
ACM,N4B9F271BCE072338,10.1145/1329125.1329288,doi:10.1145/1329125.1329288,academic/control per v1,exclude,X2/scope_not_explicit_in_abstract,Unknown (v1 audit has no v2 mutually exclusive field)
ACM,N4BD477575C352448,10.1145/3803784.3807539,doi:10.1145/3803784.3807539,academic/control per v1,exclude,X1/non_agent_interaction_design,Unknown (v1 audit has no v2 mutually exclusive field)
ACM,N4BE1F9520FA6FE6E,10.1145/1160633.1160844,doi:10.1145/1160633.1160844,academic/control per v1,exclude,X2,Unknown (v1 audit has no v2 mutually exclusive field)
ACM,N4BE8B9684638E726,10.1145/3078155.3078161,doi:10.1145/3078155.3078161,academic/control per v1,exclude,X1,Unknown (v1 audit has no v2 mutually exclusive field)
ACM,N4C0D02AE5BC35362,10.1145/3733812.3765533,doi:10.1145/3733812.3765533,academic/control per v1,exclude,X1,Unknown (v1 audit has no v2 mutually exclusive field)
ACM,N4C253AEC660348F4,10.1145/3643834.3661567,doi:10.1145/3643834.3661567,academic/control per v1,exclude,X1,Unknown (v1 audit has no v2 mutually exclusive field)
ACM,N4C57A8EA961E4515,10.1145/952532.952650,doi:10.1145/952532.952650,academic/control per v1,include,I1,Unknown (v1 audit has no v2 mutually exclusive field)
ACM,N4C8AD4EF919044C7,10.1145/2078827.2078845,doi:10.1145/2078827.2078845,academic/control per v1,exclude,X1,Unknown (v1 audit has no v2 mutually exclusive field)
ACM,N4C94EF1A55AC99ED,10.1145/3225058.3225111,doi:10.1145/3225058.3225111,academic/control per v1,exclude,X1,Unknown (v1 audit has no v2 mutually exclusive field)
ACM,N4CF3670ED8851277,10.1145/1963192.1963350,doi:10.1145/1963192.1963350,academic/control per v1,exclude,X1,Unknown (v1 audit has no v2 mutually exclusive field)
ACM,N4D03FCF2D4CCDF2C,10.1145/844331.844335,doi:10.1145/844331.844335,academic/control per v1,exclude,X2,Unknown (v1 audit has no v2 mutually exclusive field)
ACM,N4D20A33516EB9EE1,10.1145/3368274.3368282,doi:10.1145/3368274.3368282,academic/control per v1,exclude,X1/non_agent_topic,Unknown (v1 audit has no v2 mutually exclusive field)
ACM,N4D38D375622BE391,10.1145/1462153.1462157,doi:10.1145/1462153.1462157,academic/control per v1,exclude,X1,Unknown (v1 audit has no v2 mutually exclusive field)
ACM,N4D46D2ECADA1E2DB,10.5555/3546258.3546373,doi:10.5555/3546258.3546373,academic/control per v1,exclude,X1,Unknown (v1 audit has no v2 mutually exclusive field)
ACM,N4D6115CB3A2EC695,10.1145/961053.961090,doi:10.1145/961053.961090,academic/control per v1,exclude,X1,Unknown (v1 audit has no v2 mutually exclusive field)
ACM,N4D62A226C476AF88,10.1145/3664647.3681595,doi:10.1145/3664647.3681595,academic/control per v1,exclude,X1,Unknown (v1 audit has no v2 mutually exclusive field)
ACM,N4D6D7A0A191DB2F2,10.5555/1065226.1065339,doi:10.5555/1065226.1065339,academic/control per v1,exclude,X1,Unknown (v1 audit has no v2 mutually exclusive field)
ACM,N4DA6578CED989531,10.1145/383779.383786,doi:10.1145/383779.383786,academic/control per v1,exclude,X1,Unknown (v1 audit has no v2 mutually exclusive field)
ACM,N4DAFD223FB48D267,10.1145/3535782.3535827,doi:10.1145/3535782.3535827,academic/control per v1,exclude,X1,Unknown (v1 audit has no v2 mutually exclusive field)
ACM,N4DCB714848C3199A,10.1145/3833450,doi:10.1145/3833450,academic/control per v1,exclude,T1/proceedings_collection,Unknown (v1 audit has no v2 mutually exclusive field)
ACM,N4DE2E0D7D6523E1C,10.5555/2627817.2627910,doi:10.5555/2627817.2627910,academic/control per v1,exclude,X1,Unknown (v1 audit has no v2 mutually exclusive field)
ACM,N4DE495A373862992,10.1145/3766882.3767179,doi:10.1145/3766882.3767179,academic/control per v1,exclude,X1,Unknown (v1 audit has no v2 mutually exclusive field)
ACM,N4DE8989CB4E6ABE3,10.1145/2492002.2482554,doi:10.1145/2492002.2482554,academic/control per v1,exclude,X1,Unknown (v1 audit has no v2 mutually exclusive field)
ACM,N4DE91E4BB5AFF616,10.1145/3810212,doi:10.1145/3810212,academic/control per v1,exclude,X1,Unknown (v1 audit has no v2 mutually exclusive field)
ACM,N4DF3900117797F3F,10.1145/3805712.3808502,doi:10.1145/3805712.3808502,academic/control per v1,exclude,X1,Unknown (v1 audit has no v2 mutually exclusive field)
ACM,N4E10D8612C51A437,10.1145/3798166,doi:10.1145/3798166,academic/control per v1,exclude,X1,Unknown (v1 audit has no v2 mutually exclusive field)
ACM,N4E1CDDE63465CDB4,10.5555/3545946.3598692,doi:10.5555/3545946.3598692,academic/control per v1,exclude,X1,Unknown (v1 audit has no v2 mutually exclusive field)
ACM,N4E407FA380ED6E82,10.1145/3624558,doi:10.1145/3624558,academic/control per v1,exclude,X1,Unknown (v1 audit has no v2 mutually exclusive field)
ACM,N4E6FE87680FB0A18,10.1145/3516492,doi:10.1145/3516492,academic/control per v1,exclude,T1/proceedings_collection,Unknown (v1 audit has no v2 mutually exclusive field)
ACM,N4E924CA3BFF27333,10.1145/2509413.2509417,doi:10.1145/2509413.2509417,academic/control per v1,include,I1,Unknown (v1 audit has no v2 mutually exclusive field)
ACM,N4E9492EDAA8AC6C5,10.1145/3774895,doi:10.1145/3774895,academic/control per v1,exclude,T1/proceedings_collection,Unknown (v1 audit has no v2 mutually exclusive field)
ACM,N4EDE9670FDF501DD,10.1145/3319502.3374826,doi:10.1145/3319502.3374826,academic/control per v1,exclude,X1,Unknown (v1 audit has no v2 mutually exclusive field)
ACM,N4F14E1F2685DC5F5,10.1145/3820755,doi:10.1145/3820755,academic/control per v1,exclude,T1/proceedings_collection,Unknown (v1 audit has no v2 mutually exclusive field)
ACM,N4F1B9F021E2490AD,10.1145/1837856.1837872,doi:10.1145/1837856.1837872,academic/control per v1,exclude,X1,Unknown (v1 audit has no v2 mutually exclusive field)
ACM,N4F2DDD7F9DDD52D2,10.1145/3816153,doi:10.1145/3816153,academic/control per v1,exclude,X1,Unknown (v1 audit has no v2 mutually exclusive field)
ACM,N4F34AE952051831B,10.1145/3490486.3538259,doi:10.1145/3490486.3538259,academic/control per v1,exclude,X1,Unknown (v1 audit has no v2 mutually exclusive field)
ACM,N4F44DA5B6A215D3E,10.1145/3776734.3794452,doi:10.1145/3776734.3794452,academic/control per v1,include,I2,Unknown (v1 audit has no v2 mutually exclusive field)
ACM,N4F4B57CBC0EF1521,10.1145/3453892.3461328,doi:10.1145/3453892.3461328,academic/control per v1,exclude,X1,Unknown (v1 audit has no v2 mutually exclusive field)
ACM,N4F6F9C9037D39A19,10.1109/tnet.2015.2417217,doi:10.1109/tnet.2015.2417217,academic/control per v1,exclude,X2,Unknown (v1 audit has no v2 mutually exclusive field)
ACM,N4F70F8BD7992E3EF,10.1145/3793656,doi:10.1145/3793656,academic/control per v1,exclude,T1/proceedings_collection,Unknown (v1 audit has no v2 mutually exclusive field)
ACM,N4FAF01B3BB70AE01,10.1145/3829441,doi:10.1145/3829441,academic/control per v1,exclude,T1/proceedings_collection,Unknown (v1 audit has no v2 mutually exclusive field)
ACM,N4FD271414EDEAEB9,10.1145/3233795.3233811,doi:10.1145/3233795.3233811,academic/control per v1,pending,A0/missing_primary_abstract,Unknown (v1 audit has no v2 mutually exclusive field)
ACM,N4FE9567569DD8E70,10.1145/2031331.2031341,doi:10.1145/2031331.2031341,academic/control per v1,exclude,X1,Unknown (v1 audit has no v2 mutually exclusive field)
ACM,N4FEB51D249C2F630,10.1145/3427312,doi:10.1145/3427312,academic/control per v1,exclude,X1,Unknown (v1 audit has no v2 mutually exclusive field)
ACM,N5012173BED07D4A3,10.1109/icse.2009.5070550,doi:10.1109/icse.2009.5070550,academic/control per v1,exclude,X1,Unknown (v1 audit has no v2 mutually exclusive field)
ACM,N505F0527FA335981,10.1145/3786582.3786845,doi:10.1145/3786582.3786845,academic/control per v1,exclude,X1,Unknown (v1 audit has no v2 mutually exclusive field)
ACM,N505FAF7FD4F64D43,10.1145/3290605.3300695,doi:10.1145/3290605.3300695,academic/control per v1,exclude,X1,Unknown (v1 audit has no v2 mutually exclusive field)
ACM,N509141F895FD8F47,10.1145/3788149.3788161,doi:10.1145/3788149.3788161,academic/control per v1,exclude,X1,Unknown (v1 audit has no v2 mutually exclusive field)
ACM,N50C883D2349D796B,10.1145/544741.544760,doi:10.1145/544741.544760,academic/control per v1,exclude,X2/scope_not_explicit_in_abstract,Unknown (v1 audit has no v2 mutually exclusive field)
ACM,N50E36336E75A053A,10.1145/3785462.3815810,doi:10.1145/3785462.3815810,academic/control per v1,exclude,X1/noncommercial_agent_application,Unknown (v1 audit has no v2 mutually exclusive field)
ACM,N512567140213E0F0,10.1145/1183088.1183094,doi:10.1145/1183088.1183094,academic/control per v1,exclude,X1,Unknown (v1 audit has no v2 mutually exclusive field)
ACM,N51356677EF110ED0,10.1145/1052220.1052231,doi:10.1145/1052220.1052231,academic/control per v1,include,I1/direct_commercial_interaction,Unknown (v1 audit has no v2 mutually exclusive field)
ACM,N5142821933C92FFC,10.1145/3755991.3756003,doi:10.1145/3755991.3756003,academic/control per v1,exclude,X1,Unknown (v1 audit has no v2 mutually exclusive field)
ACM,N515A414841F64FD1,10.1145/3580507.3597673,doi:10.1145/3580507.3597673,academic/control per v1,exclude,X1,Unknown (v1 audit has no v2 mutually exclusive field)
ACM,N515FD4656CBE37D5,10.1145/3796624.3796647,doi:10.1145/3796624.3796647,academic/control per v1,exclude,X1/non_agent_design_research,Unknown (v1 audit has no v2 mutually exclusive field)
ACM,N517C6227438E8734,10.1145/844316.844323,doi:10.1145/844316.844323,academic/control per v1,exclude,X1,Unknown (v1 audit has no v2 mutually exclusive field)
ACM,N51B018C9ABC84F2E,10.1145/3696410.3714961,doi:10.1145/3696410.3714961,academic/control per v1,exclude,X2/scope_not_explicit_in_abstract,Unknown (v1 audit has no v2 mutually exclusive field)
ACM,N51D7DFA39793A145,10.1145/2600057.2602878,doi:10.1145/2600057.2602878,academic/control per v1,exclude,X1,Unknown (v1 audit has no v2 mutually exclusive field)
ACM,N528996BA564A4677,10.1145/3830422.3830429,doi:10.1145/3830422.3830429,academic/control per v1,exclude,X1,Unknown (v1 audit has no v2 mutually exclusive field)
ACM,N52AD35400AE48E42,10.1145/860575.860632,doi:10.1145/860575.860632,academic/control per v1,include,I1/direct_commercial_interaction,Unknown (v1 audit has no v2 mutually exclusive field)
ACM,N52B0F16EA63C0E65,10.1145/3716628,doi:10.1145/3716628,academic/control per v1,exclude,X1,Unknown (v1 audit has no v2 mutually exclusive field)
ACM,N52DD7A83C67082B3,10.1145/3786583.3786854,doi:10.1145/3786583.3786854,academic/control per v1,exclude,X1,Unknown (v1 audit has no v2 mutually exclusive field)
ACM,N52EB8C024B94E424,10.5555/3199517.3199521,doi:10.5555/3199517.3199521,academic/control per v1,exclude,X1/noncommercial_resource_management,Unknown (v1 audit has no v2 mutually exclusive field)
ACM,N530D1D389CF51642,10.5555/2343896.2343969,doi:10.5555/2343896.2343969,academic/control per v1,exclude,X2,Unknown (v1 audit has no v2 mutually exclusive field)
ACM,N531DB7666581A63C,10.1145/3411763.3457779,doi:10.1145/3411763.3457779,academic/control per v1,exclude,X1,Unknown (v1 audit has no v2 mutually exclusive field)
ACM,N532615748BC83EA8,10.5555/1036843.1036869,doi:10.5555/1036843.1036869,academic/control per v1,include,I1,Unknown (v1 audit has no v2 mutually exclusive field)
ACM,N5395737A6D6D378C,10.1145/2492002.2482591,doi:10.1145/2492002.2482591,academic/control per v1,exclude,X1,Unknown (v1 audit has no v2 mutually exclusive field)
ACM,N53AC0BC2468BF20D,10.1145/3788851.3805008,doi:10.1145/3788851.3805008,academic/control per v1,exclude,X1,Unknown (v1 audit has no v2 mutually exclusive field)
ACM,N53C4B03977816F30,10.1145/1329125.1329188,doi:10.1145/1329125.1329188,academic/control per v1,exclude,X2/scope_not_explicit_in_abstract,Unknown (v1 audit has no v2 mutually exclusive field)
ACM,N53E00717F0189E15,10.1145/3786583.3786864,doi:10.1145/3786583.3786864,academic/control per v1,exclude,X1,Unknown (v1 audit has no v2 mutually exclusive field)
ACM,N53E69DC572246330,10.1145/1160633.1160925,doi:10.1145/1160633.1160925,academic/control per v1,exclude,X1,Unknown (v1 audit has no v2 mutually exclusive field)
ACM,N53FC194A8B4BFD71,10.5555/3398761.3398964,doi:10.5555/3398761.3398964,academic/control per v1,exclude,X1,Unknown (v1 audit has no v2 mutually exclusive field)
ACM,N541405E828589C6D,10.1145/501983.501991,doi:10.1145/501983.501991,academic/control per v1,exclude,X2/scope_not_explicit_in_abstract,Unknown (v1 audit has no v2 mutually exclusive field)
ACM,N5433E2C96A18128E,10.1145/3816762,doi:10.1145/3816762,academic/control per v1,exclude,X1,Unknown (v1 audit has no v2 mutually exclusive field)
ACM,N544B9FD2D05E8713,10.1145/3788149.3788227,doi:10.1145/3788149.3788227,academic/control per v1,exclude,X1,Unknown (v1 audit has no v2 mutually exclusive field)
ACM,N54580018FF2FA257,10.1145/2632951.2632955,doi:10.1145/2632951.2632955,academic/control per v1,exclude,X1,Unknown (v1 audit has no v2 mutually exclusive field)
ACM,N547AC024373B12DC,10.1145/3637292,doi:10.1145/3637292,academic/control per v1,exclude,X1,Unknown (v1 audit has no v2 mutually exclusive field)
ACM,N549AAA8C4602B529,10.1145/3670865.3673570,doi:10.1145/3670865.3673570,academic/control per v1,exclude,X1,Unknown (v1 audit has no v2 mutually exclusive field)
ACM,N54AB98FE7736D29A,10.1145/3774905.3793122,doi:10.1145/3774905.3793122,academic/control per v1,exclude,X1,Unknown (v1 audit has no v2 mutually exclusive field)
ACM,N54CCFB69EA8D0C34,10.5555/1018409.1018758,doi:10.5555/1018409.1018758,academic/control per v1,include,I1,Unknown (v1 audit has no v2 mutually exclusive field)
ACM,N54D6C4E05BB64F3B,10.1145/3832122,doi:10.1145/3832122,academic/control per v1,exclude,T2/after_cutoff,Unknown (v1 audit has no v2 mutually exclusive field)
ACM,N54D8CDAB31BC19F5,10.1145/3747175,doi:10.1145/3747175,academic/control per v1,exclude,X2/scope_not_explicit_in_abstract,Unknown (v1 audit has no v2 mutually exclusive field)
ACM,N54DDC8592599CD5A,10.1145/2901790.2901893,doi:10.1145/2901790.2901893,academic/control per v1,exclude,X1,Unknown (v1 audit has no v2 mutually exclusive field)
ACM,N54DE1DF699695821,10.1145/1143997.1144001,doi:10.1145/1143997.1144001,academic/control per v1,exclude,X1,Unknown (v1 audit has no v2 mutually exclusive field)
ACM,N54E6473A7827A307,10.1145/3817124,doi:10.1145/3817124,academic/control per v1,exclude,T1/proceedings_collection,Unknown (v1 audit has no v2 mutually exclusive field)
ACM,N54E9F4A91B831C2B,10.1145/2872427.2882986,doi:10.1145/2872427.2882986,academic/control per v1,exclude,X1,Unknown (v1 audit has no v2 mutually exclusive field)
ACM,N5502C99BDBAB0D02,10.1145/3788853.3801608,doi:10.1145/3788853.3801608,academic/control per v1,exclude,X1,Unknown (v1 audit has no v2 mutually exclusive field)
ACM,N5529F0896C794F1E,10.1145/3219166.3219194,doi:10.1145/3219166.3219194,academic/control per v1,exclude,X1,Unknown (v1 audit has no v2 mutually exclusive field)
ACM,N5576A58C54260F9F,10.1145/3711896,doi:10.1145/3711896,academic/control per v1,exclude,T1/proceedings_collection,Unknown (v1 audit has no v2 mutually exclusive field)
ACM,N557936CF953CDFA2,10.1145/2764468.2764472,doi:10.1145/2764468.2764472,academic/control per v1,exclude,X1,Unknown (v1 audit has no v2 mutually exclusive field)
ACM,N5595A1F7B03BF8C4,10.1145/3724154,doi:10.1145/3724154,academic/control per v1,exclude,T1/proceedings_collection,Unknown (v1 audit has no v2 mutually exclusive field)
ACM,N55B175010A217CBF,10.5555/1558013.1558049,doi:10.5555/1558013.1558049,academic/control per v1,exclude,X1,Unknown (v1 audit has no v2 mutually exclusive field)
ACM,N55C907B15BA60A69,10.1145/3841298.3841310,doi:10.1145/3841298.3841310,academic/control per v1,exclude,X1,Unknown (v1 audit has no v2 mutually exclusive field)
ACM,N55D74CD5B7DE9D73,10.1145/2822013,doi:10.1145/2822013,academic/control per v1,exclude,T1/proceedings_collection,Unknown (v1 audit has no v2 mutually exclusive field)
ACM,N5601EED3013FD964,10.5555/1109557.1109677,doi:10.5555/1109557.1109677,academic/control per v1,exclude,X1,Unknown (v1 audit has no v2 mutually exclusive field)
ACM,N561C2385150346FA,10.5555/3398761.3398775,doi:10.5555/3398761.3398775,academic/control per v1,exclude,X1,Unknown (v1 audit has no v2 mutually exclusive field)
ACM,N565E2F298BCFB8BA,10.1145/3713043.3728851,doi:10.1145/3713043.3728851,academic/control per v1,exclude,X1,Unknown (v1 audit has no v2 mutually exclusive field)
ACM,N5674181CD6A19608,10.1145/2893582.2893591,doi:10.1145/2893582.2893591,academic/control per v1,exclude,X1/out_of_scope,Unknown (v1 audit has no v2 mutually exclusive field)
ACM,N567EC1E5261202B6,10.1145/3397166.3409124,doi:10.1145/3397166.3409124,academic/control per v1,exclude,X1,Unknown (v1 audit has no v2 mutually exclusive field)
ACM,N56AE5F09C4C6B448,10.1145/1940761.1940762,doi:10.1145/1940761.1940762,academic/control per v1,exclude,X1,Unknown (v1 audit has no v2 mutually exclusive field)
ACM,N56CA9C85EE45BC4D,10.1145/2664591.2664593,doi:10.1145/2664591.2664593,academic/control per v1,exclude,X1,Unknown (v1 audit has no v2 mutually exclusive field)
ACM,N56F4CACC67FE01D4,10.5555/3820643.3820644,doi:10.5555/3820643.3820644,academic/control per v1,exclude,X1,Unknown (v1 audit has no v2 mutually exclusive field)
ACM,N5746E6922F22AF18,10.5555/3535850.3536125,doi:10.5555/3535850.3536125,academic/control per v1,exclude,X1/physical_path_coordination,Unknown (v1 audit has no v2 mutually exclusive field)
ACM,N574A2784233C3EE3,10.1145/1007912.1007942,doi:10.1145/1007912.1007942,academic/control per v1,exclude,X1,Unknown (v1 audit has no v2 mutually exclusive field)
ACM,N574C6C50ACF2B354,10.1145/3807503.3819454,doi:10.1145/3807503.3819454,academic/control per v1,exclude,X1/incidental_protocol_application,Unknown (v1 audit has no v2 mutually exclusive field)
ACM,N575E055C41B4D5E9,10.1145/1052220.1052234,doi:10.1145/1052220.1052234,academic/control per v1,include,I1/direct_commercial_interaction,Unknown (v1 audit has no v2 mutually exclusive field)
ACM,N57A4E4DA8B43235B,10.1109/tnet.2019.2926320,doi:10.1109/tnet.2019.2926320,academic/control per v1,exclude,X1,Unknown (v1 audit has no v2 mutually exclusive field)
ACM,N57BBE07C206F9A62,10.1109/wi-iat.2014.144,doi:10.1109/wi-iat.2014.144,academic/control per v1,exclude,X2,Unknown (v1 audit has no v2 mutually exclusive field)
ACM,N57C577CBF8553232,10.1145/2229012.2229017,doi:10.1145/2229012.2229017,academic/control per v1,exclude,X1,Unknown (v1 audit has no v2 mutually exclusive field)
ACM,N57E107013CBE4EF2,10.1145/3789240.3829161,doi:10.1145/3789240.3829161,academic/control per v1,exclude,X1/non_agent_topic,Unknown (v1 audit has no v2 mutually exclusive field)
ACM,N57E49A163F5E5703,10.1145/779928.779948,doi:10.1145/779928.779948,academic/control per v1,exclude,X1,Unknown (v1 audit has no v2 mutually exclusive field)
ACM,N587BD53F8E2F5E53,10.1109/iat.2006.32,doi:10.1109/iat.2006.32,academic/control per v1,include,I1/direct_commercial_interaction,Unknown (v1 audit has no v2 mutually exclusive field)
ACM,N587DEE567ED09ABD,10.5555/3241691.3241702,doi:10.5555/3241691.3241702,academic/control per v1,exclude,X1/general_agent_framework,Unknown (v1 audit has no v2 mutually exclusive field)
ACM,N5894C794C843EE38,10.5555/369279.369293,doi:10.5555/369279.369293,academic/control per v1,exclude,X1,Unknown (v1 audit has no v2 mutually exclusive field)
ACM,N589A5E851EBCEB79,10.1145/2976749.2978418,doi:10.1145/2976749.2978418,academic/control per v1,exclude,X1,Unknown (v1 audit has no v2 mutually exclusive field)
ACM,N58A4CF7B4BFA7942,10.5555/777092.777157,doi:10.5555/777092.777157,academic/control per v1,exclude,X1,Unknown (v1 audit has no v2 mutually exclusive field)
ACM,N58BD5B7426A4487D,10.1145/3628431,doi:10.1145/3628431,academic/control per v1,exclude,X1,Unknown (v1 audit has no v2 mutually exclusive field)
ACM,N58E6B42ABE1E94CD,10.5555/644108.644144,doi:10.5555/644108.644144,academic/control per v1,exclude,X1,Unknown (v1 audit has no v2 mutually exclusive field)
ACM,N58E6EDCDF389911A,10.1145/3746276.3760471,doi:10.1145/3746276.3760471,academic/control per v1,exclude,X1,Unknown (v1 audit has no v2 mutually exclusive field)
ACM,N5931A810766698CF,10.1145/3801119.3801131,doi:10.1145/3801119.3801131,academic/control per v1,exclude,X1,Unknown (v1 audit has no v2 mutually exclusive field)
ACM,N5A3F740D1629B27E,10.1145/3728485.3759171,doi:10.1145/3728485.3759171,academic/control per v1,exclude,X1,Unknown (v1 audit has no v2 mutually exclusive field)
ACM,N5A59830ED9844417,10.1145/988772.988819,doi:10.1145/988772.988819,academic/control per v1,exclude,X1,Unknown (v1 audit has no v2 mutually exclusive field)
ACM,N5A598A008EDA5145,10.1145/3737897,doi:10.1145/3737897,academic/control per v1,exclude,T1/proceedings_collection,Unknown (v1 audit has no v2 mutually exclusive field)
ACM,N5A61D1F1269B21E7,10.1145/3628096.3629049,doi:10.1145/3628096.3629049,academic/control per v1,exclude,X1,Unknown (v1 audit has no v2 mutually exclusive field)
ACM,N5ACFB0602C5A7124,10.1145/3828183,doi:10.1145/3828183,academic/control per v1,exclude,T1/proceedings_collection,Unknown (v1 audit has no v2 mutually exclusive field)
ACM,N5AEED0F86F443949,10.1145/2716281.2836103,doi:10.1145/2716281.2836103,academic/control per v1,exclude,X1,Unknown (v1 audit has no v2 mutually exclusive field)
ACM,N5AFCE3E745DAAA96,10.1145/1329125.1329251,doi:10.1145/1329125.1329251,academic/control per v1,include,I2/commercial_enabling_protocol,Unknown (v1 audit has no v2 mutually exclusive field)
ACM,N5B31EE9B8F0FCF36,10.1109/iat.2007.66,doi:10.1109/iat.2007.66,academic/control per v1,exclude,X2/scope_not_explicit_in_abstract,Unknown (v1 audit has no v2 mutually exclusive field)
ACM,N5B4ED6AE96D7D21D,10.1145/3457682.3457759,doi:10.1145/3457682.3457759,academic/control per v1,exclude,X1,Unknown (v1 audit has no v2 mutually exclusive field)
ACM,N5B70798204325547,10.5555/3306127.3331827,doi:10.5555/3306127.3331827,academic/control per v1,exclude,X2,Unknown (v1 audit has no v2 mutually exclusive field)
ACM,N5B8EC5D8540E2831,10.5555/3606010,doi:10.5555/3606010,academic/control per v1,exclude,T1/proceedings_collection,Unknown (v1 audit has no v2 mutually exclusive field)
ACM,N5BBBF6F83FEC4F8D,10.1109/wi-iat.2013.100,doi:10.1109/wi-iat.2013.100,academic/control per v1,include,I1,Unknown (v1 audit has no v2 mutually exclusive field)
ACM,N5BCE5ED4612BAF81,10.1145/3770855.3817687,doi:10.1145/3770855.3817687,academic/control per v1,exclude,X1,Unknown (v1 audit has no v2 mutually exclusive field)
ACM,N5C24D80CBBE7E90D,10.5555/2095116.2095187,doi:10.5555/2095116.2095187,academic/control per v1,exclude,X1,Unknown (v1 audit has no v2 mutually exclusive field)
ACM,N5C679B82233FB47A,10.1145/3833393,doi:10.1145/3833393,academic/control per v1,include,I1,Unknown (v1 audit has no v2 mutually exclusive field)
ACM,N5C8FDBF0AC863A30,10.1145/3732778,doi:10.1145/3732778,academic/control per v1,exclude,X1,Unknown (v1 audit has no v2 mutually exclusive field)
ACM,N5C93347F84BE5701,10.5555/3722577.3722966,doi:10.5555/3722577.3722966,academic/control per v1,exclude,X1,Unknown (v1 audit has no v2 mutually exclusive field)
ACM,N5C96BC79388070C7,10.1145/3810991.3811630,doi:10.1145/3810991.3811630,academic/control per v1,exclude,X1,Unknown (v1 audit has no v2 mutually exclusive field)
ACM,N5CB8899055297DE7,10.1145/3745900.3746081,doi:10.1145/3745900.3746081,academic/control per v1,exclude,X1,Unknown (v1 audit has no v2 mutually exclusive field)
ACM,N5CBF54FA195DC0F2,10.1145/2542174.2542175,doi:10.1145/2542174.2542175,academic/control per v1,exclude,X1,Unknown (v1 audit has no v2 mutually exclusive field)
ACM,N5CD640CA8512CC22,10.5555/1402298.1402367,doi:10.5555/1402298.1402367,academic/control per v1,exclude,X2,Unknown (v1 audit has no v2 mutually exclusive field)
ACM,N5CE6D07A5535EF50,10.1145/3490486.3538333,doi:10.1145/3490486.3538333,academic/control per v1,include,I1,Unknown (v1 audit has no v2 mutually exclusive field)
ACM,N5CF4FA5EA8E3E3D3,10.1007/11575726_6,doi:10.1007/11575726_6,academic/control per v1,exclude,X1,Unknown (v1 audit has no v2 mutually exclusive field)
ACM,N5DB26133B5665424,10.1145/3357495.3357496,doi:10.1145/3357495.3357496,academic/control per v1,exclude,X1,Unknown (v1 audit has no v2 mutually exclusive field)
ACM,N5DD1841B9D222C0B,10.1145/3777490.3777504,doi:10.1145/3777490.3777504,academic/control per v1,exclude,X1,Unknown (v1 audit has no v2 mutually exclusive field)
ACM,N5DF67A2A63657A64,10.1145/3746253,doi:10.1145/3746253,academic/control per v1,pending,A0/missing_primary_abstract,Unknown (v1 audit has no v2 mutually exclusive field)
ACM,N5E06DCEF7AE46234,10.1145/2600057.2602851,doi:10.1145/2600057.2602851,academic/control per v1,exclude,X1,Unknown (v1 audit has no v2 mutually exclusive field)
ACM,N5E2543B81E450F7D,10.1145/3485447.3512055,doi:10.1145/3485447.3512055,academic/control per v1,include,I1/direct_commercial_interaction,Unknown (v1 audit has no v2 mutually exclusive field)
ACM,N5E2862A49ABB3544,10.1145/3563357.3564052,doi:10.1145/3563357.3564052,academic/control per v1,exclude,X1,Unknown (v1 audit has no v2 mutually exclusive field)
ACM,N5E4D0CE537BA6B5D,10.1145/3803437.3805207,doi:10.1145/3803437.3805207,academic/control per v1,exclude,X1/general_code_generation,Unknown (v1 audit has no v2 mutually exclusive field)
ACM,N5E501C9C432AEDFD,10.1145/3805621,doi:10.1145/3805621,academic/control per v1,exclude,T1/proceedings_collection,Unknown (v1 audit has no v2 mutually exclusive field)
ACM,N5E924D2636E610A5,10.5555/2772879.2773438,doi:10.5555/2772879.2773438,academic/control per v1,exclude,X1,Unknown (v1 audit has no v2 mutually exclusive field)
ACM,N5EA3171C7F9DF70F,10.1145/3757374.3771507,doi:10.1145/3757374.3771507,academic/control per v1,exclude,X1,Unknown (v1 audit has no v2 mutually exclusive field)
ACM,N5EBA8EAC57EF9AFE,10.1145/3177755,doi:10.1145/3177755,academic/control per v1,exclude,X2/scope_not_explicit_in_abstract,Unknown (v1 audit has no v2 mutually exclusive field)
ACM,N5EC85F96DB789A3C,10.1145/3233795.3233802,doi:10.1145/3233795.3233802,academic/control per v1,pending,A0/missing_primary_abstract,Unknown (v1 audit has no v2 mutually exclusive field)
ACM,N5EC8AD744181F58E,10.5555/2884435.2884535,doi:10.5555/2884435.2884535,academic/control per v1,include,I2/commercially_related_enabling_protocol,Unknown (v1 audit has no v2 mutually exclusive field)
ACM,N5F1C909865B508EB,10.5555/2484920.2485169,doi:10.5555/2484920.2485169,academic/control per v1,include,I1,Unknown (v1 audit has no v2 mutually exclusive field)
ACM,N5F1D385B7CC00B75,10.1145/3832113,doi:10.1145/3832113,academic/control per v1,exclude,T2/after_cutoff,Unknown (v1 audit has no v2 mutually exclusive field)
ACM,N5F20E855B640B0F8,10.1145/312624.312664,doi:10.1145/312624.312664,academic/control per v1,pending,A0/missing_primary_abstract,Unknown (v1 audit has no v2 mutually exclusive field)
ACM,N5F217D33683FDDFB,10.1145/3772363.3798899,doi:10.1145/3772363.3798899,academic/control per v1,exclude,X1,Unknown (v1 audit has no v2 mutually exclusive field)
ACM,N5F3726CA003AF44E,10.1145/3657287,doi:10.1145/3657287,academic/control per v1,exclude,X1/out_of_scope,Unknown (v1 audit has no v2 mutually exclusive field)
ACM,N5F3873367AE51E25,10.1145/3793302.3793311,doi:10.1145/3793302.3793311,academic/control per v1,exclude,X1,Unknown (v1 audit has no v2 mutually exclusive field)
ACM,N5F3B7CDD688A18A2,10.1145/3786155,doi:10.1145/3786155,academic/control per v1,exclude,T1/proceedings_collection,Unknown (v1 audit has no v2 mutually exclusive field)
ACM,N5F47CE3BD52D7304,10.65109/exii2056,doi:10.65109/exii2056,academic/control per v1,include,I1,Unknown (v1 audit has no v2 mutually exclusive field)
ACM,N5F48281C3DCD9E27,10.1145/1566374.1566396,doi:10.1145/1566374.1566396,academic/control per v1,exclude,X1,Unknown (v1 audit has no v2 mutually exclusive field)
ACM,N5F75D0360E2CED3B,10.1145/2736277.2741102,doi:10.1145/2736277.2741102,academic/control per v1,exclude,X1,Unknown (v1 audit has no v2 mutually exclusive field)
ACM,N5FA2D4692A49486E,10.1145/1341312.1341320,doi:10.1145/1341312.1341320,academic/control per v1,exclude,X1/general_security,Unknown (v1 audit has no v2 mutually exclusive field)
ACM,N5FCE51BF8E0DBB80,10.1145/1095921.1095945,doi:10.1145/1095921.1095945,academic/control per v1,exclude,X1,Unknown (v1 audit has no v2 mutually exclusive field)
ACM,N5FF56D68A776AD3E,10.1145/3465456.3467628,doi:10.1145/3465456.3467628,academic/control per v1,exclude,X1,Unknown (v1 audit has no v2 mutually exclusive field)
ACM,N6006E4C8EAD03823,10.1145/1095921.1095925,doi:10.1145/1095921.1095925,academic/control per v1,exclude,X1,Unknown (v1 audit has no v2 mutually exclusive field)
ACM,N6029D8B0B235FC55,10.1145/3772078,doi:10.1145/3772078,academic/control per v1,exclude,X1,Unknown (v1 audit has no v2 mutually exclusive field)
ACM,N60347C065188531A,10.1145/1160633.1160741,doi:10.1145/1160633.1160741,academic/control per v1,exclude,X2/scope_not_explicit_in_abstract,Unknown (v1 audit has no v2 mutually exclusive field)
ACM,N6047B89D291E4B2E,10.1145/1859995.1860026,doi:10.1145/1859995.1860026,academic/control per v1,exclude,X1,Unknown (v1 audit has no v2 mutually exclusive field)
ACM,N604F0EBD8411066E,10.5555/2567429.2567459,doi:10.5555/2567429.2567459,academic/control per v1,exclude,X1,Unknown (v1 audit has no v2 mutually exclusive field)
ACM,N6062740B278A92D8,10.1145/948005.948018,doi:10.1145/948005.948018,academic/control per v1,include,I2/commercial_enabling_protocol,Unknown (v1 audit has no v2 mutually exclusive field)
ACM,N609197051B0C2CAE,10.1145/3805622.3812604,doi:10.1145/3805622.3812604,academic/control per v1,exclude,X1/noncommercial_agent_application,Unknown (v1 audit has no v2 mutually exclusive field)
ACM,N6093B351C5FD7F16,10.5555/1025132.1026402,doi:10.5555/1025132.1026402,academic/control per v1,exclude,X2,Unknown (v1 audit has no v2 mutually exclusive field)
ACM,N609732382C205941,10.1145/3571884.3603759,doi:10.1145/3571884.3603759,academic/control per v1,exclude,X1,Unknown (v1 audit has no v2 mutually exclusive field)
ACM,N609C571B44C83F31,10.1145/3600160,doi:10.1145/3600160,academic/control per v1,exclude,T1/proceedings_collection,Unknown (v1 audit has no v2 mutually exclusive field)
ACM,N60C98E9787506256,10.5555/3306127.3331898,doi:10.5555/3306127.3331898,academic/control per v1,exclude,X1,Unknown (v1 audit has no v2 mutually exclusive field)
ACM,N60DE4F013D78785A,10.1145/2187836.2187887,doi:10.1145/2187836.2187887,academic/control per v1,include,I1/direct_commercial_interaction,Unknown (v1 audit has no v2 mutually exclusive field)
ACM,N60F2D058958FF2C6,10.1145/2600057.2602877,doi:10.1145/2600057.2602877,academic/control per v1,exclude,X1,Unknown (v1 audit has no v2 mutually exclusive field)
ACM,N6117839D917907B0,10.5555/3306127.3332027,doi:10.5555/3306127.3332027,academic/control per v1,exclude,X1,Unknown (v1 audit has no v2 mutually exclusive field)
ACM,N6118B50B38BA3DAB,10.1145/544741.544776,doi:10.1145/544741.544776,academic/control per v1,include,I1/direct_commercial_interaction,Unknown (v1 audit has no v2 mutually exclusive field)
ACM,N612A8C70930B74CD,10.1145/1506270.1506358,doi:10.1145/1506270.1506358,academic/control per v1,exclude,X1,Unknown (v1 audit has no v2 mutually exclusive field)
ACM,N613171182436AC27,10.1145/545056.545057,doi:10.1145/545056.545057,academic/control per v1,exclude,X1/general_agent_framework,Unknown (v1 audit has no v2 mutually exclusive field)
ACM,N618236CDEDD18B77,10.1145/544862.544928,doi:10.1145/544862.544928,academic/control per v1,exclude,X1,Unknown (v1 audit has no v2 mutually exclusive field)
ACM,N618CD6878119541F,10.1145/3528223.3530110,doi:10.1145/3528223.3530110,academic/control per v1,exclude,X1,Unknown (v1 audit has no v2 mutually exclusive field)
ACM,N61A6A751B158AE7C,10.1145/3600160.3605076,doi:10.1145/3600160.3605076,academic/control per v1,exclude,X1,Unknown (v1 audit has no v2 mutually exclusive field)
ACM,N61A78C61ECE90103,10.1145/1064009.1064039,doi:10.1145/1064009.1064039,academic/control per v1,exclude,X1,Unknown (v1 audit has no v2 mutually exclusive field)
ACM,N61CD9376CB3F82A0,10.1145/3793653.3793801,doi:10.1145/3793653.3793801,academic/control per v1,exclude,X1,Unknown (v1 audit has no v2 mutually exclusive field)
ACM,N62331ADB40BB33A6,10.1145/3776865,doi:10.1145/3776865,academic/control per v1,exclude,T1/proceedings_collection,Unknown (v1 audit has no v2 mutually exclusive field)
ACM,N626252278446EF4B,10.1145/544862.544921,doi:10.1145/544862.544921,academic/control per v1,exclude,X1,Unknown (v1 audit has no v2 mutually exclusive field)
ACM,N626BFEE633FA13C4,10.1145/2482540.2482547,doi:10.1145/2482540.2482547,academic/control per v1,exclude,X1,Unknown (v1 audit has no v2 mutually exclusive field)
ACM,N626D07066BE5A83F,10.1145/584066.584067,doi:10.1145/584066.584067,academic/control per v1,exclude,X1,Unknown (v1 audit has no v2 mutually exclusive field)
ACM,N62765E78FC832F1D,10.1145/2764468.2764500,doi:10.1145/2764468.2764500,academic/control per v1,exclude,X1,Unknown (v1 audit has no v2 mutually exclusive field)
ACM,N62817AD6F4E9E070,10.1145/3618260.3649669,doi:10.1145/3618260.3649669,academic/control per v1,exclude,X1,Unknown (v1 audit has no v2 mutually exclusive field)
ACM,N628FD7A1CDA0F67F,10.5555/1030818.1030972,doi:10.5555/1030818.1030972,academic/control per v1,exclude,X1/noncommercial_simulation_framework,Unknown (v1 audit has no v2 mutually exclusive field)
ACM,N6294CFE377C272AD,10.1007/11575726_11,doi:10.1007/11575726_11,academic/control per v1,include,I1/direct_commercial_interaction,Unknown (v1 audit has no v2 mutually exclusive field)
ACM,N62A7CC55FEA48624,10.1145/3803437.3806709,doi:10.1145/3803437.3806709,academic/control per v1,exclude,X1,Unknown (v1 audit has no v2 mutually exclusive field)
ACM,N62A80734925FCD6C,10.1145/1160633.1160841,doi:10.1145/1160633.1160841,academic/control per v1,exclude,X2/scope_not_explicit_in_abstract,Unknown (v1 audit has no v2 mutually exclusive field)
ACM,N62AACA9870D04CF5,10.1145/3487664.3487732,doi:10.1145/3487664.3487732,academic/control per v1,exclude,X1,Unknown (v1 audit has no v2 mutually exclusive field)
ACM,N62AB4683C7195FDF,10.1145/2500121,doi:10.1145/2500121,academic/control per v1,exclude,X1,Unknown (v1 audit has no v2 mutually exclusive field)
ACM,N62D16F452C8A63E9,10.1145/1878537.1878554,doi:10.1145/1878537.1878554,academic/control per v1,exclude,X1,Unknown (v1 audit has no v2 mutually exclusive field)
ACM,N630FF93337D0D071,10.1145/2600057.2602880,doi:10.1145/2600057.2602880,academic/control per v1,exclude,X1,Unknown (v1 audit has no v2 mutually exclusive field)
ACM,N6325C767E67583B9,10.1145/3577530.3577562,doi:10.1145/3577530.3577562,academic/control per v1,exclude,X1,Unknown (v1 audit has no v2 mutually exclusive field)
ACM,N632F0EF7211807F3,10.5555/2031678.2031730,doi:10.5555/2031678.2031730,academic/control per v1,include,I1,Unknown (v1 audit has no v2 mutually exclusive field)
ACM,N63385E7F23E4679F,10.1145/3319647.3325850,doi:10.1145/3319647.3325850,academic/control per v1,exclude,X1/noncommercial_network_management,Unknown (v1 audit has no v2 mutually exclusive field)
ACM,N6383C8B95ADC8A85,10.1145/3607822.3614526,doi:10.1145/3607822.3614526,academic/control per v1,exclude,X1,Unknown (v1 audit has no v2 mutually exclusive field)
ACM,N6394436C6D963FF8,10.1145/3759972,doi:10.1145/3759972,academic/control per v1,exclude,T1/proceedings_collection,Unknown (v1 audit has no v2 mutually exclusive field)
ACM,N63B3A1C562B6382F,10.1145/1499949.1500097,doi:10.1145/1499949.1500097,academic/control per v1,exclude,X1,Unknown (v1 audit has no v2 mutually exclusive field)
ACM,N63C2357B77EA0D9F,10.5555/2772879.2773474,doi:10.5555/2772879.2773474,academic/control per v1,exclude,X1/noncommercial_agent_coordination,Unknown (v1 audit has no v2 mutually exclusive field)
ACM,N63C620A725F88F6A,10.1145/2608628.2608672,doi:10.1145/2608628.2608672,academic/control per v1,exclude,X1,Unknown (v1 audit has no v2 mutually exclusive field)
ACM,N63E5AD2F5FC9BFB1,10.5555/3545946.3598752,doi:10.5555/3545946.3598752,academic/control per v1,exclude,X1,Unknown (v1 audit has no v2 mutually exclusive field)
ACM,N640DB5ED37C7C19A,10.1145/3014432,doi:10.1145/3014432,academic/control per v1,exclude,X1,Unknown (v1 audit has no v2 mutually exclusive field)
ACM,N641876EA1E87DE55,10.1145/3407023.3409196,doi:10.1145/3407023.3409196,academic/control per v1,exclude,X1,Unknown (v1 audit has no v2 mutually exclusive field)
ACM,N642210D1EA226683,10.1145/3716317,doi:10.1145/3716317,academic/control per v1,exclude,X1,Unknown (v1 audit has no v2 mutually exclusive field)
ACM,N6443B68FA076A0E0,10.1145/779928.779977,doi:10.1145/779928.779977,academic/control per v1,exclude,X2/scope_not_explicit_in_abstract,Unknown (v1 audit has no v2 mutually exclusive field)
ACM,N647582310DB85945,10.5555/2936924.2937234,doi:10.5555/2936924.2937234,academic/control per v1,exclude,X2,Unknown (v1 audit has no v2 mutually exclusive field)
ACM,N64888447166DBE43,10.5555/3545946.3598884,doi:10.5555/3545946.3598884,academic/control per v1,exclude,X1,Unknown (v1 audit has no v2 mutually exclusive field)
ACM,N64A98D847A4D8696,10.1145/76619.76644,doi:10.1145/76619.76644,academic/control per v1,exclude,X1,Unknown (v1 audit has no v2 mutually exclusive field)
ACM,N64BAB5430787E25F,10.1145/3225058.3225145,doi:10.1145/3225058.3225145,academic/control per v1,exclude,X1,Unknown (v1 audit has no v2 mutually exclusive field)
ACM,N64EE7ACF8945B36E,10.1145/3581784,doi:10.1145/3581784,academic/control per v1,exclude,T1/proceedings_collection,Unknown (v1 audit has no v2 mutually exclusive field)
ACM,N65089485C459D1B2,10.1145/3774904.3792597,doi:10.1145/3774904.3792597,academic/control per v1,exclude,X1,Unknown (v1 audit has no v2 mutually exclusive field)
ACM,N6562F3041285AAFD,10.1145/3468691.3468704,doi:10.1145/3468691.3468704,academic/control per v1,exclude,X1,Unknown (v1 audit has no v2 mutually exclusive field)
ACM,N659A57ED744841B5,10.1145/1645953.1646333,doi:10.1145/1645953.1646333,academic/control per v1,exclude,X1,Unknown (v1 audit has no v2 mutually exclusive field)
ACM,N65A56FEBC8AB875C,10.1145/2023568.2023573,doi:10.1145/2023568.2023573,academic/control per v1,exclude,X1,Unknown (v1 audit has no v2 mutually exclusive field)
ACM,N65B41F27D7AD81DA,10.5555/1558109.1558257,doi:10.5555/1558109.1558257,academic/control per v1,exclude,X1,Unknown (v1 audit has no v2 mutually exclusive field)
ACM,N65BC53B09C94E6F5,10.5555/3381089.3381240,doi:10.5555/3381089.3381240,academic/control per v1,exclude,X1,Unknown (v1 audit has no v2 mutually exclusive field)
ACM,N65E4B1465AF0A1BC,10.14778/3827998.3828095,doi:10.14778/3827998.3828095,academic/control per v1,exclude,X1,Unknown (v1 audit has no v2 mutually exclusive field)
ACM,N65F4504EDAC612E3,10.1145/2491159.2491161,doi:10.1145/2491159.2491161,academic/control per v1,exclude,X1,Unknown (v1 audit has no v2 mutually exclusive field)
ACM,N6656C387C3AF98B9,10.5555/2675983.2676196,doi:10.5555/2675983.2676196,academic/control per v1,exclude,X2,Unknown (v1 audit has no v2 mutually exclusive field)
ACM,N665AE15F6AD9827E,10.1145/3658271,doi:10.1145/3658271,academic/control per v1,exclude,T1/proceedings_collection,Unknown (v1 audit has no v2 mutually exclusive field)
ACM,N666C3793ADD87D27,10.1145/1366283.1366306,doi:10.1145/1366283.1366306,academic/control per v1,exclude,X1/physical_task_allocation,Unknown (v1 audit has no v2 mutually exclusive field)
ACM,N66BE551E466987EE,10.1145/1076034.1076075,doi:10.1145/1076034.1076075,academic/control per v1,exclude,X1,Unknown (v1 audit has no v2 mutually exclusive field)
ACM,N66CB1BACB585A08E,10.1145/3786583,doi:10.1145/3786583,academic/control per v1,exclude,T1/proceedings_collection,Unknown (v1 audit has no v2 mutually exclusive field)
ACM,N66FEC9DAE46A7772,10.1145/2945078,doi:10.1145/2945078,academic/control per v1,exclude,T1/proceedings_collection,Unknown (v1 audit has no v2 mutually exclusive field)
ACM,N67201B1E7E26EAF8,10.1145/3465456.3467602,doi:10.1145/3465456.3467602,academic/control per v1,exclude,X1,Unknown (v1 audit has no v2 mutually exclusive field)
ACM,N672577BA619DA349,10.1109/wi-iat.2010.105,doi:10.1109/wi-iat.2010.105,academic/control per v1,include,I1/direct_commercial_interaction,Unknown (v1 audit has no v2 mutually exclusive field)
ACM,N6735DB515FE1E9E3,10.1145/3731443.3771374,doi:10.1145/3731443.3771374,academic/control per v1,exclude,X1,Unknown (v1 audit has no v2 mutually exclusive field)
ACM,N67435B35C618BAE2,10.1145/3822513,doi:10.1145/3822513,academic/control per v1,exclude,X1,Unknown (v1 audit has no v2 mutually exclusive field)
ACM,N67A274397A95C2B7,10.1145/3487757.3490866,doi:10.1145/3487757.3490866,academic/control per v1,exclude,X1,Unknown (v1 audit has no v2 mutually exclusive field)
ACM,N67ECB668E318B468,10.1145/3759425,doi:10.1145/3759425,academic/control per v1,exclude,T1/proceedings_collection,Unknown (v1 audit has no v2 mutually exclusive field)
ACM,N67FB75EB90418CC6,10.1145/3501409.3501472,doi:10.1145/3501409.3501472,academic/control per v1,exclude,X1,Unknown (v1 audit has no v2 mutually exclusive field)
ACM,N680B3F21B45CF3F4,10.1145/1066677.1066776,doi:10.1145/1066677.1066776,academic/control per v1,exclude,X2/scope_not_explicit_in_abstract,Unknown (v1 audit has no v2 mutually exclusive field)
ACM,N6810B5A673BCD3EA,10.5555/827140.827220,doi:10.5555/827140.827220,academic/control per v1,exclude,X2,Unknown (v1 audit has no v2 mutually exclusive field)
ACM,N68260FD032F2A843,10.1145/3832310,doi:10.1145/3832310,academic/control per v1,exclude,X1,Unknown (v1 audit has no v2 mutually exclusive field)
ACM,N686454E633F69D64,10.1145/1416729.1416746,doi:10.1145/1416729.1416746,academic/control per v1,exclude,X1/out_of_scope,Unknown (v1 audit has no v2 mutually exclusive field)
ACM,N686FA2410F831CEE,10.1145/3736252.3742622,doi:10.1145/3736252.3742622,academic/control per v1,exclude,X1,Unknown (v1 audit has no v2 mutually exclusive field)
ACM,N687812F5CDBD7B3C,10.5555/1018411.1018917,doi:10.5555/1018411.1018917,academic/control per v1,exclude,X1/economic_algorithm_without_software_agents,Unknown (v1 audit has no v2 mutually exclusive field)
ACM,N688461BC49E623A2,10.1145/3721464.3777437,doi:10.1145/3721464.3777437,academic/control per v1,exclude,X1,Unknown (v1 audit has no v2 mutually exclusive field)
ACM,N6891A6E71B5FEBA9,10.1145/3759972.3760189,doi:10.1145/3759972.3760189,academic/control per v1,exclude,X1,Unknown (v1 audit has no v2 mutually exclusive field)
ACM,N68F59989FB360185,10.1145/1363686.1363695,doi:10.1145/1363686.1363695,academic/control per v1,include,I1/direct_agent_commerce,Unknown (v1 audit has no v2 mutually exclusive field)
ACM,N6910C2F18695D186,10.1145/3770855.3818488,doi:10.1145/3770855.3818488,academic/control per v1,exclude,X1,Unknown (v1 audit has no v2 mutually exclusive field)
ACM,N69170D8A896FFB7F,10.1145/2994501.2994506,doi:10.1145/2994501.2994506,academic/control per v1,exclude,X1,Unknown (v1 audit has no v2 mutually exclusive field)
ACM,N69A58ED5D30E12E4,10.1145/3233795.3233801,doi:10.1145/3233795.3233801,academic/control per v1,pending,A0/missing_primary_abstract,Unknown (v1 audit has no v2 mutually exclusive field)
ACM,N69A8C467D2D2E438,10.1145/3716816,doi:10.1145/3716816,academic/control per v1,exclude,T1/proceedings_collection,Unknown (v1 audit has no v2 mutually exclusive field)
ACM,N69B1D25125124E88,10.1145/2229012,doi:10.1145/2229012,academic/control per v1,exclude,T1/proceedings_collection,Unknown (v1 audit has no v2 mutually exclusive field)
ACM,N69B27A3AFCB2ACBB,10.1145/3764687,doi:10.1145/3764687,academic/control per v1,exclude,T1/proceedings_collection,Unknown (v1 audit has no v2 mutually exclusive field)
ACM,N69F44B36DCA98197,10.1145/3774748.3787611,doi:10.1145/3774748.3787611,academic/control per v1,exclude,X1,Unknown (v1 audit has no v2 mutually exclusive field)
ACM,N6A3DE06B264D9C46,10.1145/948005.948069,doi:10.1145/948005.948069,academic/control per v1,exclude,X1,Unknown (v1 audit has no v2 mutually exclusive field)
ACM,N6A4261401C263C97,10.1145/1080343.1080344,doi:10.1145/1080343.1080344,academic/control per v1,exclude,X2/scope_not_explicit_in_abstract,Unknown (v1 audit has no v2 mutually exclusive field)
ACM,N6A42BB87F3B62A91,10.5555/1070432.1070518,doi:10.5555/1070432.1070518,academic/control per v1,exclude,X2,Unknown (v1 audit has no v2 mutually exclusive field)
ACM,N6A46B22873306700,10.1145/52324.52336,doi:10.1145/52324.52336,academic/control per v1,exclude,X1/general_communications,Unknown (v1 audit has no v2 mutually exclusive field)
ACM,N6A59AD139A4F76B3,10.1145/3786157,doi:10.1145/3786157,academic/control per v1,exclude,T1/proceedings_collection,Unknown (v1 audit has no v2 mutually exclusive field)
ACM,N6A6C9F31C3BC8F71,10.1145/1247480.1247584,doi:10.1145/1247480.1247584,academic/control per v1,exclude,X1,Unknown (v1 audit has no v2 mutually exclusive field)
ACM,N6A8B24D322B90843,10.1145/3368274.3368276,doi:10.1145/3368274.3368276,academic/control per v1,exclude,X1,Unknown (v1 audit has no v2 mutually exclusive field)
ACM,N6A8C353CF1FAD802,10.1145/3736252.3742548,doi:10.1145/3736252.3742548,academic/control per v1,exclude,X1,Unknown (v1 audit has no v2 mutually exclusive field)
ACM,N6B1816975EE10D3F,10.1145/3786335.3813185,doi:10.1145/3786335.3813185,academic/control per v1,exclude,X1,Unknown (v1 audit has no v2 mutually exclusive field)
ACM,N6B3FA75663F4D57E,10.1145/3805712.3809954,doi:10.1145/3805712.3809954,academic/control per v1,exclude,X1,Unknown (v1 audit has no v2 mutually exclusive field)
ACM,N6B5AD88FAE24DFD9,10.5555/2936924.2937240,doi:10.5555/2936924.2937240,academic/control per v1,exclude,X2/scope_not_explicit_in_abstract,Unknown (v1 audit has no v2 mutually exclusive field)
ACM,N6B5EEBEBFB78FDBB,10.1145/1160633.1160681,doi:10.1145/1160633.1160681,academic/control per v1,exclude,X1,Unknown (v1 audit has no v2 mutually exclusive field)
ACM,N6B6C866F5BA771F4,10.1145/3159450.3159519,doi:10.1145/3159450.3159519,academic/control per v1,exclude,X1,Unknown (v1 audit has no v2 mutually exclusive field)
ACM,N6B887BB70CE0A214,10.1145/3556089.3556134,doi:10.1145/3556089.3556134,academic/control per v1,exclude,X1,Unknown (v1 audit has no v2 mutually exclusive field)
ACM,N6BA1040AA74A693A,10.1145/3785706.3785820,doi:10.1145/3785706.3785820,academic/control per v1,exclude,X1,Unknown (v1 audit has no v2 mutually exclusive field)
ACM,N6BC26D52417E8FC9,10.1145/938985.939011,doi:10.1145/938985.939011,academic/control per v1,include,I2,Unknown (v1 audit has no v2 mutually exclusive field)
ACM,N6C1BAF4ED67FF7D9,10.1145/3698145,doi:10.1145/3698145,academic/control per v1,exclude,X1,Unknown (v1 audit has no v2 mutually exclusive field)
ACM,N6C6D36BEA22FECDE,10.1145/3308897.3308919,doi:10.1145/3308897.3308919,academic/control per v1,exclude,X2/scope_not_explicit_in_abstract,Unknown (v1 audit has no v2 mutually exclusive field)
ACM,N6CA217171FC2FF86,10.1145/3786167.3788426,doi:10.1145/3786167.3788426,academic/control per v1,exclude,X1,Unknown (v1 audit has no v2 mutually exclusive field)
ACM,N6CBDC540464642D3,10.1145/1993806.1993858,doi:10.1145/1993806.1993858,academic/control per v1,exclude,X1,Unknown (v1 audit has no v2 mutually exclusive field)
ACM,N6CE29017CBCEA6C1,10.5555/3091125.3091468,doi:10.5555/3091125.3091468,academic/control per v1,exclude,X1,Unknown (v1 audit has no v2 mutually exclusive field)
ACM,N6CF2403B46AC2AE2,10.1145/501158.501189,doi:10.1145/501158.501189,academic/control per v1,exclude,X2/scope_not_explicit_in_abstract,Unknown (v1 audit has no v2 mutually exclusive field)
ACM,N6D0179E0B67DBD9A,10.1145/3578575,doi:10.1145/3578575,academic/control per v1,exclude,X1,Unknown (v1 audit has no v2 mutually exclusive field)
ACM,N6D07E9BCE8F6C5CE,10.1145/1160633.1160788,doi:10.1145/1160633.1160788,academic/control per v1,include,I1,Unknown (v1 audit has no v2 mutually exclusive field)
ACM,N6D1922CA9C74A839,10.1109/wi-iat.2009.190,doi:10.1109/wi-iat.2009.190,academic/control per v1,exclude,X2/scope_not_explicit_in_abstract,Unknown (v1 audit has no v2 mutually exclusive field)
ACM,N6D22F0F775BD1A7D,10.1145/236387.236411,doi:10.1145/236387.236411,academic/control per v1,pending,A0/missing_primary_abstract,Unknown (v1 audit has no v2 mutually exclusive field)
ACM,N6D38E57279EC692C,10.5555/2615731.2617457,doi:10.5555/2615731.2617457,academic/control per v1,exclude,X1,Unknown (v1 audit has no v2 mutually exclusive field)
ACM,N6D48E473CD7D1DCD,10.1145/2639968.2640080,doi:10.1145/2639968.2640080,academic/control per v1,exclude,X1,Unknown (v1 audit has no v2 mutually exclusive field)
ACM,N6DAFEEB249E0FD75,10.1145/3278576.3278602,doi:10.1145/3278576.3278602,academic/control per v1,exclude,X1,Unknown (v1 audit has no v2 mutually exclusive field)
ACM,N6DB2630EE41CEB1E,10.1145/3415263.3419155,doi:10.1145/3415263.3419155,academic/control per v1,exclude,X1,Unknown (v1 audit has no v2 mutually exclusive field)
ACM,N6DC3853CEA7102BE,10.1145/3233795.3233809,doi:10.1145/3233795.3233809,academic/control per v1,pending,A0/missing_primary_abstract,Unknown (v1 audit has no v2 mutually exclusive field)
ACM,N6DC99CA0FF2BFF33,10.1145/3800935.3830862,doi:10.1145/3800935.3830862,academic/control per v1,exclude,X1,Unknown (v1 audit has no v2 mutually exclusive field)
ACM,N6DEC3BA12AD4EF07,10.1145/3696630.3728721,doi:10.1145/3696630.3728721,academic/control per v1,exclude,X1/general_software_engineering,Unknown (v1 audit has no v2 mutually exclusive field)
ACM,N6DF32447523EAF37,10.1145/3487983.3488302,doi:10.1145/3487983.3488302,academic/control per v1,exclude,X1/physical_trajectory_prediction,Unknown (v1 audit has no v2 mutually exclusive field)
ACM,N6E19538FB898AF9A,10.1145/1464291.1464326,doi:10.1145/1464291.1464326,academic/control per v1,exclude,X1,Unknown (v1 audit has no v2 mutually exclusive field)
ACM,N6E24065FECF2341A,10.65109/zqxk7747,doi:10.65109/zqxk7747,academic/control per v1,exclude,X1/out_of_scope,Unknown (v1 audit has no v2 mutually exclusive field)
ACM,N6E71AA97972EAFF5,10.1145/2030100.2030108,doi:10.1145/2030100.2030108,academic/control per v1,exclude,X1,Unknown (v1 audit has no v2 mutually exclusive field)
ACM,N6E83BD590957814B,10.1145/501158.501160,doi:10.1145/501158.501160,academic/control per v1,exclude,X1,Unknown (v1 audit has no v2 mutually exclusive field)
ACM,N6E8CFD872A0A76ED,10.5555/3709347.3743629,doi:10.5555/3709347.3743629,academic/control per v1,exclude,X2/scope_not_explicit_in_abstract,Unknown (v1 audit has no v2 mutually exclusive field)
ACM,N6E916C53E5CCBC6E,10.5555/1402821.1402938,doi:10.5555/1402821.1402938,academic/control per v1,include,I2,Unknown (v1 audit has no v2 mutually exclusive field)
ACM,N6E9B3D86DFC7CE69,10.1145/3645279,doi:10.1145/3645279,academic/control per v1,exclude,T1/proceedings_collection,Unknown (v1 audit has no v2 mutually exclusive field)
ACM,N6EB2337088527DF5,10.1145/3366423.3380276,doi:10.1145/3366423.3380276,academic/control per v1,exclude,X1,Unknown (v1 audit has no v2 mutually exclusive field)
ACM,N6ECAE5382EF6080D,10.1145/3586181,doi:10.1145/3586181,academic/control per v1,exclude,X1,Unknown (v1 audit has no v2 mutually exclusive field)
ACM,N6EE9A3D6D1672437,10.1145/2482540.2482595,doi:10.1145/2482540.2482595,academic/control per v1,exclude,X1,Unknown (v1 audit has no v2 mutually exclusive field)
ACM,N6EEF8109D5076A44,10.1145/3695053,doi:10.1145/3695053,academic/control per v1,exclude,T1/proceedings_collection,Unknown (v1 audit has no v2 mutually exclusive field)
ACM,N6F077900B0AC9ECA,10.1145/364447.364749,doi:10.1145/364447.364749,academic/control per v1,pending,A0/missing_primary_abstract,Unknown (v1 audit has no v2 mutually exclusive field)
ACM,N6F24F58E5178DD85,10.5555/3786167.3818232,doi:10.5555/3786167.3818232,academic/control per v1,exclude,X1/out_of_scope,Unknown (v1 audit has no v2 mutually exclusive field)
ACM,N6F264EF0245C720F,10.1145/3772318.3793527,doi:10.1145/3772318.3793527,academic/control per v1,exclude,X1,Unknown (v1 audit has no v2 mutually exclusive field)
ACM,N6F5D3874A5D9F661,10.1145/3295500.3356145,doi:10.1145/3295500.3356145,academic/control per v1,exclude,X1,Unknown (v1 audit has no v2 mutually exclusive field)
ACM,N6F9DAD31005647FC,10.5555/2693848.2693906,doi:10.5555/2693848.2693906,academic/control per v1,include,I1,Unknown (v1 audit has no v2 mutually exclusive field)
ACM,N6FA3B181D6B7A323,10.1145/3580507.3597678,doi:10.1145/3580507.3597678,academic/control per v1,exclude,X1,Unknown (v1 audit has no v2 mutually exclusive field)
ACM,N700DA136846AB7C5,10.1145/800234.807055,doi:10.1145/800234.807055,academic/control per v1,exclude,X1,Unknown (v1 audit has no v2 mutually exclusive field)
ACM,N702905EE34282A7E,10.1145/3793217.3793229,doi:10.1145/3793217.3793229,academic/control per v1,exclude,X1,Unknown (v1 audit has no v2 mutually exclusive field)
ACM,N70531030A9CDA37D,10.1145/3518997.3534959,doi:10.1145/3518997.3534959,academic/control per v1,include,I1,Unknown (v1 audit has no v2 mutually exclusive field)
ACM,N707E835C07A863BE,10.1145/1052220.1052245,doi:10.1145/1052220.1052245,academic/control per v1,exclude,X1/non_agent_business_analysis,Unknown (v1 audit has no v2 mutually exclusive field)
ACM,N708ADAC18501B029,10.1145/3747327,doi:10.1145/3747327,academic/control per v1,exclude,T1/proceedings_collection,Unknown (v1 audit has no v2 mutually exclusive field)
ACM,N70BE5573C6764CFB,10.1145/2746346,doi:10.1145/2746346,academic/control per v1,exclude,X1,Unknown (v1 audit has no v2 mutually exclusive field)
ACM,N70D8847512905B2A,10.1145/3423325,doi:10.1145/3423325,academic/control per v1,exclude,T1/proceedings_collection,Unknown (v1 audit has no v2 mutually exclusive field)
ACM,N70EE026D66D37086,10.1145/1081081.1081119,doi:10.1145/1081081.1081119,academic/control per v1,exclude,X1,Unknown (v1 audit has no v2 mutually exclusive field)
ACM,N70F80AD18C53FAB4,10.1145/3490486.3538238,doi:10.1145/3490486.3538238,academic/control per v1,exclude,X1/economic_agents_without_software,Unknown (v1 audit has no v2 mutually exclusive field)
ACM,N710F76BC9755C1ED,10.1145/3582649,doi:10.1145/3582649,academic/control per v1,exclude,T1/proceedings_collection,Unknown (v1 audit has no v2 mutually exclusive field)
ACM,N7149D390F7A87E36,10.1145/3745676.3745720,doi:10.1145/3745676.3745720,academic/control per v1,exclude,X1,Unknown (v1 audit has no v2 mutually exclusive field)
ACM,N71753471404F1599,10.1145/3052973.3053031,doi:10.1145/3052973.3053031,academic/control per v1,exclude,X1,Unknown (v1 audit has no v2 mutually exclusive field)
ACM,N7185694745885B98,10.1145/3580507.3597713,doi:10.1145/3580507.3597713,academic/control per v1,exclude,X1,Unknown (v1 audit has no v2 mutually exclusive field)
ACM,N718E2B7360785B34,10.1145/2492002.2482595,doi:10.1145/2492002.2482595,academic/control per v1,exclude,X1,Unknown (v1 audit has no v2 mutually exclusive field)
ACM,N71A31D8899ECE775,10.1145/3806383.3815516,doi:10.1145/3806383.3815516,academic/control per v1,exclude,X1,Unknown (v1 audit has no v2 mutually exclusive field)
ACM,N71C9BF33CE61236B,10.1145/3786335.3813182,doi:10.1145/3786335.3813182,academic/control per v1,exclude,X1,Unknown (v1 audit has no v2 mutually exclusive field)
ACM,N71CA59505175618F,10.1145/129712.129717,doi:10.1145/129712.129717,academic/control per v1,exclude,X1,Unknown (v1 audit has no v2 mutually exclusive field)
ACM,N71DCF859F1D647C2,10.5555/2433508.2433671,doi:10.5555/2433508.2433671,academic/control per v1,exclude,X1,Unknown (v1 audit has no v2 mutually exclusive field)
ACM,N7216215E7E8BCB9C,10.5555/2034396.2034467,doi:10.5555/2034396.2034467,academic/control per v1,exclude,X1,Unknown (v1 audit has no v2 mutually exclusive field)
ACM,N72335586ED09BB70,10.1145/544741,doi:10.1145/544741,academic/control per v1,exclude,T1/proceedings_collection,Unknown (v1 audit has no v2 mutually exclusive field)
ACM,N725F364C3A9E7233,10.5555/3458064.3458134,doi:10.5555/3458064.3458134,academic/control per v1,exclude,X1,Unknown (v1 audit has no v2 mutually exclusive field)
ACM,N727A1799251480CC,10.1145/3789514,doi:10.1145/3789514,academic/control per v1,exclude,T1/proceedings_collection,Unknown (v1 audit has no v2 mutually exclusive field)
ACM,N7286F84A1D99A13E,10.5555/564124.564200,doi:10.5555/564124.564200,academic/control per v1,exclude,X2,Unknown (v1 audit has no v2 mutually exclusive field)
ACM,N728DD52EAA109164,10.1145/3308558.3313454,doi:10.1145/3308558.3313454,academic/control per v1,exclude,X1,Unknown (v1 audit has no v2 mutually exclusive field)
ACM,N72C907A6B7511305,10.5555/1018411.1018977,doi:10.5555/1018411.1018977,academic/control per v1,include,I1,Unknown (v1 audit has no v2 mutually exclusive field)
ACM,N72E2F4E0F2A5C1B5,10.1109/wi-iat.2012.152,doi:10.1109/wi-iat.2012.152,academic/control per v1,exclude,X2,Unknown (v1 audit has no v2 mutually exclusive field)
ACM,N730C60C0F90B0AF0,10.1145/3628797,doi:10.1145/3628797,academic/control per v1,exclude,T1/proceedings_collection,Unknown (v1 audit has no v2 mutually exclusive field)
ACM,N735A2A5DC8AA1CA1,10.1145/1645953.1645958,doi:10.1145/1645953.1645958,academic/control per v1,exclude,X1,Unknown (v1 audit has no v2 mutually exclusive field)
ACM,N738E4D18A2690ECE,10.1145/3786176,doi:10.1145/3786176,academic/control per v1,exclude,T1/proceedings_collection,Unknown (v1 audit has no v2 mutually exclusive field)
ACM,N73C04C495885ED8F,10.1145/1160633.1160790,doi:10.1145/1160633.1160790,academic/control per v1,exclude,X1,Unknown (v1 audit has no v2 mutually exclusive field)
ACM,N73D360DB4091380D,10.1145/3639476.3639760,doi:10.1145/3639476.3639760,academic/control per v1,exclude,X2/scope_not_explicit_in_abstract,Unknown (v1 audit has no v2 mutually exclusive field)
ACM,N7413F5306585839E,10.1145/3313831.3376695,doi:10.1145/3313831.3376695,academic/control per v1,exclude,X1,Unknown (v1 audit has no v2 mutually exclusive field)
ACM,N744AF21498826B40,10.1145/1998549.1998553,doi:10.1145/1998549.1998553,academic/control per v1,exclude,X1,Unknown (v1 audit has no v2 mutually exclusive field)
ACM,N74B0AF81D955F999,10.1145/544220.544313,doi:10.1145/544220.544313,academic/control per v1,exclude,X1,Unknown (v1 audit has no v2 mutually exclusive field)
ACM,N74CB884CB2D86ADE,10.5555/1402782.1402792,doi:10.5555/1402782.1402792,academic/control per v1,exclude,X1/general_agent_framework,Unknown (v1 audit has no v2 mutually exclusive field)
ACM,N74D22D2970C6B766,10.1145/3772363.3798646,doi:10.1145/3772363.3798646,academic/control per v1,exclude,X1,Unknown (v1 audit has no v2 mutually exclusive field)
ACM,N74D8D680BA77E169,10.1145/500141.500257,doi:10.1145/500141.500257,academic/control per v1,exclude,X1,Unknown (v1 audit has no v2 mutually exclusive field)
ACM,N74F2CE477B8C6478,10.1145/3797118,doi:10.1145/3797118,academic/control per v1,exclude,X1,Unknown (v1 audit has no v2 mutually exclusive field)
ACM,N7534E3433642C4B2,10.1145/3765611,doi:10.1145/3765611,academic/control per v1,exclude,T1/proceedings_collection,Unknown (v1 audit has no v2 mutually exclusive field)
ACM,N757690CD5E71958B,10.1145/1999732.1999736,doi:10.1145/1999732.1999736,academic/control per v1,exclude,X1,Unknown (v1 audit has no v2 mutually exclusive field)
ACM,N757FEEF0DD58D1C6,10.1145/3746059.3747711,doi:10.1145/3746059.3747711,academic/control per v1,exclude,X1,Unknown (v1 audit has no v2 mutually exclusive field)
ACM,N75846B13EB6B118D,10.1145/3669940,doi:10.1145/3669940,academic/control per v1,exclude,T1/proceedings_collection,Unknown (v1 audit has no v2 mutually exclusive field)
ACM,N758716B4CBFDCFB4,10.1145/3742414.3801687,doi:10.1145/3742414.3801687,academic/control per v1,exclude,X1,Unknown (v1 audit has no v2 mutually exclusive field)
ACM,N75A2252C02BC8146,10.1145/3820253,doi:10.1145/3820253,academic/control per v1,exclude,T1/proceedings_collection,Unknown (v1 audit has no v2 mutually exclusive field)
ACM,N75DD3DC7DD42C2C9,10.1145/3123939.3123971,doi:10.1145/3123939.3123971,academic/control per v1,exclude,X1,Unknown (v1 audit has no v2 mutually exclusive field)
ACM,N75E08B01F8806D1F,10.1145/3793302,doi:10.1145/3793302,academic/control per v1,exclude,T1/proceedings_collection,Unknown (v1 audit has no v2 mutually exclusive field)
ACM,N75F9A031D25A99B1,10.1145/3544549.3585761,doi:10.1145/3544549.3585761,academic/control per v1,exclude,X1,Unknown (v1 audit has no v2 mutually exclusive field)
ACM,N760EA19F93B6E0A6,10.1145/3600061,doi:10.1145/3600061,academic/control per v1,exclude,T1/proceedings_collection,Unknown (v1 audit has no v2 mutually exclusive field)
ACM,N761410EF6490377F,10.1145/3785987.3786006,doi:10.1145/3785987.3786006,academic/control per v1,exclude,X1,Unknown (v1 audit has no v2 mutually exclusive field)
ACM,N762D862466B2EA10,10.1145/3544109.3544121,doi:10.1145/3544109.3544121,academic/control per v1,pending,A0/missing_primary_abstract,Unknown (v1 audit has no v2 mutually exclusive field)
ACM,N767217F9506D46E5,10.1145/3388769.3407494,doi:10.1145/3388769.3407494,academic/control per v1,exclude,X1,Unknown (v1 audit has no v2 mutually exclusive field)
ACM,N767FCB782ED4A64B,10.1145/3770855.3817555,doi:10.1145/3770855.3817555,academic/control per v1,exclude,X1,Unknown (v1 audit has no v2 mutually exclusive field)
ACM,N76885C57A9B7F55D,10.1109/wi-iat.2010.226,doi:10.1109/wi-iat.2010.226,academic/control per v1,exclude,X1,Unknown (v1 audit has no v2 mutually exclusive field)
ACM,N7696AAC993C83887,10.1007/s00165-008-0075-6,doi:10.1007/s00165-008-0075-6,academic/control per v1,exclude,X1,Unknown (v1 audit has no v2 mutually exclusive field)
ACM,N76BC080CD5F78C63,10.1145/3786582.3786839,doi:10.1145/3786582.3786839,academic/control per v1,include,I2,Unknown (v1 audit has no v2 mutually exclusive field)
ACM,N76BCD65EF5FC37B7,10.1145/1031114.1031118,doi:10.1145/1031114.1031118,academic/control per v1,include,I1/direct_commercial_interaction,Unknown (v1 audit has no v2 mutually exclusive field)
ACM,N76C7A61B44D7EA21,10.1145/3759425.3763397,doi:10.1145/3759425.3763397,academic/control per v1,exclude,X1,Unknown (v1 audit has no v2 mutually exclusive field)
ACM,N76CC73A68F491124,10.1145/952532.952649,doi:10.1145/952532.952649,academic/control per v1,exclude,X1,Unknown (v1 audit has no v2 mutually exclusive field)
ACM,N76DF5AFAA75238FF,10.1145/3383455.3422523,doi:10.1145/3383455.3422523,academic/control per v1,include,I1,Unknown (v1 audit has no v2 mutually exclusive field)
ACM,N7701223B57030CEB,10.1613/jair.1.16299,doi:10.1613/jair.1.16299,academic/control per v1,exclude,X1,Unknown (v1 audit has no v2 mutually exclusive field)
ACM,N7715BFEBF8CDB349,10.1145/3777911.3801107,doi:10.1145/3777911.3801107,academic/control per v1,exclude,X1/out_of_scope,Unknown (v1 audit has no v2 mutually exclusive field)
ACM,N7735978BFB16BE34,10.5555/3237383.3238021,doi:10.5555/3237383.3238021,academic/control per v1,exclude,X1,Unknown (v1 audit has no v2 mutually exclusive field)
ACM,N77456B92262F329C,10.1145/2502935.2502948,doi:10.1145/2502935.2502948,academic/control per v1,exclude,X1,Unknown (v1 audit has no v2 mutually exclusive field)
ACM,N777A9E63F34D0932,10.1145/3312662.3312706,doi:10.1145/3312662.3312706,academic/control per v1,exclude,X1,Unknown (v1 audit has no v2 mutually exclusive field)
ACM,N77977DE6A3B6ABD1,10.1145/2930674.2930700,doi:10.1145/2930674.2930700,academic/control per v1,exclude,X1/out_of_scope,Unknown (v1 audit has no v2 mutually exclusive field)
ACM,N77A6C86BFF04E0B3,10.1145/3139256,doi:10.1145/3139256,academic/control per v1,exclude,X1/out_of_scope,Unknown (v1 audit has no v2 mutually exclusive field)
ACM,N77B7992778A02B45,10.1145/1082473.1082624,doi:10.1145/1082473.1082624,academic/control per v1,exclude,X1/out_of_scope,Unknown (v1 audit has no v2 mutually exclusive field)
ACM,N77EBAD12A4DDC95B,10.1145/3178876.3186165,doi:10.1145/3178876.3186165,academic/control per v1,exclude,X1/ordinary_recommendation,Unknown (v1 audit has no v2 mutually exclusive field)
ACM,N78093037E90E57A4,10.1145/3779208.3804884,doi:10.1145/3779208.3804884,academic/control per v1,exclude,X1/out_of_scope,Unknown (v1 audit has no v2 mutually exclusive field)
ACM,N78202A8B401EDAF0,10.1145/271074.271095,doi:10.1145/271074.271095,academic/control per v1,exclude,X1,Unknown (v1 audit has no v2 mutually exclusive field)
ACM,N7849C6593546192D,10.1145/3450614.3463600,doi:10.1145/3450614.3463600,academic/control per v1,exclude,X1/out_of_scope,Unknown (v1 audit has no v2 mutually exclusive field)
ACM,N7881BCBE6881EB41,10.5555/3237383.3237876,doi:10.5555/3237383.3237876,academic/control per v1,exclude,X1,Unknown (v1 audit has no v2 mutually exclusive field)
ACM,N78A116590FBD1363,10.1145/3233795.3233813,doi:10.1145/3233795.3233813,academic/control per v1,pending,A0/missing_primary_abstract,Unknown (v1 audit has no v2 mutually exclusive field)
ACM,N79084AEA933C9E3F,10.1145/2536536.2536612,doi:10.1145/2536536.2536612,academic/control per v1,exclude,X1/out_of_scope,Unknown (v1 audit has no v2 mutually exclusive field)
ACM,N792B845137A9052C,10.1145/3800645,doi:10.1145/3800645,academic/control per v1,exclude,T1/proceedings_collection,Unknown (v1 audit has no v2 mutually exclusive field)
ACM,N795747E8C0303ED6,10.5555/3381089.3381253,doi:10.5555/3381089.3381253,academic/control per v1,exclude,X1,Unknown (v1 audit has no v2 mutually exclusive field)
ACM,N79636ECFD39E79B3,10.1145/779928.779974,doi:10.1145/779928.779974,academic/control per v1,exclude,X1/out_of_scope,Unknown (v1 audit has no v2 mutually exclusive field)
ACM,N7965C950678A9370,10.1145/800216.806602,doi:10.1145/800216.806602,academic/control per v1,exclude,X1/out_of_scope,Unknown (v1 audit has no v2 mutually exclusive field)
ACM,N796DE4BE165A65E5,10.1145/3812835.3814970,doi:10.1145/3812835.3814970,academic/control per v1,exclude,X1/out_of_scope,Unknown (v1 audit has no v2 mutually exclusive field)
ACM,N7995105383617BFF,10.1145/2674918.2674928,doi:10.1145/2674918.2674928,academic/control per v1,exclude,X1/out_of_scope,Unknown (v1 audit has no v2 mutually exclusive field)
ACM,N79BFEF72E81DC350,10.1145/3723498.3723788,doi:10.1145/3723498.3723788,academic/control per v1,exclude,X1/out_of_scope,Unknown (v1 audit has no v2 mutually exclusive field)
ACM,N79F04185DFF88E2B,10.1145/3733802.3787512,doi:10.1145/3733802.3787512,academic/control per v1,exclude,X1/non_agent_topic,Unknown (v1 audit has no v2 mutually exclusive field)
ACM,N7A29E4810574FA87,10.1145/3759429,doi:10.1145/3759429,academic/control per v1,exclude,T1/proceedings_collection,Unknown (v1 audit has no v2 mutually exclusive field)
ACM,N7A64F7AD9FC740E0,10.1145/1980534.1980535,doi:10.1145/1980534.1980535,academic/control per v1,exclude,X1/non_agent_editorial_overview,Unknown (v1 audit has no v2 mutually exclusive field)
ACM,N7A6B6FA5C971BD62,10.1145/3627703,doi:10.1145/3627703,academic/control per v1,exclude,T1/proceedings_collection,Unknown (v1 audit has no v2 mutually exclusive field)
ACM,N7A6E9834DBBB79E8,10.1145/2108616.2108681,doi:10.1145/2108616.2108681,academic/control per v1,exclude,X1,Unknown (v1 audit has no v2 mutually exclusive field)
ACM,N7ACC1C4814CAA8D3,10.1145/3770855.3817565,doi:10.1145/3770855.3817565,academic/control per v1,exclude,X1/out_of_scope,Unknown (v1 audit has no v2 mutually exclusive field)
ACM,N7ADB128443DE7941,10.1145/3745812,doi:10.1145/3745812,academic/control per v1,exclude,T1/proceedings_collection,Unknown (v1 audit has no v2 mutually exclusive field)
ACM,N7AEC57F9B0FDD988,10.1145/3321707.3321734,doi:10.1145/3321707.3321734,academic/control per v1,exclude,X2/scope_not_explicit_in_abstract,Unknown (v1 audit has no v2 mutually exclusive field)
ACM,N7B0C70A4027688FB,10.1145/3233795,doi:10.1145/3233795,academic/control per v1,exclude,X1,Unknown (v1 audit has no v2 mutually exclusive field)
ACM,N7B3EA399BD1C3543,10.1145/3721464,doi:10.1145/3721464,academic/control per v1,exclude,T1/proceedings_collection,Unknown (v1 audit has no v2 mutually exclusive field)
ACM,N7B4B460D2EA93F85,10.1145/3733812,doi:10.1145/3733812,academic/control per v1,exclude,T1/proceedings_collection,Unknown (v1 audit has no v2 mutually exclusive field)
ACM,N7B5E69E1FD7912EE,10.1145/159161.159159,doi:10.1145/159161.159159,academic/control per v1,pending,A0/missing_primary_abstract,Unknown (v1 audit has no v2 mutually exclusive field)
ACM,N7BA5263B130EF4B4,10.1145/1963405.1963433,doi:10.1145/1963405.1963433,academic/control per v1,exclude,X2/scope_not_explicit_in_abstract,Unknown (v1 audit has no v2 mutually exclusive field)
ACM,N7BCCFF50DC8DE770,10.1145/3770855.3817461,doi:10.1145/3770855.3817461,academic/control per v1,exclude,X1/out_of_scope,Unknown (v1 audit has no v2 mutually exclusive field)
ACM,N7BFB94F2218EFAC3,10.5555/2034396.2034570,doi:10.5555/2034396.2034570,academic/control per v1,exclude,X1/general_agent_framework,Unknown (v1 audit has no v2 mutually exclusive field)
ACM,N7C09C4ABBCAFEA3D,10.1145/3708657,doi:10.1145/3708657,academic/control per v1,exclude,T1/proceedings_collection,Unknown (v1 audit has no v2 mutually exclusive field)
ACM,N7C0B9C7DA23F5AA0,10.1145/3745034,doi:10.1145/3745034,academic/control per v1,exclude,T1/proceedings_collection,Unknown (v1 audit has no v2 mutually exclusive field)
ACM,N7C202AB8FBC62DA9,10.1145/1713254.1713271,doi:10.1145/1713254.1713271,academic/control per v1,exclude,X1/out_of_scope,Unknown (v1 audit has no v2 mutually exclusive field)
ACM,N7C373DB91484BFAF,10.1145/3774905.3795076,doi:10.1145/3774905.3795076,academic/control per v1,exclude,X1/out_of_scope,Unknown (v1 audit has no v2 mutually exclusive field)
ACM,N7C54A54DC94D54C6,10.1145/3357495.3357498,doi:10.1145/3357495.3357498,academic/control per v1,exclude,X1/out_of_scope,Unknown (v1 audit has no v2 mutually exclusive field)
ACM,N7C6E7E19F6C13A7A,10.1145/3580507.3597725,doi:10.1145/3580507.3597725,academic/control per v1,include,I1/direct_commercial_interaction,Unknown (v1 audit has no v2 mutually exclusive field)
ACM,N7C844723DDB06121,10.1145/3806774.3827978,doi:10.1145/3806774.3827978,academic/control per v1,exclude,X1/out_of_scope,Unknown (v1 audit has no v2 mutually exclusive field)
ACM,N7C9BDF02E14B5075,10.1145/2229012.2229052,doi:10.1145/2229012.2229052,academic/control per v1,exclude,X1,Unknown (v1 audit has no v2 mutually exclusive field)
ACM,N7CCD6FBB90A3B60F,10.1145/3185768.3186295,doi:10.1145/3185768.3186295,academic/control per v1,exclude,X1/out_of_scope,Unknown (v1 audit has no v2 mutually exclusive field)
ACM,N7CF05EF8F48E60FF,10.1145/1031134.1031138,doi:10.1145/1031134.1031138,academic/control per v1,exclude,X1,Unknown (v1 audit has no v2 mutually exclusive field)
ACM,N7D0716977810FF50,10.1145/41526.41531,doi:10.1145/41526.41531,academic/control per v1,exclude,X1/out_of_scope,Unknown (v1 audit has no v2 mutually exclusive field)
ACM,N7D1E9142EFE4A26E,10.1145/3795154,doi:10.1145/3795154,academic/control per v1,exclude,T1/proceedings_collection,Unknown (v1 audit has no v2 mutually exclusive field)
ACM,N7D403AEAC6F4F8B5,10.1109/wi-iatw.2006.129,doi:10.1109/wi-iatw.2006.129,academic/control per v1,exclude,X1/out_of_scope,Unknown (v1 audit has no v2 mutually exclusive field)
ACM,N7D489550354C16F8,10.1145/3670865.3673475,doi:10.1145/3670865.3673475,academic/control per v1,exclude,X1/out_of_scope,Unknown (v1 audit has no v2 mutually exclusive field)
ACM,N7D601EB2098D27F1,10.5555/777092.777154,doi:10.5555/777092.777154,academic/control per v1,include,I1,Unknown (v1 audit has no v2 mutually exclusive field)
ACM,N7DA0CEC5D14DCE21,10.5555/1838206.1838413,doi:10.5555/1838206.1838413,academic/control per v1,include,I1/direct_commercial_interaction,Unknown (v1 audit has no v2 mutually exclusive field)
ACM,N7DB455E7D768F909,10.5555/1402383.1402409,doi:10.5555/1402383.1402409,academic/control per v1,exclude,X1,Unknown (v1 audit has no v2 mutually exclusive field)
ACM,N7DC76373EF0EEDEA,10.1109/tnet.2024.3401758,doi:10.1109/tnet.2024.3401758,academic/control per v1,exclude,X1,Unknown (v1 audit has no v2 mutually exclusive field)
ACM,N7E6147A9F10978F9,10.1613/jair.1.16817,doi:10.1613/jair.1.16817,academic/control per v1,exclude,X1/out_of_scope,Unknown (v1 audit has no v2 mutually exclusive field)
ACM,N7E75DD6DEF1EA918,10.14778/3199517.3199521,doi:10.14778/3199517.3199521,academic/control per v1,exclude,X1/out_of_scope,Unknown (v1 audit has no v2 mutually exclusive field)
ACM,N7EC0DA394A72060F,10.1145/545056.545117,doi:10.1145/545056.545117,academic/control per v1,include,I2/commercial_enabling_protocol,Unknown (v1 audit has no v2 mutually exclusive field)
ACM,N7ED2F3B899FFD3B5,10.5555/3306127.3331876,doi:10.5555/3306127.3331876,academic/control per v1,exclude,X1,Unknown (v1 audit has no v2 mutually exclusive field)
ACM,N7EF184C6CFE94BFC,10.1145/3457146,doi:10.1145/3457146,academic/control per v1,exclude,X1/out_of_scope,Unknown (v1 audit has no v2 mutually exclusive field)
ACM,N7EF770B497134922,10.1145/1329125.1329341,doi:10.1145/1329125.1329341,academic/control per v1,exclude,X1/out_of_scope,Unknown (v1 audit has no v2 mutually exclusive field)
ACM,N7F03CC1C857900E9,10.5555/3709347.3743521,doi:10.5555/3709347.3743521,academic/control per v1,exclude,X1,Unknown (v1 audit has no v2 mutually exclusive field)
ACM,N7F10E98BF17904C2,10.1145/271510.271519,doi:10.1145/271510.271519,academic/control per v1,exclude,X1,Unknown (v1 audit has no v2 mutually exclusive field)
ACM,N7F4299B2CD7B7BF5,10.1145/3091478.3091502,doi:10.1145/3091478.3091502,academic/control per v1,exclude,X1/out_of_scope,Unknown (v1 audit has no v2 mutually exclusive field)
ACM,N7F668449D0010905,10.65109/gilc9892,doi:10.65109/gilc9892,academic/control per v1,exclude,X2,Unknown (v1 audit has no v2 mutually exclusive field)
ACM,N7F83C5924061B2FE,10.1145/3772318.3790294,doi:10.1145/3772318.3790294,academic/control per v1,exclude,X1/out_of_scope,Unknown (v1 audit has no v2 mutually exclusive field)
ACM,N7FD87268AD7E58E7,10.1145/3803784.3816870,doi:10.1145/3803784.3816870,academic/control per v1,exclude,X1/out_of_scope,Unknown (v1 audit has no v2 mutually exclusive field)
ACM,N7FEC5D28A0E73603,10.1145/3569966,doi:10.1145/3569966,academic/control per v1,exclude,T1/proceedings_collection,Unknown (v1 audit has no v2 mutually exclusive field)
ACM,N7FF2251AE5E75CF9,10.1145/3789270.3789275,doi:10.1145/3789270.3789275,academic/control per v1,exclude,X1,Unknown (v1 audit has no v2 mutually exclusive field)
ACM,N7FF5DA5539C3A4A1,10.1145/3787330.3787363,doi:10.1145/3787330.3787363,academic/control per v1,exclude,X1/out_of_scope,Unknown (v1 audit has no v2 mutually exclusive field)
ACM,N8010920E7EBEDF79,10.5555/2343896.2343914,doi:10.5555/2343896.2343914,academic/control per v1,exclude,X1,Unknown (v1 audit has no v2 mutually exclusive field)
ACM,N8018C165FDCB65EE,10.1145/501158.501162,doi:10.1145/501158.501162,academic/control per v1,include,I1/direct_commercial_interaction,Unknown (v1 audit has no v2 mutually exclusive field)
ACM,N8041C4E6DC0A519A,10.1613/jair.1.13734,doi:10.1613/jair.1.13734,academic/control per v1,exclude,X1/out_of_scope,Unknown (v1 audit has no v2 mutually exclusive field)
ACM,N804D0A50057A707B,10.1145/2764468.2764522,doi:10.1145/2764468.2764522,academic/control per v1,exclude,X2/scope_not_explicit_in_abstract,Unknown (v1 audit has no v2 mutually exclusive field)
ACM,N805A72CC54DA4807,10.1145/3746027.3764185,doi:10.1145/3746027.3764185,academic/control per v1,exclude,X1/out_of_scope,Unknown (v1 audit has no v2 mutually exclusive field)
ACM,N80926CCDAB325911,10.1145/2187836.2187886,doi:10.1145/2187836.2187886,academic/control per v1,exclude,X1/out_of_scope,Unknown (v1 audit has no v2 mutually exclusive field)
ACM,N809B2F8719604578,10.5555/1040231.1040253,doi:10.5555/1040231.1040253,academic/control per v1,exclude,X1,Unknown (v1 audit has no v2 mutually exclusive field)
ACM,N80AA313152EA63CC,10.1145/545056,doi:10.1145/545056,academic/control per v1,exclude,T1/proceedings_collection,Unknown (v1 audit has no v2 mutually exclusive field)
ACM,N80ACF4E131011707,10.1613/jair.1.12918,doi:10.1613/jair.1.12918,academic/control per v1,exclude,X1,Unknown (v1 audit has no v2 mutually exclusive field)
ACM,N80C31174C6F19DE3,10.1145/3378393.3402280,doi:10.1145/3378393.3402280,academic/control per v1,exclude,X1/out_of_scope,Unknown (v1 audit has no v2 mutually exclusive field)
ACM,N80D8449EAE88ED8C,10.1145/3465456.3467560,doi:10.1145/3465456.3467560,academic/control per v1,exclude,X1/out_of_scope,Unknown (v1 audit has no v2 mutually exclusive field)
ACM,N80F3F4B26CEED582,10.5555/2772879.2773503,doi:10.5555/2772879.2773503,academic/control per v1,include,I1,Unknown (v1 audit has no v2 mutually exclusive field)
ACM,N80F87E4ACC2B2C01,10.1145/3721260,doi:10.1145/3721260,academic/control per v1,exclude,T1/proceedings_collection,Unknown (v1 audit has no v2 mutually exclusive field)
ACM,N80FC84258269C84F,10.1145/3774904.3792460,doi:10.1145/3774904.3792460,academic/control per v1,exclude,X1/out_of_scope,Unknown (v1 audit has no v2 mutually exclusive field)
ACM,N80FCFDF2EF4857BC,10.1145/2482540.2482599,doi:10.1145/2482540.2482599,academic/control per v1,include,I1/direct_commercial_interaction,Unknown (v1 audit has no v2 mutually exclusive field)
ACM,N811689A3C77DE9FD,10.1145/3491102.3517471,doi:10.1145/3491102.3517471,academic/control per v1,exclude,X1,Unknown (v1 audit has no v2 mutually exclusive field)
ACM,N811C0507674BD2A1,10.1145/3134472,doi:10.1145/3134472,academic/control per v1,exclude,T1/proceedings_collection,Unknown (v1 audit has no v2 mutually exclusive field)
ACM,N813DC92A75798C8E,10.1109/wiiat.2008.334,doi:10.1109/wiiat.2008.334,academic/control per v1,exclude,X2/scope_not_explicit_in_abstract,Unknown (v1 audit has no v2 mutually exclusive field)
ACM,N81556050F670CB23,10.1145/2482540.2482554,doi:10.1145/2482540.2482554,academic/control per v1,exclude,X1,Unknown (v1 audit has no v2 mutually exclusive field)
ACM,N8156BEF8DAA384E1,10.1145/3465456.3467608,doi:10.1145/3465456.3467608,academic/control per v1,exclude,X1/out_of_scope,Unknown (v1 audit has no v2 mutually exclusive field)
ACM,N817C5C3CDD167069,10.1145/3617233,doi:10.1145/3617233,academic/control per v1,exclude,T1/proceedings_collection,Unknown (v1 audit has no v2 mutually exclusive field)
ACM,N818A8FED5FD4745E,10.1145/3787330,doi:10.1145/3787330,academic/control per v1,exclude,T1/proceedings_collection,Unknown (v1 audit has no v2 mutually exclusive field)
ACM,N81967ADD498C62C0,10.5555/2031678.2031742,doi:10.5555/2031678.2031742,academic/control per v1,exclude,X2,Unknown (v1 audit has no v2 mutually exclusive field)
ACM,N81A61274CF269A91,10.5555/2429759.2429864,doi:10.5555/2429759.2429864,academic/control per v1,include,I1,Unknown (v1 audit has no v2 mutually exclusive field)
ACM,N81E898817339B6DC,10.1145/3219166.3219169,doi:10.1145/3219166.3219169,academic/control per v1,exclude,X1,Unknown (v1 audit has no v2 mutually exclusive field)
ACM,N821A30EC7BE2B164,10.14778/2733004.2733032,doi:10.14778/2733004.2733032,academic/control per v1,exclude,X1,Unknown (v1 audit has no v2 mutually exclusive field)
ACM,N8229176B1C933212,10.1109/iat.2006.106,doi:10.1109/iat.2006.106,academic/control per v1,exclude,X2/scope_not_explicit_in_abstract,Unknown (v1 audit has no v2 mutually exclusive field)
ACM,N823078FBB51E09ED,10.5555/3463952.3464117,doi:10.5555/3463952.3464117,academic/control per v1,exclude,X1,Unknown (v1 audit has no v2 mutually exclusive field)
ACM,N8263AD6B1B67B5E1,10.1145/2757277,doi:10.1145/2757277,academic/control per v1,exclude,X1,Unknown (v1 audit has no v2 mutually exclusive field)
ACM,N8263CB806B053025,10.1145/3820441.3821233,doi:10.1145/3820441.3821233,academic/control per v1,exclude,X1/out_of_scope,Unknown (v1 audit has no v2 mutually exclusive field)
ACM,N8276829D66D82F8F,10.1109/wi.2007.107,doi:10.1109/wi.2007.107,academic/control per v1,exclude,X1/out_of_scope,Unknown (v1 audit has no v2 mutually exclusive field)
ACM,N8281ABC699C82C8D,10.1145/2189778.2189781,doi:10.1145/2189778.2189781,academic/control per v1,exclude,X1/out_of_scope,Unknown (v1 audit has no v2 mutually exclusive field)
ACM,N82827B0906673B5A,10.1145/3233795.3233805,doi:10.1145/3233795.3233805,academic/control per v1,pending,A0/missing_primary_abstract,Unknown (v1 audit has no v2 mutually exclusive field)
ACM,N828922DF0B4E9473,10.1145/3722544,doi:10.1145/3722544,academic/control per v1,exclude,X1/out_of_scope,Unknown (v1 audit has no v2 mutually exclusive field)
ACM,N828954B1BB34BCB1,10.5555/963600.963668,doi:10.5555/963600.963668,academic/control per v1,exclude,X2,Unknown (v1 audit has no v2 mutually exclusive field)
ACM,N8291B163DFABFA95,10.1145/1403027.1403044,doi:10.1145/1403027.1403044,academic/control per v1,exclude,X2,Unknown (v1 audit has no v2 mutually exclusive field)
ACM,N82B326224363D489,10.1145/3505586,doi:10.1145/3505586,academic/control per v1,exclude,X1/out_of_scope,Unknown (v1 audit has no v2 mutually exclusive field)
ACM,N82BF8A2D1BDC6045,10.1145/3786168,doi:10.1145/3786168,academic/control per v1,exclude,T1/proceedings_collection,Unknown (v1 audit has no v2 mutually exclusive field)
ACM,N830F100655B6060C,10.14778/3681954.3682029,doi:10.14778/3681954.3682029,academic/control per v1,exclude,X1/out_of_scope,Unknown (v1 audit has no v2 mutually exclusive field)
ACM,N831178A7D409768F,10.1145/3801546,doi:10.1145/3801546,academic/control per v1,exclude,X1,Unknown (v1 audit has no v2 mutually exclusive field)
ACM,N83126A8019B8D9D5,10.1145/3200947.3201048,doi:10.1145/3200947.3201048,academic/control per v1,exclude,X2/scope_not_explicit_in_abstract,Unknown (v1 audit has no v2 mutually exclusive field)
ACM,N83355B463C9A3EC1,10.1145/3408309,doi:10.1145/3408309,academic/control per v1,exclude,X1,Unknown (v1 audit has no v2 mutually exclusive field)
ACM,N834D43E304CFAC82,10.1145/1286240.1286256,doi:10.1145/1286240.1286256,academic/control per v1,exclude,X1/out_of_scope,Unknown (v1 audit has no v2 mutually exclusive field)
ACM,N83633FC02309BA51,10.1109/wi-iat.2012.55,doi:10.1109/wi-iat.2012.55,academic/control per v1,exclude,X2/scope_not_explicit_in_abstract,Unknown (v1 audit has no v2 mutually exclusive field)
ACM,N8364D2C4085D467D,10.1145/2699026.2699098,doi:10.1145/2699026.2699098,academic/control per v1,exclude,X1/out_of_scope,Unknown (v1 audit has no v2 mutually exclusive field)
ACM,N836DE932812CAA37,10.5555/3709347.3743528,doi:10.5555/3709347.3743528,academic/control per v1,exclude,X1/out_of_scope,Unknown (v1 audit has no v2 mutually exclusive field)
ACM,N8375E6BC92DC5F2B,10.1145/3813822.3814028,doi:10.1145/3813822.3814028,academic/control per v1,exclude,X1/out_of_scope,Unknown (v1 audit has no v2 mutually exclusive field)
ACM,N8383FD85C2AE60AB,10.1145/3627673.3679525,doi:10.1145/3627673.3679525,academic/control per v1,exclude,X1/out_of_scope,Unknown (v1 audit has no v2 mutually exclusive field)
ACM,N839E780A64F3F019,10.1145/582353.582382,doi:10.1145/582353.582382,academic/control per v1,exclude,X1,Unknown (v1 audit has no v2 mutually exclusive field)
ACM,N83BB0CDE9F037E7C,10.1145/3847288,doi:10.1145/3847288,academic/control per v1,exclude,T2/after_cutoff,Unknown (v1 audit has no v2 mutually exclusive field)
ACM,N83C7E03C482C5DC5,10.1145/3764921.3770151,doi:10.1145/3764921.3770151,academic/control per v1,exclude,X1/out_of_scope,Unknown (v1 audit has no v2 mutually exclusive field)
ACM,N8411AFA85C38DF09,10.1145/3773274,doi:10.1145/3773274,academic/control per v1,exclude,T1/proceedings_collection,Unknown (v1 audit has no v2 mutually exclusive field)
ACM,N842C66E668871072,10.1145/3759429.3762620,doi:10.1145/3759429.3762620,academic/control per v1,exclude,X1/out_of_scope,Unknown (v1 audit has no v2 mutually exclusive field)
ACM,N8445BE3424427757,10.1145/3571786,doi:10.1145/3571786,academic/control per v1,exclude,T1/proceedings_collection,Unknown (v1 audit has no v2 mutually exclusive field)
ACM,N8445CE100A050B5D,10.1109/iccps.2018.00016,doi:10.1109/iccps.2018.00016,academic/control per v1,exclude,X1/out_of_scope,Unknown (v1 audit has no v2 mutually exclusive field)
ACM,N844ACC15A73AB492,10.1145/3140234,doi:10.1145/3140234,academic/control per v1,exclude,X1/out_of_scope,Unknown (v1 audit has no v2 mutually exclusive field)
ACM,N845B34D1A62E1D54,10.1145/3477495.3531714,doi:10.1145/3477495.3531714,academic/control per v1,exclude,X1,Unknown (v1 audit has no v2 mutually exclusive field)
ACM,N84640873DEB10BAE,10.1145/2976749.2978333,doi:10.1145/2976749.2978333,academic/control per v1,exclude,X1,Unknown (v1 audit has no v2 mutually exclusive field)
ACM,N84A177BD8AD57A0A,10.1145/3814940.3815326,doi:10.1145/3814940.3815326,academic/control per v1,exclude,X1,Unknown (v1 audit has no v2 mutually exclusive field)
ACM,N84A1F019479F3793,10.1145/3830418.3843875,doi:10.1145/3830418.3843875,academic/control per v1,exclude,T2/after_cutoff,Unknown (v1 audit has no v2 mutually exclusive field)
ACM,N84B8D2B7FE04DC46,10.5555/777092.777152,doi:10.5555/777092.777152,academic/control per v1,include,I2,Unknown (v1 audit has no v2 mutually exclusive field)
ACM,N84F58CF5621CB138,10.1145/1993574.1993607,doi:10.1145/1993574.1993607,academic/control per v1,exclude,X1,Unknown (v1 audit has no v2 mutually exclusive field)
ACM,N851D55D66E2D40FB,10.1145/3785462.3815825,doi:10.1145/3785462.3815825,academic/control per v1,exclude,X1/incidental_protocol_application,Unknown (v1 audit has no v2 mutually exclusive field)
ACM,N854F10738063B87F,10.5555/2034396.2034466,doi:10.5555/2034396.2034466,academic/control per v1,exclude,X1,Unknown (v1 audit has no v2 mutually exclusive field)
ACM,N8593EA67C423A36C,10.1145/545056.545123,doi:10.1145/545056.545123,academic/control per v1,exclude,X1,Unknown (v1 audit has no v2 mutually exclusive field)
ACM,N85D7079A62A73D77,10.1145/3736252.3742580,doi:10.1145/3736252.3742580,academic/control per v1,exclude,X1/out_of_scope,Unknown (v1 audit has no v2 mutually exclusive field)
ACM,N8619A5FFBC8EB783,10.1145/3786165.3788441,doi:10.1145/3786165.3788441,academic/control per v1,exclude,X1/out_of_scope,Unknown (v1 audit has no v2 mutually exclusive field)
ACM,N86301A150CC2A16C,10.1145/3831675,doi:10.1145/3831675,academic/control per v1,exclude,X1/out_of_scope,Unknown (v1 audit has no v2 mutually exclusive field)
ACM,N865EF21F5D0E6D03,10.1145/1250910.1250940,doi:10.1145/1250910.1250940,academic/control per v1,exclude,X1/out_of_scope,Unknown (v1 audit has no v2 mutually exclusive field)
ACM,N8666D3522ECEB634,10.5555/1402782.1402784,doi:10.5555/1402782.1402784,academic/control per v1,include,I1/direct_agent_commerce,Unknown (v1 audit has no v2 mutually exclusive field)
ACM,N868DBACC17E1F602,10.1145/1853079.1853086,doi:10.1145/1853079.1853086,academic/control per v1,exclude,X1,Unknown (v1 audit has no v2 mutually exclusive field)
ACM,N869B78CF5CB62FAC,10.1145/1329125.1329200,doi:10.1145/1329125.1329200,academic/control per v1,exclude,X1/out_of_scope,Unknown (v1 audit has no v2 mutually exclusive field)
ACM,N86A1FB4418370660,10.1145/1526709.1526744,doi:10.1145/1526709.1526744,academic/control per v1,include,I1/direct_commercial_interaction,Unknown (v1 audit has no v2 mutually exclusive field)
ACM,N870200E482E61942,10.1145/3357495.3357500,doi:10.1145/3357495.3357500,academic/control per v1,exclude,X1/out_of_scope,Unknown (v1 audit has no v2 mutually exclusive field)
ACM,N8711D5665E82EF80,10.5555/1025132.1026291,doi:10.5555/1025132.1026291,academic/control per v1,exclude,X2,Unknown (v1 audit has no v2 mutually exclusive field)
ACM,N8752F553479AB2F8,10.1145/3742413.3789148,doi:10.1145/3742413.3789148,academic/control per v1,exclude,X1/out_of_scope,Unknown (v1 audit has no v2 mutually exclusive field)
ACM,N876B17A25324405D,10.1109/iat.2007.71,doi:10.1109/iat.2007.71,academic/control per v1,exclude,X1/out_of_scope,Unknown (v1 audit has no v2 mutually exclusive field)
ACM,N876C829BD2ADC696,10.1145/3829213,doi:10.1145/3829213,academic/control per v1,pending,A0/missing_primary_abstract,Unknown (v1 audit has no v2 mutually exclusive field)
ACM,N876E172CA4EB39C2,10.1145/3357492.3358633,doi:10.1145/3357492.3358633,academic/control per v1,exclude,X1,Unknown (v1 audit has no v2 mutually exclusive field)
ACM,N8779DFA36CCEBA45,10.1109/wi-iat.2011.204,doi:10.1109/wi-iat.2011.204,academic/control per v1,exclude,X1/out_of_scope,Unknown (v1 audit has no v2 mutually exclusive field)
ACM,N87815B9840274D8B,10.1145/1082473.1082782,doi:10.1145/1082473.1082782,academic/control per v1,exclude,X2/scope_not_explicit_in_abstract,Unknown (v1 audit has no v2 mutually exclusive field)
ACM,N87AB15F5E52E2535,10.1145/3786155.3788582,doi:10.1145/3786155.3788582,academic/control per v1,exclude,X1/out_of_scope,Unknown (v1 audit has no v2 mutually exclusive field)
ACM,N87BD99C10851AEA8,10.1145/3687487,doi:10.1145/3687487,academic/control per v1,exclude,X1/out_of_scope,Unknown (v1 audit has no v2 mutually exclusive field)
ACM,N87C506057ACF1DE7,10.1145/3442381.3449934,doi:10.1145/3442381.3449934,academic/control per v1,exclude,X1/out_of_scope,Unknown (v1 audit has no v2 mutually exclusive field)
ACM,N8841C2F9467D487F,10.1145/3759534,doi:10.1145/3759534,academic/control per v1,exclude,T1/proceedings_collection,Unknown (v1 audit has no v2 mutually exclusive field)
ACM,N88804D0C1EE844D7,10.1145/3842675,doi:10.1145/3842675,academic/control per v1,exclude,X1/out_of_scope,Unknown (v1 audit has no v2 mutually exclusive field)
ACM,N8898E43707B25129,10.5555/1517524.1517527,doi:10.5555/1517524.1517527,academic/control per v1,include,I1,Unknown (v1 audit has no v2 mutually exclusive field)
ACM,N8899DE523D90BD36,10.1145/3592626.3592664,doi:10.1145/3592626.3592664,academic/control per v1,exclude,X2/scope_not_explicit_in_abstract,Unknown (v1 audit has no v2 mutually exclusive field)
ACM,N88E3FBDC0FB3AD70,10.1145/3565973,doi:10.1145/3565973,academic/control per v1,exclude,X1/out_of_scope,Unknown (v1 audit has no v2 mutually exclusive field)
ACM,N88FE3C13D0F3AA94,10.1145/3626641.3627205,doi:10.1145/3626641.3627205,academic/control per v1,exclude,X1/out_of_scope,Unknown (v1 audit has no v2 mutually exclusive field)
ACM,N88FE8929A0FD9A06,10.1145/544741.544848,doi:10.1145/544741.544848,academic/control per v1,exclude,X2/scope_not_explicit_in_abstract,Unknown (v1 audit has no v2 mutually exclusive field)
ACM,N893DFD329F441ACA,10.1145/1464291.1464317,doi:10.1145/1464291.1464317,academic/control per v1,exclude,X1/out_of_scope,Unknown (v1 audit has no v2 mutually exclusive field)
ACM,N895BA388DBC520AB,10.1145/3377049.3377107,doi:10.1145/3377049.3377107,academic/control per v1,exclude,X1/out_of_scope,Unknown (v1 audit has no v2 mutually exclusive field)
ACM,N898F58446BD06FDA,10.1145/3789514.3793205,doi:10.1145/3789514.3793205,academic/control per v1,exclude,X1/out_of_scope,Unknown (v1 audit has no v2 mutually exclusive field)
ACM,N89A3BE1F464F9D9F,10.1145/2048066.2048144,doi:10.1145/2048066.2048144,academic/control per v1,exclude,X1/out_of_scope,Unknown (v1 audit has no v2 mutually exclusive field)
ACM,N89CEF809DCE90A55,10.1145/3383313.3412233,doi:10.1145/3383313.3412233,academic/control per v1,exclude,X1/out_of_scope,Unknown (v1 audit has no v2 mutually exclusive field)
ACM,N89E60DDD395B7AEF,10.5555/1072430.1072431,doi:10.5555/1072430.1072431,academic/control per v1,exclude,X1,Unknown (v1 audit has no v2 mutually exclusive field)
ACM,N8A0F9AE02ACA452F,10.1145/3797105,doi:10.1145/3797105,academic/control per v1,exclude,X1/out_of_scope,Unknown (v1 audit has no v2 mutually exclusive field)
ACM,N8A15BB88E6EBB9F3,10.1145/3774748.3795680,doi:10.1145/3774748.3795680,academic/control per v1,exclude,X1,Unknown (v1 audit has no v2 mutually exclusive field)
ACM,N8A278E457C2CC186,10.5555/3535850.3536129,doi:10.5555/3535850.3536129,academic/control per v1,exclude,X1/out_of_scope,Unknown (v1 audit has no v2 mutually exclusive field)
ACM,N8A2A9060F90BC3AF,10.1145/2856400.2856411,doi:10.1145/2856400.2856411,academic/control per v1,exclude,X1/out_of_scope,Unknown (v1 audit has no v2 mutually exclusive field)
ACM,N8A539FE88D5B0DEC,10.1145/1082473.1082717,doi:10.1145/1082473.1082717,academic/control per v1,include,I1/direct_commercial_interaction,Unknown (v1 audit has no v2 mutually exclusive field)
ACM,N8A775F564D65884B,10.1145/1250910.1250915,doi:10.1145/1250910.1250915,academic/control per v1,exclude,X1/out_of_scope,Unknown (v1 audit has no v2 mutually exclusive field)
ACM,N8A89D8B1165C8C6F,10.1145/3731682,doi:10.1145/3731682,academic/control per v1,exclude,X2,Unknown (v1 audit has no v2 mutually exclusive field)
ACM,N8AB14A65379F73BD,10.1145/3747327.3762827,doi:10.1145/3747327.3762827,academic/control per v1,exclude,X1/out_of_scope,Unknown (v1 audit has no v2 mutually exclusive field)
ACM,N8ACE7BC7D58F492C,10.1145/2462476.2462497,doi:10.1145/2462476.2462497,academic/control per v1,exclude,X1/out_of_scope,Unknown (v1 audit has no v2 mutually exclusive field)
ACM,N8AD8E39D8822C34A,10.5555/1838206.1838442,doi:10.5555/1838206.1838442,academic/control per v1,exclude,X2,Unknown (v1 audit has no v2 mutually exclusive field)
ACM,N8ADBA8CED7A7C636,10.1145/3287098.3287105,doi:10.1145/3287098.3287105,academic/control per v1,exclude,X1/out_of_scope,Unknown (v1 audit has no v2 mutually exclusive field)
ACM,N8AEFB795AA8EB97F,10.1145/800186.810617,doi:10.1145/800186.810617,academic/control per v1,exclude,X1/out_of_scope,Unknown (v1 audit has no v2 mutually exclusive field)
ACM,N8AF5CEB626474BB0,10.1145/1215976.1215983,doi:10.1145/1215976.1215983,academic/control per v1,exclude,X1/out_of_scope,Unknown (v1 audit has no v2 mutually exclusive field)
ACM,N8AFBA42637954FA7,10.1145/375735.375867,doi:10.1145/375735.375867,academic/control per v1,include,I1,Unknown (v1 audit has no v2 mutually exclusive field)
ACM,N8B5652D3B5B45CB5,10.1145/3613904.3642037,doi:10.1145/3613904.3642037,academic/control per v1,exclude,X1/out_of_scope,Unknown (v1 audit has no v2 mutually exclusive field)
ACM,N8B5D3FB8AFD9A497,10.1145/3544549,doi:10.1145/3544549,academic/control per v1,exclude,T1/proceedings_collection,Unknown (v1 audit has no v2 mutually exclusive field)
ACM,N8B6C8CBE8FA5C5FF,10.1145/2482540.2482582,doi:10.1145/2482540.2482582,academic/control per v1,exclude,X1/out_of_scope,Unknown (v1 audit has no v2 mutually exclusive field)
ACM,N8B86794A00D442A7,10.1145/2983323.2983370,doi:10.1145/2983323.2983370,academic/control per v1,exclude,X1/out_of_scope,Unknown (v1 audit has no v2 mutually exclusive field)
ACM,N8B939B20DDB073A0,10.1145/1409540.1409558,doi:10.1145/1409540.1409558,academic/control per v1,exclude,X1/out_of_scope,Unknown (v1 audit has no v2 mutually exclusive field)
ACM,N8BA0CB7ECDF482CF,10.1145/3474085.3478580,doi:10.1145/3474085.3478580,academic/control per v1,exclude,X1/out_of_scope,Unknown (v1 audit has no v2 mutually exclusive field)
ACM,N8BBFD4D2DF6437F3,10.1145/779928.779973,doi:10.1145/779928.779973,academic/control per v1,exclude,X2/scope_not_explicit_in_abstract,Unknown (v1 audit has no v2 mutually exclusive field)
ACM,N8BC3C230084D0389,10.1145/3772318.3791305,doi:10.1145/3772318.3791305,academic/control per v1,exclude,X1/out_of_scope,Unknown (v1 audit has no v2 mutually exclusive field)
ACM,N8BE6ACDE411ACCCC,10.1145/3797248,doi:10.1145/3797248,academic/control per v1,exclude,T1/proceedings_collection,Unknown (v1 audit has no v2 mutually exclusive field)
ACM,N8BEFA903EDF4F4D7,10.5555/2615731.2615769,doi:10.5555/2615731.2615769,academic/control per v1,exclude,X1/out_of_scope,Unknown (v1 audit has no v2 mutually exclusive field)
ACM,N8C2ADDC2F01248A5,10.1145/3620666.3651361,doi:10.1145/3620666.3651361,academic/control per v1,exclude,X1/out_of_scope,Unknown (v1 audit has no v2 mutually exclusive field)
ACM,N8C65FBC1B3030BE1,10.1145/2492002.2482551,doi:10.1145/2492002.2482551,academic/control per v1,exclude,X1/out_of_scope,Unknown (v1 audit has no v2 mutually exclusive field)
ACM,N8C98BE950D52992B,10.1145/3664934,doi:10.1145/3664934,academic/control per v1,exclude,T1/proceedings_collection,Unknown (v1 audit has no v2 mutually exclusive field)
ACM,N8CA15916DC4E6A1E,10.1145/3736426,doi:10.1145/3736426,academic/control per v1,exclude,T1/proceedings_collection,Unknown (v1 audit has no v2 mutually exclusive field)
ACM,N8CBFF4043DF4696A,10.1145/3523227.3547400,doi:10.1145/3523227.3547400,academic/control per v1,exclude,X1/out_of_scope,Unknown (v1 audit has no v2 mutually exclusive field)
ACM,N8D01D828F1AC95EA,10.5555/42040.42152,doi:10.5555/42040.42152,academic/control per v1,exclude,X1,Unknown (v1 audit has no v2 mutually exclusive field)
ACM,N8D2F2DBD149BCD57,10.1145/602421.602448,doi:10.1145/602421.602448,academic/control per v1,exclude,X1/out_of_scope,Unknown (v1 audit has no v2 mutually exclusive field)
ACM,N8D2FBA12EF76901F,10.1145/3731599.3767400,doi:10.1145/3731599.3767400,academic/control per v1,exclude,X1/out_of_scope,Unknown (v1 audit has no v2 mutually exclusive field)
ACM,N8D46A0220E05BCE8,10.1145/844316.844319,doi:10.1145/844316.844319,academic/control per v1,include,I1,Unknown (v1 audit has no v2 mutually exclusive field)
ACM,N8D4C867DB612B8B2,10.1145/3786335.3813143,doi:10.1145/3786335.3813143,academic/control per v1,exclude,X1/out_of_scope,Unknown (v1 audit has no v2 mutually exclusive field)
ACM,N8D4CAD2828CAA425,10.1145/3757348,doi:10.1145/3757348,academic/control per v1,exclude,T1/proceedings_collection,Unknown (v1 audit has no v2 mutually exclusive field)
ACM,N8D4ECE5123151C17,10.1145/3548606.3560706,doi:10.1145/3548606.3560706,academic/control per v1,exclude,X2/scope_not_explicit_in_abstract,Unknown (v1 audit has no v2 mutually exclusive field)
ACM,N8D4F01147D7B96AA,10.1145/3588432,doi:10.1145/3588432,academic/control per v1,exclude,T1/proceedings_collection,Unknown (v1 audit has no v2 mutually exclusive field)
ACM,N8D570D4CB36A79E0,10.1145/881783.881788,doi:10.1145/881783.881788,academic/control per v1,exclude,X1/out_of_scope,Unknown (v1 audit has no v2 mutually exclusive field)
ACM,N8D5AA52FC124C61D,10.1145/3466029.3466697,doi:10.1145/3466029.3466697,academic/control per v1,exclude,X1/out_of_scope,Unknown (v1 audit has no v2 mutually exclusive field)
ACM,N8D65FE856A87BC21,10.1145/2940716.2940720,doi:10.1145/2940716.2940720,academic/control per v1,exclude,X1/out_of_scope,Unknown (v1 audit has no v2 mutually exclusive field)
ACM,N8D69EF37429A282F,10.1145/1277741.1277754,doi:10.1145/1277741.1277754,academic/control per v1,exclude,X1/out_of_scope,Unknown (v1 audit has no v2 mutually exclusive field)
ACM,N8D73A49E883402B7,10.1145/1329125.1329374,doi:10.1145/1329125.1329374,academic/control per v1,exclude,X1/out_of_scope,Unknown (v1 audit has no v2 mutually exclusive field)
ACM,N8DA9183D2D7D4452,10.1145/3468013.3468315,doi:10.1145/3468013.3468315,academic/control per v1,exclude,X1/out_of_scope,Unknown (v1 audit has no v2 mutually exclusive field)
ACM,N8DBC577CEC94C8E9,10.1145/226150.226151,doi:10.1145/226150.226151,academic/control per v1,exclude,X1/out_of_scope,Unknown (v1 audit has no v2 mutually exclusive field)
ACM,N8DFFBFC984787E2B,10.5555/3709347,doi:10.5555/3709347,academic/control per v1,exclude,T1/proceedings_collection,Unknown (v1 audit has no v2 mutually exclusive field)
ACM,N8E0A5567838B25AF,10.1145/3328526.3329628,doi:10.1145/3328526.3329628,academic/control per v1,exclude,X1/out_of_scope,Unknown (v1 audit has no v2 mutually exclusive field)
ACM,N8E1AD7C339E8429A,10.1145/3788149,doi:10.1145/3788149,academic/control per v1,exclude,T1/proceedings_collection,Unknown (v1 audit has no v2 mutually exclusive field)
ACM,N8E2A752580F14AB4,10.1145/3708468,doi:10.1145/3708468,academic/control per v1,exclude,T1/proceedings_collection,Unknown (v1 audit has no v2 mutually exclusive field)
ACM,N8E32A04AF275A3B3,10.1145/3832228,doi:10.1145/3832228,academic/control per v1,exclude,T2/after_cutoff,Unknown (v1 audit has no v2 mutually exclusive field)
ACM,N8E39B3AE957E812B,10.1145/3658644,doi:10.1145/3658644,academic/control per v1,exclude,T1/proceedings_collection,Unknown (v1 audit has no v2 mutually exclusive field)
ACM,N8E3F2AC97135FAB9,10.1145/3317689,doi:10.1145/3317689,academic/control per v1,exclude,X1/out_of_scope,Unknown (v1 audit has no v2 mutually exclusive field)
ACM,N8E5D6556F0D4A7E0,10.5555/3545946.3598622,doi:10.5555/3545946.3598622,academic/control per v1,exclude,X1/out_of_scope,Unknown (v1 audit has no v2 mutually exclusive field)
ACM,N8E94ADFE9CB29630,10.1145/3759439.3773695,doi:10.1145/3759439.3773695,academic/control per v1,exclude,X1/out_of_scope,Unknown (v1 audit has no v2 mutually exclusive field)
ACM,N8E9C419CFEA9ADDF,10.1145/3719027.3765064,doi:10.1145/3719027.3765064,academic/control per v1,exclude,X1/out_of_scope,Unknown (v1 audit has no v2 mutually exclusive field)
ACM,N8EACA84439387BF5,10.1145/507234.507236,doi:10.1145/507234.507236,academic/control per v1,exclude,X1/out_of_scope,Unknown (v1 audit has no v2 mutually exclusive field)
ACM,N8EB14CE495FC9324,10.1145/1993574.1993605,doi:10.1145/1993574.1993605,academic/control per v1,exclude,X1/out_of_scope,Unknown (v1 audit has no v2 mutually exclusive field)
ACM,N8EDDCC29335DF214,10.1145/3772363.3798590,doi:10.1145/3772363.3798590,academic/control per v1,exclude,X1/out_of_scope,Unknown (v1 audit has no v2 mutually exclusive field)
ACM,N8F3EC0ED3FAF10B5,10.1145/2229012.2229070,doi:10.1145/2229012.2229070,academic/control per v1,exclude,X1/out_of_scope,Unknown (v1 audit has no v2 mutually exclusive field)
ACM,N8F41EEF3809C325D,10.5555/1402744.1402772,doi:10.5555/1402744.1402772,academic/control per v1,include,I1,Unknown (v1 audit has no v2 mutually exclusive field)
ACM,N8F9A68123BCBA3F5,10.1145/2492002.2482580,doi:10.1145/2492002.2482580,academic/control per v1,exclude,X1/out_of_scope,Unknown (v1 audit has no v2 mutually exclusive field)
ACM,N8F9B9E9698FF59C4,10.1145/3511808.3557514,doi:10.1145/3511808.3557514,academic/control per v1,exclude,X1/out_of_scope,Unknown (v1 audit has no v2 mutually exclusive field)
ACM,N8FB5AF64B85B3B2E,10.1145/3564625,doi:10.1145/3564625,academic/control per v1,exclude,T1/proceedings_collection,Unknown (v1 audit has no v2 mutually exclusive field)
ACM,N8FD4A112CB4E7D4F,10.5555/3463952.3464000,doi:10.5555/3463952.3464000,academic/control per v1,exclude,X1,Unknown (v1 audit has no v2 mutually exclusive field)
ACM,N8FEC1D3C086BE9C2,10.1145/3731599.3767582,doi:10.1145/3731599.3767582,academic/control per v1,exclude,X1/out_of_scope,Unknown (v1 audit has no v2 mutually exclusive field)
ACM,N9001290776B76407,10.5555/1946417.1946431,doi:10.5555/1946417.1946431,academic/control per v1,exclude,X1,Unknown (v1 audit has no v2 mutually exclusive field)
ACM,N9014DC08D35D5219,10.1145/3411763.3451573,doi:10.1145/3411763.3451573,academic/control per v1,exclude,X1/out_of_scope,Unknown (v1 audit has no v2 mutually exclusive field)
ACM,N90153D20BF8D188B,10.1145/3776549,doi:10.1145/3776549,academic/control per v1,exclude,X1/out_of_scope,Unknown (v1 audit has no v2 mutually exclusive field)
ACM,N9019216AA8BC96FD,10.5555/3535850.3535973,doi:10.5555/3535850.3535973,academic/control per v1,exclude,X2,Unknown (v1 audit has no v2 mutually exclusive field)
ACM,N902E7341A4125E6B,10.1145/3326540,doi:10.1145/3326540,academic/control per v1,exclude,X1/out_of_scope,Unknown (v1 audit has no v2 mutually exclusive field)
ACM,N90418A3E5710C201,10.1145/2462326.2462338,doi:10.1145/2462326.2462338,academic/control per v1,exclude,X1/out_of_scope,Unknown (v1 audit has no v2 mutually exclusive field)
ACM,N90574AA93701AD84,10.1613/jair.1.12107,doi:10.1613/jair.1.12107,academic/control per v1,exclude,X1/out_of_scope,Unknown (v1 audit has no v2 mutually exclusive field)
ACM,N906CA742B29083FD,10.1145/844331.844338,doi:10.1145/844331.844338,academic/control per v1,exclude,X1/out_of_scope,Unknown (v1 audit has no v2 mutually exclusive field)
ACM,N90976D6345D71503,10.1145/3613904,doi:10.1145/3613904,academic/control per v1,exclude,T1/proceedings_collection,Unknown (v1 audit has no v2 mutually exclusive field)
ACM,N909EE4FEFA4517DA,10.1109/wi-iat.2010.145,doi:10.1109/wi-iat.2010.145,academic/control per v1,exclude,X1/out_of_scope,Unknown (v1 audit has no v2 mutually exclusive field)
ACM,N90E272959888627D,10.1145/779928.779939,doi:10.1145/779928.779939,academic/control per v1,exclude,X2/scope_not_explicit_in_abstract,Unknown (v1 audit has no v2 mutually exclusive field)
ACM,N90EBD50D1CA7E71D,10.1145/3819990.3820033,doi:10.1145/3819990.3820033,academic/control per v1,exclude,X1/out_of_scope,Unknown (v1 audit has no v2 mutually exclusive field)
ACM,N90F61C91F8CC8398,10.5555/3091125.3091398,doi:10.5555/3091125.3091398,academic/control per v1,exclude,X1/out_of_scope,Unknown (v1 audit has no v2 mutually exclusive field)
ACM,N911C586666BE4C06,10.1145/3355947,doi:10.1145/3355947,academic/control per v1,exclude,X1/out_of_scope,Unknown (v1 audit has no v2 mutually exclusive field)
ACM,N913F4D22AA8577B1,10.1145/3690771,doi:10.1145/3690771,academic/control per v1,exclude,T1/proceedings_collection,Unknown (v1 audit has no v2 mutually exclusive field)
ACM,N915FAF9766A8062C,10.1145/1160633.1160759,doi:10.1145/1160633.1160759,academic/control per v1,include,I1,Unknown (v1 audit has no v2 mutually exclusive field)
ACM,N91705144DABE3239,10.5555/1862805.1862820,doi:10.5555/1862805.1862820,academic/control per v1,exclude,X2,Unknown (v1 audit has no v2 mutually exclusive field)
ACM,N9175AC70DFC716CC,10.1145/1329125.1329253,doi:10.1145/1329125.1329253,academic/control per v1,exclude,X2/scope_not_explicit_in_abstract,Unknown (v1 audit has no v2 mutually exclusive field)
ACM,N91A4777E15762320,10.1145/3340531.3411906,doi:10.1145/3340531.3411906,academic/control per v1,exclude,X1/out_of_scope,Unknown (v1 audit has no v2 mutually exclusive field)
ACM,N91A9DE1F2BE32C4F,10.1145/1329125.1329381,doi:10.1145/1329125.1329381,academic/control per v1,exclude,X1,Unknown (v1 audit has no v2 mutually exclusive field)
ACM,N91B9918D24756CFE,10.65109/ycvt1762,doi:10.65109/ycvt1762,academic/control per v1,include,I1,Unknown (v1 audit has no v2 mutually exclusive field)
ACM,N91D18493CFAE097A,10.1145/3587281.3587294,doi:10.1145/3587281.3587294,academic/control per v1,exclude,X1/out_of_scope,Unknown (v1 audit has no v2 mutually exclusive field)
ACM,N91EE16D1C1D3E935,10.5555/1402383.1402413,doi:10.5555/1402383.1402413,academic/control per v1,exclude,X1,Unknown (v1 audit has no v2 mutually exclusive field)
ACM,N91FB24932C700E35,10.5555/3398761.3399022,doi:10.5555/3398761.3399022,academic/control per v1,include,I2,Unknown (v1 audit has no v2 mutually exclusive field)
ACM,N91FE4F2DBC545848,10.1145/3779208.3785380,doi:10.1145/3779208.3785380,academic/control per v1,exclude,X1/out_of_scope,Unknown (v1 audit has no v2 mutually exclusive field)
ACM,N9211E239E1CA51F6,10.1145/3347711,doi:10.1145/3347711,academic/control per v1,exclude,X1/out_of_scope,Unknown (v1 audit has no v2 mutually exclusive field)
ACM,N9255024D631281E2,10.1145/3822455.3830311,doi:10.1145/3822455.3830311,academic/control per v1,exclude,T2/after_cutoff,Unknown (v1 audit has no v2 mutually exclusive field)
ACM,N92612FF9A99FA95C,10.1145/2492002.2482602,doi:10.1145/2492002.2482602,academic/control per v1,exclude,X1/out_of_scope,Unknown (v1 audit has no v2 mutually exclusive field)
ACM,N9281A7066FA19BE3,10.5555/1622487.1622494,doi:10.5555/1622487.1622494,academic/control per v1,include,I1/direct_commercial_interaction,Unknown (v1 audit has no v2 mutually exclusive field)
ACM,N928D910D79055F50,10.1145/2554850.2555150,doi:10.1145/2554850.2555150,academic/control per v1,exclude,X2/scope_not_explicit_in_abstract,Unknown (v1 audit has no v2 mutually exclusive field)
ACM,N92F47E0B46C382F3,10.1145/3785462,doi:10.1145/3785462,academic/control per v1,exclude,T1/proceedings_collection,Unknown (v1 audit has no v2 mutually exclusive field)
ACM,N932044680B730C1A,10.1145/3627673.3679099,doi:10.1145/3627673.3679099,academic/control per v1,exclude,X1/out_of_scope,Unknown (v1 audit has no v2 mutually exclusive field)
ACM,N93472A1B9EDEF35E,10.5555/2031678.2031744,doi:10.5555/2031678.2031744,academic/control per v1,exclude,X1,Unknown (v1 audit has no v2 mutually exclusive field)
ACM,N9362BFB1086DFD1D,10.1145/3542929,doi:10.1145/3542929,academic/control per v1,exclude,T1/proceedings_collection,Unknown (v1 audit has no v2 mutually exclusive field)
ACM,N938CDCD3736CCCBD,10.5555/1400549.1400561,doi:10.5555/1400549.1400561,academic/control per v1,exclude,X2/scope_not_explicit_in_abstract,Unknown (v1 audit has no v2 mutually exclusive field)
ACM,N93B50A2DEDB1FA05,10.1145/1807342.1807394,doi:10.1145/1807342.1807394,academic/control per v1,exclude,X1/out_of_scope,Unknown (v1 audit has no v2 mutually exclusive field)
ACM,N93CBA6895FC1820A,10.1145/3583668.3594588,doi:10.1145/3583668.3594588,academic/control per v1,exclude,X1/out_of_scope,Unknown (v1 audit has no v2 mutually exclusive field)
ACM,N93EA3586ADC12B7B,10.1145/3765611.3815066,doi:10.1145/3765611.3815066,academic/control per v1,exclude,X1/out_of_scope,Unknown (v1 audit has no v2 mutually exclusive field)
ACM,N9461F4D38D8B7DBF,10.1145/3819836.3819865,doi:10.1145/3819836.3819865,academic/control per v1,exclude,X1/out_of_scope,Unknown (v1 audit has no v2 mutually exclusive field)
ACM,N947A75CABFF83AEC,10.5555/1018410.1018823,doi:10.5555/1018410.1018823,academic/control per v1,exclude,X1,Unknown (v1 audit has no v2 mutually exclusive field)
ACM,N949CCED5EE8E07FD,10.1145/3233795.3233803,doi:10.1145/3233795.3233803,academic/control per v1,pending,A0/missing_primary_abstract,Unknown (v1 audit has no v2 mutually exclusive field)
ACM,N94C477A55C7B6EA0,10.1145/1807406.1807468,doi:10.1145/1807406.1807468,academic/control per v1,exclude,X1/out_of_scope,Unknown (v1 audit has no v2 mutually exclusive field)
ACM,N94C8EA3A8CE2FAD6,10.1145/3617233.3617279,doi:10.1145/3617233.3617279,academic/control per v1,exclude,X1/out_of_scope,Unknown (v1 audit has no v2 mutually exclusive field)
ACM,N94F50AC8A336D4D2,10.1145/3590003,doi:10.1145/3590003,academic/control per v1,exclude,T1/proceedings_collection,Unknown (v1 audit has no v2 mutually exclusive field)
ACM,N951BE51C8332E0CC,10.1145/3580507.3597757,doi:10.1145/3580507.3597757,academic/control per v1,exclude,X1/out_of_scope,Unknown (v1 audit has no v2 mutually exclusive field)
ACM,N951F9AD465B8B775,10.5555/3375069.3375072,doi:10.5555/3375069.3375072,academic/control per v1,exclude,X1,Unknown (v1 audit has no v2 mutually exclusive field)
ACM,N95434B8BEC6920AC,10.1145/3828648,doi:10.1145/3828648,academic/control per v1,exclude,X1/out_of_scope,Unknown (v1 audit has no v2 mutually exclusive field)
ACM,N9578AB7CDAD2B8B9,10.1109/wi-iat.2013.92,doi:10.1109/wi-iat.2013.92,academic/control per v1,exclude,X1/out_of_scope,Unknown (v1 audit has no v2 mutually exclusive field)
ACM,N957D22EEAA734D2D,10.1145/3798129.3800786,doi:10.1145/3798129.3800786,academic/control per v1,exclude,X2,Unknown (v1 audit has no v2 mutually exclusive field)
ACM,N9598390BE3F4BEDF,10.1145/3219166.3219191,doi:10.1145/3219166.3219191,academic/control per v1,exclude,X1/out_of_scope,Unknown (v1 audit has no v2 mutually exclusive field)
ACM,N95E9F336B7539D98,10.1145/3772008.3772011,doi:10.1145/3772008.3772011,academic/control per v1,exclude,X1/out_of_scope,Unknown (v1 audit has no v2 mutually exclusive field)
ACM,N96241CED8DC2A212,10.1145/1352694.1352744,doi:10.1145/1352694.1352744,academic/control per v1,exclude,X2/scope_not_explicit_in_abstract,Unknown (v1 audit has no v2 mutually exclusive field)
ACM,N96252B6810272791,10.1145/3793653,doi:10.1145/3793653,academic/control per v1,exclude,T1/proceedings_collection,Unknown (v1 audit has no v2 mutually exclusive field)
ACM,N964CB687117E37BC,10.1145/3537693.3537742,doi:10.1145/3537693.3537742,academic/control per v1,exclude,X1/out_of_scope,Unknown (v1 audit has no v2 mutually exclusive field)
ACM,N9667B142F8F2422C,10.1145/860575.860769,doi:10.1145/860575.860769,academic/control per v1,exclude,X1/out_of_scope,Unknown (v1 audit has no v2 mutually exclusive field)
ACM,N969EB04A70CD9607,10.1145/3474198.3478219,doi:10.1145/3474198.3478219,academic/control per v1,exclude,X1/out_of_scope,Unknown (v1 audit has no v2 mutually exclusive field)
ACM,N96A3DF1A9A183D33,10.1145/375735.376441,doi:10.1145/375735.376441,academic/control per v1,include,I1,Unknown (v1 audit has no v2 mutually exclusive field)
ACM,N96B0E70C7C95B963,10.1145/3701551.3704124,doi:10.1145/3701551.3704124,academic/control per v1,exclude,X1/out_of_scope,Unknown (v1 audit has no v2 mutually exclusive field)
ACM,N9701C5895CCC12DD,10.1145/3786335.3813208,doi:10.1145/3786335.3813208,academic/control per v1,exclude,X1/out_of_scope,Unknown (v1 audit has no v2 mutually exclusive field)
ACM,N971D82F50C05DED5,10.1145/2465769.2465773,doi:10.1145/2465769.2465773,academic/control per v1,exclude,X1/out_of_scope,Unknown (v1 audit has no v2 mutually exclusive field)
ACM,N972A2A5D0EA538FD,10.5555/1347082.1347177,doi:10.5555/1347082.1347177,academic/control per v1,exclude,X2,Unknown (v1 audit has no v2 mutually exclusive field)
ACM,N9735E6C78DC728DC,10.1145/3544902,doi:10.1145/3544902,academic/control per v1,exclude,T1/proceedings_collection,Unknown (v1 audit has no v2 mutually exclusive field)
ACM,N973E47AA03002023,10.5555/1622810.1622822,doi:10.5555/1622810.1622822,academic/control per v1,exclude,X1,Unknown (v1 audit has no v2 mutually exclusive field)
ACM,N973F7CA7A6FC48A1,10.1145/3772318.3791917,doi:10.1145/3772318.3791917,academic/control per v1,exclude,X1/out_of_scope,Unknown (v1 audit has no v2 mutually exclusive field)
ACM,N974AC5BF038973C9,10.1145/3624062,doi:10.1145/3624062,academic/control per v1,exclude,T1/proceedings_collection,Unknown (v1 audit has no v2 mutually exclusive field)
ACM,N9787D42B663B113A,10.5555/1838206.1838372,doi:10.5555/1838206.1838372,academic/control per v1,include,I1,Unknown (v1 audit has no v2 mutually exclusive field)
ACM,N979859CB4677E725,10.1145/3290607.3313045,doi:10.1145/3290607.3313045,academic/control per v1,exclude,X1/out_of_scope,Unknown (v1 audit has no v2 mutually exclusive field)
ACM,N979F7FA88C28EE5D,10.1145/3706598.3713285,doi:10.1145/3706598.3713285,academic/control per v1,exclude,X1/out_of_scope,Unknown (v1 audit has no v2 mutually exclusive field)
ACM,N97E467EE791BEE28,10.1145/3704413.3764422,doi:10.1145/3704413.3764422,academic/control per v1,exclude,X1/out_of_scope,Unknown (v1 audit has no v2 mutually exclusive field)
ACM,N97ED8E63B60D1C84,10.1145/3725809,doi:10.1145/3725809,academic/control per v1,exclude,X1/out_of_scope,Unknown (v1 audit has no v2 mutually exclusive field)
ACM,N98060EAAD4E267E4,10.1145/3233795.3233797,doi:10.1145/3233795.3233797,academic/control per v1,pending,A0/missing_primary_abstract,Unknown (v1 audit has no v2 mutually exclusive field)
ACM,N9811A0B114140E2B,10.5555/3398761.3398990,doi:10.5555/3398761.3398990,academic/control per v1,exclude,X1,Unknown (v1 audit has no v2 mutually exclusive field)
ACM,N984EC8B23ED7E8C8,10.1145/3742414,doi:10.1145/3742414,academic/control per v1,exclude,T1/proceedings_collection,Unknown (v1 audit has no v2 mutually exclusive field)
ACM,N98749BC1D550A11A,10.1145/2764468,doi:10.1145/2764468,academic/control per v1,exclude,T1/proceedings_collection,Unknown (v1 audit has no v2 mutually exclusive field)
ACM,N989CFEC40BEFB212,10.1145/3803633,doi:10.1145/3803633,academic/control per v1,exclude,T1/proceedings_collection,Unknown (v1 audit has no v2 mutually exclusive field)
ACM,N98C2B1CE7A02F4AA,10.1145/3670865.3673528,doi:10.1145/3670865.3673528,academic/control per v1,exclude,X1/out_of_scope,Unknown (v1 audit has no v2 mutually exclusive field)
ACM,N992158FD42ABC091,10.1145/2746285.2746301,doi:10.1145/2746285.2746301,academic/control per v1,exclude,X1/out_of_scope,Unknown (v1 audit has no v2 mutually exclusive field)
ACM,N998077EADB326CB2,10.1145/3766882,doi:10.1145/3766882,academic/control per v1,exclude,T1/proceedings_collection,Unknown (v1 audit has no v2 mutually exclusive field)
ACM,N9994CB61672BAF71,10.1145/2600057.2602897,doi:10.1145/2600057.2602897,academic/control per v1,exclude,X1/out_of_scope,Unknown (v1 audit has no v2 mutually exclusive field)
ACM,N999854F4C31DD2A7,10.1145/3577530,doi:10.1145/3577530,academic/control per v1,exclude,T1/proceedings_collection,Unknown (v1 audit has no v2 mutually exclusive field)
ACM,N99B7FB3F381392E7,10.5555/2936924.2936940,doi:10.5555/2936924.2936940,academic/control per v1,include,I1,Unknown (v1 audit has no v2 mutually exclusive field)
ACM,N99BEDED17E6C5106,10.1145/1125170.1125206,doi:10.1145/1125170.1125206,academic/control per v1,exclude,X1/out_of_scope,Unknown (v1 audit has no v2 mutually exclusive field)
ACM,N99F33B9977791975,10.1145/3149869.3149872,doi:10.1145/3149869.3149872,academic/control per v1,exclude,X1/out_of_scope,Unknown (v1 audit has no v2 mutually exclusive field)
ACM,N9A2968EDE4009F5E,10.1145/1410234.1410239,doi:10.1145/1410234.1410239,academic/control per v1,exclude,X1/out_of_scope,Unknown (v1 audit has no v2 mutually exclusive field)
ACM,N9A4D1FC0656177DB,10.1145/3680528.3687692,doi:10.1145/3680528.3687692,academic/control per v1,exclude,X1/out_of_scope,Unknown (v1 audit has no v2 mutually exclusive field)
ACM,N9A8A348F9BB2252F,10.5555/1402795.1402797,doi:10.5555/1402795.1402797,academic/control per v1,include,I1,Unknown (v1 audit has no v2 mutually exclusive field)
ACM,N9AB721A66A8AF885,10.1145/2451248.2451250,doi:10.1145/2451248.2451250,academic/control per v1,exclude,X1/out_of_scope,Unknown (v1 audit has no v2 mutually exclusive field)
ACM,N9AC44390237B6D75,10.1145/3801619.3801622,doi:10.1145/3801619.3801622,academic/control per v1,exclude,T2/after_cutoff,Unknown (v1 audit has no v2 mutually exclusive field)
ACM,N9AD5C9E7ADC7D188,10.1145/3816895,doi:10.1145/3816895,academic/control per v1,exclude,T2/after_cutoff,Unknown (v1 audit has no v2 mutually exclusive field)
ACM,N9ADAA9F2DFB4AC7C,10.5555/2675983.2676209,doi:10.5555/2675983.2676209,academic/control per v1,exclude,X1,Unknown (v1 audit has no v2 mutually exclusive field)
ACM,N9B0C4498B0D154F5,10.1145/2517881.2517893,doi:10.1145/2517881.2517893,academic/control per v1,exclude,X1/out_of_scope,Unknown (v1 audit has no v2 mutually exclusive field)
ACM,N9B14BE7E4CF59CB0,10.1145/3530991,doi:10.1145/3530991,academic/control per v1,exclude,X1/out_of_scope,Unknown (v1 audit has no v2 mutually exclusive field)
ACM,N9B1EA1077A744EAF,10.5555/3306127.3331927,doi:10.5555/3306127.3331927,academic/control per v1,exclude,X2,Unknown (v1 audit has no v2 mutually exclusive field)
ACM,N9B364A38D7237FA5,10.1145/3295500.3356177,doi:10.1145/3295500.3356177,academic/control per v1,exclude,X1/out_of_scope,Unknown (v1 audit has no v2 mutually exclusive field)
ACM,N9B4926EF9235F3FE,10.1145/3786158.3788561,doi:10.1145/3786158.3788561,academic/control per v1,exclude,X1/out_of_scope,Unknown (v1 audit has no v2 mutually exclusive field)
ACM,N9B628D525C060BA8,10.5555/3237383.3237438,doi:10.5555/3237383.3237438,academic/control per v1,exclude,X2,Unknown (v1 audit has no v2 mutually exclusive field)
ACM,N9B74A972337E348C,10.1145/1160633,doi:10.1145/1160633,academic/control per v1,exclude,T1/proceedings_collection,Unknown (v1 audit has no v2 mutually exclusive field)
ACM,N9BA1BD7854D32427,10.5555/3320516.3321081,doi:10.5555/3320516.3321081,academic/control per v1,exclude,X1,Unknown (v1 audit has no v2 mutually exclusive field)
ACM,N9BA692277DAAFF24,10.1145/3328526.3329622,doi:10.1145/3328526.3329622,academic/control per v1,exclude,X1/out_of_scope,Unknown (v1 audit has no v2 mutually exclusive field)
ACM,N9BC027332654F0CD,10.5555/1339264.1339749,doi:10.5555/1339264.1339749,academic/control per v1,include,I1,Unknown (v1 audit has no v2 mutually exclusive field)
ACM,N9BD0B851B9416ADA,10.1145/3786161,doi:10.1145/3786161,academic/control per v1,exclude,T1/proceedings_collection,Unknown (v1 audit has no v2 mutually exclusive field)
ACM,N9BE21901C21CE8C0,10.1145/1081081.1081118,doi:10.1145/1081081.1081118,academic/control per v1,exclude,X1/out_of_scope,Unknown (v1 audit has no v2 mutually exclusive field)
ACM,N9BF8264A4E04D164,10.1145/2910925.2910945,doi:10.1145/2910925.2910945,academic/control per v1,exclude,X1/out_of_scope,Unknown (v1 audit has no v2 mutually exclusive field)
ACM,N9C172B9D6CFECAB2,10.1145/544741.544836,doi:10.1145/544741.544836,academic/control per v1,include,I2,Unknown (v1 audit has no v2 mutually exclusive field)
ACM,N9C183DF26EA03562,10.1145/3774904.3792805,doi:10.1145/3774904.3792805,academic/control per v1,include,I1,Unknown (v1 audit has no v2 mutually exclusive field)
ACM,N9C251947986008A6,10.1145/3793302.3793352,doi:10.1145/3793302.3793352,academic/control per v1,exclude,X1/general_code_generation,Unknown (v1 audit has no v2 mutually exclusive field)
ACM,N9C33F78B8EDF3EEC,10.1109/wi-iatw.2006.74,doi:10.1109/wi-iatw.2006.74,academic/control per v1,exclude,X2/scope_not_explicit_in_abstract,Unknown (v1 audit has no v2 mutually exclusive field)
ACM,N9C3B539B1B96C000,10.1145/3447555.3466574,doi:10.1145/3447555.3466574,academic/control per v1,include,I1,Unknown (v1 audit has no v2 mutually exclusive field)
ACM,N9C444395E448EEF5,10.5555/2038836.2038856,doi:10.5555/2038836.2038856,academic/control per v1,exclude,X1,Unknown (v1 audit has no v2 mutually exclusive field)
ACM,N9CCAB85B20D884B4,10.1145/545056.545065,doi:10.1145/545056.545065,academic/control per v1,exclude,X2/scope_not_explicit_in_abstract,Unknown (v1 audit has no v2 mutually exclusive field)
ACM,N9D0012A97A342D3C,10.1145/544741.544761,doi:10.1145/544741.544761,academic/control per v1,exclude,X2/scope_not_explicit_in_abstract,Unknown (v1 audit has no v2 mutually exclusive field)
ACM,N9D1CD03693C50E5E,10.5555/1105634.1105647,doi:10.5555/1105634.1105647,academic/control per v1,include,I1/direct_agent_commerce,Unknown (v1 audit has no v2 mutually exclusive field)
ACM,N9D20C04FDA85F569,10.1145/2810103.2813699,doi:10.1145/2810103.2813699,academic/control per v1,exclude,X1/out_of_scope,Unknown (v1 audit has no v2 mutually exclusive field)
ACM,N9D24DC20336123E0,10.1145/3803437.3805617,doi:10.1145/3803437.3805617,academic/control per v1,exclude,X1/incidental_protocol_application,Unknown (v1 audit has no v2 mutually exclusive field)
ACM,N9D2B2D40D2748448,10.14778/3819518.3819568,doi:10.14778/3819518.3819568,academic/control per v1,exclude,X1/out_of_scope,Unknown (v1 audit has no v2 mutually exclusive field)
ACM,N9D35CCDB7FCE243D,10.5555/3539845.3540004,doi:10.5555/3539845.3540004,academic/control per v1,exclude,X1/out_of_scope,Unknown (v1 audit has no v2 mutually exclusive field)
ACM,N9D667DD4A3807F44,10.5555/3398761.3398826,doi:10.5555/3398761.3398826,academic/control per v1,exclude,X1,Unknown (v1 audit has no v2 mutually exclusive field)
ACM,N9D6DD8C0000D842B,10.1145/3819577,doi:10.1145/3819577,academic/control per v1,exclude,X1/out_of_scope,Unknown (v1 audit has no v2 mutually exclusive field)
ACM,N9D887F40AC7E6E35,10.1145/1993574.1993587,doi:10.1145/1993574.1993587,academic/control per v1,exclude,X1/out_of_scope,Unknown (v1 audit has no v2 mutually exclusive field)
ACM,N9D97DDC0ABC40BEA,10.1145/3830274,doi:10.1145/3830274,academic/control per v1,pending,A0/missing_primary_abstract,Unknown (v1 audit has no v2 mutually exclusive field)
ACM,N9D9A9A4219528328,10.1145/3819836,doi:10.1145/3819836,academic/control per v1,exclude,T1/proceedings_collection,Unknown (v1 audit has no v2 mutually exclusive field)
ACM,N9DA0ACF92A354E32,10.1145/3806655,doi:10.1145/3806655,academic/control per v1,exclude,X1/out_of_scope,Unknown (v1 audit has no v2 mutually exclusive field)
ACM,N9DA76D09B1279F6E,10.1145/3805047,doi:10.1145/3805047,academic/control per v1,exclude,X1/out_of_scope,Unknown (v1 audit has no v2 mutually exclusive field)
ACM,N9DAF00680A73507B,10.1145/775280.775282,doi:10.1145/775280.775282,academic/control per v1,pending,A0/missing_primary_abstract,Unknown (v1 audit has no v2 mutually exclusive field)
ACM,N9DC12BAE39EE9216,10.1145/3733006,doi:10.1145/3733006,academic/control per v1,exclude,T1/proceedings_collection,Unknown (v1 audit has no v2 mutually exclusive field)
ACM,N9DC20FB67D3008D6,10.1145/3757376.3794997,doi:10.1145/3757376.3794997,academic/control per v1,exclude,X1,Unknown (v1 audit has no v2 mutually exclusive field)
ACM,N9DEB6A7DD32F7940,10.1145/1006209.1006246,doi:10.1145/1006209.1006246,academic/control per v1,exclude,X1/out_of_scope,Unknown (v1 audit has no v2 mutually exclusive field)
ACM,N9DF189854B75122A,10.1145/313451.313467,doi:10.1145/313451.313467,academic/control per v1,pending,A0/missing_primary_abstract,Unknown (v1 audit has no v2 mutually exclusive field)
ACM,N9E01840D12F5D6B7,10.1145/3368274.3368278,doi:10.1145/3368274.3368278,academic/control per v1,exclude,X1/non_agent_topic,Unknown (v1 audit has no v2 mutually exclusive field)
ACM,N9E029F60FC297ABC,10.1145/1609170.1609174,doi:10.1145/1609170.1609174,academic/control per v1,include,I1,Unknown (v1 audit has no v2 mutually exclusive field)
ACM,N9E250D9188708C55,10.1145/3670865.3673478,doi:10.1145/3670865.3673478,academic/control per v1,exclude,X1/out_of_scope,Unknown (v1 audit has no v2 mutually exclusive field)
ACM,N9E2764D5217BEE02,10.1145/3725783.3764406,doi:10.1145/3725783.3764406,academic/control per v1,exclude,X1/out_of_scope,Unknown (v1 audit has no v2 mutually exclusive field)
ACM,N9E308C948FBB0064,10.1145/2700171.2791029,doi:10.1145/2700171.2791029,academic/control per v1,exclude,X1/out_of_scope,Unknown (v1 audit has no v2 mutually exclusive field)
ACM,N9E8814F166D27EAE,10.1145/3723883,doi:10.1145/3723883,academic/control per v1,exclude,X1/out_of_scope,Unknown (v1 audit has no v2 mutually exclusive field)
ACM,N9E8C56B71930AF7B,10.1145/3842676,doi:10.1145/3842676,academic/control per v1,exclude,T2/after_cutoff,Unknown (v1 audit has no v2 mutually exclusive field)
ACM,N9E8DA64905907A61,10.1145/3233795.3233808,doi:10.1145/3233795.3233808,academic/control per v1,pending,A0/missing_primary_abstract,Unknown (v1 audit has no v2 mutually exclusive field)
ACM,N9E94977FE421ACBA,10.1145/2714576.2714628,doi:10.1145/2714576.2714628,academic/control per v1,exclude,X1/out_of_scope,Unknown (v1 audit has no v2 mutually exclusive field)
ACM,N9EBF6C9877DF0FAF,10.1145/3677052.3698611,doi:10.1145/3677052.3698611,academic/control per v1,exclude,X1/out_of_scope,Unknown (v1 audit has no v2 mutually exclusive field)
ACM,N9EDD06A8DF59A85C,10.1145/322169.322182,doi:10.1145/322169.322182,academic/control per v1,pending,A0/missing_primary_abstract,Unknown (v1 audit has no v2 mutually exclusive field)
ACM,N9EDE5283B030DFC7,10.1145/3604272,doi:10.1145/3604272,academic/control per v1,exclude,X1/out_of_scope,Unknown (v1 audit has no v2 mutually exclusive field)
ACM,N9EE207F4B5B2A096,10.1145/3803633.3803666,doi:10.1145/3803633.3803666,academic/control per v1,exclude,X1/out_of_scope,Unknown (v1 audit has no v2 mutually exclusive field)
ACM,N9F210FBE565DC7B2,10.1145/872035.872088,doi:10.1145/872035.872088,academic/control per v1,exclude,X1/out_of_scope,Unknown (v1 audit has no v2 mutually exclusive field)
ACM,N9F38809D8C2A3C50,10.1145/3597926,doi:10.1145/3597926,academic/control per v1,exclude,T1/proceedings_collection,Unknown (v1 audit has no v2 mutually exclusive field)
ACM,N9F442BE2F73CFE2F,10.1145/3591209,doi:10.1145/3591209,academic/control per v1,exclude,X1/out_of_scope,Unknown (v1 audit has no v2 mutually exclusive field)
ACM,N9F6283AA93DD2B12,10.1145/3786335.3813160,doi:10.1145/3786335.3813160,academic/control per v1,exclude,X1,Unknown (v1 audit has no v2 mutually exclusive field)
ACM,N9F74C28CE9BD85AF,10.5555/3091125.3091429,doi:10.5555/3091125.3091429,academic/control per v1,exclude,X2,Unknown (v1 audit has no v2 mutually exclusive field)
ACM,N9F9085834750FACC,10.1145/3820441,doi:10.1145/3820441,academic/control per v1,exclude,T1/proceedings_collection,Unknown (v1 audit has no v2 mutually exclusive field)
ACM,N9FA98F802711E151,10.1145/3816713.3819066,doi:10.1145/3816713.3819066,academic/control per v1,include,I1/direct_commercial_interaction,Unknown (v1 audit has no v2 mutually exclusive field)
ACM,N9FB58519EC4FB569,10.1145/860575.860619,doi:10.1145/860575.860619,academic/control per v1,exclude,X2/scope_not_explicit_in_abstract,Unknown (v1 audit has no v2 mutually exclusive field)
ACM,N9FCBD0848F972F81,10.1145/502716.502777,doi:10.1145/502716.502777,academic/control per v1,exclude,X1/out_of_scope,Unknown (v1 audit has no v2 mutually exclusive field)
ACM,N9FCEAB022B3E6818,10.1109/icse48619.2023.00067,doi:10.1109/icse48619.2023.00067,academic/control per v1,exclude,X1/out_of_scope,Unknown (v1 audit has no v2 mutually exclusive field)
ACM,N9FD816E904C84CA2,10.1145/3345838.3356005,doi:10.1145/3345838.3356005,academic/control per v1,include,I1,Unknown (v1 audit has no v2 mutually exclusive field)
ACM,NA02C9A1BA0B34802,10.1145/3173574.3173963,doi:10.1145/3173574.3173963,academic/control per v1,exclude,X1/out_of_scope,Unknown (v1 audit has no v2 mutually exclusive field)
ACM,NA02CF1B87092122D,10.5555/1782254.1782314,doi:10.5555/1782254.1782314,academic/control per v1,exclude,X2,Unknown (v1 audit has no v2 mutually exclusive field)
ACM,NA05CD58CC07E7050,10.1145/3719027.3768538,doi:10.1145/3719027.3768538,academic/control per v1,exclude,X1/out_of_scope,Unknown (v1 audit has no v2 mutually exclusive field)
ACM,NA064901AC6E6CEE6,10.1145/1134707.1134728,doi:10.1145/1134707.1134728,academic/control per v1,exclude,X1/out_of_scope,Unknown (v1 audit has no v2 mutually exclusive field)
ACM,NA076FDA8FB9D47CE,10.1145/3803437.3805537,doi:10.1145/3803437.3805537,academic/control per v1,exclude,X1/out_of_scope,Unknown (v1 audit has no v2 mutually exclusive field)
ACM,NA0A9B007ACD89521,10.1145/375735.376445,doi:10.1145/375735.376445,academic/control per v1,include,I1,Unknown (v1 audit has no v2 mutually exclusive field)
ACM,NA0B3AE67C3FA4F41,10.1109/wi-iat.2012.123,doi:10.1109/wi-iat.2012.123,academic/control per v1,exclude,X2/scope_not_explicit_in_abstract,Unknown (v1 audit has no v2 mutually exclusive field)
ACM,NA0C2F886575DA316,10.1109/wiiat.2008.303,doi:10.1109/wiiat.2008.303,academic/control per v1,include,I1,Unknown (v1 audit has no v2 mutually exclusive field)
ACM,NA0F266B26ACD3ADC,10.5555/3545946.3598677,doi:10.5555/3545946.3598677,academic/control per v1,exclude,X2/scope_not_explicit_in_abstract,Unknown (v1 audit has no v2 mutually exclusive field)
ACM,NA0FBA9893F440F4F,10.1145/3665463,doi:10.1145/3665463,academic/control per v1,exclude,T1/proceedings_collection,Unknown (v1 audit has no v2 mutually exclusive field)
ACM,NA119E203F2E7B372,10.5555/2615731.2616044,doi:10.5555/2615731.2616044,academic/control per v1,exclude,X2,Unknown (v1 audit has no v2 mutually exclusive field)
ACM,NA143D3AA90A33949,10.1145/3731599.3787530,doi:10.1145/3731599.3787530,academic/control per v1,exclude,X1,Unknown (v1 audit has no v2 mutually exclusive field)
ACM,NA14ADF36B3D682F8,10.1145/3786335.3813156,doi:10.1145/3786335.3813156,academic/control per v1,exclude,X1/out_of_scope,Unknown (v1 audit has no v2 mutually exclusive field)
ACM,NA18B88F563991342,10.1145/3148453.3306285,doi:10.1145/3148453.3306285,academic/control per v1,exclude,X1/out_of_scope,Unknown (v1 audit has no v2 mutually exclusive field)
ACM,NA18B99D7C8C82187,10.1145/3465456.3467587,doi:10.1145/3465456.3467587,academic/control per v1,exclude,X1/out_of_scope,Unknown (v1 audit has no v2 mutually exclusive field)
ACM,NA18C996154C72BB5,10.1145/1011767.1011782,doi:10.1145/1011767.1011782,academic/control per v1,exclude,X1/out_of_scope,Unknown (v1 audit has no v2 mutually exclusive field)
ACM,NA1A1B4F5CD2A0967,10.1145/2874357,doi:10.1145/2874357,academic/control per v1,exclude,X1/out_of_scope,Unknown (v1 audit has no v2 mutually exclusive field)
ACM,NA1AFC30F83DA8D2E,10.1145/1113523.1113537,doi:10.1145/1113523.1113537,academic/control per v1,exclude,X1/out_of_scope,Unknown (v1 audit has no v2 mutually exclusive field)
ACM,NA1B952D16B098DD3,10.1145/3834580.3838744,doi:10.1145/3834580.3838744,academic/control per v1,exclude,T2/after_cutoff,Unknown (v1 audit has no v2 mutually exclusive field)
ACM,NA1E7CB1A870FD60D,10.1145/2002333.2002346,doi:10.1145/2002333.2002346,academic/control per v1,exclude,X1/out_of_scope,Unknown (v1 audit has no v2 mutually exclusive field)
ACM,NA2079C5586887AAA,10.1145/3330430.3333666,doi:10.1145/3330430.3333666,academic/control per v1,include,I1,Unknown (v1 audit has no v2 mutually exclusive field)
ACM,NA22E4A7D7A63B1F3,10.1145/1236471.1236476,doi:10.1145/1236471.1236476,academic/control per v1,exclude,X1/out_of_scope,Unknown (v1 audit has no v2 mutually exclusive field)
ACM,NA236586F5F44A8DF,10.1162/evco_a_00062,doi:10.1162/evco_a_00062,academic/control per v1,exclude,X1/out_of_scope,Unknown (v1 audit has no v2 mutually exclusive field)
ACM,NA268CE3178EF8A9D,10.1145/860575.860671,doi:10.1145/860575.860671,academic/control per v1,exclude,X2/scope_not_explicit_in_abstract,Unknown (v1 audit has no v2 mutually exclusive field)
ACM,NA26CD857BEBF7B64,10.1145/3772363.3799215,doi:10.1145/3772363.3799215,academic/control per v1,exclude,X1/out_of_scope,Unknown (v1 audit has no v2 mutually exclusive field)
ACM,NA2D393A0A5FF8175,10.1145/3411764.3445129,doi:10.1145/3411764.3445129,academic/control per v1,include,I1/direct_commercial_interaction,Unknown (v1 audit has no v2 mutually exclusive field)
ACM,NA301D45396BEA074,10.1145/3326365.3326391,doi:10.1145/3326365.3326391,academic/control per v1,exclude,X1/out_of_scope,Unknown (v1 audit has no v2 mutually exclusive field)
ACM,NA3429EC224A82D31,10.1109/ccgrid.2017.138,doi:10.1109/ccgrid.2017.138,academic/control per v1,exclude,X1/out_of_scope,Unknown (v1 audit has no v2 mutually exclusive field)
ACM,NA35726F9C0C5BDA9,10.1145/3637528.3671555,doi:10.1145/3637528.3671555,academic/control per v1,include,I1,Unknown (v1 audit has no v2 mutually exclusive field)
ACM,NA36CCC9C9D4F8332,10.1145/1160633.1160884,doi:10.1145/1160633.1160884,academic/control per v1,include,I2,Unknown (v1 audit has no v2 mutually exclusive field)
ACM,NA3BAEF4281ECA59C,10.1145/3830418,doi:10.1145/3830418,academic/control per v1,exclude,T1/proceedings_collection,Unknown (v1 audit has no v2 mutually exclusive field)
ACM,NA3CB574E1A418349,10.1145/3670865.3673483,doi:10.1145/3670865.3673483,academic/control per v1,exclude,X1/out_of_scope,Unknown (v1 audit has no v2 mutually exclusive field)
ACM,NA3D8686238F322FC,10.1145/3328526.3329623,doi:10.1145/3328526.3329623,academic/control per v1,exclude,X1/out_of_scope,Unknown (v1 audit has no v2 mutually exclusive field)
ACM,NA40AF908896CF519,10.1145/3736252.3742641,doi:10.1145/3736252.3742641,academic/control per v1,exclude,X1/out_of_scope,Unknown (v1 audit has no v2 mutually exclusive field)
ACM,NA413BAF539BAB166,10.1145/3290607.3299041,doi:10.1145/3290607.3299041,academic/control per v1,exclude,X1/out_of_scope,Unknown (v1 audit has no v2 mutually exclusive field)
ACM,NA4198C86F8531097,10.1145/3820253.3820266,doi:10.1145/3820253.3820266,academic/control per v1,exclude,X1/out_of_scope,Unknown (v1 audit has no v2 mutually exclusive field)
ACM,NA41D703FEFC16A1C,10.1145/3786484.3786522,doi:10.1145/3786484.3786522,academic/control per v1,exclude,X1/out_of_scope,Unknown (v1 audit has no v2 mutually exclusive field)
ACM,NA428A4EDB31B993E,10.1145/3785987,doi:10.1145/3785987,academic/control per v1,exclude,T1/proceedings_collection,Unknown (v1 audit has no v2 mutually exclusive field)
ACM,NA45B51620BEAF038,10.1145/3649792,doi:10.1145/3649792,academic/control per v1,exclude,T1/proceedings_collection,Unknown (v1 audit has no v2 mutually exclusive field)
ACM,NA461B24C65F6B958,10.1145/3746252.3761524,doi:10.1145/3746252.3761524,academic/control per v1,exclude,X1/out_of_scope,Unknown (v1 audit has no v2 mutually exclusive field)
ACM,NA47826C0DC212B84,10.1145/3726986,doi:10.1145/3726986,academic/control per v1,exclude,T1/proceedings_collection,Unknown (v1 audit has no v2 mutually exclusive field)
ACM,NA49E5E8DB4A8AA48,10.1145/3770855.3819038,doi:10.1145/3770855.3819038,academic/control per v1,exclude,X1/out_of_scope,Unknown (v1 audit has no v2 mutually exclusive field)
ACM,NA4C4201095DC9B72,10.1145/2155620.2155647,doi:10.1145/2155620.2155647,academic/control per v1,exclude,X1/out_of_scope,Unknown (v1 audit has no v2 mutually exclusive field)
ACM,NA4DCE3D92382C325,10.1145/2229012.2229035,doi:10.1145/2229012.2229035,academic/control per v1,exclude,X1/out_of_scope,Unknown (v1 audit has no v2 mutually exclusive field)
ACM,NA4F3CB8DBDE6BD37,10.1145/3610419,doi:10.1145/3610419,academic/control per v1,exclude,T1/proceedings_collection,Unknown (v1 audit has no v2 mutually exclusive field)
ACM,NA530B98B1317481F,10.1145/1163673.1163678,doi:10.1145/1163673.1163678,academic/control per v1,exclude,X1/out_of_scope,Unknown (v1 audit has no v2 mutually exclusive field)
ACM,NA53B89C4F5402FCF,10.1145/3663547.3759739,doi:10.1145/3663547.3759739,academic/control per v1,exclude,X1/out_of_scope,Unknown (v1 audit has no v2 mutually exclusive field)
ACM,NA54197F7CE1EE441,10.1109/wi-iat.2009.121,doi:10.1109/wi-iat.2009.121,academic/control per v1,include,I1/direct_commercial_interaction,Unknown (v1 audit has no v2 mutually exclusive field)
ACM,NA5613FFEF152CA20,10.1109/wi-iat.2009.157,doi:10.1109/wi-iat.2009.157,academic/control per v1,exclude,X1/out_of_scope,Unknown (v1 audit has no v2 mutually exclusive field)
ACM,NA572E35FDA43D590,10.5555/2936924.2937046,doi:10.5555/2936924.2937046,academic/control per v1,exclude,X1,Unknown (v1 audit has no v2 mutually exclusive field)
ACM,NA5762F6F6D375752,10.1145/2600057.2602864,doi:10.1145/2600057.2602864,academic/control per v1,exclude,X1/out_of_scope,Unknown (v1 audit has no v2 mutually exclusive field)
ACM,NA57E2D26ED6AD842,10.5555/3463952.3464017,doi:10.5555/3463952.3464017,academic/control per v1,exclude,X1,Unknown (v1 audit has no v2 mutually exclusive field)
ACM,NA5DE8383DA4DE49B,10.1145/3613904.3642551,doi:10.1145/3613904.3642551,academic/control per v1,exclude,X1/out_of_scope,Unknown (v1 audit has no v2 mutually exclusive field)
ACM,NA5F5AD473B3296B3,10.1145/3158092,doi:10.1145/3158092,academic/control per v1,exclude,X1/out_of_scope,Unknown (v1 audit has no v2 mutually exclusive field)
ACM,NA5F90419329100D2,10.1145/3708319,doi:10.1145/3708319,academic/control per v1,exclude,T1/proceedings_collection,Unknown (v1 audit has no v2 mutually exclusive field)
ACM,NA62EE236FCFB91EB,10.1145/844331.844336,doi:10.1145/844331.844336,academic/control per v1,exclude,X2/scope_not_explicit_in_abstract,Unknown (v1 audit has no v2 mutually exclusive field)
ACM,NA6305D7331E3711E,10.1145/3769471,doi:10.1145/3769471,academic/control per v1,exclude,X1,Unknown (v1 audit has no v2 mutually exclusive field)
ACM,NA639C1C8403A36DD,10.1145/2229012.2229067,doi:10.1145/2229012.2229067,academic/control per v1,exclude,X1/out_of_scope,Unknown (v1 audit has no v2 mutually exclusive field)
ACM,NA642257AC658EE71,10.5555/2615731.2617410,doi:10.5555/2615731.2617410,academic/control per v1,exclude,X1,Unknown (v1 audit has no v2 mutually exclusive field)
ACM,NA65964631596EEB1,10.1145/511446.511460,doi:10.1145/511446.511460,academic/control per v1,include,I1,Unknown (v1 audit has no v2 mutually exclusive field)
ACM,NA67E1E146305249B,10.1145/3471187,doi:10.1145/3471187,academic/control per v1,exclude,X1/out_of_scope,Unknown (v1 audit has no v2 mutually exclusive field)
ACM,NA6A169ABF415C05C,10.1145/3543507.3583478,doi:10.1145/3543507.3583478,academic/control per v1,exclude,X1/out_of_scope,Unknown (v1 audit has no v2 mutually exclusive field)
ACM,NA7170669CAECB9C0,10.1145/3468891.3468892,doi:10.1145/3468891.3468892,academic/control per v1,exclude,X1/out_of_scope,Unknown (v1 audit has no v2 mutually exclusive field)
ACM,NA731858ED67569C4,10.1145/2676726.2677000,doi:10.1145/2676726.2677000,academic/control per v1,exclude,X1/out_of_scope,Unknown (v1 audit has no v2 mutually exclusive field)
ACM,NA73C81013B20D494,10.1145/1516539.1516543,doi:10.1145/1516539.1516543,academic/control per v1,exclude,X2/scope_not_explicit_in_abstract,Unknown (v1 audit has no v2 mutually exclusive field)
ACM,NA73D97DF0A2BBBA9,10.1145/2746539.2746569,doi:10.1145/2746539.2746569,academic/control per v1,exclude,X1/out_of_scope,Unknown (v1 audit has no v2 mutually exclusive field)
ACM,NA74200C1B7827BAC,10.1145/2325713.2325719,doi:10.1145/2325713.2325719,academic/control per v1,exclude,X1/out_of_scope,Unknown (v1 audit has no v2 mutually exclusive field)
ACM,NA76E7B574357D01A,10.1145/800017.800513,doi:10.1145/800017.800513,academic/control per v1,pending,A0/missing_primary_abstract,Unknown (v1 audit has no v2 mutually exclusive field)
ACM,NA797E17955F98F7B,10.1145/1499949.1500109,doi:10.1145/1499949.1500109,academic/control per v1,exclude,X1/out_of_scope,Unknown (v1 audit has no v2 mutually exclusive field)
ACM,NA7BB76F5217FF602,10.1145/3609437,doi:10.1145/3609437,academic/control per v1,exclude,T1/proceedings_collection,Unknown (v1 audit has no v2 mutually exclusive field)
ACM,NA7ECB75A3D00A8DE,10.1145/2723372,doi:10.1145/2723372,academic/control per v1,exclude,T1/proceedings_collection,Unknown (v1 audit has no v2 mutually exclusive field)
ACM,NA7F06321CE6D4A06,10.1145/3736252.3742530,doi:10.1145/3736252.3742530,academic/control per v1,exclude,X1/out_of_scope,Unknown (v1 audit has no v2 mutually exclusive field)
ACM,NA83239CF5B5DBB05,10.1145/3800935.3830889,doi:10.1145/3800935.3830889,academic/control per v1,exclude,X1/out_of_scope,Unknown (v1 audit has no v2 mutually exclusive field)
ACM,NA83A71E247EBF3DB,10.1145/3786616,doi:10.1145/3786616,academic/control per v1,include,I1/direct_commercial_interaction,Unknown (v1 audit has no v2 mutually exclusive field)
ACM,NA86416F179967D95,10.5555/3722577.3722744,doi:10.5555/3722577.3722744,academic/control per v1,exclude,X1/out_of_scope,Unknown (v1 audit has no v2 mutually exclusive field)
ACM,NA86710574A205F19,10.1145/3737906,doi:10.1145/3737906,academic/control per v1,exclude,T1/proceedings_collection,Unknown (v1 audit has no v2 mutually exclusive field)
ACM,NA8889090FD897700,10.1145/3577065,doi:10.1145/3577065,academic/control per v1,exclude,T1/proceedings_collection,Unknown (v1 audit has no v2 mutually exclusive field)
ACM,NA8A2742911A2C256,10.1145/3794915.3795788,doi:10.1145/3794915.3795788,academic/control per v1,exclude,X1,Unknown (v1 audit has no v2 mutually exclusive field)
ACM,NA8A4A0742B2BC7ED,10.1145/3568162.3576971,doi:10.1145/3568162.3576971,academic/control per v1,exclude,X1/out_of_scope,Unknown (v1 audit has no v2 mutually exclusive field)
ACM,NA8ADB8521315BA40,10.1145/3847667,doi:10.1145/3847667,academic/control per v1,exclude,X1/out_of_scope,Unknown (v1 audit has no v2 mutually exclusive field)
ACM,NA8B09D80F754C72F,10.1145/3772363.3798904,doi:10.1145/3772363.3798904,academic/control per v1,exclude,X1/out_of_scope,Unknown (v1 audit has no v2 mutually exclusive field)
ACM,NA8C36E2D89EBB11E,10.5555/1622606.1622608,doi:10.5555/1622606.1622608,academic/control per v1,exclude,X1,Unknown (v1 audit has no v2 mutually exclusive field)
ACM,NA8C46B24EEEEBFAD,10.5555/3715674,doi:10.5555/3715674,academic/control per v1,exclude,T1/proceedings_collection,Unknown (v1 audit has no v2 mutually exclusive field)
ACM,NA8C7FC25C68B6FA8,10.1145/3579492,doi:10.1145/3579492,academic/control per v1,exclude,X1/out_of_scope,Unknown (v1 audit has no v2 mutually exclusive field)
ACM,NA8CA292592845B00,10.1145/3653693,doi:10.1145/3653693,academic/control per v1,exclude,X1/out_of_scope,Unknown (v1 audit has no v2 mutually exclusive field)
ACM,NA8D1FBDE8E3561AB,10.1145/3712255.3726775,doi:10.1145/3712255.3726775,academic/control per v1,exclude,X1/out_of_scope,Unknown (v1 audit has no v2 mutually exclusive field)
ACM,NA8D2DE5E93DA3DF2,10.1145/2600057.2602833,doi:10.1145/2600057.2602833,academic/control per v1,exclude,X1/out_of_scope,Unknown (v1 audit has no v2 mutually exclusive field)
ACM,NA8DF69A2A465A5EC,10.1145/3786335.3813200,doi:10.1145/3786335.3813200,academic/control per v1,exclude,X1/out_of_scope,Unknown (v1 audit has no v2 mutually exclusive field)
ACM,NA8E3E5B6FCCEF3C2,10.1145/2330163.2330300,doi:10.1145/2330163.2330300,academic/control per v1,exclude,X1/out_of_scope,Unknown (v1 audit has no v2 mutually exclusive field)
ACM,NA902D838DC0917F7,10.1145/1374376.1374390,doi:10.1145/1374376.1374390,academic/control per v1,exclude,X1/out_of_scope,Unknown (v1 audit has no v2 mutually exclusive field)
ACM,NA90EBEB86D90D8E2,10.1145/3490486.3538342,doi:10.1145/3490486.3538342,academic/control per v1,exclude,X2,Unknown (v1 audit has no v2 mutually exclusive field)
ACM,NA911FF8C2028C679,10.1145/3772318.3790671,doi:10.1145/3772318.3790671,academic/control per v1,exclude,X1/out_of_scope,Unknown (v1 audit has no v2 mutually exclusive field)
ACM,NA936CF3EF5119427,10.1145/3832292,doi:10.1145/3832292,academic/control per v1,exclude,T2/after_cutoff,Unknown (v1 audit has no v2 mutually exclusive field)
ACM,NA9463782AF03F5BC,10.1145/2482540.2482591,doi:10.1145/2482540.2482591,academic/control per v1,exclude,X1/out_of_scope,Unknown (v1 audit has no v2 mutually exclusive field)
ACM,NA95B35EFEFE8B65F,10.1145/1352694.1352709,doi:10.1145/1352694.1352709,academic/control per v1,exclude,X1/out_of_scope,Unknown (v1 audit has no v2 mutually exclusive field)
ACM,NA993E1C3D3E8DB00,10.1145/3789270.3844419,doi:10.1145/3789270.3844419,academic/control per v1,exclude,X1/non_agent_topic,Unknown (v1 audit has no v2 mutually exclusive field)
ACM,NA9CF8AEE056B2E51,10.1145/3219166.3219231,doi:10.1145/3219166.3219231,academic/control per v1,exclude,X1/out_of_scope,Unknown (v1 audit has no v2 mutually exclusive field)
ACM,NA9E32AA890E83111,10.1145/1486877.1486884,doi:10.1145/1486877.1486884,academic/control per v1,exclude,X1/out_of_scope,Unknown (v1 audit has no v2 mutually exclusive field)
ACM,NA9E8808CDEE47E85,10.1109/wi-iat.2010.185,doi:10.1109/wi-iat.2010.185,academic/control per v1,exclude,X1/out_of_scope,Unknown (v1 audit has no v2 mutually exclusive field)
ACM,NA9EA664C1A3B0B85,10.1145/3340531.3412044,doi:10.1145/3340531.3412044,academic/control per v1,exclude,X1/out_of_scope,Unknown (v1 audit has no v2 mutually exclusive field)
ACM,NA9F46F1BAC83086E,10.5555/563801.563824,doi:10.5555/563801.563824,academic/control per v1,include,I1,Unknown (v1 audit has no v2 mutually exclusive field)
ACM,NAA02CEFC8E5B0BF0,10.1145/3490486.3538267,doi:10.1145/3490486.3538267,academic/control per v1,exclude,X1/out_of_scope,Unknown (v1 audit has no v2 mutually exclusive field)
ACM,NAA6ACBBFF98296F5,10.1145/3628454,doi:10.1145/3628454,academic/control per v1,exclude,T1/proceedings_collection,Unknown (v1 audit has no v2 mutually exclusive field)
ACM,NAA6C3E6843BC6319,10.1145/1082473.1082812,doi:10.1145/1082473.1082812,academic/control per v1,exclude,X1/out_of_scope,Unknown (v1 audit has no v2 mutually exclusive field)
ACM,NAACB1A7666BA7796,10.1145/3715070,doi:10.1145/3715070,academic/control per v1,exclude,T1/proceedings_collection,Unknown (v1 audit has no v2 mutually exclusive field)
ACM,NAADD512F300F091C,10.1145/3033274.3085154,doi:10.1145/3033274.3085154,academic/control per v1,exclude,X1/out_of_scope,Unknown (v1 audit has no v2 mutually exclusive field)
ACM,NAAF31736F5D0940C,10.1145/3442381.3449968,doi:10.1145/3442381.3449968,academic/control per v1,exclude,X1/out_of_scope,Unknown (v1 audit has no v2 mutually exclusive field)
ACM,NAAF664CF33A6A505,10.5555/3635637.3662919,doi:10.5555/3635637.3662919,academic/control per v1,exclude,X1/out_of_scope,Unknown (v1 audit has no v2 mutually exclusive field)
ACM,NAB2A1B4C868EF230,10.1145/3711896.3737433,doi:10.1145/3711896.3737433,academic/control per v1,exclude,X1/out_of_scope,Unknown (v1 audit has no v2 mutually exclusive field)
ACM,NAB2CB3E9B70B185C,10.1145/3490486.3538310,doi:10.1145/3490486.3538310,academic/control per v1,exclude,X1/out_of_scope,Unknown (v1 audit has no v2 mutually exclusive field)
ACM,NAB460B66F26914C4,10.5555/982792.982900,doi:10.5555/982792.982900,academic/control per v1,exclude,X2,Unknown (v1 audit has no v2 mutually exclusive field)
ACM,NAB4E03887F77415A,10.1145/948005.948043,doi:10.1145/948005.948043,academic/control per v1,exclude,X1/out_of_scope,Unknown (v1 audit has no v2 mutually exclusive field)
ACM,NAB5E46C2820A242C,10.5555/2831071.2831074,doi:10.5555/2831071.2831074,academic/control per v1,exclude,X1,Unknown (v1 audit has no v2 mutually exclusive field)
ACM,NAB9458DF61B8A35F,10.1145/3580507.3597690,doi:10.1145/3580507.3597690,academic/control per v1,exclude,X1/out_of_scope,Unknown (v1 audit has no v2 mutually exclusive field)
ACM,NABB09506EF3A8F9C,10.1145/3717934,doi:10.1145/3717934,academic/control per v1,exclude,T1/proceedings_collection,Unknown (v1 audit has no v2 mutually exclusive field)
ACM,NABBA2F4248836149,10.1145/3477495.3531754,doi:10.1145/3477495.3531754,academic/control per v1,exclude,X1/out_of_scope,Unknown (v1 audit has no v2 mutually exclusive field)
ACM,NABBE5476385E117A,10.1145/3733802,doi:10.1145/3733802,academic/control per v1,exclude,T1/proceedings_collection,Unknown (v1 audit has no v2 mutually exclusive field)
ACM,NABEF96ECBDCF93C8,10.1145/3775073,doi:10.1145/3775073,academic/control per v1,exclude,T1/proceedings_collection,Unknown (v1 audit has no v2 mutually exclusive field)
ACM,NABF58FE81798113F,10.1145/3736252.3742658,doi:10.1145/3736252.3742658,academic/control per v1,exclude,X1/out_of_scope,Unknown (v1 audit has no v2 mutually exclusive field)
ACM,NAC0784F9CD72D7C0,10.1145/2046556.2046565,doi:10.1145/2046556.2046565,academic/control per v1,exclude,X1/out_of_scope,Unknown (v1 audit has no v2 mutually exclusive field)
ACM,NAC0E148E4599BF03,10.1145/3748239.3748247,doi:10.1145/3748239.3748247,academic/control per v1,exclude,X1/out_of_scope,Unknown (v1 audit has no v2 mutually exclusive field)
ACM,NAC0F0B94A9D4A2C0,10.5555/2772879.2772930,doi:10.5555/2772879.2772930,academic/control per v1,exclude,X2/scope_not_explicit_in_abstract,Unknown (v1 audit has no v2 mutually exclusive field)
ACM,NAC23DAB95E8D761D,10.1109/wi-iat.2014.158,doi:10.1109/wi-iat.2014.158,academic/control per v1,exclude,X2/scope_not_explicit_in_abstract,Unknown (v1 audit has no v2 mutually exclusive field)
ACM,NAC279C2C08602CCC,10.1145/3408988,doi:10.1145/3408988,academic/control per v1,exclude,X1/out_of_scope,Unknown (v1 audit has no v2 mutually exclusive field)
ACM,NAC80519FE616BB0D,10.5555/2615731.2615809,doi:10.5555/2615731.2615809,academic/control per v1,exclude,X2,Unknown (v1 audit has no v2 mutually exclusive field)
ACM,NACA123F00EA648F3,10.1145/3568294.3580171,doi:10.1145/3568294.3580171,academic/control per v1,exclude,X1/out_of_scope,Unknown (v1 audit has no v2 mutually exclusive field)
ACM,NACA534E00C93E26E,10.1145/1060590.1060597,doi:10.1145/1060590.1060597,academic/control per v1,exclude,X1/out_of_scope,Unknown (v1 audit has no v2 mutually exclusive field)
ACM,NACF9A7214CC91B2F,10.1145/3670865.3673607,doi:10.1145/3670865.3673607,academic/control per v1,exclude,X1/out_of_scope,Unknown (v1 audit has no v2 mutually exclusive field)
ACM,NACFE64D8233EFC07,10.1145/3490354.3494391,doi:10.1145/3490354.3494391,academic/control per v1,exclude,X1/out_of_scope,Unknown (v1 audit has no v2 mutually exclusive field)
ACM,NACFFBE20C3A04F5F,10.1007/bf01212485,doi:10.1007/bf01212485,academic/control per v1,exclude,X1/out_of_scope,Unknown (v1 audit has no v2 mutually exclusive field)
ACM,NAD0AAC1DC450CE70,10.1145/1066677.1066717,doi:10.1145/1066677.1066717,academic/control per v1,exclude,X1/out_of_scope,Unknown (v1 audit has no v2 mutually exclusive field)
ACM,NAD17F8D999F11E58,10.1145/3747870,doi:10.1145/3747870,academic/control per v1,exclude,X1/out_of_scope,Unknown (v1 audit has no v2 mutually exclusive field)
ACM,NAD55B4D03A3E587E,10.1145/3543712,doi:10.1145/3543712,academic/control per v1,exclude,T1/proceedings_collection,Unknown (v1 audit has no v2 mutually exclusive field)
ACM,NADB661ADE002DC8A,10.1145/3803784,doi:10.1145/3803784,academic/control per v1,exclude,T1/proceedings_collection,Unknown (v1 audit has no v2 mutually exclusive field)
ACM,NADBC8A74E5904AF3,10.1145/3628516.3655815,doi:10.1145/3628516.3655815,academic/control per v1,exclude,X1/out_of_scope,Unknown (v1 audit has no v2 mutually exclusive field)
ACM,NADCB7E5C250F4E40,10.1145/1160633.1160895,doi:10.1145/1160633.1160895,academic/control per v1,include,I2,Unknown (v1 audit has no v2 mutually exclusive field)
ACM,NADFD60E4C4193A22,10.1109/wiiat.2008.172,doi:10.1109/wiiat.2008.172,academic/control per v1,exclude,X1/out_of_scope,Unknown (v1 audit has no v2 mutually exclusive field)
ACM,NAE108308A51484ED,10.1145/988772.988793,doi:10.1145/988772.988793,academic/control per v1,exclude,X1/out_of_scope,Unknown (v1 audit has no v2 mutually exclusive field)
ACM,NAE2FEFCA458CE898,10.5555/2429759.2430195,doi:10.5555/2429759.2430195,academic/control per v1,exclude,X1,Unknown (v1 audit has no v2 mutually exclusive field)
ACM,NAE32E610A6AA51A4,10.5555/3545946.3598662,doi:10.5555/3545946.3598662,academic/control per v1,exclude,X1,Unknown (v1 audit has no v2 mutually exclusive field)
ACM,NAE34385C686A7B0D,10.1145/3565474,doi:10.1145/3565474,academic/control per v1,exclude,T1/proceedings_collection,Unknown (v1 audit has no v2 mutually exclusive field)
ACM,NAE49B45B5468DE41,10.1145/3630970.3631056,doi:10.1145/3630970.3631056,academic/control per v1,exclude,X1,Unknown (v1 audit has no v2 mutually exclusive field)
ACM,NAE5BCE64C28FF01E,10.1145/2463372.2463499,doi:10.1145/2463372.2463499,academic/control per v1,exclude,X1/out_of_scope,Unknown (v1 audit has no v2 mutually exclusive field)
ACM,NAE5F44FCF44CCC81,10.5555/3722577.3722947,doi:10.5555/3722577.3722947,academic/control per v1,exclude,X1/out_of_scope,Unknown (v1 audit has no v2 mutually exclusive field)
ACM,NAE7BA18F5C3E429A,10.1145/3234781.3234792,doi:10.1145/3234781.3234792,academic/control per v1,exclude,X1/out_of_scope,Unknown (v1 audit has no v2 mutually exclusive field)
ACM,NAEC646DD29287B4E,10.1145/1282100.1282149,doi:10.1145/1282100.1282149,academic/control per v1,exclude,X1/out_of_scope,Unknown (v1 audit has no v2 mutually exclusive field)
ACM,NAEFB852F8E224712,10.1145/375735.375869,doi:10.1145/375735.375869,academic/control per v1,include,I1,Unknown (v1 audit has no v2 mutually exclusive field)
ACM,NAEFEDFC77183A152,10.1145/3746027.3756869,doi:10.1145/3746027.3756869,academic/control per v1,exclude,X1/out_of_scope,Unknown (v1 audit has no v2 mutually exclusive field)
ACM,NAF10A7F3CB456810,10.1145/3534678.3539416,doi:10.1145/3534678.3539416,academic/control per v1,include,I1/direct_commercial_interaction,Unknown (v1 audit has no v2 mutually exclusive field)
ACM,NAF2030111727C2AA,10.5555/1622434.1622449,doi:10.5555/1622434.1622449,academic/control per v1,include,I2/paper_defined_supply_chain_market_protocol,Unknown (v1 audit has no v2 mutually exclusive field)
ACM,NAF2AA7467E65086F,10.1145/3787109,doi:10.1145/3787109,academic/control per v1,exclude,T1/proceedings_collection,Unknown (v1 audit has no v2 mutually exclusive field)
ACM,NAF2AE472560FB8A9,10.1145/1566374.1566407,doi:10.1145/1566374.1566407,academic/control per v1,exclude,X1/out_of_scope,Unknown (v1 audit has no v2 mutually exclusive field)
ACM,NAF563CB04EC77965,10.5555/1558109.1558303,doi:10.5555/1558109.1558303,academic/control per v1,exclude,X2,Unknown (v1 audit has no v2 mutually exclusive field)
ACM,NAF87D5B92CFA0185,10.1145/3745900,doi:10.1145/3745900,academic/control per v1,exclude,T1/proceedings_collection,Unknown (v1 audit has no v2 mutually exclusive field)
ACM,NAFA14AD28B17FF30,10.1145/1806338.1806407,doi:10.1145/1806338.1806407,academic/control per v1,include,I1,Unknown (v1 audit has no v2 mutually exclusive field)
ACM,NAFA7BE0768901AD9,10.5555/2384368.2384402,doi:10.5555/2384368.2384402,academic/control per v1,exclude,X1,Unknown (v1 audit has no v2 mutually exclusive field)
ACM,NAFBAD5D5FC081D8F,10.1145/3794209,doi:10.1145/3794209,academic/control per v1,exclude,T1/proceedings_collection,Unknown (v1 audit has no v2 mutually exclusive field)
ACM,NAFCA2C59F0CB7764,10.1145/3821966.3821974,doi:10.1145/3821966.3821974,academic/control per v1,exclude,X2,Unknown (v1 audit has no v2 mutually exclusive field)
ACM,NAFD0DD021CB2676D,10.5555/3432601.3432611,doi:10.5555/3432601.3432611,academic/control per v1,exclude,X1/out_of_scope,Unknown (v1 audit has no v2 mutually exclusive field)
ACM,NAFE0C3B41F8D1AD0,10.5555/1866939.1866947,doi:10.5555/1866939.1866947,academic/control per v1,exclude,X1/out_of_scope,Unknown (v1 audit has no v2 mutually exclusive field)
ACM,NAFE79D68DFAADDD6,10.1145/3789270,doi:10.1145/3789270,academic/control per v1,exclude,X1/out_of_scope,Unknown (v1 audit has no v2 mutually exclusive field)
ACM,NB0012992829375B1,10.1145/948005.948051,doi:10.1145/948005.948051,academic/control per v1,exclude,X1/out_of_scope,Unknown (v1 audit has no v2 mutually exclusive field)
ACM,NB059A47289F24DBA,10.1109/grid.2004.27,doi:10.1109/grid.2004.27,academic/control per v1,exclude,X1/out_of_scope,Unknown (v1 audit has no v2 mutually exclusive field)
ACM,NB0730E201C49DBF0,10.1145/330908.331869,doi:10.1145/330908.331869,academic/control per v1,exclude,X1/out_of_scope,Unknown (v1 audit has no v2 mutually exclusive field)
ACM,NB0C84C309ECBCCBC,10.1145/3556223,doi:10.1145/3556223,academic/control per v1,exclude,T1/proceedings_collection,Unknown (v1 audit has no v2 mutually exclusive field)
ACM,NB0EE6C418D9F1B68,10.5555/3545946.3599024,doi:10.5555/3545946.3599024,academic/control per v1,exclude,X1/out_of_scope,Unknown (v1 audit has no v2 mutually exclusive field)
ACM,NB0F063D16B9D6EB4,10.1145/1005140.1005157,doi:10.1145/1005140.1005157,academic/control per v1,exclude,X1/out_of_scope,Unknown (v1 audit has no v2 mutually exclusive field)
ACM,NB10C37B4E5C54857,10.1145/1234161.1234178,doi:10.1145/1234161.1234178,academic/control per v1,exclude,X1/out_of_scope,Unknown (v1 audit has no v2 mutually exclusive field)
ACM,NB1414976CC615E6E,10.1145/1081706.1081715,doi:10.1145/1081706.1081715,academic/control per v1,exclude,X1/out_of_scope,Unknown (v1 audit has no v2 mutually exclusive field)
ACM,NB1687B20257ED27D,10.1145/3839487,doi:10.1145/3839487,academic/control per v1,exclude,T2/after_cutoff,Unknown (v1 audit has no v2 mutually exclusive field)
ACM,NB18335EDED2D9069,10.1145/971300.971378,doi:10.1145/971300.971378,academic/control per v1,exclude,X1/out_of_scope,Unknown (v1 audit has no v2 mutually exclusive field)
ACM,NB18E22CB49A52739,10.1145/2764918,doi:10.1145/2764918,academic/control per v1,exclude,X1/out_of_scope,Unknown (v1 audit has no v2 mutually exclusive field)
ACM,NB1B820093D292255,10.1145/2070710.2070715,doi:10.1145/2070710.2070715,academic/control per v1,exclude,X1/out_of_scope,Unknown (v1 audit has no v2 mutually exclusive field)
ACM,NB1D01E55C6987080,10.65109/eyfd4743,doi:10.65109/eyfd4743,academic/control per v1,exclude,X2,Unknown (v1 audit has no v2 mutually exclusive field)
ACM,NB1D71547CC9BCBBC,10.1145/1566374.1566401,doi:10.1145/1566374.1566401,academic/control per v1,exclude,X1/out_of_scope,Unknown (v1 audit has no v2 mutually exclusive field)
ACM,NB1E74034233A5C43,10.65109/ktwn2820,doi:10.65109/ktwn2820,academic/control per v1,exclude,X1/out_of_scope,Unknown (v1 audit has no v2 mutually exclusive field)
ACM,NB276AADF70A23E0B,10.5555/3013558.3013575,doi:10.5555/3013558.3013575,academic/control per v1,exclude,X2,Unknown (v1 audit has no v2 mutually exclusive field)
ACM,NB289946A0B779516,10.1145/3528137.3528156,doi:10.1145/3528137.3528156,academic/control per v1,exclude,X1/out_of_scope,Unknown (v1 audit has no v2 mutually exclusive field)
ACM,NB2A63B1EE8B46145,10.1145/2792838.2800177,doi:10.1145/2792838.2800177,academic/control per v1,exclude,X1/out_of_scope,Unknown (v1 audit has no v2 mutually exclusive field)
ACM,NB2B7E60B79ED7AD5,10.5555/2484920.2485076,doi:10.5555/2484920.2485076,academic/control per v1,exclude,X2,Unknown (v1 audit has no v2 mutually exclusive field)
ACM,NB2CF2C134BCACC2D,10.1145/3156016,doi:10.1145/3156016,academic/control per v1,exclude,X1/out_of_scope,Unknown (v1 audit has no v2 mutually exclusive field)
ACM,NB2EC0102B70A3023,10.1145/3178876.3186042,doi:10.1145/3178876.3186042,academic/control per v1,exclude,X1/out_of_scope,Unknown (v1 audit has no v2 mutually exclusive field)
ACM,NB33161B382BB0131,10.1145/3576842.3582382,doi:10.1145/3576842.3582382,academic/control per v1,exclude,X1/out_of_scope,Unknown (v1 audit has no v2 mutually exclusive field)
ACM,NB34F5931D56CCA2D,10.1145/2378104.2378135,doi:10.1145/2378104.2378135,academic/control per v1,exclude,X2/scope_not_explicit_in_abstract,Unknown (v1 audit has no v2 mutually exclusive field)
ACM,NB38F5AEEB012C573,10.1145/1151454.1151477,doi:10.1145/1151454.1151477,academic/control per v1,exclude,X1/out_of_scope,Unknown (v1 audit has no v2 mutually exclusive field)
ACM,NB39A1ED48286631E,10.1145/3488904.3493378,doi:10.1145/3488904.3493378,academic/control per v1,exclude,X1/out_of_scope,Unknown (v1 audit has no v2 mutually exclusive field)
ACM,NB39C712EDEFF49EF,10.1145/3748496,doi:10.1145/3748496,academic/control per v1,exclude,T1/proceedings_collection,Unknown (v1 audit has no v2 mutually exclusive field)
ACM,NB3AAE655CC4BF4B2,10.1145/3490486.3538316,doi:10.1145/3490486.3538316,academic/control per v1,exclude,X1/out_of_scope,Unknown (v1 audit has no v2 mutually exclusive field)
ACM,NB3B4A803DE0FEE83,10.1145/800056.802086,doi:10.1145/800056.802086,academic/control per v1,exclude,X1/out_of_scope,Unknown (v1 audit has no v2 mutually exclusive field)
ACM,NB3BA5EB98C64FDB1,10.1145/3368274.3368280,doi:10.1145/3368274.3368280,academic/control per v1,exclude,X1,Unknown (v1 audit has no v2 mutually exclusive field)
ACM,NB3E5255B5D1B53DD,10.1145/2229012.2229026,doi:10.1145/2229012.2229026,academic/control per v1,exclude,X1/out_of_scope,Unknown (v1 audit has no v2 mutually exclusive field)
ACM,NB3EE19F893C0D41D,10.1145/967900.968058,doi:10.1145/967900.968058,academic/control per v1,include,I1,Unknown (v1 audit has no v2 mutually exclusive field)
ACM,NB3F3E71C22C95AFD,10.1145/3233795.3233798,doi:10.1145/3233795.3233798,academic/control per v1,pending,A0/missing_primary_abstract,Unknown (v1 audit has no v2 mutually exclusive field)
ACM,NB403D81FE80FFF5D,10.1145/2940716.2940752,doi:10.1145/2940716.2940752,academic/control per v1,exclude,X1/out_of_scope,Unknown (v1 audit has no v2 mutually exclusive field)
ACM,NB40F4A835B8B57DA,10.1145/3786582,doi:10.1145/3786582,academic/control per v1,exclude,T1/proceedings_collection,Unknown (v1 audit has no v2 mutually exclusive field)
ACM,NB41DA9D2A4A09D25,10.1145/3787370,doi:10.1145/3787370,academic/control per v1,exclude,T1/proceedings_collection,Unknown (v1 audit has no v2 mutually exclusive field)
ACM,NB42E1DCBAA92A062,10.1145/501158.501191,doi:10.1145/501158.501191,academic/control per v1,include,I1,Unknown (v1 audit has no v2 mutually exclusive field)
ACM,NB4469C65D23F9D55,10.1145/3744103,doi:10.1145/3744103,academic/control per v1,exclude,T1/proceedings_collection,Unknown (v1 audit has no v2 mutually exclusive field)
ACM,NB4708433785A2412,10.1145/860575.860675,doi:10.1145/860575.860675,academic/control per v1,include,I2/commercial_enabling_protocol,Unknown (v1 audit has no v2 mutually exclusive field)
ACM,NB487530171B72E53,10.1145/505863.505873,doi:10.1145/505863.505873,academic/control per v1,exclude,X1/out_of_scope,Unknown (v1 audit has no v2 mutually exclusive field)
ACM,NB4A6E021752DD9D2,10.1145/3452446.3452520,doi:10.1145/3452446.3452520,academic/control per v1,exclude,X1/out_of_scope,Unknown (v1 audit has no v2 mutually exclusive field)
ACM,NB4C5DDA547EAA251,10.1145/1998549.1998557,doi:10.1145/1998549.1998557,academic/control per v1,exclude,X2/scope_not_explicit_in_abstract,Unknown (v1 audit has no v2 mutually exclusive field)
ACM,NB4F38B0704D99E8E,10.1145/501317.501342,doi:10.1145/501317.501342,academic/control per v1,exclude,X1/out_of_scope,Unknown (v1 audit has no v2 mutually exclusive field)
ACM,NB50AB3A8CCD0A63C,10.5555/1018409.1018771,doi:10.5555/1018409.1018771,academic/control per v1,exclude,X2/scope_not_explicit_in_abstract,Unknown (v1 audit has no v2 mutually exclusive field)
ACM,NB53D761B992968CF,10.1145/1399589.1399597,doi:10.1145/1399589.1399597,academic/control per v1,exclude,X2/scope_not_explicit_in_abstract,Unknown (v1 audit has no v2 mutually exclusive field)
ACM,NB54DD5331AB56163,10.5555/2030470.2030532,doi:10.5555/2030470.2030532,academic/control per v1,exclude,X2,Unknown (v1 audit has no v2 mutually exclusive field)
ACM,NB57618AD3B46B029,10.1145/1476589.1476657,doi:10.1145/1476589.1476657,academic/control per v1,exclude,X1/out_of_scope,Unknown (v1 audit has no v2 mutually exclusive field)
ACM,NB57B685E48171BFA,10.1145/940071.940077,doi:10.1145/940071.940077,academic/control per v1,exclude,X1/out_of_scope,Unknown (v1 audit has no v2 mutually exclusive field)
ACM,NB59152521ABDB352,10.5555/2484920.2485023,doi:10.5555/2484920.2485023,academic/control per v1,exclude,X2,Unknown (v1 audit has no v2 mutually exclusive field)
ACM,NB5A1447AAEBBFC08,10.1145/2332432.2332444,doi:10.1145/2332432.2332444,academic/control per v1,exclude,X1/out_of_scope,Unknown (v1 audit has no v2 mutually exclusive field)
ACM,NB5B3EA9BD34E4625,10.1145/3736252.3742578,doi:10.1145/3736252.3742578,academic/control per v1,exclude,X1/out_of_scope,Unknown (v1 audit has no v2 mutually exclusive field)
ACM,NB5CD75636DB422DC,10.5555/2772879.2773240,doi:10.5555/2772879.2773240,academic/control per v1,exclude,X1,Unknown (v1 audit has no v2 mutually exclusive field)
ACM,NB5CF77975DDE97BE,10.1145/3786335.3813141,doi:10.1145/3786335.3813141,academic/control per v1,exclude,X1/out_of_scope,Unknown (v1 audit has no v2 mutually exclusive field)
ACM,NB5D85CF022AA622A,10.1145/2533828.2533841,doi:10.1145/2533828.2533841,academic/control per v1,exclude,X1/out_of_scope,Unknown (v1 audit has no v2 mutually exclusive field)
ACM,NB5EC4B786E47B663,10.1145/1089551.1089607,doi:10.1145/1089551.1089607,academic/control per v1,include,I1,Unknown (v1 audit has no v2 mutually exclusive field)
ACM,NB5F520B78BB81AAB,10.1145/3397271.3401170,doi:10.1145/3397271.3401170,academic/control per v1,exclude,X1/out_of_scope,Unknown (v1 audit has no v2 mutually exclusive field)
ACM,NB61AEB03CFEAA891,10.1145/3774905.3793924,doi:10.1145/3774905.3793924,academic/control per v1,exclude,X1/out_of_scope,Unknown (v1 audit has no v2 mutually exclusive field)
ACM,NB634FCA53260B385,10.1145/3805689.3806748,doi:10.1145/3805689.3806748,academic/control per v1,exclude,X1/out_of_scope,Unknown (v1 audit has no v2 mutually exclusive field)
ACM,NB64C1F79A68A9578,10.1145/3432211,doi:10.1145/3432211,academic/control per v1,exclude,X1/out_of_scope,Unknown (v1 audit has no v2 mutually exclusive field)
ACM,NB6558F546B5F42D5,10.5555/3091125.3091218,doi:10.5555/3091125.3091218,academic/control per v1,exclude,X2,Unknown (v1 audit has no v2 mutually exclusive field)
ACM,NB66EBBB4D3DDC7DC,10.1145/3725843,doi:10.1145/3725843,academic/control per v1,exclude,T1/proceedings_collection,Unknown (v1 audit has no v2 mutually exclusive field)
ACM,NB6B16B1E26A04912,10.1145/3769002.3769957,doi:10.1145/3769002.3769957,academic/control per v1,include,I1/direct_agent_commerce,Unknown (v1 audit has no v2 mutually exclusive field)
ACM,NB6CC300637DDC194,10.1145/3297156.3297239,doi:10.1145/3297156.3297239,academic/control per v1,exclude,X1/out_of_scope,Unknown (v1 audit has no v2 mutually exclusive field)
ACM,NB6EF7183813C3F96,10.5555/1838206.1838338,doi:10.5555/1838206.1838338,academic/control per v1,include,I1,Unknown (v1 audit has no v2 mutually exclusive field)
ACM,NB70192569CC5E5D5,10.1145/3465456.3467632,doi:10.1145/3465456.3467632,academic/control per v1,exclude,X1/out_of_scope,Unknown (v1 audit has no v2 mutually exclusive field)
ACM,NB706583A4A4EAE4A,10.1145/2072069.2072142,doi:10.1145/2072069.2072142,academic/control per v1,exclude,X1/out_of_scope,Unknown (v1 audit has no v2 mutually exclusive field)
ACM,NB7196BA9908458E2,10.1145/3786167.3788415,doi:10.1145/3786167.3788415,academic/control per v1,exclude,X1/out_of_scope,Unknown (v1 audit has no v2 mutually exclusive field)
ACM,NB72076B04CA9FA36,10.5555/1347082.1347179,doi:10.5555/1347082.1347179,academic/control per v1,exclude,X1,Unknown (v1 audit has no v2 mutually exclusive field)
ACM,NB72BF916AD3728D4,10.1145/3555761,doi:10.1145/3555761,academic/control per v1,exclude,X1/out_of_scope,Unknown (v1 audit has no v2 mutually exclusive field)
ACM,NB738FBF021199819,10.1145/3178876.3186103,doi:10.1145/3178876.3186103,academic/control per v1,exclude,X1/out_of_scope,Unknown (v1 audit has no v2 mutually exclusive field)
ACM,NB73A445A0ADE9E6E,10.5555/2031678.2031694,doi:10.5555/2031678.2031694,academic/control per v1,exclude,X2,Unknown (v1 audit has no v2 mutually exclusive field)
ACM,NB7462D16C4BF1255,10.5555/3042094.3042518,doi:10.5555/3042094.3042518,academic/control per v1,include,I1,Unknown (v1 audit has no v2 mutually exclusive field)
ACM,NB77F15C20CCA5782,10.1145/2774993.2775005,doi:10.1145/2774993.2775005,academic/control per v1,exclude,X1/out_of_scope,Unknown (v1 audit has no v2 mutually exclusive field)
ACM,NB7A6A335AA56BACA,10.5555/1558109.1558224,doi:10.5555/1558109.1558224,academic/control per v1,include,I1,Unknown (v1 audit has no v2 mutually exclusive field)
ACM,NB7E2DF221711F221,10.5555/1622572.1622587,doi:10.5555/1622572.1622587,academic/control per v1,exclude,X1,Unknown (v1 audit has no v2 mutually exclusive field)
ACM,NB7EDBF18CE6CE4CA,10.1145/3770855.3818383,doi:10.1145/3770855.3818383,academic/control per v1,exclude,X1/out_of_scope,Unknown (v1 audit has no v2 mutually exclusive field)
ACM,NB84A229B1E6356C7,10.1145/2229012.2229024,doi:10.1145/2229012.2229024,academic/control per v1,exclude,X1/out_of_scope,Unknown (v1 audit has no v2 mutually exclusive field)
ACM,NB84FDAFEB2D62B4C,10.1109/wi-iat.2012.191,doi:10.1109/wi-iat.2012.191,academic/control per v1,exclude,X1/out_of_scope,Unknown (v1 audit has no v2 mutually exclusive field)
ACM,NB86D0ADDAE35FC0A,10.1145/3726302.3730352,doi:10.1145/3726302.3730352,academic/control per v1,exclude,X1/out_of_scope,Unknown (v1 audit has no v2 mutually exclusive field)
ACM,NB870A0285C07BB26,10.5555/1622716.1622720,doi:10.5555/1622716.1622720,academic/control per v1,exclude,X1/out_of_scope,Unknown (v1 audit has no v2 mutually exclusive field)
ACM,NB8741C4614518EFA,10.1145/3465456.3467581,doi:10.1145/3465456.3467581,academic/control per v1,exclude,X1/out_of_scope,Unknown (v1 audit has no v2 mutually exclusive field)
ACM,NB88DDF1FB8576842,10.1145/3654777.3676457,doi:10.1145/3654777.3676457,academic/control per v1,exclude,X1/out_of_scope,Unknown (v1 audit has no v2 mutually exclusive field)
ACM,NB89091293BF534CC,10.1145/988772.988784,doi:10.1145/988772.988784,academic/control per v1,exclude,X1/out_of_scope,Unknown (v1 audit has no v2 mutually exclusive field)
ACM,NB897A9004653E0BA,10.1145/544741.544753,doi:10.1145/544741.544753,academic/control per v1,exclude,X2/scope_not_explicit_in_abstract,Unknown (v1 audit has no v2 mutually exclusive field)
ACM,NB8B3A4893EAD26CA,10.1145/3820441.3821234,doi:10.1145/3820441.3821234,academic/control per v1,include,I2/commerce_enabling_protocol,Unknown (v1 audit has no v2 mutually exclusive field)
ACM,NB8D9CB365F2D2438,10.1145/2020976.2020990,doi:10.1145/2020976.2020990,academic/control per v1,exclude,X1/out_of_scope,Unknown (v1 audit has no v2 mutually exclusive field)
ACM,NB8E317D49DA8B0AC,10.5555/3237383.3238016,doi:10.5555/3237383.3238016,academic/control per v1,include,I1,Unknown (v1 audit has no v2 mutually exclusive field)
ACM,NB8FB4F974B190665,10.1145/3772363.3799039,doi:10.1145/3772363.3799039,academic/control per v1,exclude,X1,Unknown (v1 audit has no v2 mutually exclusive field)
ACM,NB93744FA5EA75EB5,10.1145/3786167.3788407,doi:10.1145/3786167.3788407,academic/control per v1,exclude,X1/out_of_scope,Unknown (v1 audit has no v2 mutually exclusive field)
ACM,NB940A1B81FE8B35B,10.1145/501983.501999,doi:10.1145/501983.501999,academic/control per v1,exclude,X1/out_of_scope,Unknown (v1 audit has no v2 mutually exclusive field)
ACM,NB95C79DB077C35ED,10.1145/2463209.2488891,doi:10.1145/2463209.2488891,academic/control per v1,exclude,X1/out_of_scope,Unknown (v1 audit has no v2 mutually exclusive field)
ACM,NB961A0ABE835D130,10.1145/3793653.3793759,doi:10.1145/3793653.3793759,academic/control per v1,exclude,X1,Unknown (v1 audit has no v2 mutually exclusive field)
ACM,NB99026ABF241E8FA,10.1145/3564246.3585151,doi:10.1145/3564246.3585151,academic/control per v1,exclude,X1/out_of_scope,Unknown (v1 audit has no v2 mutually exclusive field)
ACM,NB9BD5C9CB980DCBF,10.1145/3593743.3593761,doi:10.1145/3593743.3593761,academic/control per v1,exclude,X1,Unknown (v1 audit has no v2 mutually exclusive field)
ACM,NB9C8BD79C19DBC01,10.5555/2936924.2937162,doi:10.5555/2936924.2937162,academic/control per v1,exclude,X2/scope_not_explicit_in_abstract,Unknown (v1 audit has no v2 mutually exclusive field)
ACM,NBA2706FF3A0FDFA9,10.1145/948005.948040,doi:10.1145/948005.948040,academic/control per v1,exclude,X1,Unknown (v1 audit has no v2 mutually exclusive field)
ACM,NBA4003A31C04CD04,10.1145/3173574.3174053,doi:10.1145/3173574.3174053,academic/control per v1,exclude,X1,Unknown (v1 audit has no v2 mutually exclusive field)
ACM,NBAA4E8ED83767D4F,10.1145/2390231.2390243,doi:10.1145/2390231.2390243,academic/control per v1,exclude,X1/out_of_scope,Unknown (v1 audit has no v2 mutually exclusive field)
ACM,NBAA9DE720246A6A3,10.1145/3731599.3767408,doi:10.1145/3731599.3767408,academic/control per v1,exclude,X1,Unknown (v1 audit has no v2 mutually exclusive field)
ACM,NBABF21B28FC6BDE5,10.1145/3711896.3736850,doi:10.1145/3711896.3736850,academic/control per v1,include,I1,Unknown (v1 audit has no v2 mutually exclusive field)
ACM,NBADC3F2232051B74,10.5555/3535850.3536023,doi:10.5555/3535850.3536023,academic/control per v1,exclude,X1,Unknown (v1 audit has no v2 mutually exclusive field)
ACM,NBB073DEB33F7F1A2,10.1145/3795496,doi:10.1145/3795496,academic/control per v1,exclude,T1/proceedings_collection,Unknown (v1 audit has no v2 mutually exclusive field)
ACM,NBB1F27427A5868A2,10.5555/3709347.3743893,doi:10.5555/3709347.3743893,academic/control per v1,exclude,X1,Unknown (v1 audit has no v2 mutually exclusive field)
ACM,NBB40E4E9AE8231F0,10.1109/wi-iat.2013.111,doi:10.1109/wi-iat.2013.111,academic/control per v1,exclude,X2/scope_not_explicit_in_abstract,Unknown (v1 audit has no v2 mutually exclusive field)
ACM,NBB4FB58FFC8D3411,10.1145/3332324.3332326,doi:10.1145/3332324.3332326,academic/control per v1,exclude,X1,Unknown (v1 audit has no v2 mutually exclusive field)
ACM,NBB57E8CF2C0C03A3,10.1145/3410048.3410055,doi:10.1145/3410048.3410055,academic/control per v1,exclude,X1,Unknown (v1 audit has no v2 mutually exclusive field)
ACM,NBB5F5CA1EE3E1052,10.1145/3365832,doi:10.1145/3365832,academic/control per v1,exclude,X1,Unknown (v1 audit has no v2 mutually exclusive field)
ACM,NBB86D0E2EAB85353,10.1145/511446.511496,doi:10.1145/511446.511496,academic/control per v1,exclude,X1/out_of_scope,Unknown (v1 audit has no v2 mutually exclusive field)
ACM,NBBDC3578132E62C4,10.1145/3832121,doi:10.1145/3832121,academic/control per v1,exclude,T2/after_cutoff,Unknown (v1 audit has no v2 mutually exclusive field)
ACM,NBBE089CE1AF4CF35,10.1145/1993574.1993589,doi:10.1145/1993574.1993589,academic/control per v1,exclude,X1/out_of_scope,Unknown (v1 audit has no v2 mutually exclusive field)
ACM,NBBF4F5F50AC21D55,10.1145/3647644,doi:10.1145/3647644,academic/control per v1,exclude,X1,Unknown (v1 audit has no v2 mutually exclusive field)
ACM,NBC0C6B85280CC5DD,10.1145/3839234,doi:10.1145/3839234,academic/control per v1,exclude,X1,Unknown (v1 audit has no v2 mutually exclusive field)
ACM,NBC0CC20DCEDC11AF,10.1145/3806645.3816129,doi:10.1145/3806645.3816129,academic/control per v1,exclude,X1,Unknown (v1 audit has no v2 mutually exclusive field)
ACM,NBC157EF38AF7C52A,10.1145/64135.65014,doi:10.1145/64135.65014,academic/control per v1,exclude,X1,Unknown (v1 audit has no v2 mutually exclusive field)
ACM,NBC32B9359446C0B2,10.1145/3807246,doi:10.1145/3807246,academic/control per v1,exclude,T1/proceedings_collection,Unknown (v1 audit has no v2 mutually exclusive field)
ACM,NBC389D326DC7F1DD,10.1145/3805712.3808447,doi:10.1145/3805712.3808447,academic/control per v1,exclude,X1,Unknown (v1 audit has no v2 mutually exclusive field)
ACM,NBC497D03BD4B88A6,10.5555/3013589.3013601,doi:10.5555/3013589.3013601,academic/control per v1,exclude,X1,Unknown (v1 audit has no v2 mutually exclusive field)
ACM,NBC5A5FAEA2AB1A4B,10.1145/3611643,doi:10.1145/3611643,academic/control per v1,exclude,T1/proceedings_collection,Unknown (v1 audit has no v2 mutually exclusive field)
ACM,NBC6AFA5F79EAC0BB,10.5555/3546258.3546265,doi:10.5555/3546258.3546265,academic/control per v1,exclude,X1/out_of_scope,Unknown (v1 audit has no v2 mutually exclusive field)
ACM,NBC8FBEC7FF7CFD4A,10.1145/857166.857167,doi:10.1145/857166.857167,academic/control per v1,include,I1,Unknown (v1 audit has no v2 mutually exclusive field)
ACM,NBCB00781806A5301,10.1145/3805621.3807645,doi:10.1145/3805621.3807645,academic/control per v1,exclude,X1,Unknown (v1 audit has no v2 mutually exclusive field)
ACM,NBCC61B1009D0D13A,10.1145/3803437.3805554,doi:10.1145/3803437.3805554,academic/control per v1,exclude,X1,Unknown (v1 audit has no v2 mutually exclusive field)
ACM,NBCD87C5979F13142,10.5555/3306127.3332020,doi:10.5555/3306127.3332020,academic/control per v1,include,I1,Unknown (v1 audit has no v2 mutually exclusive field)
ACM,NBCD89C7CA9767B5E,10.1145/3465456.3467599,doi:10.1145/3465456.3467599,academic/control per v1,exclude,X1,Unknown (v1 audit has no v2 mutually exclusive field)
ACM,NBCDC54C49767F56A,10.1145/1454659.1454678,doi:10.1145/1454659.1454678,academic/control per v1,exclude,X1/out_of_scope,Unknown (v1 audit has no v2 mutually exclusive field)
ACM,NBD40EAE476A9036F,10.1145/590806.590809,doi:10.1145/590806.590809,academic/control per v1,exclude,X1/out_of_scope,Unknown (v1 audit has no v2 mutually exclusive field)
ACM,NBD45DD2713389390,10.1145/3731443,doi:10.1145/3731443,academic/control per v1,exclude,T1/proceedings_collection,Unknown (v1 audit has no v2 mutually exclusive field)
ACM,NBD9970FA71A48C5E,10.1145/375735.375866,doi:10.1145/375735.375866,academic/control per v1,exclude,X1,Unknown (v1 audit has no v2 mutually exclusive field)
ACM,NBDA62AFA3CB6914B,10.1145/1348549,doi:10.1145/1348549,academic/control per v1,exclude,T1/proceedings_collection,Unknown (v1 audit has no v2 mutually exclusive field)
ACM,NBDAB5D428F69A711,10.1145/544862.544887,doi:10.1145/544862.544887,academic/control per v1,exclude,X2,Unknown (v1 audit has no v2 mutually exclusive field)
ACM,NBDB169BF295EE052,10.1145/3802974,doi:10.1145/3802974,academic/control per v1,exclude,T1/proceedings_collection,Unknown (v1 audit has no v2 mutually exclusive field)
ACM,NBDCA212829B5CBAB,10.1145/3708036.3708160,doi:10.1145/3708036.3708160,academic/control per v1,exclude,X1/out_of_scope,Unknown (v1 audit has no v2 mutually exclusive field)
ACM,NBDCBEEE5B12EB450,10.1145/1282100.1282110,doi:10.1145/1282100.1282110,academic/control per v1,exclude,X1/out_of_scope,Unknown (v1 audit has no v2 mutually exclusive field)
ACM,NBDF72CAC4AE9533A,10.1145/3490354.3494386,doi:10.1145/3490354.3494386,academic/control per v1,include,I1,Unknown (v1 audit has no v2 mutually exclusive field)
ACM,NBE2FA9CC33D55FB1,10.1145/3608251.3608280,doi:10.1145/3608251.3608280,academic/control per v1,exclude,X1,Unknown (v1 audit has no v2 mutually exclusive field)
ACM,NBE526CCBF91B5677,10.1145/2940716.2940738,doi:10.1145/2940716.2940738,academic/control per v1,exclude,X2/scope_not_explicit_in_abstract,Unknown (v1 audit has no v2 mutually exclusive field)
ACM,NBE660E516F0C1C1C,10.1145/3447548.3467204,doi:10.1145/3447548.3467204,academic/control per v1,include,I1/direct_commercial_interaction,Unknown (v1 audit has no v2 mutually exclusive field)
ACM,NBE6D5609D30C2B96,10.5555/2343896.2343932,doi:10.5555/2343896.2343932,academic/control per v1,exclude,X1,Unknown (v1 audit has no v2 mutually exclusive field)
ACM,NBEA6379EDA14F624,10.1145/3681756,doi:10.1145/3681756,academic/control per v1,exclude,T1/proceedings_collection,Unknown (v1 audit has no v2 mutually exclusive field)
ACM,NBEBC9C591349C0F2,10.1145/2783258.2783276,doi:10.1145/2783258.2783276,academic/control per v1,exclude,X1,Unknown (v1 audit has no v2 mutually exclusive field)
ACM,NBED79D48F3DB2150,10.1613/jair.1.11215,doi:10.1613/jair.1.11215,academic/control per v1,exclude,X1/out_of_scope,Unknown (v1 audit has no v2 mutually exclusive field)
ACM,NBF00BB59DC4461D1,10.1145/3459104.3459162,doi:10.1145/3459104.3459162,academic/control per v1,exclude,X1,Unknown (v1 audit has no v2 mutually exclusive field)
ACM,NBF37824DD6554B72,10.1145/3701716.3715176,doi:10.1145/3701716.3715176,academic/control per v1,include,I1,Unknown (v1 audit has no v2 mutually exclusive field)
ACM,NBF5802A496C56DF1,10.1145/1566374.1566403,doi:10.1145/1566374.1566403,academic/control per v1,exclude,X1,Unknown (v1 audit has no v2 mutually exclusive field)
ACM,NBF9483A98A7507DD,10.1145/3477339,doi:10.1145/3477339,academic/control per v1,exclude,X1/out_of_scope,Unknown (v1 audit has no v2 mutually exclusive field)
ACM,NBFBBB6D2ED8C491A,10.1145/384101.384147,doi:10.1145/384101.384147,academic/control per v1,exclude,X1,Unknown (v1 audit has no v2 mutually exclusive field)
ACM,NBFCE27BAE9312612,10.1145/3670865.3673566,doi:10.1145/3670865.3673566,academic/control per v1,exclude,X1/out_of_scope,Unknown (v1 audit has no v2 mutually exclusive field)
ACM,NBFEE8BA3BFDFD344,10.1145/3721260.3733979,doi:10.1145/3721260.3733979,academic/control per v1,exclude,X1,Unknown (v1 audit has no v2 mutually exclusive field)
ACM,NC09FBF7304FB38F4,10.5555/2616606.2617080,doi:10.5555/2616606.2617080,academic/control per v1,exclude,X1/out_of_scope,Unknown (v1 audit has no v2 mutually exclusive field)
ACM,NC0A83AE5F36CBECF,10.1145/3786335.3813233,doi:10.1145/3786335.3813233,academic/control per v1,exclude,X1,Unknown (v1 audit has no v2 mutually exclusive field)
ACM,NC0AA92891FC5CDD6,10.1145/3805760.3814922,doi:10.1145/3805760.3814922,academic/control per v1,exclude,X1,Unknown (v1 audit has no v2 mutually exclusive field)
ACM,NC0BC5B512503A80D,10.1145/3670865.3673612,doi:10.1145/3670865.3673612,academic/control per v1,exclude,X1,Unknown (v1 audit has no v2 mutually exclusive field)
ACM,NC11818B5CE71A003,10.1145/1773965.1773966,doi:10.1145/1773965.1773966,academic/control per v1,exclude,X1,Unknown (v1 audit has no v2 mutually exclusive field)
ACM,NC11B6E693E29E645,10.1145/3770855.3817492,doi:10.1145/3770855.3817492,academic/control per v1,exclude,X1,Unknown (v1 audit has no v2 mutually exclusive field)
ACM,NC15028C5873C2FC9,10.5555/3237383.3237475,doi:10.5555/3237383.3237475,academic/control per v1,exclude,X2,Unknown (v1 audit has no v2 mutually exclusive field)
ACM,NC150414E46E94144,10.1145/3771882.3771913,doi:10.1145/3771882.3771913,academic/control per v1,exclude,X1,Unknown (v1 audit has no v2 mutually exclusive field)
ACM,NC176FE53F1C092D8,10.1145/3581783.3612425,doi:10.1145/3581783.3612425,academic/control per v1,exclude,X1,Unknown (v1 audit has no v2 mutually exclusive field)
ACM,NC18273F47D1C7F00,10.1145/3508230.3508251,doi:10.1145/3508230.3508251,academic/control per v1,exclude,X1,Unknown (v1 audit has no v2 mutually exclusive field)
ACM,NC198D5C70E0E790D,10.1145/1280680.1280691,doi:10.1145/1280680.1280691,academic/control per v1,exclude,X1,Unknown (v1 audit has no v2 mutually exclusive field)
ACM,NC1BD4BCE160B79D0,10.1145/3133956.3134084,doi:10.1145/3133956.3134084,academic/control per v1,exclude,X1/out_of_scope,Unknown (v1 audit has no v2 mutually exclusive field)
ACM,NC1D4D710189C034A,10.1145/3544548.3580693,doi:10.1145/3544548.3580693,academic/control per v1,exclude,X1,Unknown (v1 audit has no v2 mutually exclusive field)
ACM,NC1DC5F0D941805FD,10.1145/1103900.1103928,doi:10.1145/1103900.1103928,academic/control per v1,exclude,X1/out_of_scope,Unknown (v1 audit has no v2 mutually exclusive field)
ACM,NC1F886B2A9AF75F9,10.1145/512000.512001,doi:10.1145/512000.512001,academic/control per v1,exclude,X1/out_of_scope,Unknown (v1 audit has no v2 mutually exclusive field)
ACM,NC229200D64592C85,10.1145/3465631.3465669,doi:10.1145/3465631.3465669,academic/control per v1,pending,A0/missing_primary_abstract,Unknown (v1 audit has no v2 mutually exclusive field)
ACM,NC2AFD242F08FFF07,10.1145/3798285,doi:10.1145/3798285,academic/control per v1,exclude,X1,Unknown (v1 audit has no v2 mutually exclusive field)
ACM,NC2BB545573E9EE75,10.1145/3490486.3538373,doi:10.1145/3490486.3538373,academic/control per v1,include,I1,Unknown (v1 audit has no v2 mutually exclusive field)
ACM,NC2EEB52AEA7F4811,10.1145/3701551.3707420,doi:10.1145/3701551.3707420,academic/control per v1,exclude,X1/out_of_scope,Unknown (v1 audit has no v2 mutually exclusive field)
ACM,NC2F594DB4F5C5C98,10.1145/2095536.2095643,doi:10.1145/2095536.2095643,academic/control per v1,exclude,X1/out_of_scope,Unknown (v1 audit has no v2 mutually exclusive field)
ACM,NC2F5D15FC845757F,10.1145/3544548.3580736,doi:10.1145/3544548.3580736,academic/control per v1,exclude,X1,Unknown (v1 audit has no v2 mutually exclusive field)
ACM,NC32B33FDDE86BFB5,10.1145/3776759,doi:10.1145/3776759,academic/control per v1,exclude,T1/proceedings_collection,Unknown (v1 audit has no v2 mutually exclusive field)
ACM,NC334F6DBB983136B,10.1145/3610548,doi:10.1145/3610548,academic/control per v1,exclude,T1/proceedings_collection,Unknown (v1 audit has no v2 mutually exclusive field)
ACM,NC34141E266157C99,10.1109/iat.2007.72,doi:10.1109/iat.2007.72,academic/control per v1,exclude,X1,Unknown (v1 audit has no v2 mutually exclusive field)
ACM,NC3597BCFA0B9E325,10.1145/3188745.3188944,doi:10.1145/3188745.3188944,academic/control per v1,exclude,X1,Unknown (v1 audit has no v2 mutually exclusive field)
ACM,NC36BABEF58D46323,10.1145/800173.809692,doi:10.1145/800173.809692,academic/control per v1,exclude,X1,Unknown (v1 audit has no v2 mutually exclusive field)
ACM,NC372E01A52B5FD90,10.1145/3810991,doi:10.1145/3810991,academic/control per v1,exclude,T1/proceedings_collection,Unknown (v1 audit has no v2 mutually exclusive field)
ACM,NC37B4B0F73D4097F,10.1145/1324249.1324265,doi:10.1145/1324249.1324265,academic/control per v1,exclude,X2/scope_not_explicit_in_abstract,Unknown (v1 audit has no v2 mutually exclusive field)
ACM,NC37F1A43ACAE45D0,10.5555/957289.957346,doi:10.5555/957289.957346,academic/control per v1,exclude,X1,Unknown (v1 audit has no v2 mutually exclusive field)
ACM,NC3BBE46FC6B6A992,10.5555/3545946.3598986,doi:10.5555/3545946.3598986,academic/control per v1,include,I1/direct_commercial_interaction,Unknown (v1 audit has no v2 mutually exclusive field)
ACM,NC3BCBA7F81E42DF9,10.1145/1186595.1186630,doi:10.1145/1186595.1186630,academic/control per v1,exclude,X2/scope_not_explicit_in_abstract,Unknown (v1 audit has no v2 mutually exclusive field)
ACM,NC3C7BD58EC5D1DFF,10.5555/2133036.2133093,doi:10.5555/2133036.2133093,academic/control per v1,exclude,X1,Unknown (v1 audit has no v2 mutually exclusive field)
ACM,NC3DFD3FCF30D869D,10.1145/3473567,doi:10.1145/3473567,academic/control per v1,exclude,X1,Unknown (v1 audit has no v2 mutually exclusive field)
ACM,NC474B3286E9C4D1C,10.1145/3442381.3449840,doi:10.1145/3442381.3449840,academic/control per v1,exclude,X1,Unknown (v1 audit has no v2 mutually exclusive field)
ACM,NC47C35C5C01D62A0,10.1145/3626184,doi:10.1145/3626184,academic/control per v1,exclude,T1/proceedings_collection,Unknown (v1 audit has no v2 mutually exclusive field)
ACM,NC4810A8FD47BD815,10.1145/3233795.3233796,doi:10.1145/3233795.3233796,academic/control per v1,pending,A0/missing_primary_abstract,Unknown (v1 audit has no v2 mutually exclusive field)
ACM,NC492A64593D4A169,10.1145/1082473.1082517,doi:10.1145/1082473.1082517,academic/control per v1,exclude,X2/scope_not_explicit_in_abstract,Unknown (v1 audit has no v2 mutually exclusive field)
ACM,NC49948033E4F2028,10.5555/3306127.3331722,doi:10.5555/3306127.3331722,academic/control per v1,exclude,X2,Unknown (v1 audit has no v2 mutually exclusive field)
ACM,NC4ADD9CC425263F8,10.1145/1161023.1161035,doi:10.1145/1161023.1161035,academic/control per v1,exclude,X1,Unknown (v1 audit has no v2 mutually exclusive field)
ACM,NC4AFFDCB0C8D4BD2,10.1145/1160633.1160846,doi:10.1145/1160633.1160846,academic/control per v1,exclude,X1,Unknown (v1 audit has no v2 mutually exclusive field)
ACM,NC4DC3294A2522F0C,10.1145/544741.544759,doi:10.1145/544741.544759,academic/control per v1,exclude,X1/out_of_scope,Unknown (v1 audit has no v2 mutually exclusive field)
ACM,NC4E07A5F3682453C,10.1145/1217196.1217198,doi:10.1145/1217196.1217198,academic/control per v1,exclude,X1,Unknown (v1 audit has no v2 mutually exclusive field)
ACM,NC4E2EDC36C845AEB,10.1145/3731446,doi:10.1145/3731446,academic/control per v1,exclude,X1,Unknown (v1 audit has no v2 mutually exclusive field)
ACM,NC4F394EE58AB830E,10.1145/3772318.3790879,doi:10.1145/3772318.3790879,academic/control per v1,exclude,X1,Unknown (v1 audit has no v2 mutually exclusive field)
ACM,NC4FF07F22E976DE6,10.1145/3448891.3448957,doi:10.1145/3448891.3448957,academic/control per v1,exclude,X1,Unknown (v1 audit has no v2 mutually exclusive field)
ACM,NC5029D269AC41272,10.1145/3830418.3843858,doi:10.1145/3830418.3843858,academic/control per v1,exclude,T2/after_cutoff,Unknown (v1 audit has no v2 mutually exclusive field)
ACM,NC5037FD555B3F0BE,10.5555/3242181.3242277,doi:10.5555/3242181.3242277,academic/control per v1,exclude,X2,Unknown (v1 audit has no v2 mutually exclusive field)
ACM,NC506D74E3AD196CF,10.1145/366853.366861,doi:10.1145/366853.366861,academic/control per v1,exclude,X1,Unknown (v1 audit has no v2 mutually exclusive field)
ACM,NC51E32D6F2CC3103,10.5555/2615731.2617412,doi:10.5555/2615731.2617412,academic/control per v1,exclude,X1,Unknown (v1 audit has no v2 mutually exclusive field)
ACM,NC51F01AC7CC21B19,10.1145/3736252.3742493,doi:10.1145/3736252.3742493,academic/control per v1,exclude,X1,Unknown (v1 audit has no v2 mutually exclusive field)
ACM,NC55E972092E4BC21,10.1145/3589334.3645511,doi:10.1145/3589334.3645511,academic/control per v1,include,I1,Unknown (v1 audit has no v2 mutually exclusive field)
ACM,NC578E4A415F3174C,10.5555/3709347.3743519,doi:10.5555/3709347.3743519,academic/control per v1,exclude,X1,Unknown (v1 audit has no v2 mutually exclusive field)
ACM,NC591E53DD62E7E76,10.1145/3808707,doi:10.1145/3808707,academic/control per v1,exclude,T1/proceedings_collection,Unknown (v1 audit has no v2 mutually exclusive field)
ACM,NC5C206DDAE50941B,10.1145/1500412.1500454,doi:10.1145/1500412.1500454,academic/control per v1,exclude,X1,Unknown (v1 audit has no v2 mutually exclusive field)
ACM,NC5C6B00F3DE8541D,10.1145/309831.309961,doi:10.1145/309831.309961,academic/control per v1,pending,A0/missing_primary_abstract,Unknown (v1 audit has no v2 mutually exclusive field)
ACM,NC5CD8D3A3B10FBA6,10.1145/375735.376449,doi:10.1145/375735.376449,academic/control per v1,exclude,X2/scope_not_explicit_in_abstract,Unknown (v1 audit has no v2 mutually exclusive field)
ACM,NC5D94DFBD9D7B729,10.1145/3696410,doi:10.1145/3696410,academic/control per v1,exclude,T1/proceedings_collection,Unknown (v1 audit has no v2 mutually exclusive field)
ACM,NC5F746EDEF3DD9E8,10.5555/2722129.2722139,doi:10.5555/2722129.2722139,academic/control per v1,exclude,X1,Unknown (v1 audit has no v2 mutually exclusive field)
ACM,NC63F4806CF20DA7C,10.1109/tcbb.2021.3103280,doi:10.1109/tcbb.2021.3103280,academic/control per v1,exclude,X1,Unknown (v1 audit has no v2 mutually exclusive field)
ACM,NC647C3B64BF46E95,10.5555/2484920.2485271,doi:10.5555/2484920.2485271,academic/control per v1,exclude,X1,Unknown (v1 audit has no v2 mutually exclusive field)
ACM,NC65997E40DEC0A63,10.5555/3176788.3176806,doi:10.5555/3176788.3176806,academic/control per v1,exclude,X1,Unknown (v1 audit has no v2 mutually exclusive field)
ACM,NC65C631DF0BEA2AA,10.1145/3581791,doi:10.1145/3581791,academic/control per v1,exclude,T1/proceedings_collection,Unknown (v1 audit has no v2 mutually exclusive field)
ACM,NC670DDFE032B70E9,10.1007/s00165-013-0282-7,doi:10.1007/s00165-013-0282-7,academic/control per v1,exclude,X1,Unknown (v1 audit has no v2 mutually exclusive field)
ACM,NC67E8D16DFFF5459,10.1145/3794858,doi:10.1145/3794858,academic/control per v1,exclude,X1,Unknown (v1 audit has no v2 mutually exclusive field)
ACM,NC68F894A5E872E5E,10.1109/wi-iatw.2006.31,doi:10.1109/wi-iatw.2006.31,academic/control per v1,exclude,X1,Unknown (v1 audit has no v2 mutually exclusive field)
ACM,NC6930F4F848CC4AB,10.1145/3478905.3478943,doi:10.1145/3478905.3478943,academic/control per v1,exclude,X1,Unknown (v1 audit has no v2 mutually exclusive field)
ACM,NC69FE656F12EBC91,10.5555/3786160.3816371,doi:10.5555/3786160.3816371,academic/control per v1,exclude,X1/out_of_scope,Unknown (v1 audit has no v2 mutually exclusive field)
ACM,NC6A34751431BF99E,10.1145/3580507.3597793,doi:10.1145/3580507.3597793,academic/control per v1,exclude,X1,Unknown (v1 audit has no v2 mutually exclusive field)
ACM,NC6B90BB34D2A469D,10.1145/779928.779965,doi:10.1145/779928.779965,academic/control per v1,exclude,X2/scope_not_explicit_in_abstract,Unknown (v1 audit has no v2 mutually exclusive field)
ACM,NC6D047C75D7E2FC1,10.1145/3773078.3831744,doi:10.1145/3773078.3831744,academic/control per v1,exclude,T2/after_cutoff,Unknown (v1 audit has no v2 mutually exclusive field)
ACM,NC703620BDEA9DD51,10.1145/3650212,doi:10.1145/3650212,academic/control per v1,exclude,T1/proceedings_collection,Unknown (v1 audit has no v2 mutually exclusive field)
ACM,NC7284FDEEE7E2A9C,10.1145/3803437.3805534,doi:10.1145/3803437.3805534,academic/control per v1,include,I2,Unknown (v1 audit has no v2 mutually exclusive field)
ACM,NC73B1FC38CEB8235,10.1145/3786160,doi:10.1145/3786160,academic/control per v1,exclude,T1/proceedings_collection,Unknown (v1 audit has no v2 mutually exclusive field)
ACM,NC74CA15158E08DC8,10.1145/3132211.3134462,doi:10.1145/3132211.3134462,academic/control per v1,exclude,X1,Unknown (v1 audit has no v2 mutually exclusive field)
ACM,NC74F646B808B05F6,10.1109/iat.2006.13,doi:10.1109/iat.2006.13,academic/control per v1,exclude,X1,Unknown (v1 audit has no v2 mutually exclusive field)
ACM,NC770BA99E2EA3CD9,10.1145/3708035.3736047,doi:10.1145/3708035.3736047,academic/control per v1,exclude,X1,Unknown (v1 audit has no v2 mutually exclusive field)
ACM,NC7B844B26D81189D,10.1145/1807406.1807411,doi:10.1145/1807406.1807411,academic/control per v1,exclude,X1,Unknown (v1 audit has no v2 mutually exclusive field)
ACM,NC7D86F258D500325,10.1145/3675417.3675530,doi:10.1145/3675417.3675530,academic/control per v1,exclude,X1,Unknown (v1 audit has no v2 mutually exclusive field)
ACM,NC7F3A090A403C0A1,10.5555/3814246.3814272,doi:10.5555/3814246.3814272,academic/control per v1,exclude,X1/out_of_scope,Unknown (v1 audit has no v2 mutually exclusive field)
ACM,NC81EC7FCFCAFA9B7,10.1145/2346536.2346538,doi:10.1145/2346536.2346538,academic/control per v1,include,I1,Unknown (v1 audit has no v2 mutually exclusive field)
ACM,NC8318D53FF985169,10.5555/1402744.1402748,doi:10.5555/1402744.1402748,academic/control per v1,exclude,X1/out_of_scope,Unknown (v1 audit has no v2 mutually exclusive field)
ACM,NC8620B51F5A6FECB,10.1145/3803437.3805261,doi:10.1145/3803437.3805261,academic/control per v1,exclude,X1,Unknown (v1 audit has no v2 mutually exclusive field)
ACM,NC88D6890F0E01BF9,10.1145/3360774.3360833,doi:10.1145/3360774.3360833,academic/control per v1,exclude,X1,Unknown (v1 audit has no v2 mutually exclusive field)
ACM,NC89ED61FB73B6FD8,10.1145/3292500.3340417,doi:10.1145/3292500.3340417,academic/control per v1,exclude,X1,Unknown (v1 audit has no v2 mutually exclusive field)
ACM,NC8C9FA5BB104E43F,10.1109/lics.2013.32,doi:10.1109/lics.2013.32,academic/control per v1,exclude,X1,Unknown (v1 audit has no v2 mutually exclusive field)
ACM,NC8CEDC1756265370,10.1145/1082473.1082695,doi:10.1145/1082473.1082695,academic/control per v1,exclude,X2/scope_not_explicit_in_abstract,Unknown (v1 audit has no v2 mutually exclusive field)
ACM,NC8DBFB1F15F6A00A,10.1145/3774904.3792929,doi:10.1145/3774904.3792929,academic/control per v1,exclude,X1,Unknown (v1 audit has no v2 mutually exclusive field)
ACM,NC8F573CC7D27B1A1,10.1145/3444465.3444521,doi:10.1145/3444465.3444521,academic/control per v1,exclude,X1,Unknown (v1 audit has no v2 mutually exclusive field)
ACM,NC947091C2A9C9B6A,10.5555/3176788.3176795,doi:10.5555/3176788.3176795,academic/control per v1,exclude,X1,Unknown (v1 audit has no v2 mutually exclusive field)
ACM,NC9518B2426134728,10.1145/1151454,doi:10.1145/1151454,academic/control per v1,exclude,T1/proceedings_collection,Unknown (v1 audit has no v2 mutually exclusive field)
ACM,NC9910F0311358F5F,10.5555/3091125.3091466,doi:10.5555/3091125.3091466,academic/control per v1,exclude,X1,Unknown (v1 audit has no v2 mutually exclusive field)
ACM,NC9A53840A9F926D6,10.1145/3805713.3820408,doi:10.1145/3805713.3820408,academic/control per v1,exclude,X1,Unknown (v1 audit has no v2 mutually exclusive field)
ACM,NC9B468F6B76F830B,10.1145/3243157.3243169,doi:10.1145/3243157.3243169,academic/control per v1,exclude,X1/out_of_scope,Unknown (v1 audit has no v2 mutually exclusive field)
ACM,NC9BD0E091782BA2A,10.5555/510378.510400,doi:10.5555/510378.510400,academic/control per v1,exclude,X1,Unknown (v1 audit has no v2 mutually exclusive field)
ACM,NC9C6CF2BBC86A6E1,10.5555/1775223.1775244,doi:10.5555/1775223.1775244,academic/control per v1,exclude,X2/scope_not_explicit_in_abstract,Unknown (v1 audit has no v2 mutually exclusive field)
ACM,NC9C890E5E2EC54A4,10.1145/1160633.1160842,doi:10.1145/1160633.1160842,academic/control per v1,exclude,X1,Unknown (v1 audit has no v2 mutually exclusive field)
ACM,NC9F7D430A5E28078,10.1145/3806007.3810961,doi:10.1145/3806007.3810961,academic/control per v1,include,I2/commerce_enabling_protocol,Unknown (v1 audit has no v2 mutually exclusive field)
ACM,NCA0C811441A341C6,10.1145/3437800.3439201,doi:10.1145/3437800.3439201,academic/control per v1,exclude,X1,Unknown (v1 audit has no v2 mutually exclusive field)
ACM,NCA1CC59FD17420B2,10.5555/1929237.1929258,doi:10.5555/1929237.1929258,academic/control per v1,exclude,X2,Unknown (v1 audit has no v2 mutually exclusive field)
ACM,NCA3FE09F5EBFCBA6,10.5555/2343896.2344018,doi:10.5555/2343896.2344018,academic/control per v1,exclude,X1,Unknown (v1 audit has no v2 mutually exclusive field)
ACM,NCA43B238B4163B51,10.1145/3786157.3788568,doi:10.1145/3786157.3788568,academic/control per v1,exclude,X2,Unknown (v1 audit has no v2 mutually exclusive field)
ACM,NCA5EC6DC86EF008E,10.1145/2764468.2764498,doi:10.1145/2764468.2764498,academic/control per v1,exclude,X1/out_of_scope,Unknown (v1 audit has no v2 mutually exclusive field)
ACM,NCA6544A462042231,10.1145/3832115,doi:10.1145/3832115,academic/control per v1,exclude,T2/after_cutoff,Unknown (v1 audit has no v2 mutually exclusive field)
ACM,NCA6FA537260F59CC,10.1145/2600057.2602858,doi:10.1145/2600057.2602858,academic/control per v1,exclude,X1,Unknown (v1 audit has no v2 mutually exclusive field)
ACM,NCA784FAEC6B7C597,10.1145/1134707.1134734,doi:10.1145/1134707.1134734,academic/control per v1,exclude,X1,Unknown (v1 audit has no v2 mutually exclusive field)
ACM,NCABB38CBAB468678,10.1145/2325702.2325705,doi:10.1145/2325702.2325705,academic/control per v1,exclude,X1,Unknown (v1 audit has no v2 mutually exclusive field)
ACM,NCACD3573EBCF56D5,10.1145/945445.945454,doi:10.1145/945445.945454,academic/control per v1,exclude,X1,Unknown (v1 audit has no v2 mutually exclusive field)
ACM,NCACE4FED6373D3A9,10.1145/3555041.3589713,doi:10.1145/3555041.3589713,academic/control per v1,exclude,X1,Unknown (v1 audit has no v2 mutually exclusive field)
ACM,NCB390AB1E4DE0CC7,10.1145/3368274,doi:10.1145/3368274,academic/control per v1,exclude,X1/out_of_scope,Unknown (v1 audit has no v2 mutually exclusive field)
ACM,NCB44B90682C8A268,10.1145/3614321.3614359,doi:10.1145/3614321.3614359,academic/control per v1,exclude,X1,Unknown (v1 audit has no v2 mutually exclusive field)
ACM,NCB4929D5814F994C,10.5555/1018409.1018740,doi:10.5555/1018409.1018740,academic/control per v1,exclude,X1,Unknown (v1 audit has no v2 mutually exclusive field)
ACM,NCB7292E763F28706,10.1145/570705.570707,doi:10.1145/570705.570707,academic/control per v1,exclude,X2/scope_not_explicit_in_abstract,Unknown (v1 audit has no v2 mutually exclusive field)
ACM,NCBA46DFBCA89B816,10.1145/3543507.3583292,doi:10.1145/3543507.3583292,academic/control per v1,exclude,X1,Unknown (v1 audit has no v2 mutually exclusive field)
ACM,NCBBBDE2955D18EF9,10.5555/2615731.2615771,doi:10.5555/2615731.2615771,academic/control per v1,exclude,X1,Unknown (v1 audit has no v2 mutually exclusive field)
ACM,NCBF1B35C73F9109F,10.5555/3013558.3013568,doi:10.5555/3013558.3013568,academic/control per v1,exclude,X2,Unknown (v1 audit has no v2 mutually exclusive field)
ACM,NCBF6B4445A679350,10.1145/3188745.3188878,doi:10.1145/3188745.3188878,academic/control per v1,exclude,X1,Unknown (v1 audit has no v2 mutually exclusive field)
ACM,NCC24BD7E70ED3F0D,10.1145/2348714.2348723,doi:10.1145/2348714.2348723,academic/control per v1,exclude,X1,Unknown (v1 audit has no v2 mutually exclusive field)
ACM,NCC37ADE30E2CA5CF,10.1145/3466772.3467041,doi:10.1145/3466772.3467041,academic/control per v1,exclude,X1,Unknown (v1 audit has no v2 mutually exclusive field)
ACM,NCC45B61A5579DDFC,10.5555/1873601.1873647,doi:10.5555/1873601.1873647,academic/control per v1,exclude,X1,Unknown (v1 audit has no v2 mutually exclusive field)
ACM,NCC721B2A1C1819FC,10.5555/1622467.1622470,doi:10.5555/1622467.1622470,academic/control per v1,exclude,X1,Unknown (v1 audit has no v2 mutually exclusive field)
ACM,NCC72E856C63419B5,10.1145/1374618.1374657,doi:10.1145/1374618.1374657,academic/control per v1,include,I1/direct_commercial_interaction,Unknown (v1 audit has no v2 mutually exclusive field)
ACM,NCC832BEF4E7EDFC0,10.1145/3343147.3343153,doi:10.1145/3343147.3343153,academic/control per v1,exclude,X1,Unknown (v1 audit has no v2 mutually exclusive field)
ACM,NCC9081DEC6E2F4ED,10.1145/3328526.3329603,doi:10.1145/3328526.3329603,academic/control per v1,exclude,X1,Unknown (v1 audit has no v2 mutually exclusive field)
ACM,NCCB8919949E4E84C,10.1145/3802133,doi:10.1145/3802133,academic/control per v1,exclude,T1/proceedings_collection,Unknown (v1 audit has no v2 mutually exclusive field)
ACM,NCCCAFF0AF6FD62EF,10.1145/2370216.2370250,doi:10.1145/2370216.2370250,academic/control per v1,exclude,X1,Unknown (v1 audit has no v2 mutually exclusive field)
ACM,NCCDAC49D92C37BC3,10.1145/3736252.3742605,doi:10.1145/3736252.3742605,academic/control per v1,exclude,X1,Unknown (v1 audit has no v2 mutually exclusive field)
ACM,NCCE0E46500FBCFDD,10.1145/3328526.3329631,doi:10.1145/3328526.3329631,academic/control per v1,exclude,X1,Unknown (v1 audit has no v2 mutually exclusive field)
ACM,NCCE58CF1C2E6D6BD,10.1145/375735.375880,doi:10.1145/375735.375880,academic/control per v1,exclude,X1,Unknown (v1 audit has no v2 mutually exclusive field)
ACM,NCCF05E0B8AAB525E,10.1145/3802514,doi:10.1145/3802514,academic/control per v1,exclude,T1/proceedings_collection,Unknown (v1 audit has no v2 mutually exclusive field)
ACM,NCCF34E457931E07E,10.1145/2020976.2020989,doi:10.1145/2020976.2020989,academic/control per v1,exclude,X1,Unknown (v1 audit has no v2 mutually exclusive field)
ACM,NCCFDEF62D93B7239,10.1145/3720553.3746683,doi:10.1145/3720553.3746683,academic/control per v1,exclude,X1,Unknown (v1 audit has no v2 mutually exclusive field)
ACM,NCD30298B11C2A514,10.5555/3091125.3091140,doi:10.5555/3091125.3091140,academic/control per v1,exclude,X2,Unknown (v1 audit has no v2 mutually exclusive field)
ACM,NCD492D842B94CD76,10.5555/3042094.3042310,doi:10.5555/3042094.3042310,academic/control per v1,include,I1,Unknown (v1 audit has no v2 mutually exclusive field)
ACM,NCD4ED74781090005,10.1145/3742414.3794951,doi:10.1145/3742414.3794951,academic/control per v1,exclude,X1,Unknown (v1 audit has no v2 mutually exclusive field)
ACM,NCD52EFF6089FA5BA,10.5555/1286711.1286732,doi:10.5555/1286711.1286732,academic/control per v1,exclude,X1,Unknown (v1 audit has no v2 mutually exclusive field)
ACM,NCD904DEA44E382DF,10.1145/3808045,doi:10.1145/3808045,academic/control per v1,exclude,T1/proceedings_collection,Unknown (v1 audit has no v2 mutually exclusive field)
ACM,NCDBBC5D58C3FE6F8,10.1145/3847195,doi:10.1145/3847195,academic/control per v1,exclude,X1,Unknown (v1 audit has no v2 mutually exclusive field)
ACM,NCDDB3CF81ED50E87,10.1145/3550454.3555434,doi:10.1145/3550454.3555434,academic/control per v1,exclude,X1,Unknown (v1 audit has no v2 mutually exclusive field)
ACM,NCDDD6C64303C8A3D,10.1145/2611462.2611516,doi:10.1145/2611462.2611516,academic/control per v1,exclude,X2,Unknown (v1 audit has no v2 mutually exclusive field)
ACM,NCDFBD06AD3364798,10.5555/2581999,doi:10.5555/2581999,academic/control per v1,exclude,X1,Unknown (v1 audit has no v2 mutually exclusive field)
ACM,NCE0E9AD26328133B,10.1145/3508352,doi:10.1145/3508352,academic/control per v1,exclude,T1/proceedings_collection,Unknown (v1 audit has no v2 mutually exclusive field)
ACM,NCE10692A53A3961A,10.1145/3585059.3611411,doi:10.1145/3585059.3611411,academic/control per v1,exclude,X1,Unknown (v1 audit has no v2 mutually exclusive field)
ACM,NCE4BC5DAF4D9B770,10.1145/3670865.3673630,doi:10.1145/3670865.3673630,academic/control per v1,exclude,X1,Unknown (v1 audit has no v2 mutually exclusive field)
ACM,NCE530285E99C9DE2,10.5555/2484920.2485123,doi:10.5555/2484920.2485123,academic/control per v1,exclude,X1,Unknown (v1 audit has no v2 mutually exclusive field)
ACM,NCE63B6DA275F6C60,10.1145/3460112.3471961,doi:10.1145/3460112.3471961,academic/control per v1,exclude,X1,Unknown (v1 audit has no v2 mutually exclusive field)
ACM,NCE68460C039A6591,10.1145/3822455.3838763,doi:10.1145/3822455.3838763,academic/control per v1,exclude,T2/after_cutoff,Unknown (v1 audit has no v2 mutually exclusive field)
ACM,NCEA162AB5A121D76,10.1145/1143549.1143800,doi:10.1145/1143549.1143800,academic/control per v1,exclude,X1/out_of_scope,Unknown (v1 audit has no v2 mutually exclusive field)
ACM,NCED2087264469B92,10.1145/2482540.2482580,doi:10.1145/2482540.2482580,academic/control per v1,exclude,X1,Unknown (v1 audit has no v2 mutually exclusive field)
ACM,NCEDD4899DC7A2280,10.1145/3307772.3328281,doi:10.1145/3307772.3328281,academic/control per v1,include,I1/direct_commercial_interaction,Unknown (v1 audit has no v2 mutually exclusive field)
ACM,NCEE50C7588B330F2,10.1145/1082473.1082570,doi:10.1145/1082473.1082570,academic/control per v1,exclude,X2/scope_not_explicit_in_abstract,Unknown (v1 audit has no v2 mutually exclusive field)
ACM,NCEEA46602A4C87B4,10.1145/3670865.3673529,doi:10.1145/3670865.3673529,academic/control per v1,exclude,X1,Unknown (v1 audit has no v2 mutually exclusive field)
ACM,NCEEC1FADB9218ADB,10.1145/3772356.3772409,doi:10.1145/3772356.3772409,academic/control per v1,exclude,X1,Unknown (v1 audit has no v2 mutually exclusive field)
ACM,NCEF882B7423966C8,10.1145/3134472.3134513,doi:10.1145/3134472.3134513,academic/control per v1,pending,A0/missing_primary_abstract,Unknown (v1 audit has no v2 mutually exclusive field)
ACM,NCF04B89D6D23236A,10.1109/iat.2006.60,doi:10.1109/iat.2006.60,academic/control per v1,include,I1,Unknown (v1 audit has no v2 mutually exclusive field)
ACM,NCF05AA036DAC6B77,10.5555/1402782.1402790,doi:10.5555/1402782.1402790,academic/control per v1,exclude,X2/scope_not_explicit_in_abstract,Unknown (v1 audit has no v2 mutually exclusive field)
ACM,NCF21B7146102647C,10.1145/3411764.3445761,doi:10.1145/3411764.3445761,academic/control per v1,exclude,X1,Unknown (v1 audit has no v2 mutually exclusive field)
ACM,NCF611CDA05A67A1A,10.5555/2484920.2485020,doi:10.5555/2484920.2485020,academic/control per v1,exclude,X1/out_of_scope,Unknown (v1 audit has no v2 mutually exclusive field)
ACM,NCF76138ED91E542D,10.1145/306101.306109,doi:10.1145/306101.306109,academic/control per v1,include,I1,Unknown (v1 audit has no v2 mutually exclusive field)
ACM,NCF7A6D31FE38AD71,10.1145/3424978.3425046,doi:10.1145/3424978.3425046,academic/control per v1,exclude,X1,Unknown (v1 audit has no v2 mutually exclusive field)
ACM,NCF8D3C2BFF00A836,10.1145/3773078.3831813,doi:10.1145/3773078.3831813,academic/control per v1,exclude,T2/after_cutoff,Unknown (v1 audit has no v2 mutually exclusive field)
ACM,NCF9BEAB52763ED80,10.5555/3786161.3816369,doi:10.5555/3786161.3816369,academic/control per v1,exclude,X1/out_of_scope,Unknown (v1 audit has no v2 mutually exclusive field)
ACM,NCFBCB62F555D37D8,10.1109/iat.2006.43,doi:10.1109/iat.2006.43,academic/control per v1,exclude,X2/scope_not_explicit_in_abstract,Unknown (v1 audit has no v2 mutually exclusive field)
ACM,NCFC3399CF234CE1C,10.5555/2343776.2343801,doi:10.5555/2343776.2343801,academic/control per v1,exclude,X1,Unknown (v1 audit has no v2 mutually exclusive field)
ACM,NCFEA7AF393B8EA91,10.1007/11575726_4,doi:10.1007/11575726_4,academic/control per v1,exclude,X2/scope_not_explicit_in_abstract,Unknown (v1 audit has no v2 mutually exclusive field)
ACM,NCFFF11C385D0F903,10.1145/3786335.3813187,doi:10.1145/3786335.3813187,academic/control per v1,exclude,X1,Unknown (v1 audit has no v2 mutually exclusive field)
ACM,ND00D1FCBFB2261D5,10.1145/3511808.3557094,doi:10.1145/3511808.3557094,academic/control per v1,exclude,X1,Unknown (v1 audit has no v2 mutually exclusive field)
ACM,ND025858C14D80C68,10.5555/1325851.1325874,doi:10.5555/1325851.1325874,academic/control per v1,exclude,X1,Unknown (v1 audit has no v2 mutually exclusive field)
ACM,ND0395C9800F6EC4F,10.1145/948005.948021,doi:10.1145/948005.948021,academic/control per v1,include,I2/commercial_enabling_protocol,Unknown (v1 audit has no v2 mutually exclusive field)
ACM,ND0504A1FBAFB50B0,10.1145/3233795.3233806,doi:10.1145/3233795.3233806,academic/control per v1,pending,A0/missing_primary_abstract,Unknown (v1 audit has no v2 mutually exclusive field)
ACM,ND0700FFAEC332CA3,10.1145/3219166.3219190,doi:10.1145/3219166.3219190,academic/control per v1,exclude,X1,Unknown (v1 audit has no v2 mutually exclusive field)
ACM,ND08B5CD340EF642D,10.1145/3793655.3793722,doi:10.1145/3793655.3793722,academic/control per v1,exclude,X1,Unknown (v1 audit has no v2 mutually exclusive field)
ACM,ND08EE24066BC7287,10.5555/2615731.2617499,doi:10.5555/2615731.2617499,academic/control per v1,exclude,X1,Unknown (v1 audit has no v2 mutually exclusive field)
ACM,ND0D6F683D362E939,10.1145/3679240,doi:10.1145/3679240,academic/control per v1,exclude,T1/proceedings_collection,Unknown (v1 audit has no v2 mutually exclusive field)
ACM,ND0E24D28D870F776,10.1109/ucc.2014.19,doi:10.1109/ucc.2014.19,academic/control per v1,exclude,X1,Unknown (v1 audit has no v2 mutually exclusive field)
ACM,ND0F3B0A44B9259CA,10.1145/3543507.3583523,doi:10.1145/3543507.3583523,academic/control per v1,include,I1,Unknown (v1 audit has no v2 mutually exclusive field)
ACM,ND104DE3E7C35918C,10.1007/978-3-642-27216-5_31,doi:10.1007/978-3-642-27216-5_31,academic/control per v1,exclude,X2/scope_not_explicit_in_abstract,Unknown (v1 audit has no v2 mutually exclusive field)
ACM,ND10AC19B3745DB2B,10.1145/3727648,doi:10.1145/3727648,academic/control per v1,exclude,T1/proceedings_collection,Unknown (v1 audit has no v2 mutually exclusive field)
ACM,ND12135CFEC544BA0,10.1145/3766918,doi:10.1145/3766918,academic/control per v1,exclude,T1/proceedings_collection,Unknown (v1 audit has no v2 mutually exclusive field)
ACM,ND126C208BC964956,10.1145/2492002.2482582,doi:10.1145/2492002.2482582,academic/control per v1,exclude,X1,Unknown (v1 audit has no v2 mutually exclusive field)
ACM,ND12A0EF2F4FA8A7D,10.1145/3769684,doi:10.1145/3769684,academic/control per v1,pending,A0/missing_primary_abstract,Unknown (v1 audit has no v2 mutually exclusive field)
ACM,ND1386CB4891D1FA6,10.1145/3821409,doi:10.1145/3821409,academic/control per v1,exclude,T1/proceedings_collection,Unknown (v1 audit has no v2 mutually exclusive field)
ACM,ND144230D1EC6A1CA,10.1145/3746252.3761526,doi:10.1145/3746252.3761526,academic/control per v1,exclude,X1,Unknown (v1 audit has no v2 mutually exclusive field)
ACM,ND158201E464FEFF8,10.1145/3708035,doi:10.1145/3708035,academic/control per v1,exclude,T1/proceedings_collection,Unknown (v1 audit has no v2 mutually exclusive field)
ACM,ND15B0AF379B258FE,10.1145/3546000.3546027,doi:10.1145/3546000.3546027,academic/control per v1,exclude,X1,Unknown (v1 audit has no v2 mutually exclusive field)
ACM,ND17CA4D482728B93,10.1145/3565560,doi:10.1145/3565560,academic/control per v1,exclude,X1,Unknown (v1 audit has no v2 mutually exclusive field)
ACM,ND19022BCD2ECC868,10.1145/3428125,doi:10.1145/3428125,academic/control per v1,exclude,X1,Unknown (v1 audit has no v2 mutually exclusive field)
ACM,ND1B57FFD9841307D,10.1145/3460418.3479274,doi:10.1145/3460418.3479274,academic/control per v1,exclude,X1,Unknown (v1 audit has no v2 mutually exclusive field)
ACM,ND1C998A072D7F16E,10.5555/545381.545509,doi:10.5555/545381.545509,academic/control per v1,exclude,X1,Unknown (v1 audit has no v2 mutually exclusive field)
ACM,ND281AEAD131163BF,10.1145/1566374.1566422,doi:10.1145/1566374.1566422,academic/control per v1,exclude,X1,Unknown (v1 audit has no v2 mutually exclusive field)
ACM,ND2A5D18E27579E2F,10.1145/3701716.3717570,doi:10.1145/3701716.3717570,academic/control per v1,exclude,X1,Unknown (v1 audit has no v2 mutually exclusive field)
ACM,ND2C68B97D6B4D194,10.5555/2655713.2655723,doi:10.5555/2655713.2655723,academic/control per v1,exclude,X1,Unknown (v1 audit has no v2 mutually exclusive field)
ACM,ND2C7EE3BB00125EC,10.5555/2484920.2485079,doi:10.5555/2484920.2485079,academic/control per v1,exclude,X1/out_of_scope,Unknown (v1 audit has no v2 mutually exclusive field)
ACM,ND2C8C2800514851E,10.1145/3325730.3325743,doi:10.1145/3325730.3325743,academic/control per v1,exclude,X1,Unknown (v1 audit has no v2 mutually exclusive field)
ACM,ND2E77078260DD7AB,10.1145/3772318.3791857,doi:10.1145/3772318.3791857,academic/control per v1,exclude,X1,Unknown (v1 audit has no v2 mutually exclusive field)
ACM,ND2EC61BA1DDF03CD,10.5555/3545946.3599001,doi:10.5555/3545946.3599001,academic/control per v1,exclude,X1,Unknown (v1 audit has no v2 mutually exclusive field)
ACM,ND30FE75A2BD5F13E,10.5555/775339.775385,doi:10.5555/775339.775385,academic/control per v1,exclude,X1,Unknown (v1 audit has no v2 mutually exclusive field)
ACM,ND31A770E35A6EBE9,10.1145/3234781.3234788,doi:10.1145/3234781.3234788,academic/control per v1,exclude,X1,Unknown (v1 audit has no v2 mutually exclusive field)
ACM,ND32CFD7408BD3FB7,10.1145/3240508.3240598,doi:10.1145/3240508.3240598,academic/control per v1,exclude,X1,Unknown (v1 audit has no v2 mutually exclusive field)
ACM,ND38C878F43249E3A,10.1145/1007965.1007966,doi:10.1145/1007965.1007966,academic/control per v1,exclude,X1,Unknown (v1 audit has no v2 mutually exclusive field)
ACM,ND3B25D486989C752,10.1145/544741.544770,doi:10.1145/544741.544770,academic/control per v1,include,I2,Unknown (v1 audit has no v2 mutually exclusive field)
ACM,ND3B6CB226E8CB0EA,10.1145/1358628.1358878,doi:10.1145/1358628.1358878,academic/control per v1,exclude,X1,Unknown (v1 audit has no v2 mutually exclusive field)
ACM,ND3BCA35D94C556CB,10.1145/3336191.3372187,doi:10.1145/3336191.3372187,academic/control per v1,exclude,X1,Unknown (v1 audit has no v2 mutually exclusive field)
ACM,ND3EC57BC7484F135,10.1145/2479787.2479800,doi:10.1145/2479787.2479800,academic/control per v1,exclude,X1,Unknown (v1 audit has no v2 mutually exclusive field)
ACM,ND3F4BD77FDE92A77,10.5555/3381089.3381254,doi:10.5555/3381089.3381254,academic/control per v1,exclude,X1/out_of_scope,Unknown (v1 audit has no v2 mutually exclusive field)
ACM,ND40F471971B62FDA,10.1145/3357384.3357924,doi:10.1145/3357384.3357924,academic/control per v1,exclude,X1,Unknown (v1 audit has no v2 mutually exclusive field)
ACM,ND4180817804408FB,10.1145/1244002.1244152,doi:10.1145/1244002.1244152,academic/control per v1,exclude,X2/scope_not_explicit_in_abstract,Unknown (v1 audit has no v2 mutually exclusive field)
ACM,ND490505E7860C04A,10.1145/3653081,doi:10.1145/3653081,academic/control per v1,exclude,T1/proceedings_collection,Unknown (v1 audit has no v2 mutually exclusive field)
ACM,ND4E7A8B472E1F5F9,10.1145/1183463.1183469,doi:10.1145/1183463.1183469,academic/control per v1,include,I1/direct_commercial_interaction,Unknown (v1 audit has no v2 mutually exclusive field)
ACM,ND4FBECEBC3C2DEF9,10.1145/1807342,doi:10.1145/1807342,academic/control per v1,exclude,T1/proceedings_collection,Unknown (v1 audit has no v2 mutually exclusive field)
ACM,ND52466C9D32D8EF2,10.1145/3600160.3600190,doi:10.1145/3600160.3600190,academic/control per v1,exclude,X1,Unknown (v1 audit has no v2 mutually exclusive field)
ACM,ND55491B468043BA2,10.5555/3398761.3398776,doi:10.5555/3398761.3398776,academic/control per v1,exclude,X1,Unknown (v1 audit has no v2 mutually exclusive field)
ACM,ND59466AE7AFFF944,10.1145/3033274.3085118,doi:10.1145/3033274.3085118,academic/control per v1,exclude,X2/scope_not_explicit_in_abstract,Unknown (v1 audit has no v2 mutually exclusive field)
ACM,ND5BC8E62579D155C,10.1613/jair.1.16146,doi:10.1613/jair.1.16146,academic/control per v1,exclude,X1/out_of_scope,Unknown (v1 audit has no v2 mutually exclusive field)
ACM,ND5C482AE32D13F5F,10.1145/3383652.3423865,doi:10.1145/3383652.3423865,academic/control per v1,include,I1,Unknown (v1 audit has no v2 mutually exclusive field)
ACM,ND5CEB97448DA2F9E,10.5555/1402795,doi:10.5555/1402795,academic/control per v1,exclude,T1/proceedings_collection,Unknown (v1 audit has no v2 mutually exclusive field)
ACM,ND5EC027F78BABE76,10.1145/3742413.3789167,doi:10.1145/3742413.3789167,academic/control per v1,exclude,X1,Unknown (v1 audit has no v2 mutually exclusive field)
ACM,ND61B04EF41090EBD,10.1145/3731599.3767592,doi:10.1145/3731599.3767592,academic/control per v1,exclude,X1,Unknown (v1 audit has no v2 mutually exclusive field)
ACM,ND62527A97048CEF5,10.1145/3613904.3642340,doi:10.1145/3613904.3642340,academic/control per v1,exclude,X1,Unknown (v1 audit has no v2 mutually exclusive field)
ACM,ND63B1AADF5F5E80E,10.1145/3774905.3793914,doi:10.1145/3774905.3793914,academic/control per v1,exclude,X1,Unknown (v1 audit has no v2 mutually exclusive field)
ACM,ND63BB016A117F127,10.1109/tnet.2021.3058251,doi:10.1109/tnet.2021.3058251,academic/control per v1,exclude,X2/scope_not_explicit_in_abstract,Unknown (v1 audit has no v2 mutually exclusive field)
ACM,ND63FC23C8C910ECB,10.1145/3744335,doi:10.1145/3744335,academic/control per v1,exclude,T1/proceedings_collection,Unknown (v1 audit has no v2 mutually exclusive field)
ACM,ND640F55B55013971,10.1145/3757749,doi:10.1145/3757749,academic/control per v1,exclude,T1/proceedings_collection,Unknown (v1 audit has no v2 mutually exclusive field)
ACM,ND6891DA835EB7BC3,10.1145/3605098,doi:10.1145/3605098,academic/control per v1,exclude,T1/proceedings_collection,Unknown (v1 audit has no v2 mutually exclusive field)
ACM,ND69FBB03764124C4,10.1145/3770761.3777345,doi:10.1145/3770761.3777345,academic/control per v1,exclude,X1,Unknown (v1 audit has no v2 mutually exclusive field)
ACM,ND6A00A46F2F8E90B,10.5555/1838206.1838324,doi:10.5555/1838206.1838324,academic/control per v1,exclude,X1,Unknown (v1 audit has no v2 mutually exclusive field)
ACM,ND6B558CAB27656BB,10.1145/3610548.3618255,doi:10.1145/3610548.3618255,academic/control per v1,exclude,X1,Unknown (v1 audit has no v2 mutually exclusive field)
ACM,ND6F090FDFBED18BD,10.1109/taslp.2019.2899517,doi:10.1109/taslp.2019.2899517,academic/control per v1,exclude,X1,Unknown (v1 audit has no v2 mutually exclusive field)
ACM,ND6FEF2020C4FA460,10.1145/3801619,doi:10.1145/3801619,academic/control per v1,exclude,T1/proceedings_collection,Unknown (v1 audit has no v2 mutually exclusive field)
ACM,ND71A12CD0720B468,10.1145/3838803,doi:10.1145/3838803,academic/control per v1,exclude,X1,Unknown (v1 audit has no v2 mutually exclusive field)
ACM,ND769CEAF2FF0C9D7,10.5555/3722577.3722885,doi:10.5555/3722577.3722885,academic/control per v1,exclude,X1/out_of_scope,Unknown (v1 audit has no v2 mutually exclusive field)
ACM,ND7875A898A755DAE,10.1145/2438653.2438659,doi:10.1145/2438653.2438659,academic/control per v1,include,I1,Unknown (v1 audit has no v2 mutually exclusive field)
ACM,ND7A767E2C542D19C,10.1145/3842203.3844584,doi:10.1145/3842203.3844584,academic/control per v1,exclude,T2/after_cutoff,Unknown (v1 audit has no v2 mutually exclusive field)
ACM,ND7D96062CB134F59,10.1145/3786168.3788402,doi:10.1145/3786168.3788402,academic/control per v1,exclude,X1,Unknown (v1 audit has no v2 mutually exclusive field)
ACM,ND8187DE4318D235F,10.1145/3617992,doi:10.1145/3617992,academic/control per v1,exclude,X1/out_of_scope,Unknown (v1 audit has no v2 mutually exclusive field)
ACM,ND886CDA773C56674,10.5555/1402821.1402929,doi:10.5555/1402821.1402929,academic/control per v1,exclude,X1,Unknown (v1 audit has no v2 mutually exclusive field)
ACM,ND88CDE570AE22D75,10.1145/3465456.3467607,doi:10.1145/3465456.3467607,academic/control per v1,include,I1,Unknown (v1 audit has no v2 mutually exclusive field)
ACM,ND8ACF724B09776E2,10.1145/3680528.3687703,doi:10.1145/3680528.3687703,academic/control per v1,exclude,X1,Unknown (v1 audit has no v2 mutually exclusive field)
ACM,ND8E71850C8A89F4C,10.5555/3398761.3399074,doi:10.5555/3398761.3399074,academic/control per v1,exclude,X1,Unknown (v1 audit has no v2 mutually exclusive field)
ACM,ND8EF2264DEB6A1CD,10.1145/3786335.3813127,doi:10.1145/3786335.3813127,academic/control per v1,exclude,X1,Unknown (v1 audit has no v2 mutually exclusive field)
ACM,ND90856B9B371348F,10.1145/511446.511461,doi:10.1145/511446.511461,academic/control per v1,include,I2,Unknown (v1 audit has no v2 mutually exclusive field)
ACM,ND90C3EB2882F57A6,10.1145/1329125.1329252,doi:10.1145/1329125.1329252,academic/control per v1,exclude,X1,Unknown (v1 audit has no v2 mutually exclusive field)
ACM,ND9A301B0FC569D85,10.1145/2491533.2491553,doi:10.1145/2491533.2491553,academic/control per v1,exclude,X1/out_of_scope,Unknown (v1 audit has no v2 mutually exclusive field)
ACM,ND9BBEDA443690F4F,10.1145/1386790.1386806,doi:10.1145/1386790.1386806,academic/control per v1,exclude,X1,Unknown (v1 audit has no v2 mutually exclusive field)
ACM,ND9D92F9569934AB4,10.1145/3805760,doi:10.1145/3805760,academic/control per v1,exclude,T1/proceedings_collection,Unknown (v1 audit has no v2 mutually exclusive field)
ACM,ND9DEAE5F255B94F5,10.5555/1622637.1622641,doi:10.5555/1622637.1622641,academic/control per v1,include,I1,Unknown (v1 audit has no v2 mutually exclusive field)
ACM,ND9E354C4DC0B666B,10.1109/models-c.2019.00101,doi:10.1109/models-c.2019.00101,academic/control per v1,exclude,X1,Unknown (v1 audit has no v2 mutually exclusive field)
ACM,ND9F51F05CA721299,10.1145/3796315.3796349,doi:10.1145/3796315.3796349,academic/control per v1,exclude,X1,Unknown (v1 audit has no v2 mutually exclusive field)
ACM,ND9F9BFEFA9CC8D4C,10.1145/1645953.1646075,doi:10.1145/1645953.1646075,academic/control per v1,exclude,X1,Unknown (v1 audit has no v2 mutually exclusive field)
ACM,ND9FD6F50FA64F9F7,10.1145/3809183,doi:10.1145/3809183,academic/control per v1,exclude,X1,Unknown (v1 audit has no v2 mutually exclusive field)
ACM,NDA2818567E686F87,10.1145/3548606.3560629,doi:10.1145/3548606.3560629,academic/control per v1,exclude,X1,Unknown (v1 audit has no v2 mutually exclusive field)
ACM,NDA4911E842C62214,10.1145/3808116,doi:10.1145/3808116,academic/control per v1,exclude,X1,Unknown (v1 audit has no v2 mutually exclusive field)
ACM,NDA4E5614AD571EDB,10.1145/3491102.3517572,doi:10.1145/3491102.3517572,academic/control per v1,exclude,X1/out_of_scope,Unknown (v1 audit has no v2 mutually exclusive field)
ACM,NDA595CA477DC1BDF,10.5555/2722129.2722136,doi:10.5555/2722129.2722136,academic/control per v1,exclude,X1,Unknown (v1 audit has no v2 mutually exclusive field)
ACM,NDA5CB89A0ED3BA13,10.5555/3398761.3399103,doi:10.5555/3398761.3399103,academic/control per v1,exclude,X1/out_of_scope,Unknown (v1 audit has no v2 mutually exclusive field)
ACM,NDA7245FF1E51ABC4,10.1145/3500866,doi:10.1145/3500866,academic/control per v1,exclude,T1/proceedings_collection,Unknown (v1 audit has no v2 mutually exclusive field)
ACM,NDA7B31D40366F31F,10.1145/211430.211440,doi:10.1145/211430.211440,academic/control per v1,exclude,X1,Unknown (v1 audit has no v2 mutually exclusive field)
ACM,NDA7CF0F5BD242408,10.5555/1218064.1218067,doi:10.5555/1218064.1218067,academic/control per v1,exclude,X1,Unknown (v1 audit has no v2 mutually exclusive field)
ACM,NDA7E86565A4C299A,10.1109/wiiat.2008.260,doi:10.1109/wiiat.2008.260,academic/control per v1,exclude,X1,Unknown (v1 audit has no v2 mutually exclusive field)
ACM,NDACD7F73D3F8E0DF,10.1145/3805760.3814911,doi:10.1145/3805760.3814911,academic/control per v1,exclude,X1,Unknown (v1 audit has no v2 mutually exclusive field)
ACM,NDADC28269B190DAE,10.1145/779928.779931,doi:10.1145/779928.779931,academic/control per v1,exclude,X1,Unknown (v1 audit has no v2 mutually exclusive field)
ACM,NDB14FCAA7FD6FBAF,10.1145/3670865.3673569,doi:10.1145/3670865.3673569,academic/control per v1,exclude,X2/scope_not_explicit_in_abstract,Unknown (v1 audit has no v2 mutually exclusive field)
ACM,NDBD2ED56F55DB7CB,10.1145/1064009.1064027,doi:10.1145/1064009.1064027,academic/control per v1,exclude,X1,Unknown (v1 audit has no v2 mutually exclusive field)
ACM,NDBEF08ED6A443006,10.1145/1064009.1064014,doi:10.1145/1064009.1064014,academic/control per v1,exclude,X1,Unknown (v1 audit has no v2 mutually exclusive field)
ACM,NDC2A3E229733FE5A,10.1145/3472714.3473623,doi:10.1145/3472714.3473623,academic/control per v1,exclude,X1,Unknown (v1 audit has no v2 mutually exclusive field)
ACM,NDC3B5E690620F768,10.1145/3768421.3768443,doi:10.1145/3768421.3768443,academic/control per v1,exclude,X1,Unknown (v1 audit has no v2 mutually exclusive field)
ACM,NDC4F8098C969C61B,10.1145/3731443.3771350,doi:10.1145/3731443.3771350,academic/control per v1,exclude,X1,Unknown (v1 audit has no v2 mutually exclusive field)
ACM,NDC561D9512FCDD3F,10.14778/3415478.3415572,doi:10.14778/3415478.3415572,academic/control per v1,exclude,X1,Unknown (v1 audit has no v2 mutually exclusive field)
ACM,NDC6B2AE9E6727195,10.5555/3091125.3091371,doi:10.5555/3091125.3091371,academic/control per v1,exclude,X1,Unknown (v1 audit has no v2 mutually exclusive field)
ACM,NDC94089EC475F647,10.1145/3800645.3813008,doi:10.1145/3800645.3813008,academic/control per v1,exclude,X1,Unknown (v1 audit has no v2 mutually exclusive field)
ACM,NDCAAF45A6D5E09AA,10.1145/3742413.3789218,doi:10.1145/3742413.3789218,academic/control per v1,exclude,X1,Unknown (v1 audit has no v2 mutually exclusive field)
ACM,NDCB3BA14FA5C7DAA,10.1145/3772052,doi:10.1145/3772052,academic/control per v1,exclude,T1/proceedings_collection,Unknown (v1 audit has no v2 mutually exclusive field)
ACM,NDCFD9323DBF483EF,10.1145/3490354.3494389,doi:10.1145/3490354.3494389,academic/control per v1,include,I1,Unknown (v1 audit has no v2 mutually exclusive field)
ACM,NDD06CC8C9F33CEDE,10.1145/2245276.2245419,doi:10.1145/2245276.2245419,academic/control per v1,exclude,X2,Unknown (v1 audit has no v2 mutually exclusive field)
ACM,NDD31D0A9CA7BDEDE,10.1145/544862,doi:10.1145/544862,academic/control per v1,exclude,T1/proceedings_collection,Unknown (v1 audit has no v2 mutually exclusive field)
ACM,NDD4AF436DB2C5A67,10.5555/2343776.2343795,doi:10.5555/2343776.2343795,academic/control per v1,exclude,X1,Unknown (v1 audit has no v2 mutually exclusive field)
ACM,NDD59EBDFE197522B,10.1145/2978655,doi:10.1145/2978655,academic/control per v1,include,I1/direct_commercial_interaction,Unknown (v1 audit has no v2 mutually exclusive field)
ACM,NDD5D31229B339569,10.1145/3832101,doi:10.1145/3832101,academic/control per v1,exclude,T2/after_cutoff,Unknown (v1 audit has no v2 mutually exclusive field)
ACM,NDD638DECD337DB7A,10.5555/2615731.2617413,doi:10.5555/2615731.2617413,academic/control per v1,exclude,X2/scope_not_explicit_in_abstract,Unknown (v1 audit has no v2 mutually exclusive field)
ACM,NDD647BD0BA73E037,10.1162/evco_a_00232,doi:10.1162/evco_a_00232,academic/control per v1,exclude,X1,Unknown (v1 audit has no v2 mutually exclusive field)
ACM,NDD8CD4640BB5186B,10.1145/512760.512784,doi:10.1145/512760.512784,academic/control per v1,pending,A0/missing_primary_abstract,Unknown (v1 audit has no v2 mutually exclusive field)
ACM,NDD8D9AF9AEBFCFC5,10.1145/3448891.3448934,doi:10.1145/3448891.3448934,academic/control per v1,exclude,X1,Unknown (v1 audit has no v2 mutually exclusive field)
ACM,NDE1232414796F73E,10.1145/1501434.1501458,doi:10.1145/1501434.1501458,academic/control per v1,exclude,X2/scope_not_explicit_in_abstract,Unknown (v1 audit has no v2 mutually exclusive field)
ACM,NDE45195E705629F1,10.1145/1089551.1089605,doi:10.1145/1089551.1089605,academic/control per v1,include,I1,Unknown (v1 audit has no v2 mutually exclusive field)
ACM,NDE649DA3B6478ADD,10.1145/3772318.3791680,doi:10.1145/3772318.3791680,academic/control per v1,exclude,X1,Unknown (v1 audit has no v2 mutually exclusive field)
ACM,NDE7B84D81C44A1B2,10.1145/3708035.3736045,doi:10.1145/3708035.3736045,academic/control per v1,include,I2/commerce_enabling_protocol,Unknown (v1 audit has no v2 mutually exclusive field)
ACM,NDE8DCC10868B253A,10.1145/356683.356688,doi:10.1145/356683.356688,academic/control per v1,pending,A0/missing_primary_abstract,Unknown (v1 audit has no v2 mutually exclusive field)
ACM,NDE9E54B8D91F2CAB,10.1145/590806.590811,doi:10.1145/590806.590811,academic/control per v1,exclude,X1,Unknown (v1 audit has no v2 mutually exclusive field)
ACM,NDEC041445A8ACC01,10.1145/3664647,doi:10.1145/3664647,academic/control per v1,exclude,T1/proceedings_collection,Unknown (v1 audit has no v2 mutually exclusive field)
ACM,NDECB33963C66D543,10.1145/3397271.3401426,doi:10.1145/3397271.3401426,academic/control per v1,exclude,X1,Unknown (v1 audit has no v2 mutually exclusive field)
ACM,NDED90BE82A15915A,10.1145/2956585,doi:10.1145/2956585,academic/control per v1,exclude,X1,Unknown (v1 audit has no v2 mutually exclusive field)
ACM,NDF349C63EC58ADFE,10.1145/3359989.3365424,doi:10.1145/3359989.3365424,academic/control per v1,exclude,X1,Unknown (v1 audit has no v2 mutually exclusive field)
ACM,NDF450DE5759087DF,10.1145/3495018.3501073,doi:10.1145/3495018.3501073,academic/control per v1,exclude,X1,Unknown (v1 audit has no v2 mutually exclusive field)
ACM,NDF5754B795C3BC5B,10.1145/779928.779971,doi:10.1145/779928.779971,academic/control per v1,exclude,X1,Unknown (v1 audit has no v2 mutually exclusive field)
ACM,NDF806C12D1201A8D,10.1145/263814.263848,doi:10.1145/263814.263848,academic/control per v1,pending,A0/missing_primary_abstract,Unknown (v1 audit has no v2 mutually exclusive field)
ACM,NDFB55DF79D9F0F1E,10.1145/3786335.3813206,doi:10.1145/3786335.3813206,academic/control per v1,exclude,X1,Unknown (v1 audit has no v2 mutually exclusive field)
ACM,NDFB85CB60280F8BB,10.1007/11575726_5,doi:10.1007/11575726_5,academic/control per v1,exclude,X1,Unknown (v1 audit has no v2 mutually exclusive field)
ACM,NDFBE9B45B3B504BC,10.1145/3745133.3745235,doi:10.1145/3745133.3745235,academic/control per v1,exclude,X1,Unknown (v1 audit has no v2 mutually exclusive field)
ACM,NE007CCB1F5E5EDCB,10.1145/1672308.1672322,doi:10.1145/1672308.1672322,academic/control per v1,exclude,X1,Unknown (v1 audit has no v2 mutually exclusive field)
ACM,NE019C3A71D89ACF2,10.1145/3486622.3493937,doi:10.1145/3486622.3493937,academic/control per v1,include,I2,Unknown (v1 audit has no v2 mutually exclusive field)
ACM,NE03BD8A8CF787F5E,10.1145/3805622,doi:10.1145/3805622,academic/control per v1,exclude,T1/proceedings_collection,Unknown (v1 audit has no v2 mutually exclusive field)
ACM,NE046B3AACD7E45AC,10.5555/3820586.3820617,doi:10.5555/3820586.3820617,academic/control per v1,exclude,X1/out_of_scope,Unknown (v1 audit has no v2 mutually exclusive field)
ACM,NE04A5211401E31F7,10.1145/3774895.3812199,doi:10.1145/3774895.3812199,academic/control per v1,exclude,X1,Unknown (v1 audit has no v2 mutually exclusive field)
ACM,NE0861B204B9AB8A5,10.1145/544741.544777,doi:10.1145/544741.544777,academic/control per v1,exclude,X2/scope_not_explicit_in_abstract,Unknown (v1 audit has no v2 mutually exclusive field)
ACM,NE0BA88972B5A65BC,10.1145/3774904.3792400,doi:10.1145/3774904.3792400,academic/control per v1,include,I2,Unknown (v1 audit has no v2 mutually exclusive field)
ACM,NE11277BF1F89CD28,10.5555/1018411.1018971,doi:10.5555/1018411.1018971,academic/control per v1,exclude,X2/scope_not_explicit_in_abstract,Unknown (v1 audit has no v2 mutually exclusive field)
ACM,NE1465C7435AB8D4C,10.1109/tnet.2020.2973410,doi:10.1109/tnet.2020.2973410,academic/control per v1,exclude,X1,Unknown (v1 audit has no v2 mutually exclusive field)
ACM,NE1576825A10D405E,10.1145/3678890,doi:10.1145/3678890,academic/control per v1,exclude,T1/proceedings_collection,Unknown (v1 audit has no v2 mutually exclusive field)
ACM,NE1671CDD56470053,10.1145/1599470.1599499,doi:10.1145/1599470.1599499,academic/control per v1,exclude,X1,Unknown (v1 audit has no v2 mutually exclusive field)
ACM,NE1754B2CEA029AB7,10.1145/3833541.3833681,doi:10.1145/3833541.3833681,academic/control per v1,include,I1,Unknown (v1 audit has no v2 mutually exclusive field)
ACM,NE1AFB54021843F0E,10.5555/1402821.1402940,doi:10.5555/1402821.1402940,academic/control per v1,exclude,X2/scope_not_explicit_in_abstract,Unknown (v1 audit has no v2 mutually exclusive field)
ACM,NE1C3662E510185A1,10.5555/1402821.1402933,doi:10.5555/1402821.1402933,academic/control per v1,include,I1,Unknown (v1 audit has no v2 mutually exclusive field)
ACM,NE1C8EFB379E16F08,10.1145/2229012.2229082,doi:10.1145/2229012.2229082,academic/control per v1,exclude,X1,Unknown (v1 audit has no v2 mutually exclusive field)
ACM,NE1C9AE8C15427F19,10.5555/3712729.3712917,doi:10.5555/3712729.3712917,academic/control per v1,exclude,X2/scope_not_explicit_in_abstract,Unknown (v1 audit has no v2 mutually exclusive field)
ACM,NE1ED8797FBAFCA09,10.1145/3802842,doi:10.1145/3802842,academic/control per v1,exclude,T1/proceedings_collection,Unknown (v1 audit has no v2 mutually exclusive field)
ACM,NE21D8C0BC76EE51C,10.1145/501158.501170,doi:10.1145/501158.501170,academic/control per v1,exclude,X1,Unknown (v1 audit has no v2 mutually exclusive field)
ACM,NE238694FA58AE221,10.1145/571825.571856,doi:10.1145/571825.571856,academic/control per v1,exclude,X2/scope_not_explicit_in_abstract,Unknown (v1 audit has no v2 mutually exclusive field)
ACM,NE2392317B61556EA,10.1145/3803437.3805532,doi:10.1145/3803437.3805532,academic/control per v1,exclude,X1,Unknown (v1 audit has no v2 mutually exclusive field)
ACM,NE267DBA282EE7B37,10.1145/3757530,doi:10.1145/3757530,academic/control per v1,exclude,X1,Unknown (v1 audit has no v2 mutually exclusive field)
ACM,NE27169912EA73066,10.1145/3785462.3815904,doi:10.1145/3785462.3815904,academic/control per v1,exclude,X1,Unknown (v1 audit has no v2 mutually exclusive field)
ACM,NE27408A60225BA35,10.1145/3745676,doi:10.1145/3745676,academic/control per v1,exclude,T1/proceedings_collection,Unknown (v1 audit has no v2 mutually exclusive field)
ACM,NE28985BD1DC64E52,10.1145/3786165,doi:10.1145/3786165,academic/control per v1,exclude,T1/proceedings_collection,Unknown (v1 audit has no v2 mutually exclusive field)
ACM,NE2A4B06D83DFE70C,10.1145/3779208,doi:10.1145/3779208,academic/control per v1,exclude,T1/proceedings_collection,Unknown (v1 audit has no v2 mutually exclusive field)
ACM,NE2D1221D5C5F6C8E,10.65109/ubwr1103,doi:10.65109/ubwr1103,academic/control per v1,include,I1,Unknown (v1 audit has no v2 mutually exclusive field)
ACM,NE2E0CCB7A70A0B69,10.1145/3338286.3340147,doi:10.1145/3338286.3340147,academic/control per v1,exclude,X1,Unknown (v1 audit has no v2 mutually exclusive field)
ACM,NE2E5D0F1D078DBBE,10.1145/3786167,doi:10.1145/3786167,academic/control per v1,exclude,T1/proceedings_collection,Unknown (v1 audit has no v2 mutually exclusive field)
ACM,NE2FB951CA57D6FF5,10.1145/2187980.2188229,doi:10.1145/2187980.2188229,academic/control per v1,include,I1/direct_commercial_interaction,Unknown (v1 audit has no v2 mutually exclusive field)
ACM,NE304DB65929121B2,10.1145/3814885.3816409,doi:10.1145/3814885.3816409,academic/control per v1,exclude,X1,Unknown (v1 audit has no v2 mutually exclusive field)
ACM,NE34DD1E590AD5E62,10.1145/3736252.3742662,doi:10.1145/3736252.3742662,academic/control per v1,exclude,X1,Unknown (v1 audit has no v2 mutually exclusive field)
ACM,NE36A7279065D6473,10.1145/15433.15850,doi:10.1145/15433.15850,academic/control per v1,exclude,X1,Unknown (v1 audit has no v2 mutually exclusive field)
ACM,NE37583C17323068F,10.1145/3603273,doi:10.1145/3603273,academic/control per v1,exclude,T1/proceedings_collection,Unknown (v1 audit has no v2 mutually exclusive field)
ACM,NE377E198E8CC6C30,10.1145/2948973,doi:10.1145/2948973,academic/control per v1,exclude,X1,Unknown (v1 audit has no v2 mutually exclusive field)
ACM,NE3A362C351242A20,10.1145/3744916.3787778,doi:10.1145/3744916.3787778,academic/control per v1,exclude,X1,Unknown (v1 audit has no v2 mutually exclusive field)
ACM,NE3A41EBB325D1174,10.5555/2675983.2676159,doi:10.5555/2675983.2676159,academic/control per v1,include,I1,Unknown (v1 audit has no v2 mutually exclusive field)
ACM,NE3EEB87FD4D7491D,10.5555/2034396.2034462,doi:10.5555/2034396.2034462,academic/control per v1,exclude,X2/scope_not_explicit_in_abstract,Unknown (v1 audit has no v2 mutually exclusive field)
ACM,NE4102087796BA803,10.5555/3709347.3743640,doi:10.5555/3709347.3743640,academic/control per v1,exclude,X1,Unknown (v1 audit has no v2 mutually exclusive field)
ACM,NE455E997D08157AC,10.1145/3240167.3240219,doi:10.1145/3240167.3240219,academic/control per v1,exclude,X1,Unknown (v1 audit has no v2 mutually exclusive field)
ACM,NE45891D87968538D,10.1145/3676642.3736113,doi:10.1145/3676642.3736113,academic/control per v1,exclude,X1,Unknown (v1 audit has no v2 mutually exclusive field)
ACM,NE49760A067A08DA2,10.1145/3543873.3587657,doi:10.1145/3543873.3587657,academic/control per v1,exclude,X1,Unknown (v1 audit has no v2 mutually exclusive field)
ACM,NE49D619084275F1E,10.1145/3803633.3803641,doi:10.1145/3803633.3803641,academic/control per v1,exclude,X1,Unknown (v1 audit has no v2 mutually exclusive field)
ACM,NE4AE1D3FBAE6F546,10.1145/860575.860641,doi:10.1145/860575.860641,academic/control per v1,exclude,X1/out_of_scope,Unknown (v1 audit has no v2 mutually exclusive field)
ACM,NE4B20B218F5519AE,10.5555/1124191.1124290,doi:10.5555/1124191.1124290,academic/control per v1,exclude,X1,Unknown (v1 audit has no v2 mutually exclusive field)
ACM,NE4BA399062FEE815,10.5555/3320516.3320791,doi:10.5555/3320516.3320791,academic/control per v1,exclude,X1,Unknown (v1 audit has no v2 mutually exclusive field)
ACM,NE4D3D4EC3FC344D6,10.1145/988772.988783,doi:10.1145/988772.988783,academic/control per v1,exclude,X1,Unknown (v1 audit has no v2 mutually exclusive field)
ACM,NE4E6C91D6BD16463,10.1145/3581971.3581972,doi:10.1145/3581971.3581972,academic/control per v1,exclude,X1,Unknown (v1 audit has no v2 mutually exclusive field)
ACM,NE50763B4A8955327,10.1145/3486622.3493922,doi:10.1145/3486622.3493922,academic/control per v1,exclude,X1/out_of_scope,Unknown (v1 audit has no v2 mutually exclusive field)
ACM,NE5120FCA381B7B79,10.1145/3789493,doi:10.1145/3789493,academic/control per v1,exclude,T1/proceedings_collection,Unknown (v1 audit has no v2 mutually exclusive field)
ACM,NE514E84A4D0DC47F,10.1145/2591888.2591962,doi:10.1145/2591888.2591962,academic/control per v1,exclude,X1,Unknown (v1 audit has no v2 mutually exclusive field)
ACM,NE548E1148CE69C46,10.1145/3706890.3707036,doi:10.1145/3706890.3707036,academic/control per v1,exclude,X1,Unknown (v1 audit has no v2 mutually exclusive field)
ACM,NE568C2ACF709261B,10.1145/948005.948008,doi:10.1145/948005.948008,academic/control per v1,exclude,X2/scope_not_explicit_in_abstract,Unknown (v1 audit has no v2 mutually exclusive field)
ACM,NE59AF6B8DF4324D7,10.1109/wiiat.2008.166,doi:10.1109/wiiat.2008.166,academic/control per v1,exclude,X2/scope_not_explicit_in_abstract,Unknown (v1 audit has no v2 mutually exclusive field)
ACM,NE5D465047605012D,10.1145/3543846,doi:10.1145/3543846,academic/control per v1,exclude,X1,Unknown (v1 audit has no v2 mutually exclusive field)
ACM,NE5E18196A822C30D,10.1145/1478873.1478963,doi:10.1145/1478873.1478963,academic/control per v1,exclude,X1,Unknown (v1 audit has no v2 mutually exclusive field)
ACM,NE5E30AE06FBDD639,10.1145/3801619.3801624,doi:10.1145/3801619.3801624,academic/control per v1,exclude,T2/after_cutoff,Unknown (v1 audit has no v2 mutually exclusive field)
ACM,NE5EFAB20BC5E8DA7,10.1145/3759023,doi:10.1145/3759023,academic/control per v1,exclude,T1/proceedings_collection,Unknown (v1 audit has no v2 mutually exclusive field)
ACM,NE6158FD17B991CE1,10.1145/3386569.3392474,doi:10.1145/3386569.3392474,academic/control per v1,exclude,X1,Unknown (v1 audit has no v2 mutually exclusive field)
ACM,NE62DE6E6C0887CFF,10.1145/3833541,doi:10.1145/3833541,academic/control per v1,exclude,T1/proceedings_collection,Unknown (v1 audit has no v2 mutually exclusive field)
ACM,NE65CF24B1165D8EB,10.1145/3822180,doi:10.1145/3822180,academic/control per v1,exclude,X1,Unknown (v1 audit has no v2 mutually exclusive field)
ACM,NE68E20ECB87C2F85,10.1145/3772318.3790782,doi:10.1145/3772318.3790782,academic/control per v1,exclude,X1,Unknown (v1 audit has no v2 mutually exclusive field)
ACM,NE692E9CAD38D2A40,10.1145/3296670,doi:10.1145/3296670,academic/control per v1,exclude,X1,Unknown (v1 audit has no v2 mutually exclusive field)
ACM,NE6952C01B8441579,10.5555/3522802.3522899,doi:10.5555/3522802.3522899,academic/control per v1,include,I1,Unknown (v1 audit has no v2 mutually exclusive field)
ACM,NE6B6497DAE8B5ECD,10.1145/3233795.3233800,doi:10.1145/3233795.3233800,academic/control per v1,pending,A0/missing_primary_abstract,Unknown (v1 audit has no v2 mutually exclusive field)
ACM,NE6D11678BD7C66EF,10.1145/3366423.3380149,doi:10.1145/3366423.3380149,academic/control per v1,exclude,X1,Unknown (v1 audit has no v2 mutually exclusive field)
ACM,NE6D8950DF0A43A67,10.1145/2692375.2692384,doi:10.1145/2692375.2692384,academic/control per v1,exclude,X1,Unknown (v1 audit has no v2 mutually exclusive field)
ACM,NE6DEE996DEF63769,10.1145/1882471.1882474,doi:10.1145/1882471.1882474,academic/control per v1,exclude,X1,Unknown (v1 audit has no v2 mutually exclusive field)
ACM,NE6F2A680368CC535,10.1145/3233795.3233814,doi:10.1145/3233795.3233814,academic/control per v1,pending,A0/missing_primary_abstract,Unknown (v1 audit has no v2 mutually exclusive field)
ACM,NE713EB2A2B46FB96,10.5555/1838206.1838443,doi:10.5555/1838206.1838443,academic/control per v1,exclude,X1/out_of_scope,Unknown (v1 audit has no v2 mutually exclusive field)
ACM,NE7140F78B25ED579,10.1145/1160633.1160849,doi:10.1145/1160633.1160849,academic/control per v1,exclude,X2,Unknown (v1 audit has no v2 mutually exclusive field)
ACM,NE7408942C1B85085,10.1145/3712285,doi:10.1145/3712285,academic/control per v1,exclude,T1/proceedings_collection,Unknown (v1 audit has no v2 mutually exclusive field)
ACM,NE754376AC9EDD6F5,10.1145/3139550.3139565,doi:10.1145/3139550.3139565,academic/control per v1,exclude,X1,Unknown (v1 audit has no v2 mutually exclusive field)
ACM,NE7871343C8D28222,10.1145/3764925,doi:10.1145/3764925,academic/control per v1,exclude,T1/proceedings_collection,Unknown (v1 audit has no v2 mutually exclusive field)
ACM,NE78ADC97EFCF9379,10.1145/1569901.1569999,doi:10.1145/1569901.1569999,academic/control per v1,exclude,X1,Unknown (v1 audit has no v2 mutually exclusive field)
ACM,NE7A6263ADB981198,10.1145/3819083,doi:10.1145/3819083,academic/control per v1,exclude,X1,Unknown (v1 audit has no v2 mutually exclusive field)
ACM,NE7B85F297A1E650B,10.1145/2482540.2482602,doi:10.1145/2482540.2482602,academic/control per v1,exclude,X1,Unknown (v1 audit has no v2 mutually exclusive field)
ACM,NE7BA7F5EDEACB692,10.1145/860575.860580,doi:10.1145/860575.860580,academic/control per v1,exclude,X2/scope_not_explicit_in_abstract,Unknown (v1 audit has no v2 mutually exclusive field)
ACM,NE7F4B12A5D406250,10.1145/2669592.2669690,doi:10.1145/2669592.2669690,academic/control per v1,exclude,X1,Unknown (v1 audit has no v2 mutually exclusive field)
ACM,NE7FE825CA4AFA21F,10.1145/3706599.3720022,doi:10.1145/3706599.3720022,academic/control per v1,include,I1,Unknown (v1 audit has no v2 mutually exclusive field)
ACM,NE80804000AB6A7FF,10.1145/3226028,doi:10.1145/3226028,academic/control per v1,exclude,X1,Unknown (v1 audit has no v2 mutually exclusive field)
ACM,NE837A5CE475A5134,10.1109/tnet.2011.2175487,doi:10.1109/tnet.2011.2175487,academic/control per v1,exclude,X1/out_of_scope,Unknown (v1 audit has no v2 mutually exclusive field)
ACM,NE84E08AE4DEA47AF,10.1145/3785462.3815852,doi:10.1145/3785462.3815852,academic/control per v1,exclude,X1,Unknown (v1 audit has no v2 mutually exclusive field)
ACM,NE8761A9B5D85E424,10.65109/seot8410,doi:10.65109/seot8410,academic/control per v1,include,I1/direct_commercial_interaction,Unknown (v1 audit has no v2 mutually exclusive field)
ACM,NE88F8A743A4AD76D,10.1145/3793449,doi:10.1145/3793449,academic/control per v1,exclude,T1/proceedings_collection,Unknown (v1 audit has no v2 mutually exclusive field)
ACM,NE891209F3516D412,10.1145/3719342,doi:10.1145/3719342,academic/control per v1,exclude,X1,Unknown (v1 audit has no v2 mutually exclusive field)
ACM,NE8A6729B6CD2D4F6,10.1145/860575.860629,doi:10.1145/860575.860629,academic/control per v1,exclude,X2/scope_not_explicit_in_abstract,Unknown (v1 audit has no v2 mutually exclusive field)
ACM,NE8C19297D42BE51A,10.1007/11575726_7,doi:10.1007/11575726_7,academic/control per v1,exclude,X2/scope_not_explicit_in_abstract,Unknown (v1 audit has no v2 mutually exclusive field)
ACM,NE8C8A8D533407CB3,10.1613/jair.1.18675,doi:10.1613/jair.1.18675,academic/control per v1,exclude,X1,Unknown (v1 audit has no v2 mutually exclusive field)
ACM,NE8D353B48D42096E,10.1145/1082473.1082710,doi:10.1145/1082473.1082710,academic/control per v1,exclude,X2/scope_not_explicit_in_abstract,Unknown (v1 audit has no v2 mutually exclusive field)
ACM,NE8DD30264CA86166,10.1145/3772318.3790441,doi:10.1145/3772318.3790441,academic/control per v1,exclude,X1,Unknown (v1 audit has no v2 mutually exclusive field)
ACM,NE8EF4560CBAD095A,10.1145/1066677.1066743,doi:10.1145/1066677.1066743,academic/control per v1,exclude,X1,Unknown (v1 audit has no v2 mutually exclusive field)
ACM,NE8F1BEB707CD8643,10.1145/3742413,doi:10.1145/3742413,academic/control per v1,exclude,T1/proceedings_collection,Unknown (v1 audit has no v2 mutually exclusive field)
ACM,NE9044E6B6179A8C3,10.1145/988772.988825,doi:10.1145/988772.988825,academic/control per v1,exclude,X2/scope_not_explicit_in_abstract,Unknown (v1 audit has no v2 mutually exclusive field)
ACM,NE938E592D78B3833,10.1145/3184558.3191630,doi:10.1145/3184558.3191630,academic/control per v1,include,I1/direct_commercial_interaction,Unknown (v1 audit has no v2 mutually exclusive field)
ACM,NE93B85EE7CF3FA26,10.1145/3793302.3793375,doi:10.1145/3793302.3793375,academic/control per v1,exclude,X1,Unknown (v1 audit has no v2 mutually exclusive field)
ACM,NE94D7E46E20EEF57,10.1145/3386569.3392433,doi:10.1145/3386569.3392433,academic/control per v1,exclude,X1,Unknown (v1 audit has no v2 mutually exclusive field)
ACM,NE956266F5C2741E4,10.1145/3774748.3787622,doi:10.1145/3774748.3787622,academic/control per v1,exclude,X1,Unknown (v1 audit has no v2 mutually exclusive field)
ACM,NE95F25A6BCD7FF42,10.1145/2482540.2482576,doi:10.1145/2482540.2482576,academic/control per v1,exclude,X1,Unknown (v1 audit has no v2 mutually exclusive field)
ACM,NE96A7420CBC75561,10.1145/3828709,doi:10.1145/3828709,academic/control per v1,exclude,X1,Unknown (v1 audit has no v2 mutually exclusive field)
ACM,NE981E8155ECD76E0,10.5555/3586210.3586319,doi:10.5555/3586210.3586319,academic/control per v1,exclude,X1,Unknown (v1 audit has no v2 mutually exclusive field)
ACM,NE982FFAB51EA35C4,10.1145/3774905.3795090,doi:10.1145/3774905.3795090,academic/control per v1,exclude,X1,Unknown (v1 audit has no v2 mutually exclusive field)
ACM,NE98E656D5D160299,10.1145/3177882,doi:10.1145/3177882,academic/control per v1,exclude,X1,Unknown (v1 audit has no v2 mutually exclusive field)
ACM,NE9A202F573ABA388,10.5555/3546258.3546371,doi:10.5555/3546258.3546371,academic/control per v1,exclude,X1,Unknown (v1 audit has no v2 mutually exclusive field)
ACM,NE9AEE9ACDFBAA902,10.1145/3750555.3811893,doi:10.1145/3750555.3811893,academic/control per v1,exclude,X1,Unknown (v1 audit has no v2 mutually exclusive field)
ACM,NE9E4392E50699B70,10.1145/3789240.3829145,doi:10.1145/3789240.3829145,academic/control per v1,exclude,X1/noncommercial_agent_application,Unknown (v1 audit has no v2 mutually exclusive field)
ACM,NEA2F53272B574184,10.1145/3638529,doi:10.1145/3638529,academic/control per v1,exclude,T1/proceedings_collection,Unknown (v1 audit has no v2 mutually exclusive field)
ACM,NEA6A732798B78AB9,10.5555/3535850.3536091,doi:10.5555/3535850.3536091,academic/control per v1,exclude,X1,Unknown (v1 audit has no v2 mutually exclusive field)
ACM,NEA72F80CACB4EA6E,10.1109/asonam49781.2020.9381447,doi:10.1109/asonam49781.2020.9381447,academic/control per v1,exclude,X1,Unknown (v1 audit has no v2 mutually exclusive field)
ACM,NEA819CCE3D5D10BE,10.1145/3474963.3474966,doi:10.1145/3474963.3474966,academic/control per v1,exclude,X1,Unknown (v1 audit has no v2 mutually exclusive field)
ACM,NEAAF17CF7A84357F,10.1145/2642937.2642972,doi:10.1145/2642937.2642972,academic/control per v1,exclude,X1,Unknown (v1 audit has no v2 mutually exclusive field)
ACM,NEAEC6586387BFAFC,10.5555/1402298.1402370,doi:10.5555/1402298.1402370,academic/control per v1,exclude,X2/scope_not_explicit_in_abstract,Unknown (v1 audit has no v2 mutually exclusive field)
ACM,NEAEC7B0A6500D8E3,10.1145/3381533,doi:10.1145/3381533,academic/control per v1,exclude,X1,Unknown (v1 audit has no v2 mutually exclusive field)
ACM,NEB095669597301FC,10.1145/1080730.1080739,doi:10.1145/1080730.1080739,academic/control per v1,exclude,X1,Unknown (v1 audit has no v2 mutually exclusive field)
ACM,NEB09AEDF0172CD17,10.5555/3237383.3237926,doi:10.5555/3237383.3237926,academic/control per v1,exclude,X1,Unknown (v1 audit has no v2 mutually exclusive field)
ACM,NEB418A49C99EFA5C,10.1109/90.336326,doi:10.1109/90.336326,academic/control per v1,pending,A0/missing_primary_abstract,Unknown (v1 audit has no v2 mutually exclusive field)
ACM,NEB46B64B9753C0AD,10.1145/1064009.1064031,doi:10.1145/1064009.1064031,academic/control per v1,exclude,X1,Unknown (v1 audit has no v2 mutually exclusive field)
ACM,NEB4BA3B6F6CAAF65,10.1145/2938727,doi:10.1145/2938727,academic/control per v1,exclude,X1,Unknown (v1 audit has no v2 mutually exclusive field)
ACM,NEB51476164CBF8D7,10.1145/3308560.3316509,doi:10.1145/3308560.3316509,academic/control per v1,exclude,X1/out_of_scope,Unknown (v1 audit has no v2 mutually exclusive field)
ACM,NEB58ACF2DEFADD98,10.1145/2736277.2741138,doi:10.1145/2736277.2741138,academic/control per v1,exclude,X1,Unknown (v1 audit has no v2 mutually exclusive field)
ACM,NEB596B26DA941A82,10.5555/3800935.3846162,doi:10.5555/3800935.3846162,academic/control per v1,exclude,X1/out_of_scope,Unknown (v1 audit has no v2 mutually exclusive field)
ACM,NEB69D8E8010D0CD0,10.5555/3237383.3237930,doi:10.5555/3237383.3237930,academic/control per v1,exclude,X1,Unknown (v1 audit has no v2 mutually exclusive field)
ACM,NEB8C86B7235409AE,10.1145/3234781.3234800,doi:10.1145/3234781.3234800,academic/control per v1,exclude,X1,Unknown (v1 audit has no v2 mutually exclusive field)
ACM,NEB946E8903109D3C,10.1145/3204940,doi:10.1145/3204940,academic/control per v1,exclude,X1,Unknown (v1 audit has no v2 mutually exclusive field)
ACM,NEBC3CF3C7824EDFA,10.5555/1390681.1442787,doi:10.5555/1390681.1442787,academic/control per v1,exclude,X1/out_of_scope,Unknown (v1 audit has no v2 mutually exclusive field)
ACM,NEBD89640E44FD46D,10.1145/3772900.3772908,doi:10.1145/3772900.3772908,academic/control per v1,include,I1,Unknown (v1 audit has no v2 mutually exclusive field)
ACM,NEC2F6E003B486BEF,10.5555/3522802.3522908,doi:10.5555/3522802.3522908,academic/control per v1,exclude,X1,Unknown (v1 audit has no v2 mutually exclusive field)
ACM,NEC806B50E72E276D,10.1145/3771678.3771686,doi:10.1145/3771678.3771686,academic/control per v1,exclude,X1,Unknown (v1 audit has no v2 mutually exclusive field)
ACM,NEC82F4BC94AA0483,10.1145/2632951.2632959,doi:10.1145/2632951.2632959,academic/control per v1,exclude,X1,Unknown (v1 audit has no v2 mutually exclusive field)
ACM,NEC8AC9BF358AB3B0,10.1145/2630729.2630740,doi:10.1145/2630729.2630740,academic/control per v1,exclude,X1,Unknown (v1 audit has no v2 mutually exclusive field)
ACM,NECE1B04D5121AC06,10.1145/1570256.1570270,doi:10.1145/1570256.1570270,academic/control per v1,include,I1/direct_commercial_interaction,Unknown (v1 audit has no v2 mutually exclusive field)
ACM,NED515D955E949C1D,10.1145/3772318.3790283,doi:10.1145/3772318.3790283,academic/control per v1,exclude,X1,Unknown (v1 audit has no v2 mutually exclusive field)
ACM,NED60B1A6B24591B8,10.1145/3544548,doi:10.1145/3544548,academic/control per v1,exclude,T1/proceedings_collection,Unknown (v1 audit has no v2 mutually exclusive field)
ACM,NED63BECFBABCDE9E,10.1145/3828700,doi:10.1145/3828700,academic/control per v1,exclude,X1,Unknown (v1 audit has no v2 mutually exclusive field)
ACM,NED6DB7A7E8DA329C,10.1145/2254129.2254181,doi:10.1145/2254129.2254181,academic/control per v1,include,I1/direct_commercial_interaction,Unknown (v1 audit has no v2 mutually exclusive field)
ACM,NED7A90305ABD54ED,10.1145/3394957,doi:10.1145/3394957,academic/control per v1,exclude,X1,Unknown (v1 audit has no v2 mutually exclusive field)
ACM,NED7FC29C3DCF53B9,10.1145/1980522.1980529,doi:10.1145/1980522.1980529,academic/control per v1,exclude,X1,Unknown (v1 audit has no v2 mutually exclusive field)
ACM,NED9BA7B5A19B6A3B,10.1145/644527.644528,doi:10.1145/644527.644528,academic/control per v1,exclude,X1/out_of_scope,Unknown (v1 audit has no v2 mutually exclusive field)
ACM,NED9E4FFEB864CEE8,10.5555/602770.602844,doi:10.5555/602770.602844,academic/control per v1,exclude,X1,Unknown (v1 audit has no v2 mutually exclusive field)
ACM,NEDB1A2389110F771,10.1145/3771678,doi:10.1145/3771678,academic/control per v1,exclude,T1/proceedings_collection,Unknown (v1 audit has no v2 mutually exclusive field)
ACM,NEDFC521E5D54A91C,10.1145/3759534.3762682,doi:10.1145/3759534.3762682,academic/control per v1,exclude,X1,Unknown (v1 audit has no v2 mutually exclusive field)
ACM,NEE01161EDB26D332,10.1145/1141277.1141299,doi:10.1145/1141277.1141299,academic/control per v1,include,I1/direct_commercial_interaction,Unknown (v1 audit has no v2 mutually exclusive field)
ACM,NEE0510389F6F9332,10.1145/3490486.3538308,doi:10.1145/3490486.3538308,academic/control per v1,exclude,X1,Unknown (v1 audit has no v2 mutually exclusive field)
ACM,NEE08D088BC1101A6,10.1145/1163673.1163694,doi:10.1145/1163673.1163694,academic/control per v1,exclude,X1,Unknown (v1 audit has no v2 mutually exclusive field)
ACM,NEE1E89751F1EA326,10.1145/1160633.1160784,doi:10.1145/1160633.1160784,academic/control per v1,exclude,X2,Unknown (v1 audit has no v2 mutually exclusive field)
ACM,NEE1F42B553721F5D,10.1145/2950290,doi:10.1145/2950290,academic/control per v1,exclude,T1/proceedings_collection,Unknown (v1 audit has no v2 mutually exclusive field)
ACM,NEE6A83D91A7D084B,10.1145/3448016.3458456,doi:10.1145/3448016.3458456,academic/control per v1,exclude,X1,Unknown (v1 audit has no v2 mutually exclusive field)
ACM,NEE781BCFA2A273D7,10.1145/3745238.3745531,doi:10.1145/3745238.3745531,academic/control per v1,exclude,X1,Unknown (v1 audit has no v2 mutually exclusive field)
ACM,NEEB7DA56AFAD4873,10.1145/3773078.3831785,doi:10.1145/3773078.3831785,academic/control per v1,exclude,T2/after_cutoff,Unknown (v1 audit has no v2 mutually exclusive field)
ACM,NEEEA8EFDDE18B51F,10.1145/3770855.3818380,doi:10.1145/3770855.3818380,academic/control per v1,exclude,X1,Unknown (v1 audit has no v2 mutually exclusive field)
ACM,NEEFB909BB8817FAB,10.1109/iat.2007.42,doi:10.1109/iat.2007.42,academic/control per v1,exclude,X1,Unknown (v1 audit has no v2 mutually exclusive field)
ACM,NEF342032D580E01C,10.1145/3773078,doi:10.1145/3773078,academic/control per v1,exclude,T1/proceedings_collection,Unknown (v1 audit has no v2 mutually exclusive field)
ACM,NEF70E6B19A3123B3,10.1145/2897518.2897645,doi:10.1145/2897518.2897645,academic/control per v1,exclude,X1,Unknown (v1 audit has no v2 mutually exclusive field)
ACM,NEF7E4399835DE0E1,10.1145/1160633.1160766,doi:10.1145/1160633.1160766,academic/control per v1,exclude,X1,Unknown (v1 audit has no v2 mutually exclusive field)
ACM,NEF9823BF11A4A5B8,10.1109/tnet.2006.890089,doi:10.1109/tnet.2006.890089,academic/control per v1,exclude,X1,Unknown (v1 audit has no v2 mutually exclusive field)
ACM,NEFA75DB4C575C11B,10.1145/1023720.1023745,doi:10.1145/1023720.1023745,academic/control per v1,include,I1/direct_commercial_interaction,Unknown (v1 audit has no v2 mutually exclusive field)
ACM,NEFEC98B452DAE010,10.1145/3580507.3597692,doi:10.1145/3580507.3597692,academic/control per v1,exclude,X1,Unknown (v1 audit has no v2 mutually exclusive field)
ACM,NEFF6F958B17EA791,10.5555/3535850.3536037,doi:10.5555/3535850.3536037,academic/control per v1,include,I1,Unknown (v1 audit has no v2 mutually exclusive field)
ACM,NF00766A66B8378C9,10.1145/3680528,doi:10.1145/3680528,academic/control per v1,exclude,T1/proceedings_collection,Unknown (v1 audit has no v2 mutually exclusive field)
ACM,NF019799AD183B167,10.1145/3219166.3219216,doi:10.1145/3219166.3219216,academic/control per v1,exclude,X1,Unknown (v1 audit has no v2 mutually exclusive field)
ACM,NF03CBBF147239490,10.1145/844324.844327,doi:10.1145/844324.844327,academic/control per v1,include,I1,Unknown (v1 audit has no v2 mutually exclusive field)
ACM,NF05B67CECAEB1C8A,10.1145/3397319,doi:10.1145/3397319,academic/control per v1,exclude,X1,Unknown (v1 audit has no v2 mutually exclusive field)
ACM,NF07DE5A46F28EDCB,10.1145/1982143.1982145,doi:10.1145/1982143.1982145,academic/control per v1,exclude,X1,Unknown (v1 audit has no v2 mutually exclusive field)
ACM,NF0C52501D594202D,10.5555/3799943.3799970,doi:10.5555/3799943.3799970,academic/control per v1,exclude,X1,Unknown (v1 audit has no v2 mutually exclusive field)
ACM,NF0C9330B6111FDD3,10.1145/3544548.3581106,doi:10.1145/3544548.3581106,academic/control per v1,exclude,X1,Unknown (v1 audit has no v2 mutually exclusive field)
ACM,NF118E6F21F676F14,10.1145/3543507.3583459,doi:10.1145/3543507.3583459,academic/control per v1,exclude,X1,Unknown (v1 audit has no v2 mutually exclusive field)
ACM,NF14507841E7FF60C,10.1145/1329125,doi:10.1145/1329125,academic/control per v1,exclude,T1/proceedings_collection,Unknown (v1 audit has no v2 mutually exclusive field)
ACM,NF148EC1AB73EF8BE,10.1145/3814885,doi:10.1145/3814885,academic/control per v1,exclude,T1/proceedings_collection,Unknown (v1 audit has no v2 mutually exclusive field)
ACM,NF17BB2D367FF99A2,10.1109/wiiat.2008.315,doi:10.1109/wiiat.2008.315,academic/control per v1,include,I2/enabling_protocol,Unknown (v1 audit has no v2 mutually exclusive field)
ACM,NF1BF7091BF1420FF,10.1145/3674829.3675083,doi:10.1145/3674829.3675083,academic/control per v1,exclude,X1,Unknown (v1 audit has no v2 mutually exclusive field)
ACM,NF1E809EAE158E79D,10.1145/3033274.3085130,doi:10.1145/3033274.3085130,academic/control per v1,exclude,X1,Unknown (v1 audit has no v2 mutually exclusive field)
ACM,NF1F239B3041D40BE,10.1145/3719208,doi:10.1145/3719208,academic/control per v1,exclude,X1,Unknown (v1 audit has no v2 mutually exclusive field)
ACM,NF1F68A6FDC726D6A,10.1145/3605764.3623986,doi:10.1145/3605764.3623986,academic/control per v1,exclude,X1,Unknown (v1 audit has no v2 mutually exclusive field)
ACM,NF24590502462D540,10.5555/2031678.2031710,doi:10.5555/2031678.2031710,academic/control per v1,exclude,X1,Unknown (v1 audit has no v2 mutually exclusive field)
ACM,NF246394AE0A38EE5,10.1145/3840295,doi:10.1145/3840295,academic/control per v1,exclude,X1,Unknown (v1 audit has no v2 mutually exclusive field)
ACM,NF24753F6385F1461,10.1145/2038642.2038677,doi:10.1145/2038642.2038677,academic/control per v1,exclude,X1,Unknown (v1 audit has no v2 mutually exclusive field)
ACM,NF256232E322A51BB,10.1145/3777901,doi:10.1145/3777901,academic/control per v1,exclude,X1,Unknown (v1 audit has no v2 mutually exclusive field)
ACM,NF2587361CF93667D,10.1145/3785462.3815802,doi:10.1145/3785462.3815802,academic/control per v1,exclude,X1/generic_AI_infrastructure,Unknown (v1 audit has no v2 mutually exclusive field)
ACM,NF2765014C1E64B82,10.1145/3386723.3387851,doi:10.1145/3386723.3387851,academic/control per v1,exclude,X1,Unknown (v1 audit has no v2 mutually exclusive field)
ACM,NF28804085EB89171,10.1145/3644713.3644735,doi:10.1145/3644713.3644735,academic/control per v1,exclude,X1,Unknown (v1 audit has no v2 mutually exclusive field)
ACM,NF2A6B2DCB296912A,10.1145/3658644.3670311,doi:10.1145/3658644.3670311,academic/control per v1,exclude,X2/scope_not_explicit_in_abstract,Unknown (v1 audit has no v2 mutually exclusive field)
ACM,NF2BCF25D2E3DFD6A,10.1145/3774904.3792931,doi:10.1145/3774904.3792931,academic/control per v1,exclude,X1,Unknown (v1 audit has no v2 mutually exclusive field)
ACM,NF2C46098E12A666A,10.1145/2229012.2229025,doi:10.1145/2229012.2229025,academic/control per v1,exclude,X1,Unknown (v1 audit has no v2 mutually exclusive field)
ACM,NF2D020E409C6FC44,10.1145/3465456.3467648,doi:10.1145/3465456.3467648,academic/control per v1,exclude,X1,Unknown (v1 audit has no v2 mutually exclusive field)
ACM,NF2D161F93018D823,10.1145/3788879,doi:10.1145/3788879,academic/control per v1,exclude,X1,Unknown (v1 audit has no v2 mutually exclusive field)
ACM,NF2D61095A5846858,10.5555/3039686.3039854,doi:10.5555/3039686.3039854,academic/control per v1,exclude,X1,Unknown (v1 audit has no v2 mutually exclusive field)
ACM,NF2E2E8604355F3F3,10.1145/3472307.3484183,doi:10.1145/3472307.3484183,academic/control per v1,exclude,X1,Unknown (v1 audit has no v2 mutually exclusive field)
ACM,NF32DA441E8F675B0,10.1145/3411763.3451569,doi:10.1145/3411763.3451569,academic/control per v1,exclude,X1,Unknown (v1 audit has no v2 mutually exclusive field)
ACM,NF341B01C171689D9,10.1145/3749484,doi:10.1145/3749484,academic/control per v1,exclude,X1,Unknown (v1 audit has no v2 mutually exclusive field)
ACM,NF36171FA04C39C2D,10.1145/3793449.3793486,doi:10.1145/3793449.3793486,academic/control per v1,exclude,X1,Unknown (v1 audit has no v2 mutually exclusive field)
ACM,NF36B2836FED7A9D2,10.1145/3318041.3355470,doi:10.1145/3318041.3355470,academic/control per v1,exclude,X1/out_of_scope,Unknown (v1 audit has no v2 mutually exclusive field)
ACM,NF37CD810E39AB321,10.1145/3657529,doi:10.1145/3657529,academic/control per v1,exclude,T1/proceedings_collection,Unknown (v1 audit has no v2 mutually exclusive field)
ACM,NF3A8C0DA15DD8458,10.1145/2764468.2764513,doi:10.1145/2764468.2764513,academic/control per v1,exclude,X1,Unknown (v1 audit has no v2 mutually exclusive field)
ACM,NF3AF2DA05EEE0340,10.1145/3772363.3798593,doi:10.1145/3772363.3798593,academic/control per v1,exclude,X1,Unknown (v1 audit has no v2 mutually exclusive field)
ACM,NF3E3AC44A2F5244B,10.1145/3129457.3129497,doi:10.1145/3129457.3129497,academic/control per v1,exclude,X1,Unknown (v1 audit has no v2 mutually exclusive field)
ACM,NF3E490802AC53905,10.1145/3770855.3818858,doi:10.1145/3770855.3818858,academic/control per v1,exclude,X1,Unknown (v1 audit has no v2 mutually exclusive field)
ACM,NF3EF59C6B4DC963E,10.1145/2371316.2371364,doi:10.1145/2371316.2371364,academic/control per v1,exclude,X2,Unknown (v1 audit has no v2 mutually exclusive field)
ACM,NF427219D87A4C8BB,10.5555/3306127.3331826,doi:10.5555/3306127.3331826,academic/control per v1,exclude,X1,Unknown (v1 audit has no v2 mutually exclusive field)
ACM,NF43049624DBCD573,10.1145/3563357,doi:10.1145/3563357,academic/control per v1,exclude,T1/proceedings_collection,Unknown (v1 audit has no v2 mutually exclusive field)
ACM,NF4425CD48C61C276,10.1145/3774904.3792200,doi:10.1145/3774904.3792200,academic/control per v1,exclude,X1,Unknown (v1 audit has no v2 mutually exclusive field)
ACM,NF450F8C80FBEF816,10.1145/844309.844315,doi:10.1145/844309.844315,academic/control per v1,exclude,X1,Unknown (v1 audit has no v2 mutually exclusive field)
ACM,NF47D7EE2AD8CDFBE,10.5555/1018409.1018772,doi:10.5555/1018409.1018772,academic/control per v1,exclude,X2/scope_not_explicit_in_abstract,Unknown (v1 audit has no v2 mutually exclusive field)
ACM,NF483796A9C2526C9,10.1145/3805637,doi:10.1145/3805637,academic/control per v1,exclude,X1,Unknown (v1 audit has no v2 mutually exclusive field)
ACM,NF4873E14CA0B3263,10.1145/3766671,doi:10.1145/3766671,academic/control per v1,exclude,T1/proceedings_collection,Unknown (v1 audit has no v2 mutually exclusive field)
ACM,NF4928D7B1B9A5A64,10.1145/2348283.2348418,doi:10.1145/2348283.2348418,academic/control per v1,exclude,X1,Unknown (v1 audit has no v2 mutually exclusive field)
ACM,NF4B907789E383407,10.1145/1161023.1161030,doi:10.1145/1161023.1161030,academic/control per v1,exclude,X1,Unknown (v1 audit has no v2 mutually exclusive field)
ACM,NF504F2C76E6E8EB8,10.1145/3805712.3808640,doi:10.1145/3805712.3808640,academic/control per v1,exclude,X1,Unknown (v1 audit has no v2 mutually exclusive field)
ACM,NF54230BD2ECB2842,10.14778/3827998.3828105,doi:10.14778/3827998.3828105,academic/control per v1,exclude,X1,Unknown (v1 audit has no v2 mutually exclusive field)
ACM,NF55C997781AF9C86,10.1145/3444465.3444527,doi:10.1145/3444465.3444527,academic/control per v1,exclude,X1,Unknown (v1 audit has no v2 mutually exclusive field)
ACM,NF5A060485C0B6179,10.5555/1018411.1018905,doi:10.5555/1018411.1018905,academic/control per v1,exclude,X2/scope_not_explicit_in_abstract,Unknown (v1 audit has no v2 mutually exclusive field)
ACM,NF5BA26ACF760A45B,10.1145/3309699,doi:10.1145/3309699,academic/control per v1,exclude,X1,Unknown (v1 audit has no v2 mutually exclusive field)
ACM,NF5CED3D35E6620E3,10.1145/3651890,doi:10.1145/3651890,academic/control per v1,exclude,T1/proceedings_collection,Unknown (v1 audit has no v2 mutually exclusive field)
ACM,NF5D457D89FF54513,10.1145/1463822.1463838,doi:10.1145/1463822.1463838,academic/control per v1,exclude,X1,Unknown (v1 audit has no v2 mutually exclusive field)
ACM,NF5E2587C44F488B1,10.1145/3764925.3770908,doi:10.1145/3764925.3770908,academic/control per v1,exclude,X1,Unknown (v1 audit has no v2 mutually exclusive field)
ACM,NF6081BB7383D7075,10.1109/tnet.2023.3309729,doi:10.1109/tnet.2023.3309729,academic/control per v1,exclude,X2/scope_not_explicit_in_abstract,Unknown (v1 audit has no v2 mutually exclusive field)
ACM,NF60C46433A437275,10.1145/3456630,doi:10.1145/3456630,academic/control per v1,exclude,X1,Unknown (v1 audit has no v2 mutually exclusive field)
ACM,NF615629F6F77B1C1,10.1145/3803437.3806422,doi:10.1145/3803437.3806422,academic/control per v1,exclude,X1,Unknown (v1 audit has no v2 mutually exclusive field)
ACM,NF645B1D9180FDD2F,10.1145/3705328.3748758,doi:10.1145/3705328.3748758,academic/control per v1,exclude,X1,Unknown (v1 audit has no v2 mutually exclusive field)
ACM,NF66D4E4CD1902A0D,10.1145/3723498,doi:10.1145/3723498,academic/control per v1,exclude,T1/proceedings_collection,Unknown (v1 audit has no v2 mutually exclusive field)
ACM,NF68E3929049C03A1,10.1145/3127479.3131613,doi:10.1145/3127479.3131613,academic/control per v1,exclude,X1,Unknown (v1 audit has no v2 mutually exclusive field)
ACM,NF690881B3311AE45,10.1145/846183.846195,doi:10.1145/846183.846195,academic/control per v1,exclude,X1,Unknown (v1 audit has no v2 mutually exclusive field)
ACM,NF6BFBFE51F3B9E99,10.1145/3744200,doi:10.1145/3744200,academic/control per v1,exclude,T1/proceedings_collection,Unknown (v1 audit has no v2 mutually exclusive field)
ACM,NF72642237B97D711,10.1145/3793655.3793739,doi:10.1145/3793655.3793739,academic/control per v1,exclude,X1,Unknown (v1 audit has no v2 mutually exclusive field)
ACM,NF7319C4FDF20C945,10.1145/1897852.1897870,doi:10.1145/1897852.1897870,academic/control per v1,exclude,X1,Unknown (v1 audit has no v2 mutually exclusive field)
ACM,NF742065D7321C630,10.1145/3318464.3380574,doi:10.1145/3318464.3380574,academic/control per v1,exclude,X1,Unknown (v1 audit has no v2 mutually exclusive field)
ACM,NF755798720ACD9DC,10.5555/55823.55866,doi:10.5555/55823.55866,academic/control per v1,exclude,X1/out_of_scope,Unknown (v1 audit has no v2 mutually exclusive field)
ACM,NF770FB46EE0CA2C7,10.1145/1146598.1146646,doi:10.1145/1146598.1146646,academic/control per v1,exclude,X1,Unknown (v1 audit has no v2 mutually exclusive field)
ACM,NF78A6B064FFC6C19,10.5555/2343896.2344014,doi:10.5555/2343896.2344014,academic/control per v1,exclude,X2/scope_not_explicit_in_abstract,Unknown (v1 audit has no v2 mutually exclusive field)
ACM,NF793026F1482C4C3,10.1145/3613904.3642342,doi:10.1145/3613904.3642342,academic/control per v1,exclude,X1,Unknown (v1 audit has no v2 mutually exclusive field)
ACM,NF7BE18748D118F26,10.1145/3465456.3467634,doi:10.1145/3465456.3467634,academic/control per v1,exclude,X2/scope_not_explicit_in_abstract,Unknown (v1 audit has no v2 mutually exclusive field)
ACM,NF7DEE3A263EF2D6D,10.1145/3814604,doi:10.1145/3814604,academic/control per v1,exclude,X1,Unknown (v1 audit has no v2 mutually exclusive field)
ACM,NF802AF0A932C308F,10.1145/2695533.2695547,doi:10.1145/2695533.2695547,academic/control per v1,exclude,X1,Unknown (v1 audit has no v2 mutually exclusive field)
ACM,NF817E7AF1455DA6C,10.1145/3306618.3314233,doi:10.1145/3306618.3314233,academic/control per v1,exclude,X1,Unknown (v1 audit has no v2 mutually exclusive field)
ACM,NF839B71982708A34,10.5555/1339264.1339748,doi:10.5555/1339264.1339748,academic/control per v1,include,I1,Unknown (v1 audit has no v2 mutually exclusive field)
ACM,NF879C7A6AAD27117,10.1145/3123024.3124404,doi:10.1145/3123024.3124404,academic/control per v1,exclude,X1,Unknown (v1 audit has no v2 mutually exclusive field)
ACM,NF87BC7C3DA9FE27A,10.5555/2772879.2772892,doi:10.5555/2772879.2772892,academic/control per v1,exclude,X1,Unknown (v1 audit has no v2 mutually exclusive field)
ACM,NF89854EAA90BF5AF,10.1145/3639631.3639653,doi:10.1145/3639631.3639653,academic/control per v1,exclude,X2/scope_not_explicit_in_abstract,Unknown (v1 audit has no v2 mutually exclusive field)
ACM,NF89CF7D1F767FE2E,10.1145/3593013.3594038,doi:10.1145/3593013.3594038,academic/control per v1,exclude,X1,Unknown (v1 audit has no v2 mutually exclusive field)
ACM,NF8F558E890E3AF2F,10.1145/3726302,doi:10.1145/3726302,academic/control per v1,exclude,T1/proceedings_collection,Unknown (v1 audit has no v2 mutually exclusive field)
ACM,NF943D73E2337DE8F,10.5555/2772879.2772882,doi:10.5555/2772879.2772882,academic/control per v1,exclude,X1/out_of_scope,Unknown (v1 audit has no v2 mutually exclusive field)
ACM,NF9462927F45B9B93,10.1145/3793302.3793362,doi:10.1145/3793302.3793362,academic/control per v1,exclude,X1,Unknown (v1 audit has no v2 mutually exclusive field)
ACM,NF95FF2D5A8918D46,10.1145/3557738.3557874,doi:10.1145/3557738.3557874,academic/control per v1,exclude,X1,Unknown (v1 audit has no v2 mutually exclusive field)
ACM,NF97DEC788F2FDF84,10.1109/wi-iat.2013.203,doi:10.1109/wi-iat.2013.203,academic/control per v1,exclude,X2/scope_not_explicit_in_abstract,Unknown (v1 audit has no v2 mutually exclusive field)
ACM,NF98D5DF9947B4BEE,10.1145/1409540.1409547,doi:10.1145/1409540.1409547,academic/control per v1,exclude,X1,Unknown (v1 audit has no v2 mutually exclusive field)
ACM,NF9A95328E5AC2A2E,10.1145/3447548.3469650,doi:10.1145/3447548.3469650,academic/control per v1,exclude,X1,Unknown (v1 audit has no v2 mutually exclusive field)
ACM,NF9D13776D956C09D,10.1145/3392142,doi:10.1145/3392142,academic/control per v1,exclude,X1,Unknown (v1 audit has no v2 mutually exclusive field)
ACM,NF9E730ED62497A44,10.1145/2740908.2742001,doi:10.1145/2740908.2742001,academic/control per v1,exclude,X1,Unknown (v1 audit has no v2 mutually exclusive field)
ACM,NF9F13694AC2C972F,10.1145/3786181,doi:10.1145/3786181,academic/control per v1,exclude,T1/proceedings_collection,Unknown (v1 audit has no v2 mutually exclusive field)
ACM,NF9FC3435808BA262,10.1145/1386790.1386826,doi:10.1145/1386790.1386826,academic/control per v1,exclude,X2/scope_not_explicit_in_abstract,Unknown (v1 audit has no v2 mutually exclusive field)
ACM,NFA1DD5481A0507DF,10.1145/3786335.3813212,doi:10.1145/3786335.3813212,academic/control per v1,exclude,X1,Unknown (v1 audit has no v2 mutually exclusive field)
ACM,NFA1E3DBB512D3066,10.1109/taslp.2023.3328289,doi:10.1109/taslp.2023.3328289,academic/control per v1,exclude,X1,Unknown (v1 audit has no v2 mutually exclusive field)
ACM,NFA46B8B4F22268D1,10.1145/3786335.3813207,doi:10.1145/3786335.3813207,academic/control per v1,exclude,X1,Unknown (v1 audit has no v2 mutually exclusive field)
ACM,NFA49C0F0FBB0AD2D,10.1145/1082473.1082761,doi:10.1145/1082473.1082761,academic/control per v1,exclude,X1/out_of_scope,Unknown (v1 audit has no v2 mutually exclusive field)
ACM,NFA54ED5AC619A88E,10.1145/2422085.2422086,doi:10.1145/2422085.2422086,academic/control per v1,exclude,X1,Unknown (v1 audit has no v2 mutually exclusive field)
ACM,NFA67D85DC29E03D8,10.1145/2691195.2691211,doi:10.1145/2691195.2691211,academic/control per v1,exclude,X1,Unknown (v1 audit has no v2 mutually exclusive field)
ACM,NFA7060025EED8B28,10.1145/3051457.3054000,doi:10.1145/3051457.3054000,academic/control per v1,exclude,X1/out_of_scope,Unknown (v1 audit has no v2 mutually exclusive field)
ACM,NFA75D91E641185F8,10.1145/1672308.1672334,doi:10.1145/1672308.1672334,academic/control per v1,exclude,X1,Unknown (v1 audit has no v2 mutually exclusive field)
ACM,NFA9551D6A35BAE57,10.5555/2772879.2773544,doi:10.5555/2772879.2773544,academic/control per v1,exclude,X1,Unknown (v1 audit has no v2 mutually exclusive field)
ACM,NFAA6408C616739B2,10.5555/1402795.1402808,doi:10.5555/1402795.1402808,academic/control per v1,exclude,X2/scope_not_explicit_in_abstract,Unknown (v1 audit has no v2 mutually exclusive field)
ACM,NFB35F122A9FBB6C3,10.1145/3078505.3078507,doi:10.1145/3078505.3078507,academic/control per v1,exclude,X2/scope_not_explicit_in_abstract,Unknown (v1 audit has no v2 mutually exclusive field)
ACM,NFB3C5EAD2238B56C,10.1145/3774905.3795448,doi:10.1145/3774905.3795448,academic/control per v1,exclude,X1,Unknown (v1 audit has no v2 mutually exclusive field)
ACM,NFB48C8D54028DF4D,10.5555/3091125.3091463,doi:10.5555/3091125.3091463,academic/control per v1,exclude,X1,Unknown (v1 audit has no v2 mutually exclusive field)
ACM,NFB5C3DCD2A4114F1,10.5555/2343896.2343901,doi:10.5555/2343896.2343901,academic/control per v1,exclude,X2/scope_not_explicit_in_abstract,Unknown (v1 audit has no v2 mutually exclusive field)
ACM,NFBB0C45A5D0F57B5,10.1145/1368436.1368449,doi:10.1145/1368436.1368449,academic/control per v1,exclude,X1,Unknown (v1 audit has no v2 mutually exclusive field)
ACM,NFBD318288D9F446E,10.1145/1248377.1248431,doi:10.1145/1248377.1248431,academic/control per v1,exclude,X1,Unknown (v1 audit has no v2 mutually exclusive field)
ACM,NFBE6D066C96B7BE6,10.1145/2345316.2345335,doi:10.1145/2345316.2345335,academic/control per v1,exclude,X1,Unknown (v1 audit has no v2 mutually exclusive field)
ACM,NFC03AC3231FED18B,10.5555/1018411.1018994,doi:10.5555/1018411.1018994,academic/control per v1,exclude,X2/scope_not_explicit_in_abstract,Unknown (v1 audit has no v2 mutually exclusive field)
ACM,NFC3C20A3566B8521,10.1145/3718677,doi:10.1145/3718677,academic/control per v1,exclude,T1/proceedings_collection,Unknown (v1 audit has no v2 mutually exclusive field)
ACM,NFC42E654A6AA4DB9,10.5555/2433508.2433547,doi:10.5555/2433508.2433547,academic/control per v1,exclude,X1,Unknown (v1 audit has no v2 mutually exclusive field)
ACM,NFC5FBCEB0ED7E640,10.1145/2904104.2904108,doi:10.1145/2904104.2904108,academic/control per v1,exclude,X1,Unknown (v1 audit has no v2 mutually exclusive field)
ACM,NFC8A7CC60F971CE1,10.1145/3404397.3404464,doi:10.1145/3404397.3404464,academic/control per v1,exclude,X1,Unknown (v1 audit has no v2 mutually exclusive field)
ACM,NFCC2D1A3DB43B77F,10.1145/1228621.1228624,doi:10.1145/1228621.1228624,academic/control per v1,exclude,X2/scope_not_explicit_in_abstract,Unknown (v1 audit has no v2 mutually exclusive field)
ACM,NFCED3E018D5F800B,10.1145/3731217.3731221,doi:10.1145/3731217.3731221,academic/control per v1,exclude,X1,Unknown (v1 audit has no v2 mutually exclusive field)
ACM,NFD12F22E9D6CF8F1,10.5555/1558109.1558253,doi:10.5555/1558109.1558253,academic/control per v1,include,I1,Unknown (v1 audit has no v2 mutually exclusive field)
ACM,NFD22998D011E819A,10.1145/1787234.1787269,doi:10.1145/1787234.1787269,academic/control per v1,exclude,X1/out_of_scope,Unknown (v1 audit has no v2 mutually exclusive field)
ACM,NFD47F3017819747C,10.1145/505168.505183,doi:10.1145/505168.505183,academic/control per v1,exclude,X1,Unknown (v1 audit has no v2 mutually exclusive field)
ACM,NFD51CB35184C2B4D,10.1145/3605768.3623563,doi:10.1145/3605768.3623563,academic/control per v1,exclude,X1,Unknown (v1 audit has no v2 mutually exclusive field)
ACM,NFD94FA6F97D6D7DA,10.1145/3447622,doi:10.1145/3447622,academic/control per v1,exclude,X2/scope_not_explicit_in_abstract,Unknown (v1 audit has no v2 mutually exclusive field)
ACM,NFDD01B490C897FE5,10.5555/1402821.1402922,doi:10.5555/1402821.1402922,academic/control per v1,exclude,X1/out_of_scope,Unknown (v1 audit has no v2 mutually exclusive field)
ACM,NFDD2FDD87EBA4D46,10.1145/3802607.3802620,doi:10.1145/3802607.3802620,academic/control per v1,exclude,X1,Unknown (v1 audit has no v2 mutually exclusive field)
ACM,NFDD5B297710F1054,10.1145/1198555.1198678,doi:10.1145/1198555.1198678,academic/control per v1,pending,A0/missing_primary_abstract,Unknown (v1 audit has no v2 mutually exclusive field)
ACM,NFE81DB341035D3A9,10.1145/3078852,doi:10.1145/3078852,academic/control per v1,exclude,X1,Unknown (v1 audit has no v2 mutually exclusive field)
ACM,NFF0BABF9CEE4B68C,10.1145/3805760.3814889,doi:10.1145/3805760.3814889,academic/control per v1,exclude,X1,Unknown (v1 audit has no v2 mutually exclusive field)
ACM,NFF1DEEA3C014F2C3,10.1145/2554850.2555028,doi:10.1145/2554850.2555028,academic/control per v1,exclude,X1,Unknown (v1 audit has no v2 mutually exclusive field)
ACM,NFFDDB95015A122D8,10.1145/3154273.3154342,doi:10.1145/3154273.3154342,academic/control per v1,exclude,X1,Unknown (v1 audit has no v2 mutually exclusive field)
IEEE,I00061521EFCB01BA,10.1109/setit.2012.6482040,doi:10.1109/setit.2012.6482040,academic,exclude,X1,abstract
IEEE,I000A31B6CF512091,10.1109/isads.2001.917392,doi:10.1109/isads.2001.917392,academic,include,I1,abstract
IEEE,I001B6C4D9252BDD8,10.1109/crcsit.2017.7965546,doi:10.1109/crcsit.2017.7965546,academic,pending,X2,fulltext-exception
IEEE,I006ECF6739784B42,10.1109/iccids69108.2026.11407594,doi:10.1109/iccids69108.2026.11407594,academic,exclude,X1,abstract
IEEE,I0073174929FAC273,10.1109/ssrr50563.2020.9292605,doi:10.1109/ssrr50563.2020.9292605,academic,exclude,X1,abstract
IEEE,I00748207B23AA5E5,10.1109/wsc.2013.6721552,doi:10.1109/wsc.2013.6721552,academic,include,I1,abstract
IEEE,I00794B6553F0C343,10.1109/ic4e69618.2026.11631371,doi:10.1109/ic4e69618.2026.11631371,academic,exclude,X1,abstract
IEEE,I009B21E89572A7FB,10.1109/access.2020.3036492,doi:10.1109/access.2020.3036492,academic,exclude,X1,abstract
IEEE,I00A44255124CAE7C,10.1109/icis.2015.7166554,doi:10.1109/icis.2015.7166554,academic,exclude,T1,control-only
IEEE,I00B70A41C482DAC1,10.1109/istel.2010.5734168,doi:10.1109/istel.2010.5734168,academic,include,I1,fulltext-exception
IEEE,I00B8D85D3DD83177,10.1109/icicip.2010.5564316,doi:10.1109/icicip.2010.5564316,academic,exclude,X1,abstract
IEEE,I00B9181336AD33CD,10.1109/grc.2013.6740442,doi:10.1109/grc.2013.6740442,academic,exclude,X1,abstract
IEEE,I013A93F527D40AA7,10.1109/ftdcs.1999.818777,doi:10.1109/ftdcs.1999.818777,academic,pending,X2,abstract
IEEE,I013BB89AFC7DD6C8,10.1109/iih-msp.2007.242,doi:10.1109/iih-msp.2007.242,academic,exclude,X1,abstract
IEEE,I01A257027B4A7275,10.1109/icmlc.2007.4370271,doi:10.1109/icmlc.2007.4370271,academic,include,I1,abstract
IEEE,I01C905453A57DBA5,10.1109/icis.2007.90,doi:10.1109/icis.2007.90,academic,pending,X2,fulltext-exception
IEEE,I01CC8A5A834EC456,10.1109/icpca.2007.4365444,doi:10.1109/icpca.2007.4365444,academic,include,I1,fulltext-exception
IEEE,I01D107EEE8EA8070,10.1109/icsmc.2009.5346098,doi:10.1109/icsmc.2009.5346098,academic,exclude,X1,abstract
IEEE,I025663E68B585A6C,10.1093/logcom/exi014,doi:10.1093/logcom/exi014,academic,include,I1,abstract
IEEE,I0269551E834CD399,10.1109/eit.2010.5612121,doi:10.1109/eit.2010.5612121,academic,include,I1,fulltext-exception
IEEE,I027847BCF05C0536,10.1109/ic2pct68894.2026.11584290,doi:10.1109/ic2pct68894.2026.11584290,academic,exclude,X1,abstract
IEEE,I02795E14635543A5,10.1109/eem.2010.5558675,doi:10.1109/eem.2010.5558675,academic,include,I1,abstract
IEEE,I02919A12460B99BC,10.1109/jiot.2019.2953108,doi:10.1109/jiot.2019.2953108,academic,include,I1,abstract
IEEE,I02A0C9ECE4B45BAF,10.1109/icmas.1998.699077,doi:10.1109/icmas.1998.699077,academic,include,I1,abstract
IEEE,I02B09568E9386491,10.1109/cmpsac.1999.812680,doi:10.1109/cmpsac.1999.812680,academic,exclude,X1,abstract
IEEE,I02CD853F618E10EC,10.1109/isads.2005.1452068,doi:10.1109/isads.2005.1452068,academic,include,I1,abstract
IEEE,I02D510BC76D72B51,10.1109/iccsp68173.2026.11539403,doi:10.1109/iccsp68173.2026.11539403,academic,exclude,X1,abstract
IEEE,I02FD9426249077A2,10.1109/cloudsummit68932.2026.00010,doi:10.1109/cloudsummit68932.2026.00010,academic,include,I1,abstract
IEEE,I030CE256F841E5E5,10.1109/smartcomp65954.2025.00054,doi:10.1109/smartcomp65954.2025.00054,academic,include,I1,abstract
IEEE,I03128FA0282A68C3,10.1109/cec-east.2004.66,doi:10.1109/cec-east.2004.66,academic,pending,X2,fulltext-exception
IEEE,I036FE3103DDA4DF5,10.1109/iraniancee.2019.8786392,doi:10.1109/iraniancee.2019.8786392,academic,include,I1,abstract
IEEE,I03EA670DF0C94DF2,10.1109/iccit.2010.5711027,doi:10.1109/iccit.2010.5711027,academic,exclude,X1,abstract
IEEE,I042D1CBB8F9E3E56,10.1109/iccwamtip68645.2025.11352645,doi:10.1109/iccwamtip68645.2025.11352645,academic,include,I1,abstract
IEEE,I043230AC22C933C1,10.1109/icpsasia70813.2026.11692285,doi:10.1109/icpsasia70813.2026.11692285,academic,exclude,T2,control-only
IEEE,I044144ABEF407077,10.1109/fes57669.2023.10182437,doi:10.1109/fes57669.2023.10182437,academic,include,I1,abstract
IEEE,I04493C2C40BA7AE3,10.1109/tpwrs.2013.2268391,doi:10.1109/tpwrs.2013.2268391,academic,exclude,X1,abstract
IEEE,I044C6E3847E78068,10.1049/icp.2026.0502,doi:10.1049/icp.2026.0502,academic,exclude,X1,abstract
IEEE,I04678087CE250433,10.1109/icatc68823.2025.11407503,doi:10.1109/icatc68823.2025.11407503,academic,exclude,X1,abstract
IEEE,I047B319683D41A58,10.1109/pesw.2000.847603,doi:10.1109/pesw.2000.847603,academic,exclude,X1,abstract
IEEE,I04828D3EE39A3B3E,10.1109/summa60232.2023.10349455,doi:10.1109/summa60232.2023.10349455,academic,exclude,X1,abstract
IEEE,I049AC77941C3E9BD,10.1109/smartcomp55677.2022.00073,doi:10.1109/smartcomp55677.2022.00073,academic,exclude,X1,fulltext-exception
IEEE,I04B0264B7093F150,10.1109/ecmr65884.2025.11163336,doi:10.1109/ecmr65884.2025.11163336,academic,exclude,X1,abstract
IEEE,I04B52F2B36977D18,10.1109/cicn70047.2026.11594370,doi:10.1109/cicn70047.2026.11594370,academic,exclude,X1,abstract
IEEE,I04D4E01875B1E407,10.1109/mue.2009.43,doi:10.1109/mue.2009.43,academic,exclude,X1,abstract
IEEE,I04E1F8537D714974,10.1109/iccct.2011.6075208,doi:10.1109/iccct.2011.6075208,academic,exclude,X1,abstract
IEEE,I05206986DD97D9EC,10.1109/apsec.2002.1182993,doi:10.1109/apsec.2002.1182993,academic,exclude,X1,abstract
IEEE,I05259F7B0AB4116B,10.1109/ton.2025.3649068,doi:10.1109/ton.2025.3649068,academic,include,I1,fulltext-exception
IEEE,I053E98BE78DA284A,10.1109/ecai69016.2026.11613632,doi:10.1109/ecai69016.2026.11613632,academic,include,I2,abstract
IEEE,I0582AAEFC17C6F59,10.1109/pesgm48719.2022.9917181,doi:10.1109/pesgm48719.2022.9917181,academic,exclude,X1,abstract
IEEE,I05B1DE4EA4586420,10.1109/tits.2021.3075202,doi:10.1109/tits.2021.3075202,academic,include,I1,fulltext-exception
IEEE,I05CFBC7DE55BC3A9,10.1109/icmse.2010.5719945,doi:10.1109/icmse.2010.5719945,academic,include,I1,abstract
IEEE,I060545B474B58399,10.1109/icicip.2012.6391559,doi:10.1109/icicip.2012.6391559,academic,include,I1,abstract
IEEE,I0623794DC30A598F,10.1109/ihtc65087.2025.11216308,doi:10.1109/ihtc65087.2025.11216308,academic,exclude,X1,abstract
IEEE,I0644C5E8679EBE8E,10.1109/scis-isis.2012.6505020,doi:10.1109/scis-isis.2012.6505020,academic,include,I1,abstract
IEEE,I06806F3CB47F678E,10.1109/cdc.2012.6426108,doi:10.1109/cdc.2012.6426108,academic,exclude,X1,abstract
IEEE,I0686C4C28AE1A4FA,10.1109/nlpke.2003.1275895,doi:10.1109/nlpke.2003.1275895,academic,include,I1,abstract
IEEE,I0689726A31476331,10.1109/hicss.2004.1265431,doi:10.1109/hicss.2004.1265431,academic,pending,X2,fulltext-exception
IEEE,I06AFE24D49A56D7D,10.1109/sest61601.2024.10694581,doi:10.1109/sest61601.2024.10694581,academic,exclude,X1,abstract
IEEE,I06B0BB2025F0F6A6,10.1109/tii.2023.3348823,doi:10.1109/tii.2023.3348823,academic,include,I1,abstract
IEEE,I06BE1EF8E8A5B20F,10.1109/access.2020.2976521,doi:10.1109/access.2020.2976521,academic,pending,X2,fulltext-exception
IEEE,I06D7234A3AD8991F,10.1109/icpc2t63847.2025.10958609,doi:10.1109/icpc2t63847.2025.10958609,academic,exclude,X1,abstract
IEEE,I06F0C956AE8A9179,10.1109/iti.2006.1708430,doi:10.1109/iti.2006.1708430,academic,exclude,T1,control-only
IEEE,I070626514D4D7419,10.1109/asama.1999.805397,doi:10.1109/asama.1999.805397,academic,exclude,X1,abstract
IEEE,I070A1A7C702614E4,10.1109/pesgm41954.2020.9282153,doi:10.1109/pesgm41954.2020.9282153,academic,pending,X2,fulltext-exception
IEEE,I072341D39969241C,10.1109/ictai.2012.131,doi:10.1109/ictai.2012.131,academic,exclude,X1,abstract
IEEE,I075FECD8D4080654,10.1109/aiccsa.2003.1227554,doi:10.1109/aiccsa.2003.1227554,academic,include,I1,abstract
IEEE,I0775B62ACCE3BF3A,10.1109/tifs.2026.3691201,doi:10.1109/tifs.2026.3691201,academic,include,I2,abstract
IEEE,I07B05C01253104B1,10.1109/access.2021.3107156,doi:10.1109/access.2021.3107156,academic,exclude,X1,abstract
IEEE,I08248E70CCF2AD2E,10.1109/smartiot70864.2026.00056,doi:10.1109/smartiot70864.2026.00056,academic,include,I2,abstract
IEEE,I084EA042446563AE,10.1109/cei66465.2025.11398540,doi:10.1109/cei66465.2025.11398540,academic,include,I2,abstract
IEEE,I08694AB18FAF63C9,10.1109/icsmc.2009.5346558,doi:10.1109/icsmc.2009.5346558,academic,exclude,X1,abstract
IEEE,I086EBEBAB5BD54D0,ieee:6731250,platform:IEEE:6731250,academic,exclude,X1,abstract
IEEE,I0880D1F49278DF1E,10.1109/snpd65828.2025.11254174,doi:10.1109/snpd65828.2025.11254174,academic,exclude,X1,abstract
IEEE,I08B09A03E885D709,10.1109/icmcs.2012.6320112,doi:10.1109/icmcs.2012.6320112,academic,exclude,T1,control-only
IEEE,I08C5D6242DC3C546,10.1109/southeastcon63549.2026.11476139,doi:10.1109/southeastcon63549.2026.11476139,academic,pending,X2,fulltext-exception
IEEE,I08C854E0C0969121,10.1109/tem.2024.3358717,doi:10.1109/tem.2024.3358717,academic,exclude,X1,abstract
IEEE,I08C99B2AC278D22C,10.1109/sfcs.2001.959899,doi:10.1109/sfcs.2001.959899,academic,exclude,X1,abstract
IEEE,I08CBD59CCBB4154B,10.1049/icp.2025.3759,doi:10.1049/icp.2025.3759,academic,exclude,X1,abstract
IEEE,I08D770CBC3B96F33,10.1109/tsg.2020.2969518,doi:10.1109/tsg.2020.2969518,academic,exclude,X1,abstract
IEEE,I08E7517D93559874,ieee:11589556,platform:IEEE:11589556,academic,exclude,T1,control-only
IEEE,I093088E915A5311E,10.1109/wcse.2009.158,doi:10.1109/wcse.2009.158,academic,exclude,X1,abstract
IEEE,I0951AF19FF5D5167,10.1109/tmc.2021.3122436,doi:10.1109/tmc.2021.3122436,academic,pending,X2,fulltext-exception
IEEE,I0984AEE84AFD26C5,10.1109/disrta.1999.807734,doi:10.1109/disrta.1999.807734,academic,exclude,X1,abstract
IEEE,I09C93E017B2F2850,10.1109/e-science.2006.261164,doi:10.1109/e-science.2006.261164,academic,include,I1,abstract
IEEE,I09F3FD1501C07359,10.1109/icmlc.2004.1382075,doi:10.1109/icmlc.2004.1382075,academic,include,I1,abstract
IEEE,I0A2370567BAD817F,10.1109/cisat66811.2025.11181750,doi:10.1109/cisat66811.2025.11181750,academic,exclude,X1,abstract
IEEE,I0A33E6E26C70999B,10.1109/tsmc.2025.3551667,doi:10.1109/tsmc.2025.3551667,academic,include,I1,abstract
IEEE,I0A4005A1A338F8BD,10.1109/iecon.2014.7049026,doi:10.1109/iecon.2014.7049026,academic,include,I1,abstract
IEEE,I0A40DA00BBE9339D,ieee:11297110,platform:IEEE:11297110,academic,exclude,T1,control-only
IEEE,I0A6B76D778902F4A,10.1109/tla.2019.8891956,doi:10.1109/tla.2019.8891956,academic,include,I1,abstract
IEEE,I0A894B2F1C9A9AA4,10.1109/usbereit51232.2021.9455026,doi:10.1109/usbereit51232.2021.9455026,academic,include,I1,abstract
IEEE,I0AAA9275BFE93C02,10.1109/aiiot68874.2026.11569555,doi:10.1109/aiiot68874.2026.11569555,academic,include,I2,abstract
IEEE,I0AD05481F9F138C9,10.1109/cis.2009.184,doi:10.1109/cis.2009.184,academic,exclude,X1,abstract
IEEE,I0ADB7CF7C4F78E61,10.1109/iri69576.2026.00010,doi:10.1109/iri69576.2026.00010,academic,exclude,X1,abstract
IEEE,I0AE22374A49138C2,10.1109/icca66035.2025.11430893,doi:10.1109/icca66035.2025.11430893,academic,exclude,X1,abstract
IEEE,I0AEAA1FACA0DBA93,10.1109/hicss.2000.926995,doi:10.1109/hicss.2000.926995,academic,include,I1,abstract
IEEE,I0AEC294DE05BD21B,10.1109/wecwis.2000.853881,doi:10.1109/wecwis.2000.853881,academic,pending,X2,abstract
IEEE,I0AF99A907595ACB6,10.1109/trustcom.2012.123,doi:10.1109/trustcom.2012.123,academic,exclude,X1,abstract
IEEE,I0B008DED55250B46,10.1109/iccsn.2010.63,doi:10.1109/iccsn.2010.63,academic,include,I1,abstract
IEEE,I0B28EB947054BBB5,10.1109/access.2018.2846779,doi:10.1109/access.2018.2846779,academic,include,I1,fulltext-exception
IEEE,I0B36915AA757A939,10.1109/tmm.2026.3651078,doi:10.1109/tmm.2026.3651078,academic,include,I1,abstract
IEEE,I0B48E960E9CEE621,10.1109/hoticn50779.2020.9350841,doi:10.1109/hoticn50779.2020.9350841,academic,include,I1,abstract
IEEE,I0B49DD1348BBD48F,10.1109/snpd.2007.26,doi:10.1109/snpd.2007.26,academic,include,I1,abstract
IEEE,I0B4B45161B49FC1C,10.23919/wiopt71098.2026.11568240,doi:10.23919/wiopt71098.2026.11568240,academic,exclude,X1,abstract
IEEE,I0B5653A46A7CC2EE,10.1109/miot.2026.3729398,doi:10.1109/miot.2026.3729398,academic,exclude,X1,abstract
IEEE,I0B59B73218921826,10.1109/ichit.2006.253518,doi:10.1109/ichit.2006.253518,academic,exclude,X1,abstract
IEEE,I0B5D10B4C29F9898,10.1109/ngmast.2008.61,doi:10.1109/ngmast.2008.61,academic,exclude,X1,abstract
IEEE,I0B9BE18057E928BE,10.1109/lsp.2022.3163691,doi:10.1109/lsp.2022.3163691,academic,exclude,X1,abstract
IEEE,I0BAF78D3E408D3FE,10.1109/tvt.2008.2002917,doi:10.1109/tvt.2008.2002917,academic,include,I1,abstract
IEEE,I0BB10FD89798C618,10.1109/imns67862.2026.11655291,doi:10.1109/imns67862.2026.11655291,academic,include,I1,abstract
IEEE,I0BB49C812EF6EE46,10.1109/icaicta53211.2021.9640258,doi:10.1109/icaicta53211.2021.9640258,academic,exclude,X1,abstract
IEEE,I0BC783701D45DBEC,10.1109/cdc.2018.8619894,doi:10.1109/cdc.2018.8619894,academic,exclude,X1,abstract
IEEE,I0BF6DB7DCE4B87BB,10.23919/cje.2014.10848015,doi:10.23919/cje.2014.10848015,academic,include,I1,abstract
IEEE,I0BF906BD8A0375B0,10.1109/ecbs.2002.999849,doi:10.1109/ecbs.2002.999849,academic,include,I1,fulltext-exception
IEEE,I0C08D0BC4C780007,10.1109/fskd.2008.533,doi:10.1109/fskd.2008.533,academic,exclude,X1,abstract
IEEE,I0C133AF3B9B17741,10.1109/wcica.2008.4593540,doi:10.1109/wcica.2008.4593540,academic,include,I1,abstract
IEEE,I0C439B67EDCDCFDC,ieee:1373543,platform:IEEE:1373543,academic,exclude,X1,abstract
IEEE,I0C4CF1FE3E46A9AC,10.1109/coase.2006.326957,doi:10.1109/coase.2006.326957,academic,pending,X2,fulltext-exception
IEEE,I0C5DF677F4235D65,10.1109/icnsc.2017.8000098,doi:10.1109/icnsc.2017.8000098,academic,include,I1,abstract
IEEE,I0CD1C19790BE8D34,10.1109/tase.2007.896902,doi:10.1109/tase.2007.896902,academic,exclude,X1,abstract
IEEE,I0CE0EC1A46C594B4,10.1109/icdcsw.2003.1203623,doi:10.1109/icdcsw.2003.1203623,academic,include,I1,fulltext-exception
IEEE,I0CF4666611DB5E38,ieee:6060713,platform:IEEE:6060713,academic,include,I1,abstract
IEEE,I0D56CD7298FE4796,10.1109/hicss.2000.926817,doi:10.1109/hicss.2000.926817,academic,exclude,X1,abstract
IEEE,I0D66010DA8587E0A,ieee:6615893,platform:IEEE:6615893,academic,pending,X2,fulltext-exception
IEEE,I0D99C4538DF55BC3,10.1109/aimv66517.2025.11203535,doi:10.1109/aimv66517.2025.11203535,academic,exclude,X1,abstract
IEEE,I0DD176153D71C532,10.1109/icicic.2007.509,doi:10.1109/icicic.2007.509,academic,exclude,X1,abstract
IEEE,I0DDCDDB5C21080BB,10.1109/isbim.2008.236,doi:10.1109/isbim.2008.236,academic,include,I1,abstract
IEEE,I0E10C7BAE0FF5664,10.1109/oajpe.2026.3721083,doi:10.1109/oajpe.2026.3721083,academic,exclude,X1,abstract
IEEE,I0E178C3A2C01F595,10.1109/soli.2017.8120981,doi:10.1109/soli.2017.8120981,academic,exclude,X1,abstract
IEEE,I0E5028309066889C,10.1109/icsess.2010.5552272,doi:10.1109/icsess.2010.5552272,academic,exclude,T1,control-only
IEEE,I0E6FE4DB6A81C1EC,10.1109/aiact.2019.8847855,doi:10.1109/aiact.2019.8847855,academic,include,I1,abstract
IEEE,I0E72164ABF7534F9,10.1109/icita.2005.248,doi:10.1109/icita.2005.248,academic,exclude,X1,abstract
IEEE,I0E9EF2DB5750ABF1,10.1109/icsens.2015.7370652,doi:10.1109/icsens.2015.7370652,academic,exclude,X1,abstract
IEEE,I0EC58DE1A220A45D,10.1109/icmas.1998.699296,doi:10.1109/icmas.1998.699296,academic,exclude,X1,abstract
IEEE,I0EDFDE5F6B811B20,10.1109/saintw.2002.994570,doi:10.1109/saintw.2002.994570,academic,exclude,X1,abstract
IEEE,I0EE6BC9C599DE2FE,10.1109/iccp.2009.5284787,doi:10.1109/iccp.2009.5284787,academic,exclude,X1,abstract
IEEE,I0EF079F85AFAD1F0,10.1109/tsmcb.2009.2034731,doi:10.1109/tsmcb.2009.2034731,academic,include,I1,fulltext-exception
IEEE,I0EFA3DBE53685F7D,10.1109/coopis.1999.792146,doi:10.1109/coopis.1999.792146,academic,include,I1,abstract
IEEE,I0F078A5ED18EC5AA,10.1109/canet.2005.1598208,doi:10.1109/canet.2005.1598208,academic,exclude,X1,abstract
IEEE,I0F267E81DB6764AF,10.1109/tase.2022.3221352,doi:10.1109/tase.2022.3221352,academic,exclude,X1,abstract
IEEE,I0F3A2246C6318C83,10.1109/cai68641.2026.11536377,doi:10.1109/cai68641.2026.11536377,academic,exclude,X1,abstract
IEEE,I0F51B6DC3101FE48,10.1109/tsg.2021.3088309,doi:10.1109/tsg.2021.3088309,academic,pending,X2,fulltext-exception
IEEE,I0F60D2433A0043F3,10.1109/aiea70743.2026.11632745,doi:10.1109/aiea70743.2026.11632745,academic,exclude,X1,abstract
IEEE,I0F69201CA2E5B844,10.1109/pimrc.2010.5671682,doi:10.1109/pimrc.2010.5671682,academic,include,I1,abstract
IEEE,I0F8050A062FF9E16,10.1109/iwqos70441.2026.11661137,doi:10.1109/iwqos70441.2026.11661137,academic,exclude,X1,abstract
IEEE,I0F86366D5329535B,10.1109/tnnls.2025.3554440,doi:10.1109/tnnls.2025.3554440,academic,exclude,X1,abstract
IEEE,I0F904829CFAD7AC5,10.1093/imaman/dpq009,doi:10.1093/imaman/dpq009,academic,include,I1,abstract
IEEE,I0FA5362E7958DC4C,10.1109/tsc.2020.3024729,doi:10.1109/tsc.2020.3024729,academic,pending,X2,fulltext-exception
IEEE,I0FAB76F772C1B95B,10.1109/mic.2002.1067736,doi:10.1109/mic.2002.1067736,academic,exclude,X1,abstract
IEEE,I0FADC8C2FBEAE47C,ieee:11433628,platform:IEEE:11433628,academic,exclude,T1,control-only
IEEE,I0FB9219071E97B0D,10.1109/mpcon69668.2026.11508542,doi:10.1109/mpcon69668.2026.11508542,academic,exclude,X1,abstract
IEEE,I0FC439F8C66079A8,10.1109/iccms69991.2026.11642771,doi:10.1109/iccms69991.2026.11642771,academic,exclude,X1,abstract
IEEE,I0FE02D0E8E9C60D4,10.1109/icsssm.2007.4280297,doi:10.1109/icsssm.2007.4280297,academic,exclude,X1,abstract
IEEE,I0FEF980A944707C4,10.1109/isads.2001.917406,doi:10.1109/isads.2001.917406,academic,pending,X2,fulltext-exception
IEEE,I0FF1C08E7B70FCC9,10.1109/icimtech202671078.2026.11699008,doi:10.1109/icimtech202671078.2026.11699008,academic,exclude,T2,control-only
IEEE,I100E947CF4172880,ieee:6017710,platform:IEEE:6017710,academic,include,I1,abstract
IEEE,I1058BC9DFFEEFA43,10.1109/scopes64467.2024.10991141,doi:10.1109/scopes64467.2024.10991141,academic,exclude,X1,abstract
IEEE,I105DEEB9C2DC84F3,10.1109/focs.2015.91,doi:10.1109/focs.2015.91,academic,exclude,X1,abstract
IEEE,I106701AF989A1F4E,10.1109/icmse.2006.313895,doi:10.1109/icmse.2006.313895,academic,include,I1,abstract
IEEE,I107B0A9D7C133953,10.1109/icdcsw.2004.1284036,doi:10.1109/icdcsw.2004.1284036,academic,exclude,X1,abstract
IEEE,I1089827EF6ED2CAE,10.1109/iscmi67495.2025.11358455,doi:10.1109/iscmi67495.2025.11358455,academic,exclude,X1,abstract
IEEE,I10ADF3BC0BF46B46,10.1109/tqcebt67648.2026.11681849,doi:10.1109/tqcebt67648.2026.11681849,academic,include,I2,abstract
IEEE,I10D19FD9AF7AF5C5,ieee:5678015,platform:IEEE:5678015,academic,include,I1,abstract
IEEE,I10E28F518F669A47,10.1109/iccece69169.2026.11399824,doi:10.1109/iccece69169.2026.11399824,academic,exclude,X1,abstract
IEEE,I10F8BD38CA417D16,10.1109/cimca.2008.60,doi:10.1109/cimca.2008.60,academic,include,I1,abstract
IEEE,I1108D199E5539A72,10.1109/mis.2006.62,doi:10.1109/mis.2006.62,academic,exclude,X1,abstract
IEEE,I110CB19B86B2C3A4,10.1109/padsw.2000.884598,doi:10.1109/padsw.2000.884598,academic,pending,X2,abstract
IEEE,I111B6B0CA0079393,10.1109/hicss.2014.40,doi:10.1109/hicss.2014.40,academic,include,I1,abstract
IEEE,I1122B6D42097EF9C,10.1109/hicss.2000.926879,doi:10.1109/hicss.2000.926879,academic,include,I1,abstract
IEEE,I114621F0AF5F1842,10.1109/imsaa.2011.6156371,doi:10.1109/imsaa.2011.6156371,academic,exclude,X1,abstract
IEEE,I11678430CB6BAEE7,10.1109/aece62803.2024.10911263,doi:10.1109/aece62803.2024.10911263,academic,exclude,X1,abstract
IEEE,I1174B9A4E45ED8F8,10.1109/hicss.1996.495355,doi:10.1109/hicss.1996.495355,academic,include,I1,abstract
IEEE,I11850409996FC5B7,10.1109/cdc.2010.5717534,doi:10.1109/cdc.2010.5717534,academic,exclude,X1,abstract
IEEE,I118E7D19007F2AA9,10.1109/icebeg.2011.5887227,doi:10.1109/icebeg.2011.5887227,academic,exclude,X1,abstract
IEEE,I11A4C02E93A37338,10.1109/cinc.2009.263,doi:10.1109/cinc.2009.263,academic,include,I1,abstract
IEEE,I11AA38A0DB7E15FB,10.1109/icseng.2008.56,doi:10.1109/icseng.2008.56,academic,exclude,X1,abstract
IEEE,I11D12F84AAFA97F7,10.1109/wicom.2008.1814,doi:10.1109/wicom.2008.1814,academic,exclude,X1,abstract
IEEE,I11FAE49F0DB26BC5,10.1109/southeastcon63549.2026.11476537,doi:10.1109/southeastcon63549.2026.11476537,academic,exclude,X1,abstract
IEEE,I11FF0596700F85C4,10.1109/aimsec.2011.6011446,doi:10.1109/aimsec.2011.6011446,academic,exclude,X1,abstract
IEEE,I120FC94A165BDFB4,10.1109/ica.2016.019,doi:10.1109/ica.2016.019,academic,exclude,X1,abstract
IEEE,I125B7678816553A3,10.1109/iat.2006.64,doi:10.1109/iat.2006.64,academic,include,I1,abstract
IEEE,I125C96C8443AC072,10.1109/jiot.2025.3648858,doi:10.1109/jiot.2025.3648858,academic,exclude,X1,abstract
IEEE,I126E6BCC3462B691,10.1109/cait68620.2025.11424841,doi:10.1109/cait68620.2025.11424841,academic,exclude,X1,abstract
IEEE,I12ADBE43B4E6C3EE,10.1109/icbaie49996.2020.00088,doi:10.1109/icbaie49996.2020.00088,academic,include,I1,abstract
IEEE,I1321B26F8D842FA2,10.1109/etcc69750.2026.11681964,doi:10.1109/etcc69750.2026.11681964,academic,include,I1,abstract
IEEE,I132C43E824513EDF,10.1109/hicss.1999.772765,doi:10.1109/hicss.1999.772765,academic,include,I1,abstract
IEEE,I132C4FC496C75B0D,10.1109/wf-iot.2015.7389089,doi:10.1109/wf-iot.2015.7389089,academic,exclude,X1,abstract
IEEE,I133170C9C17485F8,10.1109/4236.877489,doi:10.1109/4236.877489,academic,exclude,X1,abstract
IEEE,I1331D573E7811F46,10.1109/ftdcs.1997.644704,doi:10.1109/ftdcs.1997.644704,academic,include,I1,abstract
IEEE,I134031DB80E78EAE,10.1109/crowncom.2007.4549838,doi:10.1109/crowncom.2007.4549838,academic,pending,X2,fulltext-exception
IEEE,I136F17C84CDB295F,10.1109/cbi.2013.37,doi:10.1109/cbi.2013.37,academic,include,I1,abstract
IEEE,I137D57C6BEB1D34B,10.1109/iciea54703.2022.10006023,doi:10.1109/iciea54703.2022.10006023,academic,exclude,X1,abstract
IEEE,I13A935C4F274D770,10.1109/paccs.2010.5627035,doi:10.1109/paccs.2010.5627035,academic,exclude,X1,abstract
IEEE,I13AFC99742EEF041,10.1109/iccp.2011.6047853,doi:10.1109/iccp.2011.6047853,academic,pending,X2,fulltext-exception
IEEE,I13B46FC1C72A6029,10.1109/tfr.2025.3580068,doi:10.1109/tfr.2025.3580068,academic,exclude,X1,abstract
IEEE,I13C946A62BAFA293,10.1109/icad69378.2026.11608918,doi:10.1109/icad69378.2026.11608918,academic,include,I1,abstract
IEEE,I13D540875752B111,10.1109/temsmet65536.2025.11467437,doi:10.1109/temsmet65536.2025.11467437,academic,exclude,X1,abstract
IEEE,I13D8A0F19D22B821,10.1109/tie.2010.2102319,doi:10.1109/tie.2010.2102319,academic,include,I1,abstract
IEEE,I13EE630F42DA055E,ieee:11297083,platform:IEEE:11297083,academic,exclude,T1,control-only
IEEE,I13F97B21B1EE6BCC,10.1109/icws.2010.86,doi:10.1109/icws.2010.86,academic,exclude,X1,abstract
IEEE,I140717E65682F7C0,10.1109/itsim.2010.5561578,doi:10.1109/itsim.2010.5561578,academic,exclude,X1,abstract
IEEE,I14245DFC0DE6D145,10.1109/6294.869380,doi:10.1109/6294.869380,academic,include,I1,abstract
IEEE,I144512443D888183,10.1109/icctd.2010.5646424,doi:10.1109/icctd.2010.5646424,academic,exclude,X1,abstract
IEEE,I146E0175DCCFABE8,10.1109/ictai.2007.101,doi:10.1109/ictai.2007.101,academic,include,I1,abstract
IEEE,I14A6192D7FA9AAAE,10.1109/iccta70480.2026.11706453,doi:10.1109/iccta70480.2026.11706453,academic,exclude,T2,control-only
IEEE,I14A80FF8E38559AA,10.1109/ia.2009.4927505,doi:10.1109/ia.2009.4927505,academic,exclude,X1,abstract
IEEE,I14A821E070F04352,10.1109/pes.2007.386140,doi:10.1109/pes.2007.386140,academic,exclude,X1,abstract
IEEE,I14B085609639A63F,10.1109/iita.2008.31,doi:10.1109/iita.2008.31,academic,pending,X2,abstract
IEEE,I14B1666C9DE4B882,10.1109/cdc56724.2024.10886745,doi:10.1109/cdc56724.2024.10886745,academic,exclude,X1,abstract
IEEE,I14CE3B57C18793CA,10.1109/wi.2003.1241248,doi:10.1109/wi.2003.1241248,academic,include,I1,abstract
IEEE,I150963A1020C7423,10.1109/argencon.2016.7585332,doi:10.1109/argencon.2016.7585332,academic,include,I1,abstract
IEEE,I1519CF35AA111FB2,ieee:1323348,platform:IEEE:1323348,academic,exclude,X1,abstract
IEEE,I153E14B34795545D,10.23919/ccc63176.2024.10661197,doi:10.23919/ccc63176.2024.10661197,academic,exclude,X1,abstract
IEEE,I154830697F5654CE,ieee:6639866,platform:IEEE:6639866,academic,include,I2,fulltext-exception
IEEE,I154ED778466C90C1,10.1109/iccece69715.2026.11493023,doi:10.1109/iccece69715.2026.11493023,academic,include,I1,abstract
IEEE,I1553A2943369BB4D,10.1109/hicss.1998.651684,doi:10.1109/hicss.1998.651684,academic,include,I1,abstract
IEEE,I1563A3A6F9FC4BFA,ieee:11244358,platform:IEEE:11244358,academic,exclude,T1,control-only
IEEE,I15740D65899920A8,10.1109/comm48946.2020.9141962,doi:10.1109/comm48946.2020.9141962,academic,exclude,X1,abstract
IEEE,I1584E178327DEDB2,10.1109/hicss.2003.1173869,doi:10.1109/hicss.2003.1173869,academic,include,I1,abstract
IEEE,I1595FFA875BD7371,10.1109/aici.2009.180,doi:10.1109/aici.2009.180,academic,include,I1,abstract
IEEE,I15ACF76224FCFCE8,10.1109/mnet.2026.3718532,doi:10.1109/mnet.2026.3718532,academic,pending,X2,fulltext-exception
IEEE,I15CDB909DC623280,10.1109/pes.2008.4596357,doi:10.1109/pes.2008.4596357,academic,pending,X2,fulltext-exception
IEEE,I160059756AF5EAE6,10.1109/icra.2014.6907157,doi:10.1109/icra.2014.6907157,academic,exclude,X1,abstract
IEEE,I160868FDF6FAE8B4,10.1109/cns56114.2022.9947268,doi:10.1109/cns56114.2022.9947268,academic,exclude,X1,abstract
IEEE,I16180A0E45728AA2,10.1109/iciea.2013.6566347,doi:10.1109/iciea.2013.6566347,academic,exclude,X1,abstract
IEEE,I161C259EAFACC914,10.1109/momuc.1999.819486,doi:10.1109/momuc.1999.819486,academic,include,I1,abstract
IEEE,I1652F29A700B3BE3,10.1109/tsp.2012.2203127,doi:10.1109/tsp.2012.2203127,academic,exclude,X1,fulltext-exception
IEEE,I167B213731F18BBF,ieee:11244333,platform:IEEE:11244333,academic,exclude,T1,control-only
IEEE,I1690D4F1CD954612,10.1109/aina.2004.1283774,doi:10.1109/aina.2004.1283774,academic,exclude,X1,abstract
IEEE,I169D6A67521E65DB,10.1109/bdai70753.2026.11655096,doi:10.1109/bdai70753.2026.11655096,academic,exclude,X1,abstract
IEEE,I169F19EAF7BA552E,10.1109/icices.2014.7033963,doi:10.1109/icices.2014.7033963,academic,exclude,X1,abstract
IEEE,I16A5608A132967F2,10.1109/icin69025.2026.11481801,doi:10.1109/icin69025.2026.11481801,academic,include,I1,abstract
IEEE,I16EEE1B8A66139A8,10.1109/access.2019.2922688,doi:10.1109/access.2019.2922688,academic,include,I1,abstract
IEEE,I16F393C2C920D7FE,10.1109/edm69524.2026.11632014,doi:10.1109/edm69524.2026.11632014,academic,exclude,X1,abstract
IEEE,I174F5DCBF02A1972,10.1109/icmse.2009.5318015,doi:10.1109/icmse.2009.5318015,academic,include,I1,abstract
IEEE,I17543B07A76F8925,10.1109/wism.2009.1,doi:10.1109/wism.2009.1,academic,exclude,T1,control-only
IEEE,I17B5F5882B81C02A,10.17775/cseejpes.2020.06660,doi:10.17775/cseejpes.2020.06660,academic,include,I1,abstract
IEEE,I17C2F3C64994B3AF,10.1109/acait63902.2024.11022289,doi:10.1109/acait63902.2024.11022289,academic,exclude,X1,abstract
IEEE,I17CE4CE252D103E2,10.1109/icsmc.2004.1400803,doi:10.1109/icsmc.2004.1400803,academic,exclude,T1,control-only
IEEE,I17F4D580551658C2,10.1109/icoco67189.2025.11334130,doi:10.1109/icoco67189.2025.11334130,academic,include,I2,abstract
IEEE,I1823957CD6C67B5B,10.1109/icicnis66685.2025.11315747,doi:10.1109/icicnis66685.2025.11315747,academic,exclude,X1,abstract
IEEE,I182427957C936665,10.1109/tmc.2026.3672522,doi:10.1109/tmc.2026.3672522,academic,include,I1,abstract
IEEE,I18308AD0C74525D7,ieee:9044951,platform:IEEE:9044951,official_standard,exclude,T1,control-only
IEEE,I184BC210DCCD48E8,ieee:7943399,platform:IEEE:7943399,academic,include,I2,fulltext-exception
IEEE,I18663DDA6ABB4093,10.1109/iccrtee68719.2026.11566386,doi:10.1109/iccrtee68719.2026.11566386,academic,exclude,X1,abstract
IEEE,I18699AC7E6A5F4C7,10.1109/qpain69676.2026.11546218,doi:10.1109/qpain69676.2026.11546218,academic,include,I1,abstract
IEEE,I18803E73741C2F7C,10.1109/icee52715.2021.9544467,doi:10.1109/icee52715.2021.9544467,academic,include,I1,fulltext-exception
IEEE,I18D07CEB3A97513C,10.1109/icemis.2016.7745371,doi:10.1109/icemis.2016.7745371,academic,exclude,X1,abstract
IEEE,I1940776F961AB9E4,10.1109/kes.2000.885825,doi:10.1109/kes.2000.885825,academic,pending,X2,abstract
IEEE,I19497A8AA4C09450,10.1109/icmlc.2004.1380753,doi:10.1109/icmlc.2004.1380753,academic,exclude,X1,abstract
IEEE,I1992CDD5BA42AD73,10.1109/64.491309,doi:10.1109/64.491309,academic,exclude,X1,abstract
IEEE,I1994868AF34044E6,10.1109/etfa.2015.7301528,doi:10.1109/etfa.2015.7301528,academic,include,I1,abstract
IEEE,I19AD5127EB4323C1,10.1109/enabl.2001.953427,doi:10.1109/enabl.2001.953427,academic,exclude,X1,abstract
IEEE,I19DD68165CC69431,10.1109/aina.2006.110,doi:10.1109/aina.2006.110,academic,exclude,X1,abstract
IEEE,I1A17CAEF22658FCD,10.1109/eem49802.2020.9221966,doi:10.1109/eem49802.2020.9221966,academic,exclude,X1,abstract
IEEE,I1A2F2DF00CF1DC8C,10.1109/cinti.2011.6108576,doi:10.1109/cinti.2011.6108576,academic,exclude,T1,control-only
IEEE,I1A3C7D302179494C,ieee:8571687,platform:IEEE:8571687,academic,exclude,X1,abstract
IEEE,I1A5A62D6B679444B,10.1109/pimrc50174.2021.9569644,doi:10.1109/pimrc50174.2021.9569644,academic,exclude,X1,abstract
IEEE,I1A609B67F6E5C29D,10.1109/tcss.2021.3100291,doi:10.1109/tcss.2021.3100291,academic,exclude,X1,abstract
IEEE,I1A81C537D348BDB9,10.1109/isads.2005.1452183,doi:10.1109/isads.2005.1452183,academic,exclude,X1,abstract
IEEE,I1A8B94B0B0C1A93C,10.1109/wowmom.2008.4594897,doi:10.1109/wowmom.2008.4594897,academic,include,I1,abstract
IEEE,I1A9CEB67928ED3DB,10.1109/isc246665.2019.9071651,doi:10.1109/isc246665.2019.9071651,academic,include,I1,fulltext-exception
IEEE,I1AB478F8A6BF4D1C,10.1109/icimtech.2016.7930343,doi:10.1109/icimtech.2016.7930343,academic,exclude,X1,abstract
IEEE,I1AB76F2935CAFF6F,10.1109/caibda70336.2026.11621063,doi:10.1109/caibda70336.2026.11621063,academic,exclude,X1,abstract
IEEE,I1AB98DE35D496837,10.1109/iccis.2004.1460757,doi:10.1109/iccis.2004.1460757,academic,include,I1,abstract
IEEE,I1ADE22A27FBE9697,10.1109/coginf.2006.365673,doi:10.1109/coginf.2006.365673,academic,include,I1,abstract
IEEE,I1B36FBB46B14DF4B,10.1109/compsac.2012.90,doi:10.1109/compsac.2012.90,academic,include,I1,abstract
IEEE,I1B4AFA211D6ECC86,10.1109/scc.2010.81,doi:10.1109/scc.2010.81,academic,exclude,X1,abstract
IEEE,I1B78572CFBA489F2,10.1109/wordsf.1999.842334,doi:10.1109/wordsf.1999.842334,academic,exclude,X1,abstract
IEEE,I1BE036EC8BD0551F,10.1109/infocom.2015.7218641,doi:10.1109/infocom.2015.7218641,academic,pending,X2,fulltext-exception
IEEE,I1BF255F683BFE2D8,10.1109/isic.2003.1254708,doi:10.1109/isic.2003.1254708,academic,exclude,X1,abstract
IEEE,I1C06F6FA7782966C,10.1109/icsssm.2005.1500131,doi:10.1109/icsssm.2005.1500131,academic,exclude,X1,abstract
IEEE,I1C29A631C56C2AAB,10.1109/icscai68849.2026.11648257,doi:10.1109/icscai68849.2026.11648257,academic,exclude,X1,abstract
IEEE,I1C3F9979202A3C1A,10.1109/picmet.2007.4349447,doi:10.1109/picmet.2007.4349447,academic,include,I1,abstract
IEEE,I1C5BF3C406200CBB,10.1109/tssa.2012.6366013,doi:10.1109/tssa.2012.6366013,academic,exclude,X1,abstract
IEEE,I1C6ABCDC438690E5,10.1109/2.589910,doi:10.1109/2.589910,academic,include,I2,abstract
IEEE,I1C9E07CA1535E92D,10.1109/icect.2004.1319715,doi:10.1109/icect.2004.1319715,academic,exclude,X1,abstract
IEEE,I1CACE636EFF73338,10.1109/iconstem60960.2024.10568607,doi:10.1109/iconstem60960.2024.10568607,academic,pending,X2,fulltext-exception
IEEE,I1CBCB52376107559,10.1109/soli.2017.8120980,doi:10.1109/soli.2017.8120980,academic,include,I1,fulltext-exception
IEEE,I1CC553F734B81711,10.1109/iceei.2011.6021624,doi:10.1109/iceei.2011.6021624,academic,include,I1,abstract
IEEE,I1CC57D1EBB27E5D5,10.1109/wsc48552.2020.9383961,doi:10.1109/wsc48552.2020.9383961,academic,exclude,X1,abstract
IEEE,I1CC8493092B2B747,10.1109/iiai-aai.2014.4,doi:10.1109/iiai-aai.2014.4,academic,exclude,T1,control-only
IEEE,I1CEE646974C2FF9F,10.1109/icpads.2005.197,doi:10.1109/icpads.2005.197,academic,include,I1,abstract
IEEE,I1CF75B862E214709,10.1109/soli.2008.4686623,doi:10.1109/soli.2008.4686623,academic,include,I1,abstract
IEEE,I1CFE43C66576318B,10.1109/iadcc.2014.6779439,doi:10.1109/iadcc.2014.6779439,academic,exclude,X1,abstract
IEEE,I1D0971C73830B9C8,10.1109/ccece64018.2025.11364418,doi:10.1109/ccece64018.2025.11364418,academic,exclude,X1,abstract
IEEE,I1D0D1E0BE278832C,10.1109/access.2024.3434645,doi:10.1109/access.2024.3434645,academic,exclude,X1,abstract
IEEE,I1D3628BBE0A969E9,10.1109/fuzzy.2004.1375515,doi:10.1109/fuzzy.2004.1375515,academic,include,I1,abstract
IEEE,I1D49256A5E1857AB,10.1109/smartindustrycon68821.2026.11493149,doi:10.1109/smartindustrycon68821.2026.11493149,academic,include,I2,abstract
IEEE,I1D6670F7915747EB,ieee:11244332,platform:IEEE:11244332,academic,exclude,T1,control-only
IEEE,I1D6E4D33B04D12C8,10.1109/access.2019.2961155,doi:10.1109/access.2019.2961155,academic,include,I1,abstract
IEEE,I1DB1913FC292BD7D,10.1109/icsmc.1998.727617,doi:10.1109/icsmc.1998.727617,academic,exclude,X1,abstract
IEEE,I1DB827B344870A58,10.1109/cec-eee.2006.37,doi:10.1109/cec-eee.2006.37,academic,include,I1,abstract
IEEE,I1DDB4DE2D5522C17,10.1109/iat.2005.26,doi:10.1109/iat.2005.26,academic,include,I1,abstract
IEEE,I1DE4A14C5336156D,10.1109/ieem.2016.7798095,doi:10.1109/ieem.2016.7798095,academic,exclude,X1,abstract
IEEE,I1DEA2209F5E5A9FA,10.1109/wcica.2006.1714448,doi:10.1109/wcica.2006.1714448,academic,include,I1,fulltext-exception
IEEE,I1E05E25B8A6EA114,10.1109/eem.2016.7521243,doi:10.1109/eem.2016.7521243,academic,include,I1,abstract
IEEE,I1E35541A5DDE921A,10.1109/wi-iatw.2007.114,doi:10.1109/wi-iatw.2007.114,academic,include,I1,abstract
IEEE,I1E37A7606C38F745,10.1109/tsmc.2014.2387099,doi:10.1109/tsmc.2014.2387099,academic,exclude,X1,abstract
IEEE,I1E3FD79D210F6CA9,10.1109/tdsc.2026.3695553,doi:10.1109/tdsc.2026.3695553,academic,include,I2,abstract
IEEE,I1E4E7AFEC5BF1A25,10.1109/access.2024.3491189,doi:10.1109/access.2024.3491189,academic,include,I1,abstract
IEEE,I1E865CB0FB2C7435,10.1109/icmlc.2005.1526940,doi:10.1109/icmlc.2005.1526940,academic,include,I1,abstract
IEEE,I1EB4E5B4B4DB842A,10.1109/icmcce.2017.51,doi:10.1109/icmcce.2017.51,academic,exclude,X1,abstract
IEEE,I1EDAC822E144E40C,10.1109/icpre59655.2023.10353625,doi:10.1109/icpre59655.2023.10353625,academic,include,I1,abstract
IEEE,I1EF2C8301A91FF50,10.1109/fgcn.2008.116,doi:10.1109/fgcn.2008.116,academic,exclude,X1,abstract
IEEE,I1F18F56B1AF4A9D0,10.1109/cscwd.2008.4537079,doi:10.1109/cscwd.2008.4537079,academic,pending,X2,fulltext-exception
IEEE,I1F1D9A6C1E91FBE2,10.1109/dexa.2002.1045885,doi:10.1109/dexa.2002.1045885,academic,exclude,X1,abstract
IEEE,I1F25A112C14C20E4,10.1109/tsmcb.2012.2204742,doi:10.1109/tsmcb.2012.2204742,academic,include,I1,abstract
IEEE,I1F3132641432515B,10.1109/isa.2008.31,doi:10.1109/isa.2008.31,academic,include,I1,abstract
IEEE,I1F4DD2EE69C9DF6C,10.23919/icmsscps00005.2026.00020,doi:10.23919/icmsscps00005.2026.00020,academic,exclude,T2,control-only
IEEE,I1F52240F72F54952,10.1109/cisat66811.2025.11181948,doi:10.1109/cisat66811.2025.11181948,academic,exclude,X1,abstract
IEEE,I1F9028A094715941,10.1109/naecon.2018.8556721,doi:10.1109/naecon.2018.8556721,academic,exclude,X1,abstract
IEEE,I1FBAEAB698807192,10.1109/ic4e.2010.29,doi:10.1109/ic4e.2010.29,academic,exclude,X1,fulltext-exception
IEEE,I1FD0228A6E06B89D,10.1109/cloudcom67567.2025.11331453,doi:10.1109/cloudcom67567.2025.11331453,academic,exclude,X1,abstract
IEEE,I1FDE3FCB92542C98,10.1109/iicaiet67254.2025.11265236,doi:10.1109/iicaiet67254.2025.11265236,academic,include,I1,abstract
IEEE,I2004C0B019A2A61F,10.1109/tkde.2007.1045,doi:10.1109/tkde.2007.1045,academic,exclude,X1,abstract
IEEE,I2024FAF0A3F1F3AD,10.1109/iecon.2000.972458,doi:10.1109/iecon.2000.972458,academic,include,I1,abstract
IEEE,I20315CC16893C514,10.1109/tsc.2011.52,doi:10.1109/tsc.2011.52,academic,include,I1,abstract
IEEE,I204B56355257E4F4,10.1109/euc.2008.26,doi:10.1109/euc.2008.26,academic,exclude,X1,abstract
IEEE,I2075666BEFD98186,10.1109/melcon.2004.1347005,doi:10.1109/melcon.2004.1347005,academic,include,I1,abstract
IEEE,I207E1CBECB6E5A89,10.1109/cisim.2007.8,doi:10.1109/cisim.2007.8,academic,include,I1,abstract
IEEE,I2085E115C551F21D,10.7873/date.2014.346,doi:10.7873/date.2014.346,academic,exclude,X1,abstract
IEEE,I20AAA125DE9CF4BB,10.1109/fskd.2017.8393301,doi:10.1109/fskd.2017.8393301,academic,exclude,X1,abstract
IEEE,I20AFD7849C9A3731,10.1109/icma69663.2026.11647594,doi:10.1109/icma69663.2026.11647594,academic,exclude,X1,abstract
IEEE,I20B2A821A062BA30,10.23919/iiai-aaicps00095.2026.00065,doi:10.23919/iiai-aaicps00095.2026.00065,academic,exclude,X1,abstract
IEEE,I20D5FD38371C0CB6,10.1109/pesgm.2012.6344924,doi:10.1109/pesgm.2012.6344924,academic,include,I1,abstract
IEEE,I217023A6B8A0ECF6,10.1109/cdc.2009.5400569,doi:10.1109/cdc.2009.5400569,academic,exclude,X1,abstract
IEEE,I219454ED4F4301F7,10.1109/ibica.2011.56,doi:10.1109/ibica.2011.56,academic,exclude,X1,abstract
IEEE,I21B67FA23C95459F,10.1109/icnc.2007.715,doi:10.1109/icnc.2007.715,academic,exclude,X1,abstract
IEEE,I2203E2C1F5DCBCA6,10.1109/emergin67762.2025.11450575,doi:10.1109/emergin67762.2025.11450575,academic,exclude,X1,abstract
IEEE,I22055BB6491D31F0,10.1109/iscc.2004.1358356,doi:10.1109/iscc.2004.1358356,academic,exclude,T1,control-only
IEEE,I2216BB5191664A08,10.1109/acai68217.2025.11406667,doi:10.1109/acai68217.2025.11406667,academic,include,I2,abstract
IEEE,I221AC1EFBB9B6C7B,10.1109/ieem.2014.7058655,doi:10.1109/ieem.2014.7058655,academic,exclude,X1,abstract
IEEE,I2248A71EB4741EC8,10.1109/hpec67600.2025.11196565,doi:10.1109/hpec67600.2025.11196565,academic,exclude,X1,abstract
IEEE,I22555AF6C69420BC,10.1109/globecom59602.2025.11431660,doi:10.1109/globecom59602.2025.11431660,academic,include,I1,abstract
IEEE,I2282704AE5EA8AFA,10.1109/icaiset66439.2026.11541769,doi:10.1109/icaiset66439.2026.11541769,academic,include,I2,abstract
IEEE,I22CC8315A93DEEEE,10.1109/icsssm.2006.320567,doi:10.1109/icsssm.2006.320567,academic,include,I1,abstract
IEEE,I22F40A1D438F430C,10.1109/swste.2005.6,doi:10.1109/swste.2005.6,academic,exclude,X1,abstract
IEEE,I22FCC253338BB390,10.1109/ncis.2011.103,doi:10.1109/ncis.2011.103,academic,include,I1,abstract
IEEE,I23131F17369181F6,10.1109/scc.2004.1358082,doi:10.1109/scc.2004.1358082,academic,pending,X2,fulltext-exception
IEEE,I2317E0801372E222,10.1109/hase.2008.31,doi:10.1109/hase.2008.31,academic,exclude,X1,abstract
IEEE,I2345E4BE653B190B,10.1109/icuas57906.2023.10155855,doi:10.1109/icuas57906.2023.10155855,academic,exclude,X1,abstract
IEEE,I2376DCFD02524F31,10.1109/iccitechnol.2012.6285811,doi:10.1109/iccitechnol.2012.6285811,academic,pending,X2,fulltext-exception
IEEE,I2386FBE0A57379CE,10.1109/icebe.2005.122,doi:10.1109/icebe.2005.122,academic,include,I1,fulltext-exception
IEEE,I2396F0845DB93AD0,10.1109/mmit.2008.109,doi:10.1109/mmit.2008.109,academic,include,I1,fulltext-exception
IEEE,I23973E386BE7EFC4,10.1109/iconat66879.2025.11362367,doi:10.1109/iconat66879.2025.11362367,academic,exclude,X1,abstract
IEEE,I23C5F6121A815B05,10.1109/icebe.2009.18,doi:10.1109/icebe.2009.18,academic,include,I1,abstract
IEEE,I23D2A40B1D94B5E5,10.1109/indcon.2011.6139351,doi:10.1109/indcon.2011.6139351,academic,pending,X2,fulltext-exception
IEEE,I23E8934EEE371713,10.1109/iciev.2016.7760170,doi:10.1109/iciev.2016.7760170,academic,include,I1,abstract
IEEE,I23F8D41D0F76B17E,10.1109/ias.2007.1,doi:10.1109/ias.2007.1,academic,exclude,T1,control-only
IEEE,I240D5E602361E411,10.1109/isorcw.2012.11,doi:10.1109/isorcw.2012.11,academic,exclude,X1,abstract
IEEE,I24131DAC4DBA98A0,10.1109/services-2.2008.11,doi:10.1109/services-2.2008.11,academic,include,I1,abstract
IEEE,I2422998FDC4C57DF,10.1109/pesw.2001.916862,doi:10.1109/pesw.2001.916862,academic,include,I1,fulltext-exception
IEEE,I242FDDCF3BEB0C78,10.1109/acc.2014.6859300,doi:10.1109/acc.2014.6859300,academic,pending,X2,abstract
IEEE,I243C3CEE703B6834,10.1109/icsssm.2010.5530224,doi:10.1109/icsssm.2010.5530224,academic,include,I1,fulltext-exception
IEEE,I244C31C6AC2BCCEF,10.1109/embc46164.2021.9630744,doi:10.1109/embc46164.2021.9630744,academic,exclude,X1,abstract
IEEE,I244E6C296844CF3B,10.1109/cts.2010.5478498,doi:10.1109/cts.2010.5478498,academic,exclude,X1,abstract
IEEE,I246B07B1989F65BB,10.1109/iccpct70290.2026.11654904,doi:10.1109/iccpct70290.2026.11654904,academic,pending,A0/V1,unavailable
IEEE,I2475A9A2FFF99D7C,10.1109/dexa.1999.795259,doi:10.1109/dexa.1999.795259,academic,exclude,X1,abstract
IEEE,I247BC9A9BD53E85D,10.1109/eee.2005.23,doi:10.1109/eee.2005.23,academic,exclude,X1,abstract
IEEE,I247D598679BD7F86,10.1109/wi-iatw.2006.15,doi:10.1109/wi-iatw.2006.15,academic,include,I1,abstract
IEEE,I248FECB07D6D217A,10.1109/reacs67479.2025.11413456,doi:10.1109/reacs67479.2025.11413456,academic,exclude,X1,abstract
IEEE,I24AC0AC3DCD72DF9,10.1109/eit.2018.8500212,doi:10.1109/eit.2018.8500212,academic,pending,X2,fulltext-exception
IEEE,I24B1502F8F799EC7,10.1109/smartcomp-companion70724.2026.00044,doi:10.1109/smartcomp-companion70724.2026.00044,academic,include,I2,abstract
IEEE,I24B84AB7EA1014AE,10.1109/tsmc.2016.2523926,doi:10.1109/tsmc.2016.2523926,academic,exclude,X1,abstract
IEEE,I24BF3F8D85DF1088,ieee:5602491,platform:IEEE:5602491,academic,include,I1,abstract
IEEE,I24C642BFF88927C5,10.1109/ecai.2018.8679045,doi:10.1109/ecai.2018.8679045,academic,pending,X2,fulltext-exception
IEEE,I24E24FA32F7E599B,10.1109/tkde.2025.3565858,doi:10.1109/tkde.2025.3565858,academic,exclude,X1,abstract
IEEE,I24E56E1F2920A009,10.1109/svcc69905.2026.11642294,doi:10.1109/svcc69905.2026.11642294,academic,exclude,X1,abstract
IEEE,I2511281FE6BD3098,10.1109/icc.2017.7997242,doi:10.1109/icc.2017.7997242,academic,include,I1,fulltext-exception
IEEE,I255351C9C8B2AA82,10.1109/jsyst.2021.3059000,doi:10.1109/jsyst.2021.3059000,academic,include,I1,abstract
IEEE,I255595E58B21B656,10.1109/sera.2009.41,doi:10.1109/sera.2009.41,academic,exclude,X1,abstract
IEEE,I256E8FE84A2B47E4,10.23919/indiacom70271.2026.11526454,doi:10.23919/indiacom70271.2026.11526454,academic,include,I2,abstract
IEEE,I2581EE5B1B63C769,10.1109/cinti.2014.7028695,doi:10.1109/cinti.2014.7028695,academic,exclude,X1,abstract
IEEE,I258754CFE6734582,10.1109/aetcse69203.2026.11504442,doi:10.1109/aetcse69203.2026.11504442,academic,include,I2,abstract
IEEE,I2599393317237880,10.1109/southeastcon56624.2025.10971563,doi:10.1109/southeastcon56624.2025.10971563,academic,exclude,X1,abstract
IEEE,I25A0D18596FBC301,10.1109/icoait67446.2025.11308830,doi:10.1109/icoait67446.2025.11308830,academic,include,I2,abstract
IEEE,I25AD334781B56F86,10.1109/vetecs.2007.613,doi:10.1109/vetecs.2007.613,academic,include,I1,abstract
IEEE,I2601573B514BBFFA,10.1109/access.2026.3680140,doi:10.1109/access.2026.3680140,academic,include,I1,abstract
IEEE,I260C97342F2E17C0,10.1109/icycs.2008.35,doi:10.1109/icycs.2008.35,academic,include,I1,abstract
IEEE,I26193DF2C86601FF,10.1109/sm57895.2023.10112493,doi:10.1109/sm57895.2023.10112493,academic,include,I1,abstract
IEEE,I261F677D969B7825,10.1109/icsmc.2003.1244513,doi:10.1109/icsmc.2003.1244513,academic,exclude,X1,abstract
IEEE,I26441DE47BAF6858,10.1109/infocom59046.2026.11571532,doi:10.1109/infocom59046.2026.11571532,academic,include,I2,abstract
IEEE,I264479FA906A86A8,10.1109/dexa.2000.875153,doi:10.1109/dexa.2000.875153,academic,include,I1,abstract
IEEE,I2659BE5D8B519FE1,10.1109/cars67163.2025.11337885,doi:10.1109/cars67163.2025.11337885,academic,exclude,X1,abstract
IEEE,I268B2AA9AAF56678,10.1109/iciss66954.2025.11389277,doi:10.1109/iciss66954.2025.11389277,academic,exclude,X1,abstract
IEEE,I26CCA1F595EAA0F3,10.1109/iccsna.2010.5588930,doi:10.1109/iccsna.2010.5588930,academic,include,I1,abstract
IEEE,I26D058039D767274,10.1109/access.2026.3681621,doi:10.1109/access.2026.3681621,academic,include,I2,abstract
IEEE,I26D70539B2AE45B3,10.1109/perser.2006.1652233,doi:10.1109/perser.2006.1652233,academic,exclude,X1,abstract
IEEE,I26D81F6F4FB01067,10.1109/ciss50987.2021.9400216,doi:10.1109/ciss50987.2021.9400216,academic,exclude,X1,abstract
IEEE,I270950D300840372,10.1109/wi-iat.2012.168,doi:10.1109/wi-iat.2012.168,academic,include,I1,abstract
IEEE,I270958951711E59E,10.1109/tpwrs.2022.3225575,doi:10.1109/tpwrs.2022.3225575,academic,include,I1,abstract
IEEE,I27263C6815F7C42E,10.1109/isecs.2008.102,doi:10.1109/isecs.2008.102,academic,include,I1,abstract
IEEE,I2732EDAC2007A0E6,10.23919/acc60939.2024.10644203,doi:10.23919/acc60939.2024.10644203,academic,exclude,X1,abstract
IEEE,I27361F20C97D7E03,10.1109/itsc57777.2023.10422423,doi:10.1109/itsc57777.2023.10422423,academic,exclude,X1,abstract
IEEE,I27AA12E36D421DBF,10.1109/iwisa.2010.5473511,doi:10.1109/iwisa.2010.5473511,academic,include,I1,abstract
IEEE,I27B824F81AE4AED1,10.1109/ccgridw69005.2026.00035,doi:10.1109/ccgridw69005.2026.00035,academic,include,I2,abstract
IEEE,I27C0684C86349D6F,10.1109/isgt.2017.8086092,doi:10.1109/isgt.2017.8086092,academic,include,I1,abstract
IEEE,I27C819B3D49516D9,10.1109/cec-eee.2006.11,doi:10.1109/cec-eee.2006.11,academic,exclude,X1,abstract
IEEE,I27DF2530F1033BD5,10.1109/iccias.2006.294197,doi:10.1109/iccias.2006.294197,academic,exclude,X1,abstract
IEEE,I27DF7C627F903B05,10.1109/2.539723,doi:10.1109/2.539723,academic,exclude,X1,abstract
IEEE,I27E47DFF0A8046DF,10.1109/cloudsummit68932.2026.00045,doi:10.1109/cloudsummit68932.2026.00045,academic,exclude,X1,abstract
IEEE,I27ED2955955ED17A,10.1109/wcnc51071.2022.9771976,doi:10.1109/wcnc51071.2022.9771976,academic,pending,X2,fulltext-exception
IEEE,I28131CF9B2017F99,10.1109/ieem.2017.8289903,doi:10.1109/ieem.2017.8289903,academic,include,I1,fulltext-exception
IEEE,I28366CEDAC4C2415,10.1109/icc59461.2026.11587323,doi:10.1109/icc59461.2026.11587323,academic,exclude,X1,abstract
IEEE,I284C0E95DDC82D3C,10.1109/secon.2004.1287936,doi:10.1109/secon.2004.1287936,academic,exclude,X1,abstract
IEEE,I285AB25F2F125575,10.1109/iccsmt54525.2021.00101,doi:10.1109/iccsmt54525.2021.00101,academic,include,I1,abstract
IEEE,I2864977F24919F54,10.1109/fet68771.2026.11601527,doi:10.1109/fet68771.2026.11601527,academic,include,I2,fulltext-exception
IEEE,I286B79786DB4D5A5,10.1109/iuce.2009.108,doi:10.1109/iuce.2009.108,academic,include,I1,abstract
IEEE,I289361320875825E,10.1109/cros69211.2026.11565627,doi:10.1109/cros69211.2026.11565627,academic,exclude,X1,abstract
IEEE,I28AD3E8384E2ABE1,10.1109/tcomm.2020.3035394,doi:10.1109/tcomm.2020.3035394,academic,exclude,X1,abstract
IEEE,I28BDEB03EE9B4875,10.1109/wcins.2010.5541862,doi:10.1109/wcins.2010.5541862,academic,include,I1,abstract
IEEE,I28CAA535C16790AC,10.1109/icmas.2000.858447,doi:10.1109/icmas.2000.858447,academic,pending,X2,abstract
IEEE,I28E78A6B27B02CB1,10.1109/aina.2005.85,doi:10.1109/aina.2005.85,academic,exclude,X1,abstract
IEEE,I28FC013DAF1C0F7B,10.1109/access.2018.2867631,doi:10.1109/access.2018.2867631,academic,exclude,X1,abstract
IEEE,I293D12B7860D5316,10.1162/105474605775196544,doi:10.1162/105474605775196544,academic,exclude,X1,abstract
IEEE,I295DB43BFD045624,10.1109/ride.2002.995101,doi:10.1109/ride.2002.995101,academic,include,I1,abstract
IEEE,I299DDADF5465E705,10.1109/ijcnn.2015.7280374,doi:10.1109/ijcnn.2015.7280374,academic,exclude,X1,abstract
IEEE,I29C87A49B8F22021,10.1109/iccci70321.2026.11666544,doi:10.1109/iccci70321.2026.11666544,academic,exclude,X1,abstract
IEEE,I2A2CF5C6679791E0,10.1109/iccit.2007.343,doi:10.1109/iccit.2007.343,academic,include,I1,abstract
IEEE,I2A8072B94FA38B71,10.1109/icdsis65355.2025.11071087,doi:10.1109/icdsis65355.2025.11071087,academic,exclude,X1,abstract
IEEE,I2AD05D7B4EF0E536,10.1109/icebe.2005.75,doi:10.1109/icebe.2005.75,academic,exclude,T1,control-only
IEEE,I2AF3B687C75DD6F8,10.1109/wi-iat62293.2024.00098,doi:10.1109/wi-iat62293.2024.00098,academic,exclude,X1,abstract
IEEE,I2B4E212F32D71614,10.1109/icebe.2013.8,doi:10.1109/icebe.2013.8,academic,include,I1,abstract
IEEE,I2B65515C49002345,10.1109/mnet.2026.3721788,doi:10.1109/mnet.2026.3721788,academic,exclude,X1,abstract
IEEE,I2B7617BF6359B653,10.1109/wsc.2010.5679168,doi:10.1109/wsc.2010.5679168,academic,exclude,X1,abstract
IEEE,I2B86E01CF026C925,10.1109/ainit70033.2026.11557853,doi:10.1109/ainit70033.2026.11557853,academic,exclude,X1,abstract
IEEE,I2B9062CB58949AEC,10.1109/icmla.2006.34,doi:10.1109/icmla.2006.34,academic,include,I1,abstract
IEEE,I2B91185C13826566,10.1109/icrera.2013.6749823,doi:10.1109/icrera.2013.6749823,academic,include,I1,fulltext-exception
IEEE,I2C135505EE647E1D,10.1109/i-smac65734.2025.11597641,doi:10.1109/i-smac65734.2025.11597641,academic,exclude,X1,abstract
IEEE,I2C4A5B39153D5C49,10.1109/iccas.2007.4406808,doi:10.1109/iccas.2007.4406808,academic,exclude,X1,abstract
IEEE,I2C770D10680416D0,10.1109/aina.2005.8,doi:10.1109/aina.2005.8,academic,exclude,T1,control-only
IEEE,I2C8A3B921222B50B,10.26599/jic.2026.9180130,doi:10.26599/jic.2026.9180130,academic,exclude,X1,abstract
IEEE,I2CBA3C0B4F814D28,10.1109/tem.2020.3021242,doi:10.1109/tem.2020.3021242,academic,exclude,X1,abstract
IEEE,I2CC6362A4C79A3A7,10.1109/isgtmiddleeast65737.2025.11314322,doi:10.1109/isgtmiddleeast65737.2025.11314322,academic,exclude,X1,abstract
IEEE,I2CD2525B474A13CD,10.1109/indcon.2012.6420774,doi:10.1109/indcon.2012.6420774,academic,include,I1,abstract
IEEE,I2CDECA5821772AAA,10.1109/tsg.2015.2457905,doi:10.1109/tsg.2015.2457905,academic,include,I1,fulltext-exception
IEEE,I2CE46730A4993AC8,10.1109/enabl.2001.953383,doi:10.1109/enabl.2001.953383,academic,include,I1,fulltext-exception
IEEE,I2D0BF7A7BAB331BB,10.1109/gcce.2016.7800492,doi:10.1109/gcce.2016.7800492,academic,pending,X2,fulltext-exception
IEEE,I2D33F2A04104D1AE,10.1109/sera.2009.37,doi:10.1109/sera.2009.37,academic,pending,X2,fulltext-exception
IEEE,I2D4C763BC3C9109C,10.1109/ecdc.2013.6556740,doi:10.1109/ecdc.2013.6556740,academic,exclude,X1,abstract
IEEE,I2D81091FBF0226CD,10.1109/icicta49267.2019.00121,doi:10.1109/icicta49267.2019.00121,academic,exclude,X1,abstract
IEEE,I2D9714FA6AE4C29B,10.1109/hicss.2007.595,doi:10.1109/hicss.2007.595,academic,include,I1,abstract
IEEE,I2D99E3262D216A84,10.1109/ictta.2006.1684948,doi:10.1109/ictta.2006.1684948,academic,exclude,X1,abstract
IEEE,I2D9BA00C784D1766,10.1109/hase.2002.1173110,doi:10.1109/hase.2002.1173110,academic,include,I2,fulltext-exception
IEEE,I2DDA934B1B2EC657,10.1109/iciea.2007.4318860,doi:10.1109/iciea.2007.4318860,academic,exclude,X1,abstract
IEEE,I2DE47FD130F47C6F,ieee:6354389,platform:IEEE:6354389,academic,exclude,X1,abstract
IEEE,I2DED5232B6EF8E4D,10.1109/icir70631.2026.11628389,doi:10.1109/icir70631.2026.11628389,academic,exclude,X1,abstract
IEEE,I2E0126D94FD1FD71,10.1109/icmecg.2010.15,doi:10.1109/icmecg.2010.15,academic,include,I1,abstract
IEEE,I2E29D20EAEF9382E,10.1109/phm-xian66756.2025.11427654,doi:10.1109/phm-xian66756.2025.11427654,academic,exclude,X1,abstract
IEEE,I2E4E96DD2B80ACC0,10.1109/wi-iat.2009.188,doi:10.1109/wi-iat.2009.188,academic,include,I2,abstract
IEEE,I2E7C48C545C94E76,10.1109/icicta.2008.96,doi:10.1109/icicta.2008.96,academic,exclude,X1,abstract
IEEE,I2ECFBC5723D8A053,10.1109/dexa.2002.1045995,doi:10.1109/dexa.2002.1045995,academic,exclude,X1,abstract
IEEE,I2EF501EF1D63AD9D,10.1109/citsm64103.2024.10775511,doi:10.1109/citsm64103.2024.10775511,academic,exclude,X1,abstract
IEEE,I2F06B80CF97854C7,10.1109/compsac.2007.70,doi:10.1109/compsac.2007.70,academic,exclude,X1,abstract
IEEE,I2F228A323D0E4C17,10.1109/icdxa61007.2024.10470915,doi:10.1109/icdxa61007.2024.10470915,academic,exclude,X1,abstract
IEEE,I2F37DFF2A0308669,10.1109/ptc.2009.5282209,doi:10.1109/ptc.2009.5282209,academic,exclude,X1,abstract
IEEE,I2F3EC0ADC89FBD2B,10.1109/tmc.2013.17,doi:10.1109/tmc.2013.17,academic,pending,X2,fulltext-exception
IEEE,I2F402F5AFDF153B6,10.1109/tia.2021.3088769,doi:10.1109/tia.2021.3088769,academic,exclude,X1,abstract
IEEE,I2F40E1AC7336FB5A,10.1109/miccis66057.2025.00065,doi:10.1109/miccis66057.2025.00065,academic,exclude,X1,abstract
IEEE,I2F470BC36D71F84B,10.1109/icarai70085.2026.11635361,doi:10.1109/icarai70085.2026.11635361,academic,include,I2,abstract
IEEE,I2FB1CE0C09512DE8,10.1109/icmlt69916.2026.11688337,doi:10.1109/icmlt69916.2026.11688337,academic,exclude,X1,abstract
IEEE,I2FCE950FE68E5EA3,10.1109/wetice.2006.10,doi:10.1109/wetice.2006.10,academic,pending,A0/V1,unavailable
IEEE,I2FCFC6C06779A4CA,10.1109/icmlc.2005.1526954,doi:10.1109/icmlc.2005.1526954,academic,include,I1,abstract
IEEE,I2FD3EFDB8A69F931,10.1109/icdcsw.2015.15,doi:10.1109/icdcsw.2015.15,academic,exclude,X1,abstract
IEEE,I2FFBC4C05401923B,10.1109/icbdse70225.2026.11635740,doi:10.1109/icbdse70225.2026.11635740,academic,exclude,X1,abstract
IEEE,I3018C40413BE4103,10.1109/eem.2015.7216765,doi:10.1109/eem.2015.7216765,academic,exclude,X1,abstract
IEEE,I301A7E3E42064738,10.1109/southeastcon63549.2026.11476668,doi:10.1109/southeastcon63549.2026.11476668,academic,exclude,X1,abstract
IEEE,I3045247D2C861983,10.1109/aicconf69182.2026.11600668,doi:10.1109/aicconf69182.2026.11600668,academic,exclude,X1,abstract
IEEE,I3061A297E96E72E9,10.1109/tkde.2026.3716724,doi:10.1109/tkde.2026.3716724,academic,include,I2,abstract
IEEE,I3068FE40700DB7DD,10.1109/sice.2002.1195377,doi:10.1109/sice.2002.1195377,academic,exclude,X1,abstract
IEEE,I30751309E811925C,10.1109/icbc67748.2026.11575546,doi:10.1109/icbc67748.2026.11575546,academic,exclude,X1,abstract
IEEE,I307A6F59AC1019AA,10.1109/icpcsn58827.2023.00009,doi:10.1109/icpcsn58827.2023.00009,academic,exclude,X1,abstract
IEEE,I30818CB3746D89E2,10.1109/ictai66417.2025.00070,doi:10.1109/ictai66417.2025.00070,academic,exclude,X1,abstract
IEEE,I30D094535D52FB15,10.1109/tase.2017.2785241,doi:10.1109/tase.2017.2785241,academic,exclude,X1,abstract
IEEE,I3119C1961D589758,10.1109/reldis.1998.740495,doi:10.1109/reldis.1998.740495,academic,include,I1,abstract
IEEE,I311A9AC866EF1F1B,10.1109/eespe68405.2026.11648328,doi:10.1109/eespe68405.2026.11648328,academic,exclude,X1,abstract
IEEE,I311A9DC01D1B260F,10.1109/scems.2018.8624683,doi:10.1109/scems.2018.8624683,academic,include,I1,abstract
IEEE,I316254104A660FD3,10.1109/infcom.2005.1498565,doi:10.1109/infcom.2005.1498565,academic,exclude,X1,abstract
IEEE,I31B6B4DD47DFBDF4,10.1109/ieem.2015.7385809,doi:10.1109/ieem.2015.7385809,academic,exclude,X1,abstract
IEEE,I31C0CB76605D7608,10.1109/icis.2010.106,doi:10.1109/icis.2010.106,academic,include,I1,abstract
IEEE,I31FB84223B585AF4,10.1109/ic-aida68291.2026.11564443,doi:10.1109/ic-aida68291.2026.11564443,academic,exclude,X1,abstract
IEEE,I3201F7F5BA57B0F9,10.1109/ccdc.2018.8407171,doi:10.1109/ccdc.2018.8407171,academic,exclude,X1,abstract
IEEE,I3206C85415A10CA9,10.1109/aiita69518.2026.11567045,doi:10.1109/aiita69518.2026.11567045,academic,exclude,X1,abstract
IEEE,I323024AA5BCE8768,10.1109/aici.2009.102,doi:10.1109/aici.2009.102,academic,include,I1,abstract
IEEE,I3248839DE3E2E89B,10.1109/isads.2013.6513405,doi:10.1109/isads.2013.6513405,academic,exclude,X1,abstract
IEEE,I3252FCF3373BD60F,10.1109/cdc.2008.4739098,doi:10.1109/cdc.2008.4739098,academic,exclude,X1,abstract
IEEE,I3259268DCDD5CBBE,10.1109/icgec.2010.111,doi:10.1109/icgec.2010.111,academic,include,I1,abstract
IEEE,I326ACAEF08BF9D60,10.1109/icme.2000.869549,doi:10.1109/icme.2000.869549,academic,exclude,X1,abstract
IEEE,I328E81CCD330E8E1,10.1109/waina.2016.63,doi:10.1109/waina.2016.63,academic,include,I1,abstract
IEEE,I3291334A922E92FD,10.1109/aimlsystems67835.2025.11331213,doi:10.1109/aimlsystems67835.2025.11331213,academic,exclude,X1,abstract
IEEE,I32913DFCA3C04601,10.1109/tkde.2002.1000344,doi:10.1109/tkde.2002.1000344,academic,exclude,X1,abstract
IEEE,I3292D6B5FABB29D3,10.1109/epec48502.2020.9320017,doi:10.1109/epec48502.2020.9320017,academic,pending,X2,fulltext-exception
IEEE,I32A0DC48C3E92EFF,10.1109/icmecg.2008.18,doi:10.1109/icmecg.2008.18,academic,include,I1,fulltext-exception
IEEE,I32B99FD08916CEF9,10.26599/ijcs.2022.9100022,doi:10.26599/ijcs.2022.9100022,academic,exclude,X1,abstract
IEEE,I32D695A1C7863A4B,ieee:1323937,platform:IEEE:1323937,academic,exclude,X1,abstract
IEEE,I32D8A9757C93EFE4,10.1109/icmlc.2003.1264525,doi:10.1109/icmlc.2003.1264525,academic,include,I2,abstract
IEEE,I32E1C34C977F41AA,10.1109/icnsc.2005.1461162,doi:10.1109/icnsc.2005.1461162,academic,exclude,X1,abstract
IEEE,I330EF538796CF110,10.1109/icris.2019.00100,doi:10.1109/icris.2019.00100,academic,exclude,X1,abstract
IEEE,I3319291D85CDA1B0,10.1109/icect.2009.78,doi:10.1109/icect.2009.78,academic,include,I1,fulltext-exception
IEEE,I3323018BC1513E4F,10.1109/icici68867.2026.11564919,doi:10.1109/icici68867.2026.11564919,academic,exclude,X1,abstract
IEEE,I33248566D6B1CD6D,10.1109/csitss67709.2025.11294866,doi:10.1109/csitss67709.2025.11294866,academic,include,I2,abstract
IEEE,I333B45F412AC2A2C,10.1109/passat/socialcom.2011.54,doi:10.1109/passat/socialcom.2011.54,academic,pending,X2,fulltext-exception
IEEE,I335E1DAB6546A8AF,10.1109/tsg.2013.2256942,doi:10.1109/tsg.2013.2256942,academic,exclude,X1,abstract
IEEE,I3363AE773EE0CDBD,10.1049/ic:19960647,doi:10.1049/ic:19960647,academic,exclude,X1,abstract
IEEE,I3363C99A62E105EA,10.1109/cecandeee.2008.133,doi:10.1109/cecandeee.2008.133,academic,include,I1,abstract
IEEE,I3367430E90F78A3B,10.1109/allerton.2011.6120160,doi:10.1109/allerton.2011.6120160,academic,exclude,X1,abstract
IEEE,I3375D602298C1B9E,10.1109/wi-iatw.2006.124,doi:10.1109/wi-iatw.2006.124,academic,include,I1,abstract
IEEE,I337C5CBA770408DE,10.1109/icet.2006.336009,doi:10.1109/icet.2006.336009,academic,exclude,X1,abstract
IEEE,I33B137A8F85B927B,10.1109/tla.2006.4472123,doi:10.1109/tla.2006.4472123,academic,exclude,X1,abstract
IEEE,I33BE4039CF9CA745,10.1109/irtm54583.2022.9791598,doi:10.1109/irtm54583.2022.9791598,academic,exclude,X1,abstract
IEEE,I33EA005468CB86C1,10.1109/icmse.2008.4668974,doi:10.1109/icmse.2008.4668974,academic,exclude,X1,abstract
IEEE,I3417E496A8DEF001,10.1109/rait.2012.6194597,doi:10.1109/rait.2012.6194597,academic,include,I1,abstract
IEEE,I343699B0109EA138,10.1109/wgec.2009.154,doi:10.1109/wgec.2009.154,academic,include,I1,abstract
IEEE,I343C4E74E69025AF,10.1109/ieem62345.2024.10857206,doi:10.1109/ieem62345.2024.10857206,academic,include,I1,fulltext-exception
IEEE,I3440E7BE769C0715,10.1109/icmas.1998.699229,doi:10.1109/icmas.1998.699229,academic,exclude,X1,abstract
IEEE,I345E3BBAFBF3508E,10.1109/icmlc.2005.1526941,doi:10.1109/icmlc.2005.1526941,academic,pending,X2,fulltext-exception
IEEE,I348464A15EEA33A5,10.1109/cdc.2010.5718180,doi:10.1109/cdc.2010.5718180,academic,exclude,X1,abstract
IEEE,I34D7CB0B885E807B,10.1109/access.2020.3003894,doi:10.1109/access.2020.3003894,academic,pending,X2,fulltext-exception
IEEE,I34F906627910EE1A,10.1109/eee.2004.1287332,doi:10.1109/eee.2004.1287332,academic,exclude,X1,abstract
IEEE,I352DB47B2DC6DACC,10.1109/fitme.2010.5654876,doi:10.1109/fitme.2010.5654876,academic,exclude,X1,abstract
IEEE,I3544BD9D395D1DC0,10.1109/ictta.2004.1307554,doi:10.1109/ictta.2004.1307554,academic,exclude,T1,control-only
IEEE,I357796DB339BD3F2,10.1109/iat.2005.114,doi:10.1109/iat.2005.114,academic,exclude,X1,abstract
IEEE,I35DCA23296E337A9,10.1109/tqcebt67648.2026.11681481,doi:10.1109/tqcebt67648.2026.11681481,academic,exclude,X1,abstract
IEEE,I3615E22356CFC308,10.1109/icmse.2006.313852,doi:10.1109/icmse.2006.313852,academic,include,I1,abstract
IEEE,I361D738597DD95A2,10.1109/tpwrs.2020.3032525,doi:10.1109/tpwrs.2020.3032525,academic,pending,X2,fulltext-exception
IEEE,I3636D3AE56C1A5A2,10.1109/skg.2008.67,doi:10.1109/skg.2008.67,academic,include,I1,fulltext-exception
IEEE,I36781318FD4754D5,10.1109/caidcd.2010.5681938,doi:10.1109/caidcd.2010.5681938,academic,exclude,X1,abstract
IEEE,I36951B6432B03F21,10.1109/colcaci71483.2026.11691279,doi:10.1109/colcaci71483.2026.11691279,academic,exclude,X1,abstract
IEEE,I3706E0977B3D067C,10.1109/vetecs.2007.148,doi:10.1109/vetecs.2007.148,academic,include,I1,abstract
IEEE,I3707AF54551DD654,10.1109/icces.2012.6408525,doi:10.1109/icces.2012.6408525,academic,include,I1,abstract
IEEE,I370C55A17A00F197,10.1109/icc.2005.1494993,doi:10.1109/icc.2005.1494993,academic,exclude,X1,abstract
IEEE,I370E3EA799600152,10.1109/defi67526.2025.11551604,doi:10.1109/defi67526.2025.11551604,academic,exclude,X1,abstract
IEEE,I3715D824F2ECF632,10.1109/iccas.2010.5669938,doi:10.1109/iccas.2010.5669938,academic,exclude,X1,abstract
IEEE,I372265C87C387A75,10.1109/compeng.2012.6242961,doi:10.1109/compeng.2012.6242961,academic,include,I1,abstract
IEEE,I374135482A704995,10.1109/hicss.2005.30,doi:10.1109/hicss.2005.30,academic,include,I1,abstract
IEEE,I374FAA92B69000A0,10.1109/ride.1999.758601,doi:10.1109/ride.1999.758601,academic,include,I1,abstract
IEEE,I374FCD243BF188B1,10.1109/icoac.2014.7229706,doi:10.1109/icoac.2014.7229706,academic,exclude,X1,abstract
IEEE,I375BC6CC5B93B1FD,10.1109/ic4e.2010.36,doi:10.1109/ic4e.2010.36,academic,exclude,X1,abstract
IEEE,I379E9D06954F0675,10.1109/glocom.2004.1378882,doi:10.1109/glocom.2004.1378882,academic,include,I1,abstract
IEEE,I37F594829AB96658,10.1109/icdscnc62492.2024.10939862,doi:10.1109/icdscnc62492.2024.10939862,academic,include,I1,fulltext-exception
IEEE,I3847D9C858F8CBAC,10.1109/cigre.2005.1532725,doi:10.1109/cigre.2005.1532725,academic,exclude,X1,abstract
IEEE,I384812D9D3D32019,10.1109/icbmei.2011.5916972,doi:10.1109/icbmei.2011.5916972,academic,include,I2,fulltext-exception
IEEE,I38512C5F584A6840,10.1109/tkde.2010.141,doi:10.1109/tkde.2010.141,academic,pending,X2,fulltext-exception
IEEE,I387081BD43B81361,10.1109/ic-nidc67200.2025.11390349,doi:10.1109/ic-nidc67200.2025.11390349,academic,exclude,X1,abstract
IEEE,I38976FE1EB5E2433,10.1109/iccci70321.2026.11666528,doi:10.1109/iccci70321.2026.11666528,academic,include,I2,fulltext-exception
IEEE,I38AF5E01457DC904,10.1109/mlsd.2017.8109685,doi:10.1109/mlsd.2017.8109685,academic,exclude,X1,abstract
IEEE,I38B150C613856133,10.1109/dasc.2009.122,doi:10.1109/dasc.2009.122,academic,include,I1,abstract
IEEE,I38E7BEF4313975D6,10.1109/tste.2020.3009615,doi:10.1109/tste.2020.3009615,academic,exclude,X1,abstract
IEEE,I38EE3C89F11FCD20,10.1109/icdsc.2001.918942,doi:10.1109/icdsc.2001.918942,academic,include,I2,fulltext-exception
IEEE,I38F05047AF3390F7,10.1109/jsac.2006.872885,doi:10.1109/jsac.2006.872885,academic,exclude,X1,abstract
IEEE,I38FDBCD55B12BD66,10.1109/wi-iat.2015.91,doi:10.1109/wi-iat.2015.91,academic,exclude,X1,abstract
IEEE,I391EB50B3AA3DF84,10.1109/icpee65973.2025.11410900,doi:10.1109/icpee65973.2025.11410900,academic,exclude,X1,abstract
IEEE,I39374D4FEC1DB60C,10.1109/ictai62512.2024.00100,doi:10.1109/ictai62512.2024.00100,academic,include,I1,fulltext-exception
IEEE,I394C9026DDB7FE24,10.23919/wiopt.2018.8362857,doi:10.23919/wiopt.2018.8362857,academic,exclude,X1,abstract
IEEE,I394CE42BE1F135B3,10.1109/aicconf69182.2026.11600738,doi:10.1109/aicconf69182.2026.11600738,academic,exclude,X1,abstract
IEEE,I3950212D55BFC948,10.1109/iccasm.2010.5622569,doi:10.1109/iccasm.2010.5622569,academic,include,I1,abstract
IEEE,I39637C1ED989EFA3,10.1109/cidm.2011.5949427,doi:10.1109/cidm.2011.5949427,academic,exclude,X1,abstract
IEEE,I3972CFC61E39C88F,10.1109/sccc.2001.972639,doi:10.1109/sccc.2001.972639,academic,pending,X2,fulltext-exception
IEEE,I3983033D2F98813D,10.1109/dcoss-iot69657.2026.00161,doi:10.1109/dcoss-iot69657.2026.00161,academic,exclude,X1,abstract
IEEE,I399279726C85064A,10.1109/icoecit68303.2026.11496721,doi:10.1109/icoecit68303.2026.11496721,academic,exclude,X1,abstract
IEEE,I39A816F4C1E2552C,10.1109/isads.2001.917449,doi:10.1109/isads.2001.917449,academic,exclude,X1,abstract
IEEE,I39DFFD50954F520F,10.23919/acc63710.2025.11108101,doi:10.23919/acc63710.2025.11108101,academic,exclude,X1,abstract
IEEE,I39F938F4F4B9C374,10.23919/jsc.2025.0015,doi:10.23919/jsc.2025.0015,academic,exclude,X1,abstract
IEEE,I3A21F26D7AE0A189,10.1109/icisct49550.2020.9080024,doi:10.1109/icisct49550.2020.9080024,academic,exclude,X1,abstract
IEEE,I3A32A4CD248D648D,10.1109/icon.2012.6506598,doi:10.1109/icon.2012.6506598,academic,include,I1,abstract
IEEE,I3A3449BCA90DF203,10.1109/wi.2004.10136,doi:10.1109/wi.2004.10136,academic,pending,X2,fulltext-exception
IEEE,I3A3767F3CD957DA3,10.1109/coginf.2009.5250678,doi:10.1109/coginf.2009.5250678,academic,include,I1,abstract
IEEE,I3A55E9D3AEA783D0,10.1109/ica.2016.023,doi:10.1109/ica.2016.023,academic,include,I1,fulltext-exception
IEEE,I3A5C87AE16377E3D,ieee:7733444,platform:IEEE:7733444,academic,exclude,X1,abstract
IEEE,I3A6650A22C8B8EC2,10.1109/ic3ina48034.2019.8949579,doi:10.1109/ic3ina48034.2019.8949579,academic,exclude,X1,abstract
IEEE,I3A9C99DD68EE7AD0,10.1109/mis.2017.2,doi:10.1109/mis.2017.2,academic,exclude,X1,abstract
IEEE,I3AA59B8CDE73D0A2,10.1109/bibe66822.2025.00120,doi:10.1109/bibe66822.2025.00120,academic,exclude,X1,abstract
IEEE,I3AB00DC8B51EBF56,10.1109/dtpi61353.2024.10778859,doi:10.1109/dtpi61353.2024.10778859,academic,exclude,X1,abstract
IEEE,I3ACC489FEF69C7AA,10.1109/icmlc.2010.5580520,doi:10.1109/icmlc.2010.5580520,academic,exclude,X1,abstract
IEEE,I3AD9D3B54AB159E2,10.1109/wi-iatw.2007.92,doi:10.1109/wi-iatw.2007.92,academic,include,I1,fulltext-exception
IEEE,I3ADBBFBCFE2413B9,10.1109/coase.2015.7294070,doi:10.1109/coase.2015.7294070,academic,include,I1,abstract
IEEE,I3ADBC3003DD6588F,10.1109/cait70489.2026.11553889,doi:10.1109/cait70489.2026.11553889,academic,exclude,X1,abstract
IEEE,I3AE2B61B5CA2DCB1,10.1109/icimia67127.2025.11200892,doi:10.1109/icimia67127.2025.11200892,academic,exclude,X1,abstract
IEEE,I3AE5E6AA72A4A971,10.1109/icetets.2016.7603011,doi:10.1109/icetets.2016.7603011,academic,include,I1,abstract
IEEE,I3B041811BECFCBB5,10.1109/ccgrid.2001.923245,doi:10.1109/ccgrid.2001.923245,academic,include,I1,abstract
IEEE,I3B172732B8206DB5,10.1109/ictbig68706.2025.11323974,doi:10.1109/ictbig68706.2025.11323974,academic,exclude,X1,abstract
IEEE,I3B184025F16EF735,10.1109/35.689628,doi:10.1109/35.689628,academic,exclude,X1,abstract
IEEE,I3B4FCA033F863E41,10.1109/icdsc.2001.918935,doi:10.1109/icdsc.2001.918935,academic,exclude,X1,abstract
IEEE,I3B54E2F87DE2BB9E,10.1109/icoin.1998.648406,doi:10.1109/icoin.1998.648406,academic,include,I1,abstract
IEEE,I3B59EB0C0443BC3A,10.1109/cdc.2007.4434913,doi:10.1109/cdc.2007.4434913,academic,exclude,X1,abstract
IEEE,I3B7B838CCCCBF836,10.1109/instcon69741.2026.11691713,doi:10.1109/instcon69741.2026.11691713,academic,exclude,T2,control-only
IEEE,I3B941747CB1EC611,10.1109/iccubea69821.2026.11702006,doi:10.1109/iccubea69821.2026.11702006,academic,exclude,T2,control-only
IEEE,I3B997C811ED6BF8A,10.1109/icmss.2010.5577617,doi:10.1109/icmss.2010.5577617,academic,exclude,X1,abstract
IEEE,I3C2C9E98B01322C5,10.1109/kimas.2007.369790,doi:10.1109/kimas.2007.369790,academic,exclude,X1,abstract
IEEE,I3C31A3F514386C81,10.1109/3468.983399,doi:10.1109/3468.983399,academic,include,I1,abstract
IEEE,I3C5CBD79DC8EB805,10.1109/cec.2007.4424548,doi:10.1109/cec.2007.4424548,academic,include,I2,abstract
IEEE,I3C67A49256F2DAD7,10.1109/mmse.2002.1181625,doi:10.1109/mmse.2002.1181625,academic,exclude,X1,abstract
IEEE,I3C7226CCEBF6F1AB,10.1109/canet.2005.1598203,doi:10.1109/canet.2005.1598203,academic,exclude,X1,abstract
IEEE,I3C7B9885970A19CD,10.1109/icsmc.2012.6378019,doi:10.1109/icsmc.2012.6378019,academic,include,I1,fulltext-exception
IEEE,I3C95AE78F878F236,10.1109/hicss.1999.773047,doi:10.1109/hicss.1999.773047,academic,exclude,X1,abstract
IEEE,I3C9BF7B8FFBD9A2C,10.1109/med61351.2024.10566142,doi:10.1109/med61351.2024.10566142,academic,exclude,X1,abstract
IEEE,I3CA4BEC18BCED5EA,10.1109/dsn-s70715.2026.00036,doi:10.1109/dsn-s70715.2026.00036,academic,include,I2,abstract
IEEE,I3CAE204C5DD671B2,10.1109/secon.2007.342847,doi:10.1109/secon.2007.342847,academic,exclude,X1,abstract
IEEE,I3CC52B155E7404DC,10.1109/tpwrs.2008.2002291,doi:10.1109/tpwrs.2008.2002291,academic,exclude,X1,abstract
IEEE,I3CECADAD209717A8,10.1109/tpwrs.2016.2552240,doi:10.1109/tpwrs.2016.2552240,academic,exclude,X1,abstract
IEEE,I3D24CC77C407F512,10.1109/icce.2000.854521,doi:10.1109/icce.2000.854521,academic,include,I1,abstract
IEEE,I3D38832456CBE51A,10.1109/access.2022.3224460,doi:10.1109/access.2022.3224460,academic,include,I1,abstract
IEEE,I3D4957927D685F96,10.1109/6294.839364,doi:10.1109/6294.839364,academic,exclude,X1,abstract
IEEE,I3D4B1C6975410C26,10.1109/ictmim68190.2026.11507472,doi:10.1109/ictmim68190.2026.11507472,academic,exclude,X1,abstract
IEEE,I3D5485826333ECCB,10.1109/mlsd.2019.8911107,doi:10.1109/mlsd.2019.8911107,academic,exclude,X1,abstract
IEEE,I3D5E86F4A53EBD7F,10.1109/iwisa.2010.5473530,doi:10.1109/iwisa.2010.5473530,academic,exclude,X1,abstract
IEEE,I3D850091A537BA7C,10.1109/itsc.2013.6728285,doi:10.1109/itsc.2013.6728285,academic,include,I1,fulltext-exception
IEEE,I3DBC7F7D5BC715E8,10.1109/gamenets.2009.5137402,doi:10.1109/gamenets.2009.5137402,academic,exclude,X1,abstract
IEEE,I3DC26D6DD234B017,10.1109/noms69089.2026.11668221,doi:10.1109/noms69089.2026.11668221,academic,include,I2,abstract
IEEE,I3DD93C8FBBEF0377,10.1109/tse.2026.3694876,doi:10.1109/tse.2026.3694876,academic,include,I2,abstract
IEEE,I3E13627CCDBCE821,10.1109/ccdc.2009.5195205,doi:10.1109/ccdc.2009.5195205,academic,include,I1,abstract
IEEE,I3E2459A14218B430,10.1109/wowmom69805.2026.00029,doi:10.1109/wowmom69805.2026.00029,academic,exclude,X1,abstract
IEEE,I3E2C0F51F779F74B,10.1109/icin69025.2026.11481799,doi:10.1109/icin69025.2026.11481799,academic,exclude,X1,abstract
IEEE,I3E3AD853861A97BF,10.1109/eee.2005.90,doi:10.1109/eee.2005.90,academic,include,I2,fulltext-exception
IEEE,I3E85C9D95EF1A170,10.1109/tsg.2026.3734137,doi:10.1109/tsg.2026.3734137,academic,include,I1,abstract
IEEE,I3E8F14F840378A7D,10.1109/icici68773.2026.11580474,doi:10.1109/icici68773.2026.11580474,academic,include,I2,abstract
IEEE,I3E928486170DBB8D,10.1109/blockchain55522.2022.00046,doi:10.1109/blockchain55522.2022.00046,academic,include,I1,abstract
IEEE,I3EB57BB5B790EC9B,10.1109/infcom.2012.6195804,doi:10.1109/infcom.2012.6195804,academic,exclude,X1,abstract
IEEE,I3EBB3593FB234E69,10.1109/icacite57410.2023.10182548,doi:10.1109/icacite57410.2023.10182548,academic,exclude,X1,abstract
IEEE,I3EBF61C50EB21526,10.1109/bigdata.2017.8258420,doi:10.1109/bigdata.2017.8258420,academic,exclude,X1,fulltext-exception
IEEE,I3ECD0BE7A214804E,10.1109/icmse.2007.4422132,doi:10.1109/icmse.2007.4422132,academic,exclude,X1,abstract
IEEE,I3EECDCE56EB7BC5F,10.1109/hicss.2003.1174563,doi:10.1109/hicss.2003.1174563,academic,exclude,X1,abstract
IEEE,I3F2DB7A8E6AA85B1,10.1109/ivs.2000.898381,doi:10.1109/ivs.2000.898381,academic,include,I1,abstract
IEEE,I3F324DBAD31F9D1D,10.1109/icmb.2005.51,doi:10.1109/icmb.2005.51,academic,exclude,T1,control-only
IEEE,I3F45B1F6ADCE77EE,10.1109/aixse64906.2025.00023,doi:10.1109/aixse64906.2025.00023,academic,include,I2,abstract
IEEE,I3F54493F95CDF41C,10.1109/icst62969.2025.10989038,doi:10.1109/icst62969.2025.10989038,academic,exclude,X1,abstract
IEEE,I3F5954328B1D3152,10.1109/iciw.2007.52,doi:10.1109/iciw.2007.52,academic,pending,X2,fulltext-exception
IEEE,I3F74870C734A0193,10.1109/icsmc.2009.5346670,doi:10.1109/icsmc.2009.5346670,academic,exclude,X1,abstract
IEEE,I3F7911208260E5E4,10.1109/sahcn.2016.7732996,doi:10.1109/sahcn.2016.7732996,academic,pending,X2,fulltext-exception
IEEE,I3F7BF559B2DA0E5E,10.1109/powereng.2011.6036418,doi:10.1109/powereng.2011.6036418,academic,include,I1,abstract
IEEE,I3F915EE15B4DA930,ieee:11421620,platform:IEEE:11421620,academic,exclude,T1,control-only
IEEE,I3F9539E715AEF5B8,10.1109/infra.2008.5439688,doi:10.1109/infra.2008.5439688,academic,include,I1,fulltext-exception
IEEE,I3F97D63F7F05795C,10.1109/iccda.2010.5541088,doi:10.1109/iccda.2010.5541088,academic,include,I1,abstract
IEEE,I3FA01205061EBB5C,10.1109/bigdata66926.2025.11402424,doi:10.1109/bigdata66926.2025.11402424,academic,exclude,X1,abstract
IEEE,I3FCAFB7C506284E7,10.1109/gamenets.2009.5137410,doi:10.1109/gamenets.2009.5137410,academic,pending,X2,fulltext-exception
IEEE,I40002E9006AA5D50,10.1109/ickea.2017.8169932,doi:10.1109/ickea.2017.8169932,academic,exclude,X1,abstract
IEEE,I400903F8A93FD651,10.1109/ssst.2003.1194530,doi:10.1109/ssst.2003.1194530,academic,include,I1,abstract
IEEE,I40131F6ABD31B15B,10.1109/iciii.2010.574,doi:10.1109/iciii.2010.574,academic,exclude,X1,abstract
IEEE,I40187523157C5C9F,10.1109/ftdcs.1999.818797,doi:10.1109/ftdcs.1999.818797,academic,include,I1,abstract
IEEE,I4032DF002BB9A4E6,10.1049/cp:19990147,doi:10.1049/cp:19990147,academic,exclude,X1,abstract
IEEE,I404837F023049D9D,10.1109/isit.2018.8437640,doi:10.1109/isit.2018.8437640,academic,exclude,X1,abstract
IEEE,I406788A10DC9CEEB,10.1109/icpads.2005.210,doi:10.1109/icpads.2005.210,academic,include,I1,abstract
IEEE,I406CAD6A47ADB3CC,10.17775/cseejpes.2024.07290,doi:10.17775/cseejpes.2024.07290,academic,include,I1,abstract
IEEE,I40956562F8D6862F,10.1109/icaic67076.2026.11395673,doi:10.1109/icaic67076.2026.11395673,academic,exclude,X1,abstract
IEEE,I40AFA58784166636,10.1109/cise.2010.5676783,doi:10.1109/cise.2010.5676783,academic,include,I1,abstract
IEEE,I40DB1615CEB7C69B,10.1109/jcsse68839.2026.11596758,doi:10.1109/jcsse68839.2026.11596758,academic,exclude,X1,abstract
IEEE,I40DB33E60A59EF18,ieee:11589553,platform:IEEE:11589553,academic,exclude,T1,control-only
IEEE,I40ECF7CE16ED0D7E,10.1109/scc.2013.109,doi:10.1109/scc.2013.109,academic,include,I1,abstract
IEEE,I41217CE6D4410392,10.1109/saintw.2003.1210141,doi:10.1109/saintw.2003.1210141,academic,exclude,X1,abstract
IEEE,I414FAF487E9E296F,10.1109/cinc.2009.30,doi:10.1109/cinc.2009.30,academic,include,I1,abstract
IEEE,I418FFB831B4F2174,10.1109/ijcnn54540.2023.10191154,doi:10.1109/ijcnn54540.2023.10191154,academic,exclude,X1,abstract
IEEE,I41992F89D92A288A,10.1109/escience65000.2025.00093,doi:10.1109/escience65000.2025.00093,academic,exclude,X1,abstract
IEEE,I419EFCBC72907ECB,10.1109/iciea.2006.257325,doi:10.1109/iciea.2006.257325,academic,exclude,X1,abstract
IEEE,I41E40CB0047B4EFE,10.1109/tcset.2016.7452090,doi:10.1109/tcset.2016.7452090,academic,exclude,X1,abstract
IEEE,I4224F3477501A6CD,10.1109/irtm54583.2022.9791523,doi:10.1109/irtm54583.2022.9791523,academic,exclude,X1,abstract
IEEE,I4227918B896BCF54,ieee:5681700,platform:IEEE:5681700,academic,exclude,X1,abstract
IEEE,I4245D601729F09F0,10.1109/cimca.2008.103,doi:10.1109/cimca.2008.103,academic,include,I1,abstract
IEEE,I425635147BC9D82D,10.1109/acsacw69556.2025.00043,doi:10.1109/acsacw69556.2025.00043,academic,include,I2,abstract
IEEE,I425D1DFB07F875A3,10.1109/jsac.2012.121212,doi:10.1109/jsac.2012.121212,academic,exclude,X1,abstract
IEEE,I42763C2CE5B15442,10.1109/ea.2009.5071582,doi:10.1109/ea.2009.5071582,academic,exclude,X1,abstract
IEEE,I42ACB737F681A68F,10.1109/icuas54217.2022.9836182,doi:10.1109/icuas54217.2022.9836182,academic,exclude,X1,abstract
IEEE,I42C60454538C0439,10.1109/cmpsac.2002.1044554,doi:10.1109/cmpsac.2002.1044554,academic,include,I1,abstract
IEEE,I42CA2DDDAC50ABF9,10.1109/access.2025.3560549,doi:10.1109/access.2025.3560549,academic,exclude,X1,abstract
IEEE,I42CDA5F8BC7F5AAD,10.1109/icoici65217.2025.11253199,doi:10.1109/icoici65217.2025.11253199,academic,exclude,X1,abstract
IEEE,I430FDADF5C37CAC6,10.1109/synasc.2006.1,doi:10.1109/synasc.2006.1,academic,include,I1,abstract
IEEE,I43114B7E76D3E46F,10.1109/hicss.2015.649,doi:10.1109/hicss.2015.649,academic,exclude,X1,abstract
IEEE,I4330FF6B9007FE89,10.1109/icalt.2006.1652471,doi:10.1109/icalt.2006.1652471,academic,exclude,X1,abstract
IEEE,I4351AC85F8944E71,10.1002/bltj.20512,doi:10.1002/bltj.20512,academic,exclude,X1,abstract
IEEE,I43706F8EC52CF1A5,10.1109/icce67443.2026.11449867,doi:10.1109/icce67443.2026.11449867,academic,include,I2,abstract
IEEE,I4381B127258A459B,10.1109/nafips-wconsc.2015.7284200,doi:10.1109/nafips-wconsc.2015.7284200,academic,pending,X2,fulltext-exception
IEEE,I439649936620F95B,10.1109/nlpke.2005.1598730,doi:10.1109/nlpke.2005.1598730,academic,exclude,X1,abstract
IEEE,I43A7F894807ADA48,10.1109/ccdc.2009.5192561,doi:10.1109/ccdc.2009.5192561,academic,include,I1,abstract
IEEE,I43B8B4C8AB65761B,10.1109/mlsd.2018.8551877,doi:10.1109/mlsd.2018.8551877,academic,exclude,X1,abstract
IEEE,I43DC504D7473AA61,10.1109/icie.2009.65,doi:10.1109/icie.2009.65,academic,exclude,X1,fulltext-exception
IEEE,I43DDC6CA8897442F,10.1109/southeastcon63549.2026.11476134,doi:10.1109/southeastcon63549.2026.11476134,academic,exclude,X1,abstract
IEEE,I44159FCF3467BC77,10.1109/tsmca.2003.822273,doi:10.1109/tsmca.2003.822273,academic,include,I1,abstract
IEEE,I447EF7967211EC1F,10.1109/isaect68904.2025.11318775,doi:10.1109/isaect68904.2025.11318775,academic,exclude,X1,abstract
IEEE,I4483E650730CB4AD,10.1109/hicss.2001.926222,doi:10.1109/hicss.2001.926222,academic,include,I1,abstract
IEEE,I4490AA9B9531F25E,10.1109/itsc.2015.477,doi:10.1109/itsc.2015.477,academic,include,I1,abstract
IEEE,I44B0128238FAE424,10.1049/cp:20061567,doi:10.1049/cp:20061567,academic,pending,X2-v2,abstract
IEEE,I44D2D6A1993052D3,10.1109/isise.2009.128,doi:10.1109/isise.2009.128,academic,exclude,X1,abstract
IEEE,I45043BF8E80270B7,10.1109/69.790796,doi:10.1109/69.790796,academic,include,I1,abstract
IEEE,I450B99984D7997F8,10.1109/icsmc.2001.971952,doi:10.1109/icsmc.2001.971952,academic,exclude,X1,fulltext-exception
IEEE,I4510EE09D25EFCE9,10.1109/icoac.2011.6165206,doi:10.1109/icoac.2011.6165206,academic,exclude,X1,abstract
IEEE,I45918B083C508DA3,10.1109/nswctc.2010.274,doi:10.1109/nswctc.2010.274,academic,exclude,X1,abstract
IEEE,I459CFA8B6B0C01A5,10.1109/icnp65844.2025.11192362,doi:10.1109/icnp65844.2025.11192362,academic,exclude,X1,abstract
IEEE,I45D2191960A8D06F,10.1109/csf57540.2023.00010,doi:10.1109/csf57540.2023.00010,academic,include,I2,fulltext-exception
IEEE,I45D8559E0D439576,10.1109/icoin.2014.6799688,doi:10.1109/icoin.2014.6799688,academic,include,I1,fulltext-exception
IEEE,I45D95D4178DB01AF,10.23919/cje.2022.00.334,doi:10.23919/cje.2022.00.334,academic,exclude,X1,abstract
IEEE,I45E51B9684BB8AD6,10.1109/isecs.2009.241,doi:10.1109/isecs.2009.241,academic,include,I1,abstract
IEEE,I45E5DF2A817FC03C,10.1109/coase.2010.5584129,doi:10.1109/coase.2010.5584129,academic,exclude,X1,abstract
IEEE,I45E883B02CC64D8B,10.1109/icsmc.2004.1401174,doi:10.1109/icsmc.2004.1401174,academic,include,I1,abstract
IEEE,I46141BE08B20F6C3,10.1109/ia.2014.7009456,doi:10.1109/ia.2014.7009456,academic,include,I1,abstract
IEEE,I46184CFCA3D8147F,10.1109/icsmc.2006.384885,doi:10.1109/icsmc.2006.384885,academic,pending,X2,fulltext-exception
IEEE,I461A346ED923DC66,10.1109/icact67549.2025.11351425,doi:10.1109/icact67549.2025.11351425,academic,exclude,X1,abstract
IEEE,I46288ACDBDE488FB,10.1109/aina.2004.1283962,doi:10.1109/aina.2004.1283962,academic,include,I1,abstract
IEEE,I4636D840D003D7EB,10.1109/isc266238.2025.11293337,doi:10.1109/isc266238.2025.11293337,academic,exclude,X1,abstract
IEEE,I46473FF894C591A1,10.1109/cdc49753.2023.10383372,doi:10.1109/cdc49753.2023.10383372,academic,exclude,X1,abstract
IEEE,I4653481DCC97FF56,10.1109/iat.2005.70,doi:10.1109/iat.2005.70,academic,include,I1,abstract
IEEE,I465DE6C7680C0E93,10.1109/wsc52266.2021.9715312,doi:10.1109/wsc52266.2021.9715312,academic,include,I1,abstract
IEEE,I46602E1095E62C3C,10.1109/electronics.2017.7995226,doi:10.1109/electronics.2017.7995226,academic,exclude,X1,abstract
IEEE,I466D1EF1FC16EF92,10.1109/isise.2009.132,doi:10.1109/isise.2009.132,academic,include,I2,abstract
IEEE,I466E91A8416FF12E,10.1109/icect.2005.96,doi:10.1109/icect.2005.96,academic,include,I1,abstract
IEEE,I46B89372F807A676,10.1109/icsmc.2001.972028,doi:10.1109/icsmc.2001.972028,academic,exclude,X1,abstract
IEEE,I46B92D85519DE25F,10.1109/ieec.2009.145,doi:10.1109/ieec.2009.145,academic,exclude,X1,abstract
IEEE,I46D02CB937C1DA00,10.1109/noms69089.2026.11668232,doi:10.1109/noms69089.2026.11668232,academic,exclude,X1,abstract
IEEE,I46F07771282E5AC2,10.1109/acssc.2017.8335557,doi:10.1109/acssc.2017.8335557,academic,exclude,X1,abstract
IEEE,I472269D9EF2F57CE,10.1109/icpst.2000.897139,doi:10.1109/icpst.2000.897139,academic,include,I1,abstract
IEEE,I473741D36E9F0A04,10.1109/mass.2012.6502545,doi:10.1109/mass.2012.6502545,academic,pending,X2,fulltext-exception
IEEE,I4739D7D7323AED6E,10.1109/icccmla66092.2025.11580659,doi:10.1109/icccmla66092.2025.11580659,academic,exclude,X1,abstract
IEEE,I475C5F137CEC9159,10.1109/ieeestd.2020.9115946,doi:10.1109/ieeestd.2020.9115946,official_standard,exclude,T1,control-only
IEEE,I478D08DAF9FF6E17,10.1109/wesaac.2011.16,doi:10.1109/wesaac.2011.16,academic,exclude,X1,abstract
IEEE,I47BB13B178D77D93,10.1109/icnds.2010.5479440,doi:10.1109/icnds.2010.5479440,academic,pending,X2,fulltext-exception
IEEE,I47D685DFD145CF46,10.1109/cec.2010.5586254,doi:10.1109/cec.2010.5586254,academic,include,I1,abstract
IEEE,I47FEE3AAFF96D08F,10.1109/cec.2010.5586319,doi:10.1109/cec.2010.5586319,academic,exclude,X1,abstract
IEEE,I481C1278D2F379B0,10.1109/etfa65518.2025.11205691,doi:10.1109/etfa65518.2025.11205691,academic,exclude,X1,abstract
IEEE,I481E4610A1CF74B8,10.1109/dexa.2005.61,doi:10.1109/dexa.2005.61,academic,include,I2,fulltext-exception
IEEE,I4827F0720860304B,10.1109/iit.2007.4430512,doi:10.1109/iit.2007.4430512,academic,exclude,X1,abstract
IEEE,I483361F30025929A,10.1109/irsec.2015.7455072,doi:10.1109/irsec.2015.7455072,academic,exclude,X1,abstract
IEEE,I485CBEABE3F3B294,10.1109/jiot.2026.3696135,doi:10.1109/jiot.2026.3696135,academic,include,I1,abstract
IEEE,I489E5ACF08914BAE,10.1109/cit.2004.1357241,doi:10.1109/cit.2004.1357241,academic,include,I1,fulltext-exception
IEEE,I48DBA6A56A161678,10.1109/icc59461.2026.11587771,doi:10.1109/icc59461.2026.11587771,academic,include,I1,abstract
IEEE,I48E682169D498A45,ieee:6275199,platform:IEEE:6275199,academic,pending,T1/A0,unavailable
IEEE,I4924182F597EE780,10.1109/iros.2008.4650660,doi:10.1109/iros.2008.4650660,academic,exclude,X1,abstract
IEEE,I4955BA8AB90FC197,10.1109/cdc.2010.5717205,doi:10.1109/cdc.2010.5717205,academic,exclude,X1,abstract
IEEE,I49590FA571013691,10.1109/netsoft70012.2026.11603422,doi:10.1109/netsoft70012.2026.11603422,academic,include,I1,abstract
IEEE,I49A834F883BE013B,10.1109/scis.2009.4927011,doi:10.1109/scis.2009.4927011,academic,include,I1,abstract
IEEE,I49BDC64C152B7C58,10.1109/cw.2002.1180894,doi:10.1109/cw.2002.1180894,academic,include,I1,fulltext-exception
IEEE,I49CF7B0B43166D6F,10.1109/itapp.2010.5566198,doi:10.1109/itapp.2010.5566198,academic,include,I1,fulltext-exception
IEEE,I49F8229811D4391A,10.1109/secon64284.2024.10934958,doi:10.1109/secon64284.2024.10934958,academic,include,I1,fulltext-exception
IEEE,I49FB514260D18D2D,10.1109/eurcon.2001.937783,doi:10.1109/eurcon.2001.937783,academic,include,I1,fulltext-exception
IEEE,I4A977F538B131F46,10.1109/csf.2017.21,doi:10.1109/csf.2017.21,academic,exclude,X1,abstract
IEEE,I4AA001396576A54C,10.1109/morse48060.2019.8998726,doi:10.1109/morse48060.2019.8998726,academic,exclude,X1,abstract
IEEE,I4ABCD0C66586C011,10.1109/icce.2001.935305,doi:10.1109/icce.2001.935305,academic,pending,X2,fulltext-exception
IEEE,I4ABDDB563D0C3F88,10.1109/iita.2009.404,doi:10.1109/iita.2009.404,academic,exclude,X1,abstract
IEEE,I4AD5EFB55B1D9A63,10.1109/icee.2010.640,doi:10.1109/icee.2010.640,academic,include,I1,abstract
IEEE,I4AD824638968021A,10.1109/sfcs.2002.1181966,doi:10.1109/sfcs.2002.1181966,academic,exclude,X1,abstract
IEEE,I4AE5AC85D8AD99E3,10.1109/dexa.2001.953141,doi:10.1109/dexa.2001.953141,academic,pending,X2,fulltext-exception
IEEE,I4B4EE259A2DD1CAA,10.1109/cic.2016.073,doi:10.1109/cic.2016.073,academic,exclude,X1,abstract
IEEE,I4B50AEF0395FA95A,10.1109/snpd.2007.27,doi:10.1109/snpd.2007.27,academic,include,I2,abstract
IEEE,I4B9B5491B1F35306,10.1109/iciss63372.2025.11076372,doi:10.1109/iciss63372.2025.11076372,academic,exclude,X1,abstract
IEEE,I4BB1EE42540A69FA,10.1109/pic.2010.5687966,doi:10.1109/pic.2010.5687966,academic,include,I1,abstract
IEEE,I4BC9A605A487543A,10.1109/ihmsc.2016.177,doi:10.1109/ihmsc.2016.177,academic,exclude,X1,abstract
IEEE,I4BD631507F0A01C1,10.1109/access.2023.3263669,doi:10.1109/access.2023.3263669,academic,exclude,X1,abstract
IEEE,I4BE53B9BA32A8794,10.1049/cp:20020392,doi:10.1049/cp:20020392,academic,exclude,X1,abstract
IEEE,I4BE8A0A22DAD83A7,10.1109/cdc56724.2024.10886695,doi:10.1109/cdc56724.2024.10886695,academic,exclude,X1,abstract
IEEE,I4BE8E4D2563F2E92,10.1109/icicic.2007.122,doi:10.1109/icicic.2007.122,academic,include,I1,abstract
IEEE,I4BF909D4747C8850,10.1109/tsmcc.2005.860592,doi:10.1109/tsmcc.2005.860592,academic,include,I1,abstract
IEEE,I4C4928CADE522DD4,10.1109/mis.2023.3252919,doi:10.1109/mis.2023.3252919,academic,exclude,X1,abstract
IEEE,I4C4D4462B49A1F8A,10.1109/icara69401.2026.11480372,doi:10.1109/icara69401.2026.11480372,academic,exclude,X1,abstract
IEEE,I4C686D747E012907,10.1109/gsis.2007.4443528,doi:10.1109/gsis.2007.4443528,academic,include,I1,abstract
IEEE,I4C79D2A77F28CE73,10.1109/foci.2007.372189,doi:10.1109/foci.2007.372189,academic,include,I1,abstract
IEEE,I4C81903981271C54,10.1109/icde.2001.914836,doi:10.1109/icde.2001.914836,academic,include,I1,fulltext-exception
IEEE,I4C826C6B8286D545,10.1109/twc.2022.3160099,doi:10.1109/twc.2022.3160099,academic,include,I1,fulltext-exception
IEEE,I4C861B9925F59C9F,10.1109/isie.2016.7744970,doi:10.1109/isie.2016.7744970,academic,include,I1,abstract
IEEE,I4CACCFF42AB87259,10.1109/epdc56235.2022.9817339,doi:10.1109/epdc56235.2022.9817339,academic,include,I1,abstract
IEEE,I4CB310950E0B3623,10.1109/icdmw.2019.00141,doi:10.1109/icdmw.2019.00141,academic,include,I1,abstract
IEEE,I4CB7E766D67F37CC,10.1109/iat.2004.1342917,doi:10.1109/iat.2004.1342917,academic,exclude,X1,abstract
IEEE,I4CBBDE9B337A54BF,10.1109/itaic.2011.6030367,doi:10.1109/itaic.2011.6030367,academic,pending,X2,fulltext-exception
IEEE,I4CBC604888C0E1AD,10.1109/tmc.2025.3620587,doi:10.1109/tmc.2025.3620587,academic,include,I1,abstract
IEEE,I4CBFD5373CC49977,10.1109/jiot.2026.3699696,doi:10.1109/jiot.2026.3699696,academic,exclude,X1,abstract
IEEE,I4CCB77FB7F140E2A,10.1109/tase.2021.3061757,doi:10.1109/tase.2021.3061757,academic,exclude,X1,abstract
IEEE,I4D0FF10B59636AF1,10.1109/iccet.2010.5485560,doi:10.1109/iccet.2010.5485560,academic,include,I1,abstract
IEEE,I4D43EC974445C916,10.1109/aetcse69203.2026.11504356,doi:10.1109/aetcse69203.2026.11504356,academic,exclude,X1,abstract
IEEE,I4D79BDCBC5D00DCC,10.1109/iciics63763.2024.10859369,doi:10.1109/iciics63763.2024.10859369,academic,include,I1,fulltext-exception
IEEE,I4D8A2AF1999C414A,10.1109/eurosp48549.2020.00014,doi:10.1109/eurosp48549.2020.00014,academic,exclude,X1,abstract
IEEE,I4D9F764719093C0E,10.1109/hpcsim.2011.5999843,doi:10.1109/hpcsim.2011.5999843,academic,exclude,X1,abstract
IEEE,I4DCBC349D7BCDD8D,10.1109/cimsa.2010.5611758,doi:10.1109/cimsa.2010.5611758,academic,exclude,X1,abstract
IEEE,I4DCC97379DE43080,10.1109/icmlc.2007.4370699,doi:10.1109/icmlc.2007.4370699,academic,include,I2,abstract
IEEE,I4DD7712BBD07E8A2,10.1109/iih-msp.2009.262,doi:10.1109/iih-msp.2009.262,academic,include,I1,abstract
IEEE,I4DD80E8AD4B31A9D,10.1109/eem.2008.4579015,doi:10.1109/eem.2008.4579015,academic,exclude,X1,abstract
IEEE,I4DFE64E9BB2CA4C7,10.1109/nafips.1999.781641,doi:10.1109/nafips.1999.781641,academic,exclude,X1,abstract
IEEE,I4E2514CB009B433E,10.1109/jsac.2021.3118423,doi:10.1109/jsac.2021.3118423,academic,include,I1,abstract
IEEE,I4E2FC2CC27D8FD8F,10.1109/mipro.2015.7160512,doi:10.1109/mipro.2015.7160512,academic,exclude,X1,abstract
IEEE,I4E303826952221A1,10.1109/kimas.2005.1427117,doi:10.1109/kimas.2005.1427117,academic,include,I1,abstract
IEEE,I4E3F3A7A7FF949E8,10.1109/tiv.2024.3492015,doi:10.1109/tiv.2024.3492015,academic,include,I1,abstract
IEEE,I4E6760FF0A576BD1,10.1109/eespe68405.2026.11649193,doi:10.1109/eespe68405.2026.11649193,academic,include,I1,abstract
IEEE,I4EB3DA99633A1E03,10.1109/otcon69332.2026.11629802,doi:10.1109/otcon69332.2026.11629802,academic,exclude,X1,abstract
IEEE,I4EB419A4CE0C4436,ieee:10778345,platform:IEEE:10778345,academic,exclude,X1,abstract
IEEE,I4ED074F163726C1C,10.1109/mis.2001.1183337,doi:10.1109/mis.2001.1183337,academic,exclude,X1,abstract
IEEE,I4ED34761A5801950,10.1109/eee.2005.91,doi:10.1109/eee.2005.91,academic,include,I1,abstract
IEEE,I4F0476B117F5E67E,10.1109/access.2026.3665894,doi:10.1109/access.2026.3665894,academic,exclude,X1,abstract
IEEE,I4F0CE66F54BE9ED7,10.1109/icpads.1997.652560,doi:10.1109/icpads.1997.652560,academic,include,I1,abstract
IEEE,I4F3F60DDEF30D00B,10.1109/ickecs70176.2026.11527947,doi:10.1109/ickecs70176.2026.11527947,academic,exclude,X1,abstract
IEEE,I4F592216B11A26E5,10.1109/iwcmc69287.2026.11580103,doi:10.1109/iwcmc69287.2026.11580103,academic,exclude,X1,abstract
IEEE,I4F718ABB04F267F9,10.1109/besc.2017.8256360,doi:10.1109/besc.2017.8256360,academic,include,I2,fulltext-exception
IEEE,I4F9480B454164C3A,10.1109/icacit66767.2025.11369686,doi:10.1109/icacit66767.2025.11369686,academic,exclude,X1,abstract
IEEE,I4FAE96F5F97D1F1D,10.1109/ncis.2011.50,doi:10.1109/ncis.2011.50,academic,include,I1,abstract
IEEE,I4FB04AE1F2B556DF,10.1109/itcc.2005.66,doi:10.1109/itcc.2005.66,academic,include,I1,fulltext-exception
IEEE,I4FB4E80D8C3FF774,10.1109/icbaie56435.2022.9985897,doi:10.1109/icbaie56435.2022.9985897,academic,exclude,X1,abstract
IEEE,I4FC6A118AF242071,10.1109/dexa.2002.1045945,doi:10.1109/dexa.2002.1045945,academic,exclude,X1,abstract
IEEE,I4FC82A244D150031,10.1109/iwies.2013.6698573,doi:10.1109/iwies.2013.6698573,academic,include,I1,abstract
IEEE,I4FC83772DD8466F3,10.1109/compsacw.2013.100,doi:10.1109/compsacw.2013.100,academic,exclude,X1,abstract
IEEE,I5040CFD1BFC2CAC7,10.1109/jsac.2010.100502,doi:10.1109/jsac.2010.100502,academic,exclude,X1,abstract
IEEE,I506741220D75189C,10.1109/infocom59046.2026.11571677,doi:10.1109/infocom59046.2026.11571677,academic,include,I2,abstract
IEEE,I50C246311435BCF6,10.1109/syscon.2019.8836798,doi:10.1109/syscon.2019.8836798,academic,include,I1,abstract
IEEE,I50E36A0C8C4FC1E3,10.1109/wcst19361.2011.6114254,doi:10.1109/wcst19361.2011.6114254,academic,exclude,X1,abstract
IEEE,I50EC4A87B06B1D41,10.1109/eibdct69742.2026.11566899,doi:10.1109/eibdct69742.2026.11566899,academic,exclude,X1,abstract
IEEE,I50F9B6BF2D412615,10.1109/aiiot68874.2026.11569528,doi:10.1109/aiiot68874.2026.11569528,academic,exclude,X1,abstract
IEEE,I50FBBE7ABD2CC90E,10.1109/ictas64866.2025.11155406,doi:10.1109/ictas64866.2025.11155406,academic,exclude,X1,abstract
IEEE,I512FDE56B785E5F4,10.1109/lescdt66758.2025.00032,doi:10.1109/lescdt66758.2025.00032,academic,exclude,X1,abstract
IEEE,I513419134DB1A1D0,10.1109/fuzzy.2004.1375400,doi:10.1109/fuzzy.2004.1375400,academic,include,I1,abstract
IEEE,I516E4647DFC8669C,10.1109/access.2025.3615136,doi:10.1109/access.2025.3615136,academic,include,I1,abstract
IEEE,I51A143079FC208CB,10.1109/access.2021.3068827,doi:10.1109/access.2021.3068827,academic,exclude,X1,abstract
IEEE,I51BDD0230A630B91,10.1109/tii.2013.2287807,doi:10.1109/tii.2013.2287807,academic,exclude,X1,abstract
IEEE,I51E61F31924C9AA3,10.1109/cdc.2010.5718144,doi:10.1109/cdc.2010.5718144,academic,exclude,X1,abstract
IEEE,I51EB63064D277712,10.1109/enabl.2003.1231378,doi:10.1109/enabl.2003.1231378,academic,pending,X2,fulltext-exception
IEEE,I51F2064561DDC64C,10.1109/pesgm.2016.7741074,doi:10.1109/pesgm.2016.7741074,academic,include,I1,abstract
IEEE,I51FAC98A76347147,10.1109/globecom59602.2025.11431757,doi:10.1109/globecom59602.2025.11431757,academic,exclude,X1,abstract
IEEE,I520350B521A4CDC8,10.1109/icmss.2009.5301239,doi:10.1109/icmss.2009.5301239,academic,exclude,X1,abstract
IEEE,I5224BAB54AC0F769,10.1109/icspc59664.2023.10420022,doi:10.1109/icspc59664.2023.10420022,academic,exclude,X1,abstract
IEEE,I522E073DFA5E0006,10.1109/icit.2007.11,doi:10.1109/icit.2007.11,academic,include,I1,fulltext-exception
IEEE,I5248FC3F990ADDE1,10.1109/isda.2015.7489164,doi:10.1109/isda.2015.7489164,academic,include,I1,abstract
IEEE,I52B3108B7A25B7A6,10.1109/tia.2025.3618823,doi:10.1109/tia.2025.3618823,academic,include,I1,abstract
IEEE,I52B846645F2A0BDA,10.1109/icps49255.2021.9468154,doi:10.1109/icps49255.2021.9468154,academic,exclude,X1,abstract
IEEE,I52C5E880D8378086,10.1109/iccima.2003.1238127,doi:10.1109/iccima.2003.1238127,academic,include,I1,abstract
IEEE,I53741D7FFEC5E3F2,10.1109/icitbs.2018.00105,doi:10.1109/icitbs.2018.00105,academic,include,I1,abstract
IEEE,I538DC975F1256D73,10.1109/tsg.2016.2546281,doi:10.1109/tsg.2016.2546281,academic,pending,X2,fulltext-exception
IEEE,I53B6EEB167C5F4E6,10.1109/aixb65684.2025.00017,doi:10.1109/aixb65684.2025.00017,academic,exclude,X1,abstract
IEEE,I53E0795ADBE25970,10.1109/iccit.2009.156,doi:10.1109/iccit.2009.156,academic,include,I2,abstract
IEEE,I53FDF7898BAFB60C,ieee:11338660,platform:IEEE:11338660,academic,exclude,X1,abstract
IEEE,I54125A1EA8AD0B2E,10.1109/icar53236.2021.9659364,doi:10.1109/icar53236.2021.9659364,academic,exclude,X1,abstract
IEEE,I548F4827B9734014,10.1109/icebe.2009.87,doi:10.1109/icebe.2009.87,academic,exclude,X1,abstract
IEEE,I54A4A7D7FA063695,10.1109/focs.2010.77,doi:10.1109/focs.2010.77,academic,exclude,X1,abstract
IEEE,I54D416D8CFC201BC,10.1109/picmet.2003.1222795,doi:10.1109/picmet.2003.1222795,academic,exclude,X1,abstract
IEEE,I553A9428AD9BB304,10.1109/icmlc.2004.1380683,doi:10.1109/icmlc.2004.1380683,academic,include,I1,fulltext-exception
IEEE,I55C4039A7743C861,10.1109/hicss.2005.59,doi:10.1109/hicss.2005.59,academic,include,I1,abstract
IEEE,I55C4D62F01A10189,10.1109/c366505.2025.11340318,doi:10.1109/c366505.2025.11340318,academic,include,I2,abstract
IEEE,I560B753A0E24F0A2,10.1109/ichit.2006.253494,doi:10.1109/ichit.2006.253494,academic,exclude,X1,abstract
IEEE,I560D4F855F71E9D4,10.1109/itict.2005.1609657,doi:10.1109/itict.2005.1609657,academic,include,I1,fulltext-exception
IEEE,I5614E9C20A309999,10.1109/tifs.2013.2250431,doi:10.1109/tifs.2013.2250431,academic,exclude,X1,abstract
IEEE,I562EB885D94EE6B0,10.1109/icetc.2010.5529293,doi:10.1109/icetc.2010.5529293,academic,include,I1,abstract
IEEE,I5632FF5D80938796,10.1109/gccw.2006.18,doi:10.1109/gccw.2006.18,academic,exclude,X1,abstract
IEEE,I5633E4723EEDD876,10.1109/icmcsi67283.2026.11412741,doi:10.1109/icmcsi67283.2026.11412741,academic,include,I1,abstract
IEEE,I563943104A1E3D55,10.1109/icdsbs69077.2026.11634997,doi:10.1109/icdsbs69077.2026.11634997,academic,exclude,X1,abstract
IEEE,I566BF9759AACF850,10.1109/icin69025.2026.11481802,doi:10.1109/icin69025.2026.11481802,academic,exclude,X1,abstract
IEEE,I568E947777EF3337,10.1109/clustr.2002.1137780,doi:10.1109/clustr.2002.1137780,academic,include,I1,fulltext-exception
IEEE,I56B3081F27112095,10.1109/dexa.2001.953046,doi:10.1109/dexa.2001.953046,academic,include,I1,fulltext-exception
IEEE,I56DAAB7C060B6F1B,10.1109/icsssm.2009.5174886,doi:10.1109/icsssm.2009.5174886,academic,pending,X2,fulltext-exception
IEEE,I56FD2ECEA3FB2E1E,10.1109/hicss.2001.927039,doi:10.1109/hicss.2001.927039,academic,include,I1,abstract
IEEE,I56FE7823D8B260F1,10.1109/wocn.2006.1666570,doi:10.1109/wocn.2006.1666570,academic,exclude,X1,abstract
IEEE,I5702A528B86898EC,10.1109/access.2019.2919450,doi:10.1109/access.2019.2919450,academic,include,I1,abstract
IEEE,I570CC8602FE1A13D,10.1109/hicss.2006.142,doi:10.1109/hicss.2006.142,academic,include,I1,fulltext-exception
IEEE,I5716B8E89FCCA2CF,10.1109/ictta.2006.1684896,doi:10.1109/ictta.2006.1684896,academic,exclude,X1,abstract
IEEE,I571AFC494009AA3D,10.1109/micc.2009.5431395,doi:10.1109/micc.2009.5431395,academic,exclude,X1,abstract
IEEE,I57224EFFC7DDFC4D,10.1109/incacct61598.2024.10551079,doi:10.1109/incacct61598.2024.10551079,academic,exclude,X1,abstract
IEEE,I57385C9D1920C652,10.1109/icmas.1998.699024,doi:10.1109/icmas.1998.699024,academic,include,I1,abstract
IEEE,I57AD2B72DA3B5327,10.1109/saci58269.2023.10158649,doi:10.1109/saci58269.2023.10158649,academic,exclude,X1,abstract
IEEE,I57D9E2A46AE0BC06,10.1109/jcsse.2012.6261928,doi:10.1109/jcsse.2012.6261928,academic,include,I2,fulltext-exception
IEEE,I5804670312BD4391,10.1109/tkde.2026.3736076,doi:10.1109/tkde.2026.3736076,academic,exclude,T2,control-only
IEEE,I580488919F895041,10.1109/cacwd.2004.1349034,doi:10.1109/cacwd.2004.1349034,academic,include,I1,fulltext-exception
IEEE,I5826B35A2C3A0B3A,10.1109/tmc.2026.3696583,doi:10.1109/tmc.2026.3696583,academic,exclude,X1,abstract
IEEE,I5852781BD2CC36E5,10.1109/sera.2006.56,doi:10.1109/sera.2006.56,academic,exclude,X1,abstract
IEEE,I586505886685124C,10.1109/wcica.2002.1019980,doi:10.1109/wcica.2002.1019980,academic,pending,X2-v2,abstract
IEEE,I587BD53F8E2F5E53,10.1109/iat.2006.32,doi:10.1109/iat.2006.32,academic,include,I1,abstract
IEEE,I589C2FC11685677F,10.1109/is.2018.8710579,doi:10.1109/is.2018.8710579,academic,include,I1,fulltext-exception
IEEE,I58C274BF3D2342AD,10.1109/tvt.2026.3736375,doi:10.1109/tvt.2026.3736375,academic,exclude,T2,control-only
IEEE,I58EB8F11E1CF6466,10.1109/ccdc49329.2020.9164742,doi:10.1109/ccdc49329.2020.9164742,academic,include,I1,abstract
IEEE,I59067E78CEC879B0,10.1109/icee59167.2023.10334752,doi:10.1109/icee59167.2023.10334752,academic,include,I1,abstract
IEEE,I59154D3AF8CA0C96,10.1109/fuzzy.2007.4295334,doi:10.1109/fuzzy.2007.4295334,academic,include,I1,abstract
IEEE,I5915A3EE163A8E24,10.1109/icdcs.1998.679732,doi:10.1109/icdcs.1998.679732,academic,include,I1,abstract
IEEE,I591D27D121D96349,10.1109/iscsct.2008.135,doi:10.1109/iscsct.2008.135,academic,include,I1,abstract
IEEE,I592044AA3C2B4E95,10.1109/cimca.2005.1631266,doi:10.1109/cimca.2005.1631266,academic,pending,X2,fulltext-exception
IEEE,I5951B239488AB242,10.1109/tsmcc.2005.860575,doi:10.1109/tsmcc.2005.860575,academic,include,I1,abstract
IEEE,I595453A69E6520DA,10.1109/asama.1999.805396,doi:10.1109/asama.1999.805396,academic,exclude,X1,abstract
IEEE,I598DC9BFEB072F77,10.1109/tsp.2014.2320457,doi:10.1109/tsp.2014.2320457,academic,exclude,X1,abstract
IEEE,I5991748D38947E68,10.1109/jiot.2024.3402274,doi:10.1109/jiot.2024.3402274,academic,exclude,X1,abstract
IEEE,I59BE97F4D871219D,10.1109/ciotsc67482.2025.11412983,doi:10.1109/ciotsc67482.2025.11412983,academic,pending,X2,fulltext-exception
IEEE,I59CE2219B9E09DA1,10.1109/wi.2003.1241298,doi:10.1109/wi.2003.1241298,academic,include,I1,fulltext-exception
IEEE,I59DE675E000A43D2,10.1109/eem.2012.6254715,doi:10.1109/eem.2012.6254715,academic,include,I1,abstract
IEEE,I59E3F60209C9558A,10.1109/ichis.2004.43,doi:10.1109/ichis.2004.43,academic,exclude,X1,abstract
IEEE,I5A3410075CC691A3,10.1109/upec.2007.4469115,doi:10.1109/upec.2007.4469115,academic,include,I1,abstract
IEEE,I5A365CAF8362F5F2,10.1109/itng.2008.22,doi:10.1109/itng.2008.22,academic,include,I1,abstract
IEEE,I5A9599B8E8C53D56,10.1109/icbc51069.2021.9461112,doi:10.1109/icbc51069.2021.9461112,academic,include,I1,fulltext-exception
IEEE,I5AAA97EC277855EE,10.1109/fuzzy.1999.793259,doi:10.1109/fuzzy.1999.793259,academic,exclude,X1,abstract
IEEE,I5AB63BECC35AACD0,10.1109/lra.2018.2869999,doi:10.1109/lra.2018.2869999,academic,exclude,X1,abstract
IEEE,I5AC5A02B695F5389,10.1109/apccas.2002.1114962,doi:10.1109/apccas.2002.1114962,academic,include,I2,abstract
IEEE,I5AEB002D7E753E02,10.1109/ipdps.2005.58,doi:10.1109/ipdps.2005.58,academic,exclude,X1,abstract
IEEE,I5AF2B947E2CB2D5C,10.1109/svcc69905.2026.11642248,doi:10.1109/svcc69905.2026.11642248,academic,exclude,X1,abstract
IEEE,I5B08B9CF96416FDC,10.1109/coec.2003.1210238,doi:10.1109/coec.2003.1210238,academic,include,I1,abstract
IEEE,I5B31FDADF42EE551,10.1109/comsnets67989.2026.11418261,doi:10.1109/comsnets67989.2026.11418261,academic,include,I2,abstract
IEEE,I5B51C931539E9AEC,10.1109/cmpsac.1999.812675,doi:10.1109/cmpsac.1999.812675,academic,exclude,X1,abstract
IEEE,I5BBA9C01B0DBD60E,10.1093/imamci/dnp016,doi:10.1093/imamci/dnp016,academic,pending,X2-v2,abstract
IEEE,I5BC51B9E1BC584C5,10.1109/iama.2009.5228054,doi:10.1109/iama.2009.5228054,academic,exclude,X1,abstract
IEEE,I5BC9F69EF196544B,10.1109/wi-iat62293.2024.00041,doi:10.1109/wi-iat62293.2024.00041,academic,exclude,X1,fulltext-exception
IEEE,I5BF1B48C28DCCF13,10.1109/icca.2010.5524255,doi:10.1109/icca.2010.5524255,academic,exclude,X1,abstract
IEEE,I5BF54F44E744F990,10.1109/iccsnt.2011.6182186,doi:10.1109/iccsnt.2011.6182186,academic,include,I1,fulltext-exception
IEEE,I5C18B41765378827,10.1109/prdc63035.2024.00027,doi:10.1109/prdc63035.2024.00027,academic,exclude,X1,abstract
IEEE,I5C53848A9956E968,10.1109/iat.2006.78,doi:10.1109/iat.2006.78,academic,exclude,T1,control-only
IEEE,I5C5B2012E4CC2E79,10.1109/iisa71656.2026.11705452,doi:10.1109/iisa71656.2026.11705452,academic,exclude,T2,control-only
IEEE,I5C748DFD047D7BE1,10.1109/ride.2002.995110,doi:10.1109/ride.2002.995110,academic,exclude,X1,abstract
IEEE,I5C993C7A4C07B7F5,10.1109/iccsn.2011.6014969,doi:10.1109/iccsn.2011.6014969,academic,exclude,X1,abstract
IEEE,I5CC5894EAB36258F,10.1109/enabl.2000.883741,doi:10.1109/enabl.2000.883741,academic,pending,X2-v2,abstract
IEEE,I5CD1376F540C48EC,10.1109/icca62789.2024.10591804,doi:10.1109/icca62789.2024.10591804,academic,exclude,X1,abstract
IEEE,I5CE7431C569F4EFE,10.1109/hicss.2008.15,doi:10.1109/hicss.2008.15,academic,exclude,X1,abstract
IEEE,I5CFD322D322E0C60,10.1109/iama.2009.5228084,doi:10.1109/iama.2009.5228084,academic,exclude,X1,abstract
IEEE,I5D20767E00B9387A,10.1109/mlise70044.2026.11607489,doi:10.1109/mlise70044.2026.11607489,academic,exclude,X1,abstract
IEEE,I5D2F42A60C79D836,10.1109/icis.2005.65,doi:10.1109/icis.2005.65,academic,exclude,T1,control-only
IEEE,I5D330A0C284AD131,10.1109/icatc68823.2025.11407841,doi:10.1109/icatc68823.2025.11407841,academic,exclude,X1,abstract
IEEE,I5D5145BCCF08A0AB,10.1109/iwalt.2000.890554,doi:10.1109/iwalt.2000.890554,academic,exclude,X1,abstract
IEEE,I5D6643E941E3CFDB,10.1109/cifer67845.2026.11692374,doi:10.1109/cifer67845.2026.11692374,academic,exclude,T2,control-only
IEEE,I5D6E8FB5AB6DCC1F,10.1109/ccdc69976.2026.11560610,doi:10.1109/ccdc69976.2026.11560610,academic,exclude,X1,abstract
IEEE,I5D7B7FE548E40D3E,10.1109/aixdke67294.2026.00022,doi:10.1109/aixdke67294.2026.00022,academic,include,I2,abstract
IEEE,I5DA5C4A4F8E1DC68,10.1109/tfuzz.2016.2598297,doi:10.1109/tfuzz.2016.2598297,academic,include,I1,abstract
IEEE,I5DE44F18E8D1D5F1,10.1109/cieec69682.2026.11572700,doi:10.1109/cieec69682.2026.11572700,academic,exclude,X1,abstract
IEEE,I5E003787FAC5C781,10.1109/ictta.2006.1684904,doi:10.1109/ictta.2006.1684904,academic,exclude,X1,abstract
IEEE,I5E3F8154AEDAE16E,10.1109/tsmca.2003.819654,doi:10.1109/tsmca.2003.819654,academic,include,I1,abstract
IEEE,I5E72A80A4AC2830E,10.1109/sose67019.2025.00013,doi:10.1109/sose67019.2025.00013,academic,include,I2,abstract
IEEE,I5EBC7C20268D1F78,10.1109/ichms59971.2024.10555716,doi:10.1109/ichms59971.2024.10555716,academic,exclude,X1,abstract
IEEE,I5EEE89604BE65511,10.1109/i-pact58649.2023.10434846,doi:10.1109/i-pact58649.2023.10434846,academic,exclude,X1,abstract
IEEE,I5F4F91B3E19D4B87,10.1109/dfma.2006.296903,doi:10.1109/dfma.2006.296903,academic,exclude,X1,abstract
IEEE,I5F93BE2E2329EEE7,10.1109/isc2.2015.7366199,doi:10.1109/isc2.2015.7366199,academic,exclude,X1,abstract
IEEE,I5FD2B94861AA07A7,10.1109/ipdps.2007.370279,doi:10.1109/ipdps.2007.370279,academic,exclude,X1,abstract
IEEE,I5FEBB16E158F1373,10.1109/icaic67076.2026.11395757,doi:10.1109/icaic67076.2026.11395757,academic,include,I2,fulltext-exception
IEEE,I6029AEC36630AD57,10.1109/tsg.2015.2422995,doi:10.1109/tsg.2015.2422995,academic,exclude,X1,fulltext-exception
IEEE,I60343C7F914048D1,10.1109/itict.2005.1609642,doi:10.1109/itict.2005.1609642,academic,include,I1,abstract
IEEE,I605F3E3565C5343F,10.1109/iat.2005.30,doi:10.1109/iat.2005.30,academic,include,I1,fulltext-exception
IEEE,I6064ED41FAA4FCE1,10.1109/tmc.2017.2742949,doi:10.1109/tmc.2017.2742949,academic,include,I1,abstract
IEEE,I6066ABAB999D21DB,10.1109/icmecg.2009.11,doi:10.1109/icmecg.2009.11,academic,exclude,X1,abstract
IEEE,I606C8EC700A2C148,10.1109/cec-eee.2006.43,doi:10.1109/cec-eee.2006.43,academic,include,I1,fulltext-exception
IEEE,I607351C87CBB331A,10.1109/bcca66705.2025.11229749,doi:10.1109/bcca66705.2025.11229749,academic,include,I2,fulltext-exception
IEEE,I608932DEA09B099F,10.1109/icccbda69573.2026.11676572,doi:10.1109/icccbda69573.2026.11676572,academic,exclude,X1,abstract
IEEE,I60916D2DD4DA6850,10.1109/asama.1999.805415,doi:10.1109/asama.1999.805415,academic,exclude,X1,abstract
IEEE,I60B342D2B91A8FC9,10.1109/miot.2026.3703027,doi:10.1109/miot.2026.3703027,academic,exclude,X1,abstract
IEEE,I60BA98295026A27F,10.1109/cloudsummit68932.2026.00009,doi:10.1109/cloudsummit68932.2026.00009,academic,include,I2,fulltext-exception
IEEE,I610511D9D6B79601,10.1109/cec-eee.2007.14,doi:10.1109/cec-eee.2007.14,academic,include,I1,abstract
IEEE,I6118CB53D6E0F890,10.1109/ssitcon66133.2025.11342192,doi:10.1109/ssitcon66133.2025.11342192,academic,include,I1,abstract
IEEE,I6133B0E4CDDD5652,10.1109/soca.2012.6449426,doi:10.1109/soca.2012.6449426,academic,include,I1,fulltext-exception
IEEE,I613F36B20FDF9BD7,10.1109/pacificvis68791.2026.00024,doi:10.1109/pacificvis68791.2026.00024,academic,exclude,X1,abstract
IEEE,I614E24AB1A8B0BA7,10.1109/cdc.2003.1271960,doi:10.1109/cdc.2003.1271960,academic,pending,X2,fulltext-exception
IEEE,I61550650FB2F2C89,10.1109/icces.2007.4447027,doi:10.1109/icces.2007.4447027,academic,include,I1,abstract
IEEE,I615B55B42CD678BF,10.1109/icpca.2007.4365460,doi:10.1109/icpca.2007.4365460,academic,include,I1,abstract
IEEE,I616A7CB833BE5CEF,10.1109/icsmc.2010.5641740,doi:10.1109/icsmc.2010.5641740,academic,include,I1,abstract
IEEE,I6175973C7EB0F2EF,10.1109/iros58592.2024.10801900,doi:10.1109/iros58592.2024.10801900,academic,exclude,X1,abstract
IEEE,I6199BA8877B258BB,10.1109/iiai-aai59060.2023.00092,doi:10.1109/iiai-aai59060.2023.00092,academic,include,I1,abstract
IEEE,I619F926E7F27B2BA,10.1109/icest71230.2026.11623576,doi:10.1109/icest71230.2026.11623576,academic,exclude,X1,abstract
IEEE,I61D714E632662E5F,10.1109/comsnets.2013.6465595,doi:10.1109/comsnets.2013.6465595,academic,include,I1,fulltext-exception
IEEE,I621ECE9293047994,10.1109/infocom.2014.6847932,doi:10.1109/infocom.2014.6847932,academic,exclude,X1,abstract
IEEE,I6268B355DF0A1FB8,10.1109/ccta54093.2023.10252961,doi:10.1109/ccta54093.2023.10252961,academic,exclude,X1,abstract
IEEE,I628B35D55851F055,10.1109/smc58881.2025.11342454,doi:10.1109/smc58881.2025.11342454,academic,exclude,X1,abstract
IEEE,I6291E4CE8465617C,10.1109/pst65910.2025.11268859,doi:10.1109/pst65910.2025.11268859,academic,include,I1,abstract
IEEE,I629FAEE7132410B4,10.1109/iat.2003.1241109,doi:10.1109/iat.2003.1241109,academic,include,I1,abstract
IEEE,I62A12695D879D894,10.1109/iacsit-sc.2009.131,doi:10.1109/iacsit-sc.2009.131,academic,include,I1,abstract
IEEE,I62ADB2A1CAF59668,10.1109/hicss.2004.1265403,doi:10.1109/hicss.2004.1265403,academic,include,I1,abstract
IEEE,I62AEB98B756DCB8E,10.1109/kimas.2005.1427101,doi:10.1109/kimas.2005.1427101,academic,exclude,X1,abstract
IEEE,I62AEDC06AF22FEA6,10.1109/ccdc.2018.8407671,doi:10.1109/ccdc.2018.8407671,academic,exclude,X1,abstract
IEEE,I6305D32C48CE26B8,10.1109/iccar69571.2026.11549721,doi:10.1109/iccar69571.2026.11549721,academic,include,I2,fulltext-exception
IEEE,I63276D94ED494AD4,10.1109/computingcon64838.2025.11377974,doi:10.1109/computingcon64838.2025.11377974,academic,exclude,X1,abstract
IEEE,I63538F6CF9EDAD15,10.1109/cncit56797.2022.00017,doi:10.1109/cncit56797.2022.00017,academic,include,I1,abstract
IEEE,I63562FBDC7BE9F4B,10.1109/sofa.2009.5254869,doi:10.1109/sofa.2009.5254869,academic,exclude,X1,abstract
IEEE,I636884730EF30D93,10.1109/pais56586.2022.9946661,doi:10.1109/pais56586.2022.9946661,academic,exclude,X1,abstract
IEEE,I63692AD2099AC5BC,10.1109/tvcg.2007.70436,doi:10.1109/tvcg.2007.70436,academic,exclude,X1,abstract
IEEE,I636CD7CA3AA4D02D,10.1109/isc2.2015.7366182,doi:10.1109/isc2.2015.7366182,academic,exclude,X1,abstract
IEEE,I637DF3371AD54FE0,10.1109/4235.956709,doi:10.1109/4235.956709,academic,include,I1,abstract
IEEE,I638C7FCCF286AF37,10.1109/ijcnn.1999.833410,doi:10.1109/ijcnn.1999.833410,academic,exclude,X1,abstract
IEEE,I63964B077051233F,10.1109/isads.2001.917437,doi:10.1109/isads.2001.917437,academic,include,I1,fulltext-exception
IEEE,I63C811EB094B10E6,10.1109/csnt69054.2026.11502330,doi:10.1109/csnt69054.2026.11502330,academic,exclude,X1,abstract
IEEE,I63D12CF0F0245E04,10.1109/itng.2009.29,doi:10.1109/itng.2009.29,academic,include,I1,abstract
IEEE,I63D36326BDD6F521,10.1109/coec.2003.1210263,doi:10.1109/coec.2003.1210263,academic,include,I1,abstract
IEEE,I63DB10686652A786,10.1109/ojcs.2026.3664314,doi:10.1109/ojcs.2026.3664314,academic,include,I2,abstract
IEEE,I63DCBBF5982E488D,10.1109/icmss.2009.5303304,doi:10.1109/icmss.2009.5303304,academic,include,I1,abstract
IEEE,I63EAE956C0930ED2,10.1109/icccworkshops67136.2025.11148145,doi:10.1109/icccworkshops67136.2025.11148145,academic,exclude,X1,abstract
IEEE,I641E0A57AB76B21C,10.1109/tse.2012.53,doi:10.1109/tse.2012.53,academic,include,I1,abstract
IEEE,I649240F1001A55D0,10.1109/ictmod55867.2022.10041878,doi:10.1109/ictmod55867.2022.10041878,academic,exclude,X1,abstract
IEEE,I64ACEBA635514A58,10.1109/aiot66900.2025.00032,doi:10.1109/aiot66900.2025.00032,academic,include,I2,abstract
IEEE,I64C98152B32363E2,10.1109/icsssm.2008.4598451,doi:10.1109/icsssm.2008.4598451,academic,exclude,X1,abstract
IEEE,I64D64E39FC54AC48,10.1109/icsssm.2005.1500212,doi:10.1109/icsssm.2005.1500212,academic,include,I1,abstract
IEEE,I651F7297BE113616,10.1109/iceei.2009.5254723,doi:10.1109/iceei.2009.5254723,academic,include,I1,abstract
IEEE,I652ACE15ACC37539,10.1109/hnicem60674.2023.10589012,doi:10.1109/hnicem60674.2023.10589012,academic,exclude,X1,abstract
IEEE,I658E518DAAE3B66F,10.1109/ei268505.2025.11425142,doi:10.1109/ei268505.2025.11425142,academic,pending,X2,fulltext-exception
IEEE,I65DA49DDE00B1FC7,10.1109/wcica.2006.1712841,doi:10.1109/wcica.2006.1712841,academic,pending,X2,fulltext-exception
IEEE,I65E187158E2ED208,10.1109/ccece.2006.277699,doi:10.1109/ccece.2006.277699,academic,include,I1,abstract
IEEE,I65F2145B2BA68966,10.1109/icoin.1998.648393,doi:10.1109/icoin.1998.648393,academic,include,I1,abstract
IEEE,I65F52DDAF9EF9AE9,10.1109/cloud-summit64795.2025.00028,doi:10.1109/cloud-summit64795.2025.00028,academic,exclude,X1,abstract
IEEE,I65FFF849D2E148D8,10.1109/tem.2026.3672885,doi:10.1109/tem.2026.3672885,academic,exclude,X1,abstract
IEEE,I661CFD7E9602CE36,10.1109/amt.2005.1505423,doi:10.1109/amt.2005.1505423,academic,include,I1,fulltext-exception
IEEE,I664EB71B6653D0A8,10.1109/iat.2003.1241133,doi:10.1109/iat.2003.1241133,academic,include,I1,abstract
IEEE,I666ADA0827DA2531,10.1109/pdcat.2005.151,doi:10.1109/pdcat.2005.151,academic,include,I1,abstract
IEEE,I667A97024A562E18,10.1109/icipcn67432.2026.11438950,doi:10.1109/icipcn67432.2026.11438950,academic,exclude,X1,abstract
IEEE,I6683FD52FF3CCE14,10.1109/icat57854.2023.10171284,doi:10.1109/icat57854.2023.10171284,academic,include,I1,abstract
IEEE,I66F0519A1B13863F,10.1109/iccie.2009.5223973,doi:10.1109/iccie.2009.5223973,academic,exclude,X1,abstract
IEEE,I6714B1398A850D28,10.1109/icicacs68679.2026.11578909,doi:10.1109/icicacs68679.2026.11578909,academic,exclude,X1,abstract
IEEE,I6723C84B9DE7A0C2,10.1109/synasc.2006.28,doi:10.1109/synasc.2006.28,academic,include,I1,fulltext-exception
IEEE,I672577BA619DA349,10.1109/wi-iat.2010.105,doi:10.1109/wi-iat.2010.105,academic,include,I1,abstract
IEEE,I672AFA711D056D90,10.1109/wsc.2014.7019904,doi:10.1109/wsc.2014.7019904,academic,include,I1,abstract
IEEE,I672C631D65555E48,10.1109/pesgm.2012.6345194,doi:10.1109/pesgm.2012.6345194,academic,include,I1,abstract
IEEE,I678295DE3725860D,10.1109/icnsc.2018.8361317,doi:10.1109/icnsc.2018.8361317,academic,exclude,X1,abstract
IEEE,I678CCBA4CE047C71,10.1109/incosst69426.2026.11709604,doi:10.1109/incosst69426.2026.11709604,academic,exclude,T2,control-only
IEEE,I67A7E346600B45B9,10.1109/case.2011.6042428,doi:10.1109/case.2011.6042428,academic,pending,X2,fulltext-exception
IEEE,I67AB972316E33C72,10.1109/uksim.2012.39,doi:10.1109/uksim.2012.39,academic,include,I1,abstract
IEEE,I67ABC245A231ED66,10.1109/peds.2011.6147283,doi:10.1109/peds.2011.6147283,academic,include,I1,abstract
IEEE,I67AD73869B581EF0,10.1109/ccdc49329.2020.9164350,doi:10.1109/ccdc49329.2020.9164350,academic,include,I1,abstract
IEEE,I67B59E8372F0C19E,10.1109/icca.2014.6870890,doi:10.1109/icca.2014.6870890,academic,exclude,X1,abstract
IEEE,I67C8D03891E9C1D6,10.1109/csse.2008.807,doi:10.1109/csse.2008.807,academic,exclude,X1,abstract
IEEE,I67CF45E4F22779AB,10.1109/icme57554.2024.10687797,doi:10.1109/icme57554.2024.10687797,academic,pending,X2,fulltext-exception
IEEE,I67EB15BCDFF41F15,ieee:6060714,platform:IEEE:6060714,academic,include,I1,abstract
IEEE,I67F1D9F1BE5980FB,10.1109/vetecf.2004.1404668,doi:10.1109/vetecf.2004.1404668,academic,exclude,X1,abstract
IEEE,I68027645C9280907,10.1109/tmc.2009.142,doi:10.1109/tmc.2009.142,academic,include,I1,abstract
IEEE,I681A7DBFA82E3237,10.1109/icmech.2006.252570,doi:10.1109/icmech.2006.252570,academic,exclude,X1,abstract
IEEE,I682E494BDD9F1B51,10.1109/wesaac.2011.1,doi:10.1109/wesaac.2011.1,academic,exclude,T1,control-only
IEEE,I683A8BAD0822A3CE,10.1109/tvt.2025.3565169,doi:10.1109/tvt.2025.3565169,academic,exclude,X1,abstract
IEEE,I684A7343B9038093,10.1109/korus.2002.1027980,doi:10.1109/korus.2002.1027980,academic,pending,X2,fulltext-exception
IEEE,I68A622A19F741EC7,10.1109/lra.2021.3065286,doi:10.1109/lra.2021.3065286,academic,exclude,X1,abstract
IEEE,I68A6D553E50488B3,10.1109/isdfs69419.2026.11459101,doi:10.1109/isdfs69419.2026.11459101,academic,exclude,X1,abstract
IEEE,I68BC04764F092FB6,10.1109/pdcat.2005.17,doi:10.1109/pdcat.2005.17,academic,exclude,X1,abstract
IEEE,I68C9C2FEF03C88FB,10.1109/ecrime.2014.6963162,doi:10.1109/ecrime.2014.6963162,academic,exclude,X1,abstract
IEEE,I68D3C49753593805,10.1109/tmc.2025.3594358,doi:10.1109/tmc.2025.3594358,academic,include,I1,abstract
IEEE,I68F13709A2D4905A,10.1109/asonam.2014.6921690,doi:10.1109/asonam.2014.6921690,academic,pending,X2,fulltext-exception
IEEE,I69685FCDFE86FDF4,10.1109/cicn70047.2026.11594167,doi:10.1109/cicn70047.2026.11594167,academic,pending,X2,fulltext-exception
IEEE,I69765D0BD122E25B,10.1109/cimps.2017.8169961,doi:10.1109/cimps.2017.8169961,academic,exclude,T1,control-only
IEEE,I698B56F0F9CB9780,10.1109/tsg.2019.2917396,doi:10.1109/tsg.2019.2917396,academic,exclude,X1,abstract
IEEE,I698D697CB8991CD2,10.1109/icscai68849.2026.11649246,doi:10.1109/icscai68849.2026.11649246,academic,exclude,X1,abstract
IEEE,I69C33FCC95B8C7A5,10.1109/mis.2006.4,doi:10.1109/mis.2006.4,academic,exclude,X1,abstract
IEEE,I69DBCD75D74191C9,10.1109/tvt.2020.2979941,doi:10.1109/tvt.2020.2979941,academic,include,I1,abstract
IEEE,I69DF027DEB061B54,10.1109/ap-s/usnc-ursi60190.2026.11675730,doi:10.1109/ap-s/usnc-ursi60190.2026.11675730,academic,exclude,X1,abstract
IEEE,I69F3EB73085A34A2,10.1109/words.2005.14,doi:10.1109/words.2005.14,academic,include,I1,fulltext-exception
IEEE,I6A348E254785459A,10.1109/icsmc.2010.5641906,doi:10.1109/icsmc.2010.5641906,academic,include,I1,abstract
IEEE,I6A3936AC47F0D959,10.1109/icsc67292.2026.00035,doi:10.1109/icsc67292.2026.00035,academic,include,I1,abstract
IEEE,I6A477B82A7399B8A,10.1109/dest.2008.4635221,doi:10.1109/dest.2008.4635221,academic,pending,X2,fulltext-exception
IEEE,I6A507728C6608108,10.1109/jiot.2024.3397893,doi:10.1109/jiot.2024.3397893,academic,include,I1,abstract
IEEE,I6A99BCA8D7EF3EF8,10.1109/wecwis.1999.788183,doi:10.1109/wecwis.1999.788183,academic,exclude,X1,abstract
IEEE,I6AAF978B8A0F3284,10.1109/icebeg.2011.5881656,doi:10.1109/icebeg.2011.5881656,academic,exclude,X1,abstract
IEEE,I6AD6444BA7666538,10.1109/et66806.2025.11204166,doi:10.1109/et66806.2025.11204166,academic,exclude,X1,abstract
IEEE,I6B04BCBDC685FECE,10.1109/icaic67076.2026.11395813,doi:10.1109/icaic67076.2026.11395813,academic,include,I1,fulltext-exception
IEEE,I6B244C0EC8AA5C04,10.1109/tools.2000.885916,doi:10.1109/tools.2000.885916,academic,pending,X2-v2,abstract
IEEE,I6B251BC44F8F856E,10.1109/jsac.2010.100110,doi:10.1109/jsac.2010.100110,academic,include,I1,abstract
IEEE,I6B2F46AE588CC3DC,10.1109/wi.2003.1241163,doi:10.1109/wi.2003.1241163,academic,include,I1,fulltext-exception
IEEE,I6B3660D125B59BE6,10.1109/icuis67429.2025.11380629,doi:10.1109/icuis67429.2025.11380629,academic,exclude,X1,abstract
IEEE,I6B3FC7F800322C06,10.1109/icmcs.2016.7905515,doi:10.1109/icmcs.2016.7905515,academic,exclude,T1,control-only
IEEE,I6B666AF06D4214C6,10.1109/isbim.2008.69,doi:10.1109/isbim.2008.69,academic,exclude,X1,abstract
IEEE,I6B6EADF547D3EA12,10.1109/iccworkshops63917.2026.11586749,doi:10.1109/iccworkshops63917.2026.11586749,academic,include,I1,abstract
IEEE,I6B971DA4311EE5B2,10.1016/s0953-5438(02)00023-1,doi:10.1016/s0953-5438(02)00023-1,academic,exclude,X1,abstract
IEEE,I6BB1AF438F82AEF1,10.1109/tla.2016.7437217,doi:10.1109/tla.2016.7437217,academic,exclude,X1,abstract
IEEE,I6BBC9562E6C72F08,10.1109/ucc.2011.34,doi:10.1109/ucc.2011.34,academic,include,I1,abstract
IEEE,I6BBD20F3548F9D03,10.1109/iccbi68589.2026.11619741,doi:10.1109/iccbi68589.2026.11619741,academic,include,I2,abstract
IEEE,I6BD950658AB9D33D,10.1109/itsim.2008.4632049,doi:10.1109/itsim.2008.4632049,academic,include,I1,abstract
IEEE,I6BFD8937CA2B8D70,10.1109/drpt.2004.1338471,doi:10.1109/drpt.2004.1338471,academic,include,I1,abstract
IEEE,I6C013522DB1ED961,10.1109/bigdata66926.2025.11400985,doi:10.1109/bigdata66926.2025.11400985,academic,exclude,X1,abstract
IEEE,I6C512C016210F99E,10.1109/cec.2002.1004555,doi:10.1109/cec.2002.1004555,academic,include,I1,abstract
IEEE,I6C58A16C1C0B012D,10.1109/gsis.2009.5408117,doi:10.1109/gsis.2009.5408117,academic,include,I1,fulltext-exception
IEEE,I6C7786D959D98F42,10.1109/iccsai64074.2025.11064164,doi:10.1109/iccsai64074.2025.11064164,academic,pending,X2,fulltext-exception
IEEE,I6C79A955BFC39150,10.1109/wicom.2007.1223,doi:10.1109/wicom.2007.1223,academic,exclude,X1,abstract
IEEE,I6C7C1F62705AD21D,10.1109/icicta.2009.713,doi:10.1109/icicta.2009.713,academic,include,I1,fulltext-exception
IEEE,I6CCE0E4A85FC71D1,10.1109/ccwc67433.2026.11393764,doi:10.1109/ccwc67433.2026.11393764,academic,exclude,X1,abstract
IEEE,I6D1922CA9C74A839,10.1109/wi-iat.2009.190,doi:10.1109/wi-iat.2009.190,academic,pending,X2,fulltext-exception
IEEE,I6D4C3294163C3305,10.1109/icpads.2006.104,doi:10.1109/icpads.2006.104,academic,exclude,X1,abstract
IEEE,I6D5471B1A568C079,10.1109/icsmc.2009.5346096,doi:10.1109/icsmc.2009.5346096,academic,include,I1,abstract
IEEE,I6D55E87542F8CF89,10.1109/hicss.1997.663420,doi:10.1109/hicss.1997.663420,academic,include,I1,abstract
IEEE,I6D59A696FEC2531C,10.1109/ispdc.2006.32,doi:10.1109/ispdc.2006.32,academic,include,I1,abstract
IEEE,I6D6564D68BE5FC75,10.1109/cimca.2005.1631362,doi:10.1109/cimca.2005.1631362,academic,include,I1,abstract
IEEE,I6D6C2F941E02F171,10.1109/sci68648.2025.11333875,doi:10.1109/sci68648.2025.11333875,academic,exclude,X1,abstract
IEEE,I6D7710EFF6A17D5B,10.1109/icadvc.2009.5378276,doi:10.1109/icadvc.2009.5378276,academic,exclude,X1,abstract
IEEE,I6D8B301D2E52715B,ieee:6835764,platform:IEEE:6835764,academic,exclude,X1,abstract
IEEE,I6D8F07441B513DBB,10.1109/5326.897074,doi:10.1109/5326.897074,academic,include,I1,abstract
IEEE,I6DF014E7F662BE23,10.1109/pesgm.2016.7741973,doi:10.1109/pesgm.2016.7741973,academic,exclude,X1,abstract
IEEE,I6E3023C13D313AA4,10.1109/iri69576.2026.00011,doi:10.1109/iri69576.2026.00011,academic,include,I2,abstract
IEEE,I6E331E5FCEC8F044,10.1109/icvr70658.2026.11672410,doi:10.1109/icvr70658.2026.11672410,academic,exclude,X1,abstract
IEEE,I6E42AC3C47BBF51E,10.1109/nafips.2009.5156377,doi:10.1109/nafips.2009.5156377,academic,exclude,T1,control-only
IEEE,I6E4D9D3517B1D4AA,10.1109/icscan66520.2026.11588515,doi:10.1109/icscan66520.2026.11588515,academic,include,I2,abstract
IEEE,I6E59A5AA7D182ACD,10.1109/ccac64704.2025.11259152,doi:10.1109/ccac64704.2025.11259152,academic,exclude,X1,fulltext-exception
IEEE,I6E675824B99F9E4C,10.1109/icsmc.2003.1244509,doi:10.1109/icsmc.2003.1244509,academic,include,I1,abstract
IEEE,I6E7269524F184345,10.1109/jsac.2002.806133,doi:10.1109/jsac.2002.806133,academic,exclude,X1,abstract
IEEE,I6E764D73AA7A64EA,10.1109/icmss.2010.5577249,doi:10.1109/icmss.2010.5577249,academic,exclude,X1,abstract
IEEE,I6E8DF484F4DF9DC4,10.1109/smc.2017.8122644,doi:10.1109/smc.2017.8122644,academic,include,I1,abstract
IEEE,I6EBA7201CC8EFC16,10.1109/glocom.2017.8254668,doi:10.1109/glocom.2017.8254668,academic,pending,X2,fulltext-exception
IEEE,I6EF418CC8F6303B3,10.1109/fuzzy.2010.5584680,doi:10.1109/fuzzy.2010.5584680,academic,include,I1,abstract
IEEE,I6EFE87FE8F4D3421,10.1109/tase.2019.2956762,doi:10.1109/tase.2019.2956762,academic,exclude,X1,abstract
IEEE,I6F7D87547B7BAF48,10.1109/icmas.1998.699042,doi:10.1109/icmas.1998.699042,academic,include,I1,abstract
IEEE,I6F87ADFBBC65A11A,10.1109/ieem50564.2021.9672780,doi:10.1109/ieem50564.2021.9672780,academic,exclude,X1,abstract
IEEE,I6FA72179023A9FBF,10.1109/icca66035.2025.11430968,doi:10.1109/icca66035.2025.11430968,academic,pending,X2,fulltext-exception
IEEE,I6FAFD4D736EB3C1A,10.1109/ispan.2005.72,doi:10.1109/ispan.2005.72,academic,exclude,X1,abstract
IEEE,I6FB781BB9968F03E,10.1109/epdmc67535.2026.11496541,doi:10.1109/epdmc67535.2026.11496541,academic,exclude,X1,abstract
IEEE,I6FB8D1B228FBFEF9,10.1109/padsw.2000.884658,doi:10.1109/padsw.2000.884658,academic,exclude,X1,abstract
IEEE,I6FBD7ADD55AE39B0,10.1109/cdc.2011.6161247,doi:10.1109/cdc.2011.6161247,academic,exclude,X1,abstract
IEEE,I6FC2BFC255F3B582,10.1109/hicss.2009.306,doi:10.1109/hicss.2009.306,academic,include,I1,abstract
IEEE,I6FC335E4EC8E0593,10.1109/icaisc58445.2023.10199934,doi:10.1109/icaisc58445.2023.10199934,academic,exclude,X1,abstract
IEEE,I6FC52BD320CC3FB5,10.1109/icbir52339.2021.9465859,doi:10.1109/icbir52339.2021.9465859,academic,exclude,X1,abstract
IEEE,I6FD683768727B01D,10.1109/iat.2007.78,doi:10.1109/iat.2007.78,academic,include,I1,fulltext-exception
IEEE,I6FF37D93FD79A507,10.1109/iti.2002.1024698,doi:10.1109/iti.2002.1024698,academic,exclude,X1,abstract
IEEE,I703F95648355DB09,ieee:6379291,platform:IEEE:6379291,academic,exclude,X1,fulltext-exception
IEEE,I705295F805AE2B18,10.1109/iccis.2004.1460738,doi:10.1109/iccis.2004.1460738,academic,include,I1,abstract
IEEE,I705F8B597145196E,10.1109/sose.2008.15,doi:10.1109/sose.2008.15,academic,exclude,X1,abstract
IEEE,I706D70511FB00AB5,10.1109/bcgin.2012.221,doi:10.1109/bcgin.2012.221,academic,exclude,X1,abstract
IEEE,I7086052FCCCDF3D8,10.1109/eee.2005.6,doi:10.1109/eee.2005.6,academic,include,I1,fulltext-exception
IEEE,I7096C16CC6A450CD,10.1109/iceteeem.2012.6494504,doi:10.1109/iceteeem.2012.6494504,academic,exclude,X1,abstract
IEEE,I70B44DC96DAC07A4,10.1109/iccsit.2010.5564953,doi:10.1109/iccsit.2010.5564953,academic,include,I1,fulltext-exception
IEEE,I70C5A6FFABE243A0,10.1109/hicss.2011.396,doi:10.1109/hicss.2011.396,academic,include,I1,abstract
IEEE,I70EAB15340F6B0EA,10.1109/amige.2008.ecp.15,doi:10.1109/amige.2008.ecp.15,academic,include,I1,abstract
IEEE,I70F7BD56210F96CD,10.26599/jic.2026.9180111,doi:10.26599/jic.2026.9180111,academic,include,I1,abstract
IEEE,I717BCD0C54BDDC4C,10.1109/siitme67657.2025.11293682,doi:10.1109/siitme67657.2025.11293682,academic,include,I2,abstract
IEEE,I71914DFC6F12A1E2,10.1109/isads.1999.838444,doi:10.1109/isads.1999.838444,academic,exclude,X1,abstract
IEEE,I719490167E329498,10.1109/wi.2003.1241234,doi:10.1109/wi.2003.1241234,academic,include,I1,abstract
IEEE,I71D6171CDC219959,10.1109/ccece.2002.1013038,doi:10.1109/ccece.2002.1013038,academic,exclude,X1,abstract
IEEE,I71DD198D17448DA6,10.1109/ieem.2015.7385958,doi:10.1109/ieem.2015.7385958,academic,include,I1,abstract
IEEE,I71EB8D0803224AB9,10.1109/iat.2005.10,doi:10.1109/iat.2005.10,academic,include,I2,fulltext-exception
IEEE,I722E73FDC096D213,10.1109/compsacw.2014.76,doi:10.1109/compsacw.2014.76,academic,exclude,X1,abstract
IEEE,I722FC520C2915204,10.1109/wecwis.2001.933902,doi:10.1109/wecwis.2001.933902,academic,exclude,X1,abstract
IEEE,I7276CC990C079A45,10.1109/scc.2004.1358078,doi:10.1109/scc.2004.1358078,academic,exclude,X1,abstract
IEEE,I72A0FC1FB6450C9C,10.1109/case.2011.6042473,doi:10.1109/case.2011.6042473,academic,exclude,X1,abstract
IEEE,I72D0B7673DC96241,10.1109/pesgm.2018.8586034,doi:10.1109/pesgm.2018.8586034,academic,include,I1,abstract
IEEE,I72E2F4E0F2A5C1B5,10.1109/wi-iat.2012.152,doi:10.1109/wi-iat.2012.152,academic,include,I2,fulltext-exception
IEEE,I7330CA9C41C788C9,10.1109/tdsc.2020.2991872,doi:10.1109/tdsc.2020.2991872,academic,exclude,X1,abstract
IEEE,I7390CB51C1545D5A,10.1109/iwcmc69287.2026.11580069,doi:10.1109/iwcmc69287.2026.11580069,academic,include,I1,abstract
IEEE,I7393A36C74D22251,10.1109/tnse.2024.3524362,doi:10.1109/tnse.2024.3524362,academic,pending,X2,fulltext-exception
IEEE,I73DAF87E47E38C1A,10.1109/cecandeee.2008.109,doi:10.1109/cecandeee.2008.109,academic,exclude,X1,abstract
IEEE,I73EEE8672488FB2B,10.1109/jcpc.2009.5420062,doi:10.1109/jcpc.2009.5420062,academic,exclude,T1,control-only
IEEE,I7436998E837E2D2D,10.1109/vis60296.2025.00018,doi:10.1109/vis60296.2025.00018,academic,exclude,X1,abstract
IEEE,I743AE016F2DAC825,10.1109/aiworc.2000.843288,doi:10.1109/aiworc.2000.843288,academic,exclude,X1,abstract
IEEE,I746E7F9288E91225,10.1109/cisp.2008.558,doi:10.1109/cisp.2008.558,academic,include,I1,abstract
IEEE,I747548078505DCF8,10.1002/9781394377480.ch7,doi:10.1002/9781394377480.ch7,academic,exclude,X1,abstract
IEEE,I7482576D69D8FD96,10.23919/wiopt66569.2025.11123293,doi:10.23919/wiopt66569.2025.11123293,academic,pending,X2,fulltext-exception
IEEE,I74910DD981FFDFCD,10.1109/wcsp68525.2025.1010287,doi:10.1109/wcsp68525.2025.1010287,academic,exclude,X1,abstract
IEEE,I74BE97A5C351F620,10.1109/tvlsi.2007.898740,doi:10.1109/tvlsi.2007.898740,academic,exclude,X1,abstract
IEEE,I74DCAF1C15644DD4,10.1109/tsmc.2017.2651072,doi:10.1109/tsmc.2017.2651072,academic,include,I2,fulltext-exception
IEEE,I74E9E331D1DC2059,10.1109/iisa.2015.7388043,doi:10.1109/iisa.2015.7388043,academic,include,I1,abstract
IEEE,I75088C56D68F70D9,10.1109/icsmech69390.2026.11647116,doi:10.1109/icsmech69390.2026.11647116,academic,exclude,X1,abstract
IEEE,I751D5CEDFB1601C8,10.1109/tsg.2022.3190814,doi:10.1109/tsg.2022.3190814,academic,include,I1,abstract
IEEE,I7538A41FF550350B,10.1109/indin.2005.1560455,doi:10.1109/indin.2005.1560455,academic,exclude,X1,abstract
IEEE,I753940AE6D84F273,10.1109/icscsa66339.2025.11170747,doi:10.1109/icscsa66339.2025.11170747,academic,exclude,X1,abstract
IEEE,I75771A63C0DC6203,10.1109/icii.2001.983062,doi:10.1109/icii.2001.983062,academic,include,I1,abstract
IEEE,I7578B11F476EC1B8,ieee:9079691,platform:IEEE:9079691,official_standard,exclude,T1,control-only
IEEE,I75796A8E394BDE48,10.1109/conecct68978.2026.11700693,doi:10.1109/conecct68978.2026.11700693,academic,exclude,T2,control-only
IEEE,I75840CBB029DACF1,10.1109/etae69474.2026.11496186,doi:10.1109/etae69474.2026.11496186,academic,pending,X2,fulltext-exception
IEEE,I75915868E9D83D0B,10.1109/ride.2002.995092,doi:10.1109/ride.2002.995092,academic,exclude,T1,control-only
IEEE,I75A37ECA2A55734E,10.1109/etee66180.2025.11192970,doi:10.1109/etee66180.2025.11192970,academic,pending,X2,fulltext-exception
IEEE,I75BEB8C15DF1F463,10.1109/icis.2007.6,doi:10.1109/icis.2007.6,academic,exclude,T1,control-only
IEEE,I75F25E1C18EC2F52,10.1109/cai54212.2023.00035,doi:10.1109/cai54212.2023.00035,academic,exclude,X1,abstract
IEEE,I761A6B3D55C7C9B0,10.1109/cscwd68734.2026.11581685,doi:10.1109/cscwd68734.2026.11581685,academic,exclude,X1,abstract
IEEE,I76203ABCE53B69C3,10.1109/focs.2008.47,doi:10.1109/focs.2008.47,academic,exclude,X1,abstract
IEEE,I762377FAEF2E6D0A,10.1109/dexa.2000.875063,doi:10.1109/dexa.2000.875063,academic,include,I1,abstract
IEEE,I7623A06F607F7B2C,10.1109/iccvbic71195.2026.11689544,doi:10.1109/iccvbic71195.2026.11689544,academic,exclude,X1,abstract
IEEE,I767107BAE2796F3A,10.1109/wsc60868.2023.10407447,doi:10.1109/wsc60868.2023.10407447,academic,include,I1,fulltext-exception
IEEE,I7684219F765A0149,10.23919/irs57608.2023.10172473,doi:10.23919/irs57608.2023.10172473,academic,exclude,X1,abstract
IEEE,I769756C4A8F3C66D,10.1109/icmlc.2005.1526935,doi:10.1109/icmlc.2005.1526935,academic,include,I1,abstract
IEEE,I76AD12C080559862,10.1109/icebe.2007.89,doi:10.1109/icebe.2007.89,academic,pending,X2,fulltext-exception
IEEE,I76F4DA488D63798C,10.1109/isap.2007.4441606,doi:10.1109/isap.2007.4441606,academic,include,I1,abstract
IEEE,I76F9606CDA28BA51,10.1109/icad69378.2026.11608881,doi:10.1109/icad69378.2026.11608881,academic,exclude,X1,abstract
IEEE,I7730943D43840CBE,10.1109/acit-csi.2015.81,doi:10.1109/acit-csi.2015.81,academic,pending,X2,fulltext-exception
IEEE,I77427895EA38ACC1,10.17775/cseejpes.2022.05640,doi:10.17775/cseejpes.2022.05640,academic,exclude,X1,abstract
IEEE,I7759E0C6DE7EE307,10.1109/icdcs51616.2021.00128,doi:10.1109/icdcs51616.2021.00128,academic,include,I2,fulltext-exception
IEEE,I775D6DC1F4343144,ieee:11707515,platform:IEEE:11707515,academic,exclude,T2,control-only
IEEE,I7795A837E6F9AA29,10.1109/eitce70137.2026.11634494,doi:10.1109/eitce70137.2026.11634494,academic,exclude,X1,abstract
IEEE,I77E6E1AA685313B0,10.1109/mapr72750.2026.11685704,doi:10.1109/mapr72750.2026.11685704,academic,include,I2,fulltext-exception
IEEE,I77FD62A975A47ECB,10.1109/ictmim68190.2026.11506811,doi:10.1109/ictmim68190.2026.11506811,academic,exclude,X1,abstract
IEEE,I780A82F50C53D267,10.1109/indin.2010.5549616,doi:10.1109/indin.2010.5549616,academic,exclude,X1,abstract
IEEE,I783981710DA56064,10.1109/tii.2016.2612648,doi:10.1109/tii.2016.2612648,academic,include,I1,abstract
IEEE,I78425F1A5EE0C313,10.1109/rsete.2011.5965205,doi:10.1109/rsete.2011.5965205,academic,exclude,X1,abstract
IEEE,I784EF6195BE4ABB2,10.1109/hicss.1999.772918,doi:10.1109/hicss.1999.772918,academic,include,I2,abstract
IEEE,I78582F2BBA41204E,10.1109/icaaic64647.2025.11330626,doi:10.1109/icaaic64647.2025.11330626,academic,exclude,X1,abstract
IEEE,I7867974EFE71AD57,10.1109/icdcs.1997.598062,doi:10.1109/icdcs.1997.598062,academic,pending,X2-v2,abstract
IEEE,I78825BDAD1107583,10.1109/5254.988446,doi:10.1109/5254.988446,academic,include,I1,fulltext-exception
IEEE,I788988D2A5AB8BFD,10.1109/access.2026.3653992,doi:10.1109/access.2026.3653992,academic,exclude,X1,abstract
IEEE,I788AA4F7C71C0374,10.1109/cise.2010.5676888,doi:10.1109/cise.2010.5676888,academic,exclude,X1,abstract
IEEE,I790DF84E06EF758B,10.1109/hpsr68369.2026.11615184,doi:10.1109/hpsr68369.2026.11615184,academic,exclude,X1,abstract
IEEE,I79187BA83669C0BC,10.1109/gefs.2008.4484567,doi:10.1109/gefs.2008.4484567,academic,include,I1,abstract
IEEE,I791E61505ED29ED6,10.1109/agents.2017.8015294,doi:10.1109/agents.2017.8015294,academic,pending,X2,fulltext-exception
IEEE,I79257E7495583A67,10.1109/wcica.2012.6357895,doi:10.1109/wcica.2012.6357895,academic,exclude,X1,abstract
IEEE,I793317127B0E8FE7,10.1109/hicss.2001.927145,doi:10.1109/hicss.2001.927145,academic,pending,X2,fulltext-exception
IEEE,I794E22A039DAF6F6,10.1109/aisummit66170.2025.11411126,doi:10.1109/aisummit66170.2025.11411126,academic,exclude,X1,abstract
IEEE,I794F8E0711227CF5,10.1109/icmi68585.2026.11539805,doi:10.1109/icmi68585.2026.11539805,academic,exclude,X1,abstract
IEEE,I796FF2231FD1837B,10.1109/isda.2009.48,doi:10.1109/isda.2009.48,academic,include,I2,fulltext-exception
IEEE,I79843B4421E98EEA,10.1109/icee.2010.529,doi:10.1109/icee.2010.529,academic,include,I1,fulltext-exception
IEEE,I7988FAC6C9F1C0A8,10.1109/icaic67076.2026.11395723,doi:10.1109/icaic67076.2026.11395723,academic,include,I2,abstract
IEEE,I799492CE9E98F833,10.1109/tevc.2002.1011540,doi:10.1109/tevc.2002.1011540,academic,exclude,X1,abstract
IEEE,I79A11DB7F3B984AE,10.1109/fuzz-ieee.2014.6891664,doi:10.1109/fuzz-ieee.2014.6891664,academic,include,I1,abstract
IEEE,I79B0008EB32521CA,10.1109/pacrim.2001.953738,doi:10.1109/pacrim.2001.953738,academic,include,I1,abstract
IEEE,I79E6D74E0D8BC8B9,10.1109/hicss.2001.927036,doi:10.1109/hicss.2001.927036,academic,exclude,X1,abstract
IEEE,I7A2E884852204AB3,10.1109/ncm.2009.397,doi:10.1109/ncm.2009.397,academic,exclude,X1,abstract
IEEE,I7A3723FEEDD241FA,10.1109/nwesp.2009.1,doi:10.1109/nwesp.2009.1,academic,exclude,T1,control-only
IEEE,I7A797196B86DD254,10.1109/4236.612214,doi:10.1109/4236.612214,academic,include,I1,abstract
IEEE,I7AAAE651D247D4B2,10.1109/etfa52439.2022.9921501,doi:10.1109/etfa52439.2022.9921501,academic,exclude,X1,abstract
IEEE,I7AB77AB6CF61E318,10.1109/iwads.2002.1194644,doi:10.1109/iwads.2002.1194644,academic,exclude,X1,abstract
IEEE,I7AF6BA829615C7F8,10.1109/tvt.2026.3688756,doi:10.1109/tvt.2026.3688756,academic,include,I1,fulltext-exception
IEEE,I7AF79204809C1971,10.1109/access.2026.3732477,doi:10.1109/access.2026.3732477,academic,exclude,X1,abstract
IEEE,I7B16A7BB9083E9B3,10.1109/isgteurope.2019.8905714,doi:10.1109/isgteurope.2019.8905714,academic,pending,X2,fulltext-exception
IEEE,I7B342E290E326DA2,10.1109/iccrtee68719.2026.11566356,doi:10.1109/iccrtee68719.2026.11566356,academic,exclude,X1,abstract
IEEE,I7B51A0904A216E7D,10.1109/isda.2008.303,doi:10.1109/isda.2008.303,academic,include,I2,fulltext-exception
IEEE,I7B849D60DAEB7EDB,10.1109/icdcs.2000.840916,doi:10.1109/icdcs.2000.840916,academic,exclude,X1,abstract
IEEE,I7BACA505BCB33FF6,10.1109/upec.2007.4469061,doi:10.1109/upec.2007.4469061,academic,exclude,X1,fulltext-exception
IEEE,I7BAD50365BECA21C,10.1109/eee.2005.38,doi:10.1109/eee.2005.38,academic,include,I1,abstract
IEEE,I7BDC6B342E32458E,10.1109/tcc.2021.3117956,doi:10.1109/tcc.2021.3117956,academic,include,I1,fulltext-exception
IEEE,I7C1449D5A143203A,10.1109/tase.2026.3734026,doi:10.1109/tase.2026.3734026,academic,exclude,X1,abstract
IEEE,I7C33E8157ED3894D,10.1109/sasow.2012.37,doi:10.1109/sasow.2012.37,academic,pending,X2,fulltext-exception
IEEE,I7C7A8B59ABAD1EC9,10.1109/sose.2011.6139090,doi:10.1109/sose.2011.6139090,academic,exclude,X1,abstract
IEEE,I7CAD8E802CCB8028,10.1109/cars67163.2025.11337769,doi:10.1109/cars67163.2025.11337769,academic,include,I1,abstract
IEEE,I7CEFD44D4822F2FE,ieee:11118913,platform:IEEE:11118913,academic,include,I1,abstract
IEEE,I7CF11B57F013FD18,10.1109/iccias.2006.294261,doi:10.1109/iccias.2006.294261,academic,include,I1,fulltext-exception
IEEE,I7D1AD44DF4008678,10.1109/icacte.2008.20,doi:10.1109/icacte.2008.20,academic,exclude,X1,abstract
IEEE,I7D652046EA0A8BAD,10.1109/tla.2020.9082923,doi:10.1109/tla.2020.9082923,academic,exclude,X1,abstract
IEEE,I7D7409571FE030F5,10.1109/icccnt.2013.6726503,doi:10.1109/icccnt.2013.6726503,academic,include,I1,abstract
IEEE,I7D91A4997FE1F425,10.1109/iccad66269.2025.11240675,doi:10.1109/iccad66269.2025.11240675,academic,exclude,X1,abstract
IEEE,I7D97BBDEF121842C,10.1109/noms.2012.6212034,doi:10.1109/noms.2012.6212034,academic,include,I1,abstract
IEEE,I7DB8099C1446CFE8,10.1109/ccdc65474.2025.11090612,doi:10.1109/ccdc65474.2025.11090612,academic,include,I1,abstract
IEEE,I7DD7CDCD640A2484,10.1109/ecmdd.1999.776415,doi:10.1109/ecmdd.1999.776415,academic,include,I2,abstract
IEEE,I7DE3A14A84E6CC73,10.1109/cloudcom.2011.28,doi:10.1109/cloudcom.2011.28,academic,exclude,X1,abstract
IEEE,I7DF422CF4FBC8B74,10.1109/tvt.2023.3322270,doi:10.1109/tvt.2023.3322270,academic,include,I1,abstract
IEEE,I7DF6D94227623DA1,10.1109/ecc.2015.7331047,doi:10.1109/ecc.2015.7331047,academic,exclude,X1,abstract
IEEE,I7E008C614DEB7850,10.1109/4236.643936,doi:10.1109/4236.643936,academic,include,I1,abstract
IEEE,I7E022099871DAE8B,10.1109/tpwrs.2010.2048132,doi:10.1109/tpwrs.2010.2048132,academic,exclude,X1,abstract
IEEE,I7E1A1AE56730011B,10.1109/tsmc.2015.2468197,doi:10.1109/tsmc.2015.2468197,academic,include,I1,fulltext-exception
IEEE,I7E3ABF2B9320B83D,10.1109/icot68409.2025.11425595,doi:10.1109/icot68409.2025.11425595,academic,exclude,X1,abstract
IEEE,I7E5EB2CC216F7568,ieee:6641020,platform:IEEE:6641020,academic,pending,X2,fulltext-exception
IEEE,I7E8FB08CA07B04C6,10.1109/picmet.2001.951890,doi:10.1109/picmet.2001.951890,academic,exclude,X1,abstract
IEEE,I7EE13002C4756C8D,10.1109/icbc64466.2025.11114626,doi:10.1109/icbc64466.2025.11114626,academic,include,I1,abstract
IEEE,I7F0E75BACE05C0B2,ieee:9626368,platform:IEEE:9626368,academic,pending,T1/A0,unavailable
IEEE,I7F24DF7B9BEE013C,10.1109/tpwrs.2012.2199335,doi:10.1109/tpwrs.2012.2199335,academic,include,I1,abstract
IEEE,I7F32F14116D7F8E7,10.1109/compsac.2019.10262,doi:10.1109/compsac.2019.10262,academic,exclude,X1,abstract
IEEE,I7F607ADA8C3BB540,10.1109/cscwd.2006.253120,doi:10.1109/cscwd.2006.253120,academic,exclude,X1,abstract
IEEE,I7F6414359304466F,10.1109/icsssm.2011.5959523,doi:10.1109/icsssm.2011.5959523,academic,include,I1,fulltext-exception
IEEE,I7F67F8A5B0557C92,10.1109/eeeic.2018.8494458,doi:10.1109/eeeic.2018.8494458,academic,include,I1,fulltext-exception
IEEE,I7FA63DF9098D0F3B,10.1109/itcc.2004.1286427,doi:10.1109/itcc.2004.1286427,academic,include,I2,abstract
IEEE,I8023488B957C05FD,10.1109/icscds65426.2025.11167282,doi:10.1109/icscds65426.2025.11167282,academic,exclude,X1,abstract
IEEE,I80B9C203BE27DFA1,10.1109/cloudnet.2016.1,doi:10.1109/cloudnet.2016.1,academic,exclude,T1,control-only
IEEE,I80D0D05C7AB7A0DA,10.1109/access.2026.3735595,doi:10.1109/access.2026.3735595,academic,exclude,T2,control-only
IEEE,I80F31622F74B2823,ieee:11514925,platform:IEEE:11514925,academic,exclude,T1,control-only
IEEE,I810746AE9EB3CEA6,10.1109/vetecs.2007.592,doi:10.1109/vetecs.2007.592,academic,include,I1,abstract
IEEE,I81088DFB03D99F92,10.1109/cimca.2005.1631280,doi:10.1109/cimca.2005.1631280,academic,exclude,X1,abstract
IEEE,I8125A5AF34C50414,10.1109/get.2016.7916676,doi:10.1109/get.2016.7916676,academic,exclude,X1,fulltext-exception
IEEE,I8134278DE3CA9A72,ieee:6103993,platform:IEEE:6103993,academic,include,I1,abstract
IEEE,I813DC92A75798C8E,10.1109/wiiat.2008.334,doi:10.1109/wiiat.2008.334,academic,pending,X2,fulltext-exception
IEEE,I8198D6D29BDFF423,10.1109/fskd.2010.5569483,doi:10.1109/fskd.2010.5569483,academic,exclude,X1,abstract
IEEE,I81B1C52E5A0528EA,10.1109/access.2026.3698694,doi:10.1109/access.2026.3698694,academic,exclude,X1,abstract
IEEE,I81FD9CB4450CF668,10.1109/ieem.2008.4738042,doi:10.1109/ieem.2008.4738042,academic,include,I1,abstract
IEEE,I8209801D985A0D0E,10.1109/wicom.2008.2180,doi:10.1109/wicom.2008.2180,academic,include,I1,abstract
IEEE,I8229176B1C933212,10.1109/iat.2006.106,doi:10.1109/iat.2006.106,academic,include,I2,fulltext-exception
IEEE,I824764B063A7FF34,10.1109/pes.2008.4596759,doi:10.1109/pes.2008.4596759,academic,exclude,X1,abstract
IEEE,I8252859F3253516B,10.1109/wsc.2000.899168,doi:10.1109/wsc.2000.899168,academic,include,I1,abstract
IEEE,I826E49AB3D3A9713,10.1109/iceeps70377.2026.11662725,doi:10.1109/iceeps70377.2026.11662725,academic,exclude,X1,abstract
IEEE,I82736C12B10875A7,10.1109/icaiset66439.2026.11541711,doi:10.1109/icaiset66439.2026.11541711,academic,include,I2,abstract
IEEE,I827C4D78D0D7216E,10.1109/compsac.2009.112,doi:10.1109/compsac.2009.112,academic,include,I2,fulltext-exception
IEEE,I82947D9DE5756B37,10.1109/southeastcon63549.2026.11476087,doi:10.1109/southeastcon63549.2026.11476087,academic,exclude,X1,abstract
IEEE,I82A468ECD25CF18E,10.1109/isads.2003.1193929,doi:10.1109/isads.2003.1193929,academic,exclude,X1,abstract
IEEE,I83028D617E8DC3B7,10.1109/esiat.2009.525,doi:10.1109/esiat.2009.525,academic,include,I2,fulltext-exception
IEEE,I831840D9E9E2D596,ieee:11514940,platform:IEEE:11514940,academic,exclude,T1,control-only
IEEE,I83514797AD7FCEAE,10.1109/csmr.2012.25,doi:10.1109/csmr.2012.25,academic,exclude,X1,abstract
IEEE,I83633FC02309BA51,10.1109/wi-iat.2012.55,doi:10.1109/wi-iat.2012.55,academic,include,I1,fulltext-exception
IEEE,I8376DCB7F19B720B,10.1109/cimca.2008.24,doi:10.1109/cimca.2008.24,academic,include,I1,abstract
IEEE,I837B1BE98C9CEF6F,10.1109/2575-8411.2026.00029,doi:10.1109/2575-8411.2026.00029,academic,include,I2,abstract
IEEE,I83B434952C56B6AB,10.1109/wi-iat.2011.1,doi:10.1109/wi-iat.2011.1,academic,exclude,T1,control-only
IEEE,I83CC6FC62E76DA26,10.1109/icii.2001.983520,doi:10.1109/icii.2001.983520,academic,include,I1,fulltext-exception
IEEE,I83D6CA6CB966471A,10.1109/iat.2003.1241152,doi:10.1109/iat.2003.1241152,academic,include,I1,abstract
IEEE,I83E3B7A8ACA2766A,10.1109/tsg.2015.2479557,doi:10.1109/tsg.2015.2479557,academic,exclude,X1,abstract
IEEE,I83E92473E91BE758,10.1109/cso.2011.122,doi:10.1109/cso.2011.122,academic,pending,X2,fulltext-exception
IEEE,I8406E244C108EED5,10.1109/robot.2010.5509614,doi:10.1109/robot.2010.5509614,academic,exclude,X1,abstract
IEEE,I842444BD92368F40,10.1109/fit53504.2021.00060,doi:10.1109/fit53504.2021.00060,academic,exclude,X1,abstract
IEEE,I84864A8465A4D276,10.1109/ccgrid68966.2026.00040,doi:10.1109/ccgrid68966.2026.00040,academic,exclude,X1,abstract
IEEE,I848A709B0CE02012,10.1109/snpd.2008.51,doi:10.1109/snpd.2008.51,academic,include,I1,fulltext-exception
IEEE,I84EB114EDA72C816,10.1109/ccece47787.2020.9255804,doi:10.1109/ccece47787.2020.9255804,academic,include,I1,fulltext-exception
IEEE,I84FD4CF5F940EAC6,10.1109/icmecg.2008.70,doi:10.1109/icmecg.2008.70,academic,include,I1,abstract
IEEE,I854D38CD5D9842A2,10.23919/acc.2019.8814920,doi:10.23919/acc.2019.8814920,academic,exclude,X1,abstract
IEEE,I8571A9BEEB21EE89,10.1109/icemcsi67638.2026.11603148,doi:10.1109/icemcsi67638.2026.11603148,academic,exclude,X1,abstract
IEEE,I8579DE65C4DE1EC5,10.1109/tase.2023.3263005,doi:10.1109/tase.2023.3263005,academic,exclude,X1,abstract
IEEE,I8596E824328BCCFA,10.1109/ne-iecce69680.2026.11666039,doi:10.1109/ne-iecce69680.2026.11666039,academic,exclude,X1,abstract
IEEE,I859C6B03F246DDAC,10.1109/tencon.2002.1181242,doi:10.1109/tencon.2002.1181242,academic,include,I1,abstract
IEEE,I85D09C15393C93AB,10.1109/eeeic.2019.8783521,doi:10.1109/eeeic.2019.8783521,academic,include,I1,abstract
IEEE,I85D33DC1250DFE2C,10.1109/rivf68649.2025.11365188,doi:10.1109/rivf68649.2025.11365188,academic,exclude,X1,abstract
IEEE,I85D9DA3C94FD88A9,10.1109/icc45041.2023.10279659,doi:10.1109/icc45041.2023.10279659,academic,include,I1,abstract
IEEE,I85DA2747D8F5D58E,10.1109/icstcc.2015.7321275,doi:10.1109/icstcc.2015.7321275,academic,exclude,X1,abstract
IEEE,I85EBB2655759736F,10.1109/iecon51785.2023.10312584,doi:10.1109/iecon51785.2023.10312584,academic,exclude,X1,abstract
IEEE,I8607E5F25AB0538A,10.1093/jigpal/jzq028,doi:10.1093/jigpal/jzq028,academic,exclude,X1,abstract
IEEE,I864C5AAB9371EA5F,10.1109/icacc.2011.6016379,doi:10.1109/icacc.2011.6016379,academic,pending,workflow-v2-3,abstract
IEEE,I8656A8BEC6C572B5,10.1109/aiccsa.2003.1227478,doi:10.1109/aiccsa.2003.1227478,academic,include,I1,abstract
IEEE,I86948566E9634F8D,10.1109/icife.2010.5609456,doi:10.1109/icife.2010.5609456,academic,include,I1,abstract
IEEE,I86B5795BCE24D673,10.1109/focs.2015.92,doi:10.1109/focs.2015.92,academic,exclude,X1,abstract
IEEE,I870C756589F318F3,10.1109/pimrc.2013.6666639,doi:10.1109/pimrc.2013.6666639,academic,exclude,X1,abstract
IEEE,I8720727C9CE62863,10.1109/coec.2003.1210248,doi:10.1109/coec.2003.1210248,academic,exclude,X1,abstract
IEEE,I87456171006FF953,10.1109/icbase70763.2026.11619466,doi:10.1109/icbase70763.2026.11619466,academic,exclude,X1,abstract
IEEE,I876A1951E1935E10,10.1109/iros.2013.6697093,doi:10.1109/iros.2013.6697093,academic,exclude,X1,abstract
IEEE,I8779DFA36CCEBA45,10.1109/wi-iat.2011.204,doi:10.1109/wi-iat.2011.204,academic,exclude,X1,abstract
IEEE,I87A3F82BBB763BF7,10.1109/ines.2016.7555136,doi:10.1109/ines.2016.7555136,academic,exclude,X1,abstract
IEEE,I87F0BFB08546E52F,10.1109/cec.2009.58,doi:10.1109/cec.2009.58,academic,exclude,X1,abstract
IEEE,I880FD451288E9EFF,10.1109/sitis.2016.55,doi:10.1109/sitis.2016.55,academic,include,I1,abstract
IEEE,I884497C0E9B31395,10.23919/wiopt71098.2026.11568171,doi:10.23919/wiopt71098.2026.11568171,academic,exclude,X1,abstract
IEEE,I8855A1C136858BCE,10.1109/dbta.2009.136,doi:10.1109/dbta.2009.136,academic,include,I1,abstract
IEEE,I886E26581DB57C2B,10.1109/iconat66879.2025.11362839,doi:10.1109/iconat66879.2025.11362839,academic,exclude,X1,abstract
IEEE,I88788E00E2BC47D9,10.1109/iccke.2014.6993342,doi:10.1109/iccke.2014.6993342,academic,include,I1,abstract
IEEE,I888B1D8641FF851C,ieee:11707565,platform:IEEE:11707565,academic,exclude,T2,control-only
IEEE,I88AB28F7C3EAAB69,10.1109/tpds.2020.2965523,doi:10.1109/tpds.2020.2965523,academic,exclude,X1,abstract
IEEE,I88B1E90E12FE5260,10.1109/fuzz-ieee.2013.6622317,doi:10.1109/fuzz-ieee.2013.6622317,academic,include,I1,abstract
IEEE,I88ED9E1013126F44,10.1109/coec.2003.1210245,doi:10.1109/coec.2003.1210245,academic,include,I1,abstract
IEEE,I89499F9BD03A1A30,10.1109/iotaai66837.2025.11213046,doi:10.1109/iotaai66837.2025.11213046,academic,exclude,X1,abstract
IEEE,I8966AB29C598E4CD,10.1109/iti.2003.1225311,doi:10.1109/iti.2003.1225311,academic,exclude,T1,control-only
IEEE,I896D4C035022AB65,10.1109/iciii.2010.298,doi:10.1109/iciii.2010.298,academic,exclude,X1,abstract
IEEE,I89720078AA1252FF,10.1109/pes.2006.1709327,doi:10.1109/pes.2006.1709327,academic,exclude,X1,abstract
IEEE,I89901B53FB64D5BD,10.1109/tkde.2003.1209014,doi:10.1109/tkde.2003.1209014,academic,include,I1,abstract
IEEE,I89C1E198998968D2,10.1109/cimca.2005.1631593,doi:10.1109/cimca.2005.1631593,academic,pending,workflow-v2-3/scope_uncertain,fulltext-exception
IEEE,I89EE5901B163167E,10.1109/cacidi.2016.7786001,doi:10.1109/cacidi.2016.7786001,academic,exclude,X1,abstract
IEEE,I8A2B43F683B841F9,10.1109/icccmla58983.2023.10346735,doi:10.1109/icccmla58983.2023.10346735,academic,exclude,X1,abstract
IEEE,I8A34E771D022304A,10.1109/icsmc.2003.1244346,doi:10.1109/icsmc.2003.1244346,academic,exclude,X1,abstract
IEEE,I8A469BEC00DBB755,10.1109/icic68258.2025.11413209,doi:10.1109/icic68258.2025.11413209,academic,include,I1,fulltext-exception
IEEE,I8A47E7BFB6EFE93A,10.1109/access.2021.3131799,doi:10.1109/access.2021.3131799,academic,exclude,X1,abstract
IEEE,I8A74D7A9AD48827E,10.1109/jiot.2023.3277553,doi:10.1109/jiot.2023.3277553,academic,include,I1,fulltext-exception
IEEE,I8A765019568992CB,10.1109/tsmcc.2007.900653,doi:10.1109/tsmcc.2007.900653,academic,include,I1,abstract
IEEE,I8A7BCCB27B9EB3E0,10.1109/cloudsummit68932.2026.00020,doi:10.1109/cloudsummit68932.2026.00020,academic,include,I2,abstract
IEEE,I8AA93CCDAF347D06,10.1109/wsc.2016.7822372,doi:10.1109/wsc.2016.7822372,academic,include,I1,abstract
IEEE,I8AE5AB5F31041A39,10.1109/cecandeee.2008.88,doi:10.1109/cecandeee.2008.88,academic,exclude,X1,abstract
IEEE,I8B149ABEF2A9EDA4,10.1109/hicss.2009.151,doi:10.1109/hicss.2009.151,academic,include,I1,abstract
IEEE,I8BCAF55CB83C3767,10.1109/tase.2007.912717,doi:10.1109/tase.2007.912717,academic,exclude,X1,abstract
IEEE,I8BD4F111C848D25E,10.1109/globecom59602.2025.11431960,doi:10.1109/globecom59602.2025.11431960,academic,include,I1,abstract
IEEE,I8BD7F629C51E67DD,10.1109/mic.2007.45,doi:10.1109/mic.2007.45,academic,exclude,X1,abstract
IEEE,I8BDBD74CC8C2D169,10.1109/ssrr.2011.6106772,doi:10.1109/ssrr.2011.6106772,academic,exclude,X1,abstract
IEEE,I8BE9547DF96DE2D9,10.1109/picmet.2006.296659,doi:10.1109/picmet.2006.296659,academic,exclude,X1,abstract
IEEE,I8BEBC2B11928F064,10.1109/isip.2008.53,doi:10.1109/isip.2008.53,academic,exclude,X1,abstract
IEEE,I8BEF064A21086126,10.1109/sp63933.2026.00042,doi:10.1109/sp63933.2026.00042,academic,include,I1,fulltext-exception
IEEE,I8C1CF6FC322CBD40,10.1109/cmpsac.2000.884704,doi:10.1109/cmpsac.2000.884704,academic,include,I2,abstract
IEEE,I8C459FCD521D1213,10.1109/access.2026.3722717,doi:10.1109/access.2026.3722717,academic,exclude,X1,abstract
IEEE,I8C465A1A52A2276F,10.1109/access.2025.3572865,doi:10.1109/access.2025.3572865,academic,exclude,X1,abstract
IEEE,I8C561B06C8564696,10.1109/isda.2008.1,doi:10.1109/isda.2008.1,academic,exclude,T1,control-only
IEEE,I8C64CE2119443758,10.1109/iccsit.2010.5563704,doi:10.1109/iccsit.2010.5563704,academic,include,I2,fulltext-exception
IEEE,I8C8A49545FB108AE,10.1109/icect.2005.77,doi:10.1109/icect.2005.77,academic,exclude,X1,abstract
IEEE,I8C94D558772FFFC0,10.1109/icee.2010.880,doi:10.1109/icee.2010.880,academic,exclude,X1,abstract
IEEE,I8CA01F58390DE8C3,10.1109/spw72489.2026.00047,doi:10.1109/spw72489.2026.00047,academic,include,I2,abstract
IEEE,I8D1C5364904B7D01,10.1109/wsc.2013.6721525,doi:10.1109/wsc.2013.6721525,academic,include,I1,abstract
IEEE,I8D252C36B8D5A7A3,10.1109/etfa65518.2025.11205601,doi:10.1109/etfa65518.2025.11205601,academic,exclude,X1,abstract
IEEE,I8D30E1CAF9689746,10.1109/iccta70480.2026.11706414,doi:10.1109/iccta70480.2026.11706414,academic,exclude,T2,control-only
IEEE,I8D3FD01EB97BCE30,10.1162/1054746041422352,doi:10.1162/1054746041422352,academic,pending,workflow-v2-3,abstract
IEEE,I8D8F9273D8855304,10.1109/jsac.2017.2659061,doi:10.1109/jsac.2017.2659061,academic,exclude,X1,abstract
IEEE,I8D97A52558857527,10.1109/wism.2009.135,doi:10.1109/wism.2009.135,academic,include,I1,abstract
IEEE,I8DC41031F824AB31,10.1109/glocom.2016.7842222,doi:10.1109/glocom.2016.7842222,academic,exclude,X1,abstract
IEEE,I8DC46495D856186F,10.1109/icmlc.2004.1380617,doi:10.1109/icmlc.2004.1380617,academic,include,I1,abstract
IEEE,I8DC46F7347150E7B,10.1109/tmc.2026.3655784,doi:10.1109/tmc.2026.3655784,academic,exclude,X1,abstract
IEEE,I8DEE93ACAC268B4C,10.1109/icc.2003.1203870,doi:10.1109/icc.2003.1203870,academic,exclude,X1,abstract
IEEE,I8DEEEEA1A8FCB7FB,10.1109/iccmc69250.2026.11624701,doi:10.1109/iccmc69250.2026.11624701,academic,exclude,X1,abstract
IEEE,I8DFC1F4E8BFEB64F,10.1109/eee.2005.29,doi:10.1109/eee.2005.29,academic,include,I1,abstract
IEEE,I8E10B62DFD665CDA,10.1109/cdc.2007.4434525,doi:10.1109/cdc.2007.4434525,academic,exclude,X1,abstract
IEEE,I8E8035FE2F96185D,10.1109/iscis.2008.4717923,doi:10.1109/iscis.2008.4717923,academic,include,I1,abstract
IEEE,I8EB76D1E6FD95071,10.1109/dcoss-iot69657.2026.00163,doi:10.1109/dcoss-iot69657.2026.00163,academic,exclude,X1,abstract
IEEE,I8EC17DE974D98234,10.1109/icsmc.2008.4811801,doi:10.1109/icsmc.2008.4811801,academic,exclude,X1,abstract
IEEE,I8EF8C9716E24E72F,10.1109/ias.2007.34,doi:10.1109/ias.2007.34,academic,exclude,X1,abstract
IEEE,I8EFCA49580914027,10.1109/syscon66367.2026.11503513,doi:10.1109/syscon66367.2026.11503513,academic,include,I1,abstract
IEEE,I8F00B477873D165F,10.1109/wicom.2008.2224,doi:10.1109/wicom.2008.2224,academic,include,I1,abstract
IEEE,I8F01A072A6C41F5B,10.1109/isgt.2011.5759184,doi:10.1109/isgt.2011.5759184,academic,exclude,X1,abstract
IEEE,I8F19D88807CD4BB3,10.1109/mrs66243.2025.11357249,doi:10.1109/mrs66243.2025.11357249,academic,exclude,X1,abstract
IEEE,I8F61061541AAB0DC,10.1109/deec.2005.4,doi:10.1109/deec.2005.4,academic,exclude,X1,abstract
IEEE,I8F90F918F9451884,10.1109/access.2026.3694881,doi:10.1109/access.2026.3694881,academic,include,I2,abstract
IEEE,I8FB08B2B841F7B39,10.1109/tccn.2026.3714063,doi:10.1109/tccn.2026.3714063,academic,include,I2,abstract
IEEE,I8FC27A1315318C6E,10.1109/ecdc.2016.7492977,doi:10.1109/ecdc.2016.7492977,academic,pending,workflow-v2-3/scope_uncertain,fulltext-exception
IEEE,I8FD4D4D1B339C59C,10.1109/icimtech55957.2022.9915179,doi:10.1109/icimtech55957.2022.9915179,academic,exclude,X1,abstract
IEEE,I8FE75D17536EA89E,10.1109/iiai-aai.2016.57,doi:10.1109/iiai-aai.2016.57,academic,exclude,X1,abstract
IEEE,I901C365B762C0A00,10.1109/ia.2011.5953610,doi:10.1109/ia.2011.5953610,academic,include,I1,abstract
IEEE,I902B9636AF0AF833,10.1109/ride.1999.758628,doi:10.1109/ride.1999.758628,academic,pending,workflow-v2-3,abstract
IEEE,I907634F512072376,10.1109/tmm.2009.2012926,doi:10.1109/tmm.2009.2012926,academic,include,I1,abstract
IEEE,I90945B8890D71EA5,10.1109/miot.2025.3615709,doi:10.1109/miot.2025.3615709,academic,include,I2,fulltext-exception
IEEE,I90B739B8F27D055D,10.1109/tai.2026.3731348,doi:10.1109/tai.2026.3731348,academic,include,I2,abstract
IEEE,I90BE20BBBCB4E886,10.1109/gcis.2010.176,doi:10.1109/gcis.2010.176,academic,include,I1,abstract
IEEE,I91214B5ED513A662,10.1109/pdcat.2006.16,doi:10.1109/pdcat.2006.16,academic,include,I1,abstract
IEEE,I9136C22D8C5256F3,10.1109/nwesp.2009.13,doi:10.1109/nwesp.2009.13,academic,pending,workflow-v2-3/scope_uncertain,fulltext-exception
IEEE,I913D0ACEDACB3F99,10.1109/ciml69155.2026.11692748,doi:10.1109/ciml69155.2026.11692748,academic,exclude,T2,control-only
IEEE,I913D26260FF552E9,10.1109/jiot.2025.3553519,doi:10.1109/jiot.2025.3553519,academic,include,I1,fulltext-exception
IEEE,I919550BA957ABCBC,10.1109/cars67163.2025.11337310,doi:10.1109/cars67163.2025.11337310,academic,include,I2,abstract
IEEE,I919FF2A9A6B6C49D,10.1109/isap.2017.8071410,doi:10.1109/isap.2017.8071410,academic,include,I1,abstract
IEEE,I91D6E4A94F6CCC25,ieee:11711255,platform:IEEE:11711255,academic,exclude,T2,control-only
IEEE,I91EA4A93272F0CC2,10.1109/iccgi.2008.32,doi:10.1109/iccgi.2008.32,academic,include,I2,fulltext-exception
IEEE,I922019315657BE62,10.1109/cdc49753.2023.10383887,doi:10.1109/cdc49753.2023.10383887,academic,include,I1,abstract
IEEE,I922F96C0C4F502FD,10.1109/icaic67076.2026.11395698,doi:10.1109/icaic67076.2026.11395698,academic,exclude,X1,abstract
IEEE,I9238136BB92320BA,10.1109/cimca.2005.1631304,doi:10.1109/cimca.2005.1631304,academic,include,I1,abstract
IEEE,I924B6000B6DE6427,10.1109/icecer65523.2025.11401133,doi:10.1109/icecer65523.2025.11401133,academic,include,I1,fulltext-exception
IEEE,I92501732888974D1,10.1109/sp63933.2026.00154,doi:10.1109/sp63933.2026.00154,academic,include,I2,abstract
IEEE,I927807E2E8CD73AC,10.1109/icriis.2011.6125667,doi:10.1109/icriis.2011.6125667,academic,exclude,X1,abstract
IEEE,I9281586BA2622F96,10.1109/icfem.1998.730570,doi:10.1109/icfem.1998.730570,academic,exclude,X1,abstract
IEEE,I92A4C4E0A44B0EF0,10.1109/isncc70543.2026.11693907,doi:10.1109/isncc70543.2026.11693907,academic,exclude,T2,control-only
IEEE,I92A92654B6EAC38A,ieee:11297053,platform:IEEE:11297053,academic,exclude,T1,control-only
IEEE,I92CE4EBF4ACD52D5,10.1109/icacci.2016.7732476,doi:10.1109/icacci.2016.7732476,academic,exclude,X1,abstract
IEEE,I931B80A34063CCAE,10.1109/icmas.1998.699054,doi:10.1109/icmas.1998.699054,academic,include,I1,abstract
IEEE,I931BB311955EFB2C,10.1109/ccece.2006.277722,doi:10.1109/ccece.2006.277722,academic,include,I1,abstract
IEEE,I933AAAA2C8A78DCF,10.1109/icsmc.2000.885946,doi:10.1109/icsmc.2000.885946,academic,exclude,X1,abstract
IEEE,I938EA3E1EE18DBE7,10.1109/mipro70003.2026.11592002,doi:10.1109/mipro70003.2026.11592002,academic,exclude,X1,abstract
IEEE,I93A92A068192A051,10.1109/globecom54140.2023.10437967,doi:10.1109/globecom54140.2023.10437967,academic,include,I1,fulltext-exception
IEEE,I93D7322861235510,10.23919/ccc64809.2025.11179618,doi:10.23919/ccc64809.2025.11179618,academic,exclude,X1,abstract
IEEE,I93DA411A44A6D9A2,10.1109/wicom.2007.889,doi:10.1109/wicom.2007.889,academic,include,I1,abstract
IEEE,I93DD12727EE43D6D,10.1109/wicom.2007.857,doi:10.1109/wicom.2007.857,academic,include,I1,abstract
IEEE,I93E6CA02636D06FB,10.1109/ojits.2026.3713296,doi:10.1109/ojits.2026.3713296,academic,include,I2,fulltext-exception
IEEE,I93FCDBF5BE62D2CE,10.1109/qcnc69040.2026.00145,doi:10.1109/qcnc69040.2026.00145,academic,include,I2,fulltext-exception
IEEE,I9403756EA2545CD3,10.1109/tase.2011.2160536,doi:10.1109/tase.2011.2160536,academic,exclude,X1,abstract
IEEE,I940C08589DA153A4,10.1109/tdsc.2022.3216571,doi:10.1109/tdsc.2022.3216571,academic,exclude,X1,abstract
IEEE,I941F74610E4AF601,10.1109/saso.2007.58,doi:10.1109/saso.2007.58,academic,exclude,X1,abstract
IEEE,I945F3DA9146B17D0,10.1109/icppw.1998.721882,doi:10.1109/icppw.1998.721882,academic,exclude,X1,abstract
IEEE,I946BEF993A8B9925,10.1109/ignite69592.2026.11706178,doi:10.1109/ignite69592.2026.11706178,academic,exclude,T2,control-only
IEEE,I947C872E3283543F,10.1109/m-ra.2007.914920,doi:10.1109/m-ra.2007.914920,academic,exclude,X1,abstract
IEEE,I9480C5E5CE68465E,10.1109/wicom.2008.2627,doi:10.1109/wicom.2008.2627,academic,include,I2,fulltext-exception
IEEE,I948A28891D74E413,10.1109/tifs.2023.3318961,doi:10.1109/tifs.2023.3318961,academic,include,I1,abstract
IEEE,I94BE75F380649E4C,10.1109/tase.2026.3736705,doi:10.1109/tase.2026.3736705,academic,exclude,T2,control-only
IEEE,I94D722C3D49E2DBC,10.1109/iat.2005.13,doi:10.1109/iat.2005.13,academic,include,I1,abstract
IEEE,I9511BEFCA6625EA8,10.1109/smart66937.2025.11389721,doi:10.1109/smart66937.2025.11389721,academic,include,I1,abstract
IEEE,I951A2E869E74D889,10.1109/cbdcom68404.2025.00041,doi:10.1109/cbdcom68404.2025.00041,academic,include,I1,abstract
IEEE,I952A9B058E601A80,10.1109/twc.2014.012114.121317,doi:10.1109/twc.2014.012114.121317,academic,include,I1,abstract
IEEE,I954996DB542D118B,10.1109/icdlt66400.2025.11466653,doi:10.1109/icdlt66400.2025.11466653,academic,include,I2,abstract
IEEE,I955409B1C13F3420,10.1109/tsmc.2018.2800006,doi:10.1109/tsmc.2018.2800006,academic,pending,workflow-v2-3/scope_uncertain,fulltext-exception
IEEE,I956D8F5D7AC6CD1F,10.1109/ipec54454.2022.9777573,doi:10.1109/ipec54454.2022.9777573,academic,include,I1,abstract
IEEE,I9578AB7CDAD2B8B9,10.1109/wi-iat.2013.92,doi:10.1109/wi-iat.2013.92,academic,exclude,X1,abstract
IEEE,I957B5E690E91D9F1,10.1109/cimca.2006.5,doi:10.1109/cimca.2006.5,academic,exclude,X1,abstract
IEEE,I9594F482430871CE,ieee:9953432,platform:IEEE:9953432,academic,exclude,X1,abstract
IEEE,I95B16E5C3138D1FB,10.1109/wsc.2012.6465148,doi:10.1109/wsc.2012.6465148,academic,include,I1,abstract
IEEE,I95BAB56045752E43,10.1109/cdc.2018.8619236,doi:10.1109/cdc.2018.8619236,academic,exclude,X1,abstract
IEEE,I95C062F1DA48088D,10.1109/mcom.2002.1024416,doi:10.1109/mcom.2002.1024416,academic,pending,workflow-v2-3/scope_uncertain,fulltext-exception
IEEE,I95D60F869EFCD2DE,10.1109/iat.2007.35,doi:10.1109/iat.2007.35,academic,pending,workflow-v2-3/scope_uncertain,fulltext-exception
IEEE,I95E406BDDC3111F7,10.1109/cscwd68734.2026.11582512,doi:10.1109/cscwd68734.2026.11582512,academic,include,I2,abstract
IEEE,I961B798D9573F643,10.1109/sahcn.2018.8397102,doi:10.1109/sahcn.2018.8397102,academic,exclude,X1,abstract
IEEE,I9638C84BEB7D703F,10.1109/pimrc.2004.1368844,doi:10.1109/pimrc.2004.1368844,academic,exclude,X1,abstract
IEEE,I966EF1965B12C637,10.1109/aeeca49918.2020.9213474,doi:10.1109/aeeca49918.2020.9213474,academic,include,I1,abstract
IEEE,I968E1917FB5BA99B,ieee:9100210,platform:IEEE:9100210,academic,exclude,T1,control-only
IEEE,I96A0B33DFD6AC6B4,10.1109/tsmcb.2002.805812,doi:10.1109/tsmcb.2002.805812,academic,include,I1,fulltext-exception
IEEE,I96A869E3C5E3DE31,10.1109/iita.2009.238,doi:10.1109/iita.2009.238,academic,include,I1,abstract
IEEE,I96C272C80A2B842E,10.1109/acai68217.2025.11406275,doi:10.1109/acai68217.2025.11406275,academic,exclude,X1,abstract
IEEE,I96CDCDD242911E95,10.1109/cit.2012.118,doi:10.1109/cit.2012.118,academic,exclude,X1,abstract
IEEE,I96CF8107809CDF5D,10.1109/jcsse68839.2026.11597085,doi:10.1109/jcsse68839.2026.11597085,academic,exclude,X1,abstract
IEEE,I96D62E8323299686,10.1109/scc.2004.1358038,doi:10.1109/scc.2004.1358038,academic,exclude,X1,abstract
IEEE,I96F63CABBC75D4E1,10.1109/ton.2026.3669011,doi:10.1109/ton.2026.3669011,academic,pending,workflow-v2-3/scope_uncertain,fulltext-exception
IEEE,I96FA6A9E8C8C9F74,10.1109/icmss.2009.5305567,doi:10.1109/icmss.2009.5305567,academic,include,I1,abstract
IEEE,I974A59DCCAFB5B9A,10.1109/icimp.2007.36,doi:10.1109/icimp.2007.36,academic,pending,workflow-v2-3/scope_uncertain,fulltext-exception
IEEE,I9756473E41140A9F,10.1109/etfa.2001.997722,doi:10.1109/etfa.2001.997722,academic,exclude,X1,abstract
IEEE,I975B1E6B11EB7FB2,10.1109/icteched69022.2026.11682855,doi:10.1109/icteched69022.2026.11682855,academic,pending,workflow-v2-3/scope_uncertain,fulltext-exception
IEEE,I976751BAB540501C,10.1109/icee.2010.104,doi:10.1109/icee.2010.104,academic,include,I1,abstract
IEEE,I976A3EF77D278CD4,10.1109/pes.2009.5275336,doi:10.1109/pes.2009.5275336,academic,exclude,X1,abstract
IEEE,I978D687B6DF8A38D,10.1109/tkde.2022.3225109,doi:10.1109/tkde.2022.3225109,academic,exclude,X1,abstract
IEEE,I97A449FDFBE1499A,10.1109/saso.2015.8,doi:10.1109/saso.2015.8,academic,exclude,X1,abstract
IEEE,I97D188EA9D6F6ADA,10.1109/icdma.2011.38,doi:10.1109/icdma.2011.38,academic,include,I1,fulltext-exception
IEEE,I97D2A13E8AC26183,10.1109/asiajcis.2015.25,doi:10.1109/asiajcis.2015.25,academic,exclude,X1,abstract
IEEE,I97DA2FB4979ADB45,10.1109/cccm.2008.217,doi:10.1109/cccm.2008.217,academic,include,I1,abstract
IEEE,I98013942D85EEFB7,10.1109/sceecs68810.2026.11430157,doi:10.1109/sceecs68810.2026.11430157,academic,exclude,X1,abstract
IEEE,I980DF49527174A4D,10.1109/aswec.2010.15,doi:10.1109/aswec.2010.15,academic,include,I2,fulltext-exception
IEEE,I9848A393BD10B54D,10.1109/ccece.2005.1557279,doi:10.1109/ccece.2005.1557279,academic,exclude,X1,abstract
IEEE,I986FCED58D11ED4A,10.1109/sfcs.2002.1181964,doi:10.1109/sfcs.2002.1181964,academic,exclude,X1,abstract
IEEE,I98806F15A123778C,10.1109/pes.2009.5260230,doi:10.1109/pes.2009.5260230,academic,exclude,X1,abstract
IEEE,I98974C271A9EF189,10.1109/icaccs.2016.7586387,doi:10.1109/icaccs.2016.7586387,academic,exclude,X1,abstract
IEEE,I98A935CFA2B15A93,10.1109/lcomm.2024.3360477,doi:10.1109/lcomm.2024.3360477,academic,include,I1,abstract
IEEE,I98B8E04AF5BCECA0,10.1109/icime.2009.77,doi:10.1109/icime.2009.77,academic,include,I2,abstract
IEEE,I98EE7493F14A899C,10.1109/elecsym.2019.8901575,doi:10.1109/elecsym.2019.8901575,academic,exclude,X1,abstract
IEEE,I98F2A7CCDCB1FD49,10.1109/tmc.2025.3569695,doi:10.1109/tmc.2025.3569695,academic,include,I1,abstract
IEEE,I991D106C55DCB229,10.1109/icicta.2014.125,doi:10.1109/icicta.2014.125,academic,include,I1,abstract
IEEE,I9926F39FF58F9770,10.1109/tsg.2014.2387215,doi:10.1109/tsg.2014.2387215,academic,include,I1,abstract
IEEE,I992F96FBF5CF7F4C,10.1109/fmlds67896.2025.00135,doi:10.1109/fmlds67896.2025.00135,academic,exclude,X1,abstract
IEEE,I993253AFC96C35CB,10.1109/tfuzz.2004.825064,doi:10.1109/tfuzz.2004.825064,academic,include,I1,abstract
IEEE,I994A5C65402672B0,10.1109/icaiccit64383.2024.10912330,doi:10.1109/icaiccit64383.2024.10912330,academic,exclude,X1,abstract
IEEE,I9988F561A09612D6,10.1109/tsmcc.2004.829302,doi:10.1109/tsmcc.2004.829302,academic,exclude,X1,abstract
IEEE,I998D40402E049F96,10.1109/allerton.2009.5394867,doi:10.1109/allerton.2009.5394867,academic,exclude,X1,abstract
IEEE,I9A1070399DB61B5E,10.1109/icccnt61001.2024.10725071,doi:10.1109/icccnt61001.2024.10725071,academic,include,I1,abstract
IEEE,I9A391E067B77E5D1,10.1109/pesgm52009.2025.11225740,doi:10.1109/pesgm52009.2025.11225740,academic,exclude,X1,abstract
IEEE,I9A4FFFFADEC08748,10.1109/ccis.2012.6664425,doi:10.1109/ccis.2012.6664425,academic,exclude,X1,abstract
IEEE,I9A691E42FDBB4F27,10.1109/ssci50451.2021.9660121,doi:10.1109/ssci50451.2021.9660121,academic,exclude,X1,abstract
IEEE,I9A6DC89839B9F9F6,10.1109/picmet.1999.808367,doi:10.1109/picmet.1999.808367,academic,exclude,X1,abstract
IEEE,I9A7C9C3B553C1909,10.1109/secon.2000.845577,doi:10.1109/secon.2000.845577,academic,exclude,X1,abstract
IEEE,I9A8824EB5E0141C2,10.1109/cogmi67134.2025.00067,doi:10.1109/cogmi67134.2025.00067,academic,include,I2,abstract
IEEE,I9AAF8C9E98615ACE,10.1109/icaide65466.2025.11189623,doi:10.1109/icaide65466.2025.11189623,academic,include,I1,abstract
IEEE,I9ADF96AFEE8B5911,10.1109/wowmom.2014.6918990,doi:10.1109/wowmom.2014.6918990,academic,exclude,X1,abstract
IEEE,I9AEA8BFDE51BCCA4,10.1109/jsac.2022.3213333,doi:10.1109/jsac.2022.3213333,academic,include,I1,abstract
IEEE,I9B480F4189815D50,10.1109/jiot.2023.3312260,doi:10.1109/jiot.2023.3312260,academic,exclude,X1,abstract
IEEE,I9B59D72404ECD50A,10.1109/apsec66846.2025.00100,doi:10.1109/apsec66846.2025.00100,academic,pending,workflow-v2-3,abstract
IEEE,I9B926B036A6FDB96,10.1109/pes.2005.1489692,doi:10.1109/pes.2005.1489692,academic,include,I1,abstract
IEEE,I9B9D8872B89E4A84,10.1109/iemc.2003.1252328,doi:10.1109/iemc.2003.1252328,academic,exclude,X1,abstract
IEEE,I9BE1C34DD5CCCE4C,10.1109/mnet.2026.3657581,doi:10.1109/mnet.2026.3657581,academic,exclude,X1,abstract
IEEE,I9C0A9A9F94FEDB94,10.1109/5254.988453,doi:10.1109/5254.988453,academic,exclude,X1,abstract
IEEE,I9C0BA92981F7AFE0,10.1109/massur.2004.1368419,doi:10.1109/massur.2004.1368419,academic,include,I1,abstract
IEEE,I9C27D7D4AFF8736A,10.1109/icmt56556.2022.9997618,doi:10.1109/icmt56556.2022.9997618,academic,exclude,X1,abstract
IEEE,I9C28984DF6FD4AF7,10.1109/dasc-picom-datacom-cyberscitec.2016.35,doi:10.1109/dasc-picom-datacom-cyberscitec.2016.35,academic,include,I1,fulltext-exception
IEEE,I9C33F78B8EDF3EEC,10.1109/wi-iatw.2006.74,doi:10.1109/wi-iatw.2006.74,academic,include,I1,fulltext-exception
IEEE,I9C40CB1C21DBBDEC,10.1109/bigdata47090.2019.9005727,doi:10.1109/bigdata47090.2019.9005727,academic,exclude,X1,abstract
IEEE,I9C4C14B59907399E,10.1109/es2de.2017.8015336,doi:10.1109/es2de.2017.8015336,academic,exclude,X1,abstract
IEEE,I9C5CDCE4B70880CC,10.1109/tccn.2019.2950242,doi:10.1109/tccn.2019.2950242,academic,include,I1,abstract
IEEE,I9C8031D58836F1C2,10.1109/cecandeee.2008.123,doi:10.1109/cecandeee.2008.123,academic,include,I2,fulltext-exception
IEEE,I9C8C2CEFDED0E7C0,10.1109/cimca.2008.222,doi:10.1109/cimca.2008.222,academic,exclude,X1,abstract
IEEE,I9C9DA99E3D4CDE05,10.1109/acc.2007.4282558,doi:10.1109/acc.2007.4282558,academic,exclude,X1,abstract
IEEE,I9CAF9C09C745D7A1,10.1109/icaibd.2019.8837024,doi:10.1109/icaibd.2019.8837024,academic,exclude,X1,abstract
IEEE,I9CC7C7848FA25B7F,10.1109/gridedge61154.2025.10887526,doi:10.1109/gridedge61154.2025.10887526,academic,include,I1,abstract
IEEE,I9CE3D74B3F37E509,10.1109/milcom.2004.1493286,doi:10.1109/milcom.2004.1493286,academic,exclude,X1,abstract
IEEE,I9CE4342A4EB50C2A,10.1109/incos.2015.17,doi:10.1109/incos.2015.17,academic,exclude,X1,abstract
IEEE,I9CEC9D787FBF66EA,10.1109/cimca.2005.1631224,doi:10.1109/cimca.2005.1631224,academic,exclude,T1,control-only
IEEE,I9CFE081EA58AA192,10.1109/tsg.2015.2429152,doi:10.1109/tsg.2015.2429152,academic,include,I1,abstract
IEEE,I9D0C251814AB41AD,10.1109/dexa.2001.953140,doi:10.1109/dexa.2001.953140,academic,include,I2,abstract
IEEE,I9D0DC80D0FB2F496,10.1109/cdc.2013.6759939,doi:10.1109/cdc.2013.6759939,academic,include,I2,fulltext-exception
IEEE,I9D45BB54C4C5DC60,ieee:9144068,platform:IEEE:9144068,academic,exclude,X1,abstract
IEEE,I9D6594D1A6E9B91C,10.1109/tpwrs.2011.2161497,doi:10.1109/tpwrs.2011.2161497,academic,include,I1,abstract
IEEE,I9D6F9444577FE063,10.1147/sj.2003.5386833,doi:10.1147/sj.2003.5386833,academic,exclude,X1,abstract
IEEE,I9D8A12F9BD5F9648,10.1109/ceepe69795.2026.11552181,doi:10.1109/ceepe69795.2026.11552181,academic,exclude,X1,abstract
IEEE,I9DB13E8223925E25,10.1109/tsp.2023.3300630,doi:10.1109/tsp.2023.3300630,academic,exclude,X1,abstract
IEEE,I9DB31089D9116479,10.1109/focs52979.2021.00084,doi:10.1109/focs52979.2021.00084,academic,exclude,X1,abstract
IEEE,I9DB93A52E66081D4,10.1109/iccmc69250.2026.11625080,doi:10.1109/iccmc69250.2026.11625080,academic,exclude,X1,abstract
IEEE,I9DC87DC247E8A6E5,10.1109/nafips.2009.5156455,doi:10.1109/nafips.2009.5156455,academic,exclude,X1,abstract
IEEE,I9DD55201FEE44482,10.1109/icca.2007.4376665,doi:10.1109/icca.2007.4376665,academic,include,I1,abstract
IEEE,I9DFE85724D5AB058,10.1109/fitme.2009.141,doi:10.1109/fitme.2009.141,academic,include,I1,abstract
IEEE,I9E0E49114C66DBEF,10.1109/tste.2021.3055764,doi:10.1109/tste.2021.3055764,academic,include,I1,abstract
IEEE,I9E2BD70BFEB1BA4E,10.1109/icemcsi67638.2026.11603224,doi:10.1109/icemcsi67638.2026.11603224,academic,exclude,X1,abstract
IEEE,I9E2E2A564D0340E6,10.1109/pess.2002.1043645,doi:10.1109/pess.2002.1043645,academic,include,I1,abstract
IEEE,I9E473EB5F39E1FDA,10.1109/asew67777.2025.00011,doi:10.1109/asew67777.2025.00011,academic,exclude,X1,abstract
IEEE,I9E48EEFE5A40B857,10.1109/icmlc.2008.4620532,doi:10.1109/icmlc.2008.4620532,academic,exclude,X1,abstract
IEEE,I9E4EFABB443669D0,10.1109/aihcir67580.2025.11405054,doi:10.1109/aihcir67580.2025.11405054,academic,exclude,X1,abstract
IEEE,I9E52849F82AC7806,10.1109/iccece69169.2026.11399829,doi:10.1109/iccece69169.2026.11399829,academic,exclude,X1,abstract
IEEE,I9E5CF5B3D914EA4B,10.1109/icii.2001.982997,doi:10.1109/icii.2001.982997,academic,include,I1,abstract
IEEE,I9E6564B660954092,10.1109/taes.2026.3703733,doi:10.1109/taes.2026.3703733,academic,exclude,X1,abstract
IEEE,I9E6D839639116B5A,10.1109/icrera.2015.7418485,doi:10.1109/icrera.2015.7418485,academic,exclude,X1,abstract
IEEE,I9E81B84E57D57E00,10.1109/ebiss.2009.5138018,doi:10.1109/ebiss.2009.5138018,academic,include,I2,abstract
IEEE,I9E8720084CCB41F5,10.1109/wecwis.1999.788207,doi:10.1109/wecwis.1999.788207,academic,include,I1,abstract
IEEE,I9EC2E6448D497005,10.1109/icdh72779.2026.00045,doi:10.1109/icdh72779.2026.00045,academic,exclude,X1,abstract
IEEE,I9EC89753AF4919F0,10.1109/saint.2002.994447,doi:10.1109/saint.2002.994447,academic,exclude,X1,abstract
IEEE,I9EEF885081CB8EFA,10.1109/icih67754.2025.11608523,doi:10.1109/icih67754.2025.11608523,academic,include,I1,abstract
IEEE,I9EF1C7350D09110D,10.1049/cp.2012.1290,doi:10.1049/cp.2012.1290,academic,exclude,X1,abstract
IEEE,I9F0589ACD5FB1494,10.1109/icetics69505.2026.11651315,doi:10.1109/icetics69505.2026.11651315,academic,include,I2,fulltext-exception
IEEE,I9F33F7568C50A2ED,10.1109/icect.2004.1319738,doi:10.1109/icect.2004.1319738,academic,include,I2,abstract
IEEE,I9F420EE349F4EEE4,10.1109/cec-eee.2006.40,doi:10.1109/cec-eee.2006.40,academic,include,I1,abstract
IEEE,I9F72978390A86B2D,10.1109/icetis70504.2026.11633376,doi:10.1109/icetis70504.2026.11633376,academic,exclude,X1,abstract
IEEE,I9F7DE9100A1399A2,10.1109/milcom.2006.302009,doi:10.1109/milcom.2006.302009,academic,exclude,X1,abstract
IEEE,I9F80D0086E1C1D3A,10.1049/cp.2013.2571,doi:10.1049/cp.2013.2571,academic,pending,workflow-v2-3,abstract
IEEE,I9FAFF8D604BA2E77,10.1109/issi.2018.8538253,doi:10.1109/issi.2018.8538253,academic,include,I1,abstract
IEEE,I9FBB728A0A852058,10.1109/rivf68649.2025.11365175,doi:10.1109/rivf68649.2025.11365175,academic,exclude,X1,abstract
IEEE,I9FC49B660954A7DF,10.1109/mmse.2000.897242,doi:10.1109/mmse.2000.897242,academic,include,I1,abstract
IEEE,I9FCCEB42DC370B34,10.1109/icccas.2006.284988,doi:10.1109/icccas.2006.284988,academic,pending,workflow-v2-3/scope_uncertain,fulltext-exception
IEEE,I9FD5DA708809AB54,10.1109/codit70676.2026.11631113,doi:10.1109/codit70676.2026.11631113,academic,exclude,X1,abstract
IEEE,I9FE80C9C5912665D,10.1109/isgt.2013.6497868,doi:10.1109/isgt.2013.6497868,academic,include,I1,abstract
IEEE,IA00AAD3E9DE28CE4,10.1109/tpwrs.2022.3217922,doi:10.1109/tpwrs.2022.3217922,academic,include,I1,abstract
IEEE,IA03F279F140A4F5D,10.1109/jsyst.2013.2258737,doi:10.1109/jsyst.2013.2258737,academic,include,I1,abstract
IEEE,IA0486153C35F13D2,10.1109/icsmc.2001.969876,doi:10.1109/icsmc.2001.969876,academic,include,I1,abstract
IEEE,IA04DD3D6BC968C2A,10.1109/paccs.2011.5990103,doi:10.1109/paccs.2011.5990103,academic,exclude,T1,control-only
IEEE,IA05929ADB1304DDE,10.1109/jiot.2025.3578087,doi:10.1109/jiot.2025.3578087,academic,include,I1,abstract
IEEE,IA07112F5E0D68151,10.1109/picmet.2009.5261944,doi:10.1109/picmet.2009.5261944,academic,exclude,X1,abstract
IEEE,IA07628B9C7B8CC7F,10.1109/icaiset66439.2026.11541974,doi:10.1109/icaiset66439.2026.11541974,academic,include,I2,abstract
IEEE,IA0798B0FE78BFB81,10.1109/nwesp.2008.24,doi:10.1109/nwesp.2008.24,academic,exclude,X1,abstract
IEEE,IA0946CD4AE4F222B,10.1109/incit66780.2025.11276064,doi:10.1109/incit66780.2025.11276064,academic,exclude,X1,abstract
IEEE,IA0A1309E985C4C48,10.1109/fuzzy.1999.793258,doi:10.1109/fuzzy.1999.793258,academic,exclude,X1,abstract
IEEE,IA0A441BBEC285AFF,10.1109/tpwrs.2002.800947,doi:10.1109/tpwrs.2002.800947,academic,exclude,X1,abstract
IEEE,IA0ADCD97AC9000D9,10.1109/lcsys.2023.3335315,doi:10.1109/lcsys.2023.3335315,academic,exclude,X1,abstract
IEEE,IA0B3AE67C3FA4F41,10.1109/wi-iat.2012.123,doi:10.1109/wi-iat.2012.123,academic,include,I1,fulltext-exception
IEEE,IA0C2F886575DA316,10.1109/wiiat.2008.303,doi:10.1109/wiiat.2008.303,academic,include,I1,abstract
IEEE,IA0DA7C275F2103A8,10.1109/icra.2012.6224917,doi:10.1109/icra.2012.6224917,academic,exclude,X1,abstract
IEEE,IA0DBB12AC41350F6,10.1109/iadcc.2010.5422937,doi:10.1109/iadcc.2010.5422937,academic,exclude,X1,abstract
IEEE,IA0E746E85F43A75B,10.1109/mass66014.2025.00090,doi:10.1109/mass66014.2025.00090,academic,include,I2,abstract
IEEE,IA12B5741AFB5B97E,10.1109/icsmc.2002.1176097,doi:10.1109/icsmc.2002.1176097,academic,include,I1,abstract
IEEE,IA146D9CD656C8FED,10.1109/icufn69619.2026.11628766,doi:10.1109/icufn69619.2026.11628766,academic,exclude,X1,abstract
IEEE,IA14FC72DB3A55854,10.1109/bdai70753.2026.11655126,doi:10.1109/bdai70753.2026.11655126,academic,include,I1,abstract
IEEE,IA19DE7DC7B78A365,10.1109/sahcn.2014.6990327,doi:10.1109/sahcn.2014.6990327,academic,exclude,X1,abstract
IEEE,IA1B99BF38EAB2675,10.1109/ccdc.2009.5195228,doi:10.1109/ccdc.2009.5195228,academic,exclude,X1,abstract
IEEE,IA1BBE988459418FD,10.1109/his.2011.6122076,doi:10.1109/his.2011.6122076,academic,include,I1,abstract
IEEE,IA1BC4D381B02BF3B,10.1109/iatmsi68868.2026.11465473,doi:10.1109/iatmsi68868.2026.11465473,academic,exclude,X1,abstract
IEEE,IA1DB8F8C84C4BFEE,10.1109/ietc69527.2026.11568641,doi:10.1109/ietc69527.2026.11568641,academic,exclude,X1,abstract
IEEE,IA1F472D32DEC0ABB,10.1109/icis.2011.32,doi:10.1109/icis.2011.32,academic,include,I1,abstract
IEEE,IA1F959923972A953,10.1109/ichora69329.2026.11537091,doi:10.1109/ichora69329.2026.11537091,academic,exclude,X1,abstract
IEEE,IA1F9CB772BF80244,10.1109/icsmc.1999.815536,doi:10.1109/icsmc.1999.815536,academic,exclude,X1,abstract
IEEE,IA21AF882852A9A28,10.1109/icidml69845.2025.00031,doi:10.1109/icidml69845.2025.00031,academic,exclude,X1,abstract
IEEE,IA21B98EE7A42F2E1,10.1109/isecs.2009.26,doi:10.1109/isecs.2009.26,academic,include,I1,abstract
IEEE,IA21FBA7866CF04C1,10.1109/cmpsac.2004.1342880,doi:10.1109/cmpsac.2004.1342880,academic,exclude,X1,abstract
IEEE,IA248B185BF9CFA09,10.1109/ipc.2007.18,doi:10.1109/ipc.2007.18,academic,include,I1,abstract
IEEE,IA274B3B6F4C4C463,10.1109/icicse58435.2023.10212072,doi:10.1109/icicse58435.2023.10212072,academic,exclude,X1,abstract
IEEE,IA280F296E188DEC8,10.1109/rita.2022.3149776,doi:10.1109/rita.2022.3149776,academic,exclude,X1,abstract
IEEE,IA2EABA0E2B9198DD,10.1109/icmss.2011.5998707,doi:10.1109/icmss.2011.5998707,academic,exclude,X1,abstract
IEEE,IA2FA1B011A6153FE,10.1109/icebe.2007.129,doi:10.1109/icebe.2007.129,academic,exclude,T1,control-only
IEEE,IA2FB1F4BBA03BBE1,10.1109/iemc.2002.1038371,doi:10.1109/iemc.2002.1038371,academic,exclude,X1,abstract
IEEE,IA30F6CA951680F15,10.1109/iciii.2011.122,doi:10.1109/iciii.2011.122,academic,include,I1,abstract
IEEE,IA327782D1D2C1892,10.1109/icc59461.2026.11587766,doi:10.1109/icc59461.2026.11587766,academic,exclude,X1,abstract
IEEE,IA3429EC224A82D31,10.1109/ccgrid.2017.138,doi:10.1109/ccgrid.2017.138,academic,exclude,X1,abstract
IEEE,IA34E571879CCC31A,10.1109/icdlt66400.2025.11466602,doi:10.1109/icdlt66400.2025.11466602,academic,include,I1,abstract
IEEE,IA38F708C9B0948FD,10.1109/ihmsc.2009.17,doi:10.1109/ihmsc.2009.17,academic,include,I1,abstract
IEEE,IA3A29FA674C57FA6,10.1109/cdc.2015.7403179,doi:10.1109/cdc.2015.7403179,academic,exclude,X1,abstract
IEEE,IA3B712EE6297114B,10.1109/wi-iat55865.2022.00031,doi:10.1109/wi-iat55865.2022.00031,academic,exclude,X1,abstract
IEEE,IA402A1AB531211AE,10.1109/focs46700.2020.00037,doi:10.1109/focs46700.2020.00037,academic,exclude,X1,abstract
IEEE,IA4220DD78E5A53D5,10.1109/tpwrs.2024.3360606,doi:10.1109/tpwrs.2024.3360606,academic,include,I1,abstract
IEEE,IA437D8A2D49DEAC1,10.1109/dcabes52998.2021.00019,doi:10.1109/dcabes52998.2021.00019,academic,exclude,X1,abstract
IEEE,IA4984BBD2D867B93,10.1109/icrais66073.2025.11234726,doi:10.1109/icrais66073.2025.11234726,academic,exclude,X1,abstract
IEEE,IA49E593C31EEB640,10.1109/cec.2008.4630972,doi:10.1109/cec.2008.4630972,academic,include,I1,abstract
IEEE,IA49F2E0016F81DBF,10.1109/tste.2015.2460745,doi:10.1109/tste.2015.2460745,academic,exclude,X1,abstract
IEEE,IA4B276F57C0B6768,ieee:5758227,platform:IEEE:5758227,academic,include,I1,abstract
IEEE,IA4CB9F5E9618566F,10.1109/dexa.2000.875042,doi:10.1109/dexa.2000.875042,academic,exclude,X1,abstract
IEEE,IA4DAAE95C4D679F5,10.1109/icoa66896.2025.11236877,doi:10.1109/icoa66896.2025.11236877,academic,include,I2,abstract
IEEE,IA4FE04BBF13F2E59,10.1109/aina.2009.102,doi:10.1109/aina.2009.102,academic,exclude,X1,abstract
IEEE,IA501E45A8FE56190,10.1109/greentech58819.2024.10520613,doi:10.1109/greentech58819.2024.10520613,academic,exclude,X1,abstract
IEEE,IA5079BE468F9DF52,10.1109/msn.2009.16,doi:10.1109/msn.2009.16,academic,exclude,X1,abstract
IEEE,IA51C3289F4CDB6D9,10.1109/dyspan.2008.95,doi:10.1109/dyspan.2008.95,academic,include,I1,abstract
IEEE,IA51DECD52D4014EF,10.1109/ivs.2019.8814122,doi:10.1109/ivs.2019.8814122,academic,exclude,X1,abstract
IEEE,IA52DD2F59A37D6F5,10.1109/socialinformatics.2012.55,doi:10.1109/socialinformatics.2012.55,academic,exclude,X1,abstract
IEEE,IA54197F7CE1EE441,10.1109/wi-iat.2009.121,doi:10.1109/wi-iat.2009.121,academic,include,I1,abstract
IEEE,IA545422C5A32181F,10.1109/tkde.2003.1245277,doi:10.1109/tkde.2003.1245277,academic,include,I1,abstract
IEEE,IA56B9001DE48972A,10.1109/icebe.2007.93,doi:10.1109/icebe.2007.93,academic,exclude,X1,abstract
IEEE,IA5A87C3715AE1491,10.1109/sofa.2010.5565616,doi:10.1109/sofa.2010.5565616,academic,include,I1,fulltext-exception
IEEE,IA5B711209D3D00ED,10.1109/iecon.2000.973230,doi:10.1109/iecon.2000.973230,academic,include,I1,abstract
IEEE,IA5BE26B595CECF1F,10.1109/access.2018.2868476,doi:10.1109/access.2018.2868476,academic,include,I1,abstract
IEEE,IA60CD234F3472110,10.1109/hicss.2000.926813,doi:10.1109/hicss.2000.926813,academic,pending,workflow-v2-3,abstract
IEEE,IA60FFC7F8C5E2963,ieee:11514937,platform:IEEE:11514937,academic,exclude,T1,control-only
IEEE,IA61AFE1256A808D0,10.1109/icut.2009.5405728,doi:10.1109/icut.2009.5405728,academic,exclude,X1,abstract
IEEE,IA64890184F059ED5,10.1109/hicss.2002.993889,doi:10.1109/hicss.2002.993889,academic,pending,workflow-v2-3/scope_uncertain,fulltext-exception
IEEE,IA661AC2E3DB11DC6,10.1109/i2ct.2018.8529503,doi:10.1109/i2ct.2018.8529503,academic,exclude,X1,abstract
IEEE,IA669CE866E6F85BA,10.1109/69.790809,doi:10.1109/69.790809,academic,exclude,X1,abstract
IEEE,IA6E6B9EAD90D240D,10.1109/icdp.1996.864209,doi:10.1109/icdp.1996.864209,academic,pending,workflow-v2-3,abstract
IEEE,IA6EEF7EAAE4C5089,10.1109/icce.2000.854522,doi:10.1109/icce.2000.854522,academic,include,I1,abstract
IEEE,IA6EF55836907CDF8,10.1109/ebiss.2009.5138050,doi:10.1109/ebiss.2009.5138050,academic,exclude,X1,abstract
IEEE,IA739B7A6BAB46646,10.1049/cp.2010.0387,doi:10.1049/cp.2010.0387,academic,exclude,X1,abstract
IEEE,IA748C6535C792432,10.1109/fllm67465.2025.11391050,doi:10.1109/fllm67465.2025.11391050,academic,include,I2,fulltext-exception
IEEE,IA755E6099C7A82A0,10.1109/soli.2010.5551559,doi:10.1109/soli.2010.5551559,academic,exclude,X1,abstract
IEEE,IA75E6DCA8755040D,10.1109/wi.2006.159,doi:10.1109/wi.2006.159,academic,include,I1,fulltext-exception
IEEE,IA76DF06419B4D494,10.1109/4236.832950,doi:10.1109/4236.832950,academic,include,I1,abstract
IEEE,IA78B857A376C9936,10.1109/sfcs.2005.25,doi:10.1109/sfcs.2005.25,academic,exclude,X1,abstract
IEEE,IA7A8CB6D1228B1A7,10.1109/3pgcic.2011.44,doi:10.1109/3pgcic.2011.44,academic,exclude,X1,abstract
IEEE,IA7DF7F7734680938,10.1109/icaiset66439.2026.11541321,doi:10.1109/icaiset66439.2026.11541321,academic,include,I2,abstract
IEEE,IA7E2C15E39065AEF,10.1109/cts.2016.0088,doi:10.1109/cts.2016.0088,academic,exclude,X1,abstract
IEEE,IA801260A256C2571,10.1109/hicss.2003.1174815,doi:10.1109/hicss.2003.1174815,academic,include,I2,fulltext-exception
IEEE,IA83CB5541BB594FE,10.1109/sieds.2016.7489300,doi:10.1109/sieds.2016.7489300,academic,exclude,X1,abstract
IEEE,IA8AB6DBC0ED8D4D0,10.1109/ijcnn52387.2021.9534126,doi:10.1109/ijcnn52387.2021.9534126,academic,include,I1,abstract
IEEE,IA8E2B10271C8F430,10.1109/iccct.2012.65,doi:10.1109/iccct.2012.65,academic,include,I1,abstract
IEEE,IA8ED8224457EA02C,10.1109/icras52289.2021.9476537,doi:10.1109/icras52289.2021.9476537,academic,exclude,X1,abstract
IEEE,IA8FB17893F05DF16,10.1109/iciii.2009.460,doi:10.1109/iciii.2009.460,academic,exclude,X1,abstract
IEEE,IA9812A906835A1DB,10.1109/icsmc.2012.6378015,doi:10.1109/icsmc.2012.6378015,academic,include,I1,abstract
IEEE,IA9A9FDBD884ADAF4,10.1109/ieec.2009.100,doi:10.1109/ieec.2009.100,academic,exclude,X1,abstract
IEEE,IA9B7DBFFBE94E777,10.1109/cec.2011.5949932,doi:10.1109/cec.2011.5949932,academic,include,I1,abstract
IEEE,IA9D48D7318165E29,10.1109/picmet.2001.951899,doi:10.1109/picmet.2001.951899,academic,exclude,X1,abstract
IEEE,IA9E8808CDEE47E85,10.1109/wi-iat.2010.185,doi:10.1109/wi-iat.2010.185,academic,exclude,X1,abstract
IEEE,IAA0CF62C0BE5DF13,10.1109/coase.2008.4626517,doi:10.1109/coase.2008.4626517,academic,exclude,X1,fulltext-exception
IEEE,IAA10C79E7C89EC00,10.23919/eleco54474.2021.9677701,doi:10.23919/eleco54474.2021.9677701,academic,exclude,X1,abstract
IEEE,IAA195AB8E15CCDC9,10.1109/citisia.2009.5224248,doi:10.1109/citisia.2009.5224248,academic,include,I2,fulltext-exception
IEEE,IAA1B4802E14C02B9,10.1109/wsc52266.2021.9715337,doi:10.1109/wsc52266.2021.9715337,academic,exclude,X1,abstract
IEEE,IAA20C57040707B3C,10.1109/iccasit66611.2025.11348693,doi:10.1109/iccasit66611.2025.11348693,academic,exclude,X1,abstract
IEEE,IAA6621FD91933350,10.1109/tic68483.2026.11702913,doi:10.1109/tic68483.2026.11702913,academic,exclude,T2,control-only
IEEE,IAA7CEC3B60428674,10.1109/ccece.2006.277766,doi:10.1109/ccece.2006.277766,academic,pending,workflow-v2-3,abstract
IEEE,IAA7DCF3EADF0F3F0,10.1109/lescdt66758.2025.00027,doi:10.1109/lescdt66758.2025.00027,academic,exclude,X1,abstract
IEEE,IAA99B8A7751D1CD8,10.1109/tpc.2014.2305795,doi:10.1109/tpc.2014.2305795,academic,exclude,X1,abstract
IEEE,IAAE9EC6D29CC3323,10.1109/cimca.2008.92,doi:10.1109/cimca.2008.92,academic,exclude,X1,abstract
IEEE,IAB15349707FCE246,10.1109/ecce55643.2024.10860868,doi:10.1109/ecce55643.2024.10860868,academic,pending,workflow-v2-3,abstract
IEEE,IAB2CDA818A818293,10.1109/coase.2019.8843250,doi:10.1109/coase.2019.8843250,academic,exclude,X1,abstract
IEEE,IAB5D1FA17F965A72,10.1109/wcica.2006.1712838,doi:10.1109/wcica.2006.1712838,academic,pending,workflow-v2-3,abstract
IEEE,IAB6F5C5526618B73,10.1109/ijcnn52387.2021.9533817,doi:10.1109/ijcnn52387.2021.9533817,academic,include,I1,abstract
IEEE,IAB79A5250A7D75B4,10.1109/comm54429.2022.9817251,doi:10.1109/comm54429.2022.9817251,academic,exclude,X1,abstract
IEEE,IAB8290C2D7E55AA3,10.1109/jsyst.2010.2059110,doi:10.1109/jsyst.2010.2059110,academic,include,I1,abstract
IEEE,IABB005CB55319ED4,10.1109/compsac.2010.22,doi:10.1109/compsac.2010.22,academic,include,I2,abstract
IEEE,IABC999380D3BFD93,10.1109/icaaic56838.2023.10140756,doi:10.1109/icaaic56838.2023.10140756,academic,exclude,X1,abstract
IEEE,IABD7EE0DBAEE73B3,10.1109/aiiot65859.2025.11105280,doi:10.1109/aiiot65859.2025.11105280,academic,exclude,X1,abstract
IEEE,IAC0D23FDC595B2BE,10.1109/tccn.2024.3499342,doi:10.1109/tccn.2024.3499342,academic,include,I1,fulltext-exception
IEEE,IAC23DAB95E8D761D,10.1109/wi-iat.2014.158,doi:10.1109/wi-iat.2014.158,academic,include,I1,fulltext-exception
IEEE,IAC3D88F67AAEBEA4,10.1109/southeastcon63549.2026.11476074,doi:10.1109/southeastcon63549.2026.11476074,academic,exclude,X1,abstract
IEEE,IAC6B2A798915057F,10.1049/icp.2025.4704,doi:10.1049/icp.2025.4704,academic,exclude,X1,abstract
IEEE,IAC9AAF64DC5D4433,10.1109/icn68016.2025.11384066,doi:10.1109/icn68016.2025.11384066,academic,exclude,X1,abstract
IEEE,IACA544C37FBA6B64,10.1109/eem68581.2026.11589751,doi:10.1109/eem68581.2026.11589751,academic,exclude,X1,abstract
IEEE,IACB1D3038CF7B3DA,10.1109/tem.2026.3684943,doi:10.1109/tem.2026.3684943,academic,include,I1,abstract
IEEE,IACBD5058538F05C2,10.1109/hicss.2003.1173682,doi:10.1109/hicss.2003.1173682,academic,include,I1,abstract
IEEE,IACBE22DEE1EA0FA9,10.1109/glocomw.2014.7063637,doi:10.1109/glocomw.2014.7063637,academic,exclude,X1,abstract
IEEE,IACEDAFDDB7B05F14,10.1109/nfc.2010.9,doi:10.1109/nfc.2010.9,academic,include,I1,fulltext-exception
IEEE,IACF7F244D5113D3C,10.1109/icebe.2009.58,doi:10.1109/icebe.2009.58,academic,include,I1,abstract
IEEE,IAD07A9ECBFB747F7,10.1109/jcdl.2003.1204930,doi:10.1109/jcdl.2003.1204930,academic,pending,workflow-v2-3/scope_uncertain,fulltext-exception
IEEE,IAD0E5B02F52B9935,10.1109/iceie.2010.5559883,doi:10.1109/iceie.2010.5559883,academic,exclude,X1,abstract
IEEE,IAD0FDB801C10E950,10.1109/edge60047.2023.00027,doi:10.1109/edge60047.2023.00027,academic,exclude,X1,abstract
IEEE,IAD1BB29D1F40AB6F,ieee:6641018,platform:IEEE:6641018,academic,include,I1,abstract
IEEE,IAD2068B685E6560F,10.1109/tmc.2018.2869863,doi:10.1109/tmc.2018.2869863,academic,include,I1,fulltext-exception
IEEE,IAD36035379D757E7,10.1109/itsc.2017.8317671,doi:10.1109/itsc.2017.8317671,academic,exclude,X1,abstract
IEEE,IAD3F08987FF034F3,10.1109/deec.2005.6,doi:10.1109/deec.2005.6,academic,include,I1,fulltext-exception
IEEE,IAD47AEF91F7A77E7,10.1109/iciice69672.2026.11565502,doi:10.1109/iciice69672.2026.11565502,academic,include,I1,abstract
IEEE,IAD6EB4464FB40D8C,10.23919/ecc57647.2023.10178126,doi:10.23919/ecc57647.2023.10178126,academic,exclude,X1,abstract
IEEE,IAD89DB05D1502E17,10.1109/sisy.2012.6339553,doi:10.1109/sisy.2012.6339553,academic,exclude,X1,abstract
IEEE,IAD9E7201FAF97EF6,10.1109/iat.2003.1241102,doi:10.1109/iat.2003.1241102,academic,include,I1,abstract
IEEE,IADB397D6B059C614,10.1109/cloudsummit68932.2026.00028,doi:10.1109/cloudsummit68932.2026.00028,academic,include,I2,abstract
IEEE,IADB9B62406FD56A2,10.1109/iita.2009.158,doi:10.1109/iita.2009.158,academic,include,I1,abstract
IEEE,IADBF5409638BEE95,10.1109/cdc.2007.4434345,doi:10.1109/cdc.2007.4434345,academic,exclude,X1,abstract
IEEE,IADD03F2D5A07E701,10.1109/icacrs67045.2025.11324324,doi:10.1109/icacrs67045.2025.11324324,academic,exclude,X1,abstract
IEEE,IADE69817967B764B,10.1109/korus.2001.975076,doi:10.1109/korus.2001.975076,academic,include,I2,fulltext-exception
IEEE,IADFD60E4C4193A22,10.1109/wiiat.2008.172,doi:10.1109/wiiat.2008.172,academic,exclude,X1,abstract
IEEE,IAE66B6FA3EDB361C,10.1109/wsc.2001.977335,doi:10.1109/wsc.2001.977335,academic,include,I1,fulltext-exception
IEEE,IAE79E576394E9D71,10.1109/4236.865093,doi:10.1109/4236.865093,academic,exclude,X1,abstract
IEEE,IAE8D6E799524287D,10.1109/cai68641.2026.11536236,doi:10.1109/cai68641.2026.11536236,academic,include,I2,abstract
IEEE,IAE8E13D5A6800A93,10.1109/tsc.2025.3577481,doi:10.1109/tsc.2025.3577481,academic,exclude,X1,abstract
IEEE,IAED60BCD60A76BA9,10.1109/icsccc69031.2026.11600150,doi:10.1109/icsccc69031.2026.11600150,academic,include,I2,abstract
IEEE,IAF3C5F39B64BFA4F,10.1109/access.2026.3681933,doi:10.1109/access.2026.3681933,academic,exclude,X1,abstract
IEEE,IAF62014F3EF32596,10.1109/oceans.2010.5664050,doi:10.1109/oceans.2010.5664050,academic,exclude,X1,abstract
IEEE,IAF7DBE5839454F35,10.1109/tpwrs.2017.2766127,doi:10.1109/tpwrs.2017.2766127,academic,exclude,X1,abstract
IEEE,IAF88415B22F352B8,10.1109/access.2025.3552501,doi:10.1109/access.2025.3552501,academic,exclude,X1,abstract
IEEE,IAFA0C5444C4268D5,10.1109/icise.2009.525,doi:10.1109/icise.2009.525,academic,include,I1,abstract
IEEE,IAFC3FC6397F67C8A,10.1109/ciced.2016.7576416,doi:10.1109/ciced.2016.7576416,academic,include,I1,abstract
IEEE,IAFC6E8C0065B8DAD,10.1109/iscc.2002.1021756,doi:10.1109/iscc.2002.1021756,academic,include,I2,abstract
IEEE,IB00AE47B11FB8B3E,10.1109/wowmom69805.2026.00027,doi:10.1109/wowmom69805.2026.00027,academic,exclude,X1,abstract
IEEE,IB01F0C881E7FE9A4,10.1109/icriis.2011.6125665,doi:10.1109/icriis.2011.6125665,academic,exclude,T1,control-only
IEEE,IB02B986B2ED467F5,10.1109/synasc69064.2025.00051,doi:10.1109/synasc69064.2025.00051,academic,exclude,X1,abstract
IEEE,IB02C23920AD36DA8,10.1109/isecs.2008.84,doi:10.1109/isecs.2008.84,academic,include,I1,fulltext-exception
IEEE,IB03E05A63936A9B6,10.1109/icdmw69685.2025.00147,doi:10.1109/icdmw69685.2025.00147,academic,exclude,X1,abstract
IEEE,IB061A793D121ED75,10.1109/mits.2022.3203573,doi:10.1109/mits.2022.3203573,academic,include,I1,fulltext-exception
IEEE,IB076C034F816C539,10.1109/icpsasia58343.2023.10294402,doi:10.1109/icpsasia58343.2023.10294402,academic,exclude,X1,abstract
IEEE,IB07DD64076CB0343,10.1109/icdmw.2012.34,doi:10.1109/icdmw.2012.34,academic,include,I1,abstract
IEEE,IB0BF2132346A7CAD,10.1109/icebe.2008.85,doi:10.1109/icebe.2008.85,academic,pending,workflow-v2-3/scope_uncertain,fulltext-exception
IEEE,IB0CFA59CD5E616B5,10.1109/focs.2018.00046,doi:10.1109/focs.2018.00046,academic,exclude,X1,abstract
IEEE,IB0D40D42705BD512,10.1109/icect.2004.1319740,doi:10.1109/icect.2004.1319740,academic,include,I1,abstract
IEEE,IB0E8EDEFE61D1B6D,10.1109/isitdi62380.2024.10796541,doi:10.1109/isitdi62380.2024.10796541,academic,exclude,X1,abstract
IEEE,IB1019B92078F5724,10.1109/cdc.2008.4738752,doi:10.1109/cdc.2008.4738752,academic,exclude,X1,abstract
IEEE,IB13E5E92E3D97C85,10.1109/dasc.2014.75,doi:10.1109/dasc.2014.75,academic,exclude,X1,abstract
IEEE,IB14166D508B9A1FB,10.1109/is.2018.8710454,doi:10.1109/is.2018.8710454,academic,include,I1,abstract
IEEE,IB145B8025EDF8660,10.1109/cencon51869.2021.9627254,doi:10.1109/cencon51869.2021.9627254,academic,pending,workflow-v2-3/scope_uncertain,fulltext-exception
IEEE,IB192B3F6940576F2,10.1109/iemecon53809.2021.9689170,doi:10.1109/iemecon53809.2021.9689170,academic,exclude,X1,abstract
IEEE,IB1CA831296588718,10.1049/ic:19960917,doi:10.1049/ic:19960917,academic,exclude,X1,abstract
IEEE,IB1FEDAC4752FCC07,10.1109/chinacom.2006.344665,doi:10.1109/chinacom.2006.344665,academic,pending,workflow-v2-3/scope_uncertain,fulltext-exception
IEEE,IB27CACD74F699AF5,10.1109/ipecon.2010.5696982,doi:10.1109/ipecon.2010.5696982,academic,include,I1,abstract
IEEE,IB296BCCB48FFC23E,10.1109/hicss.2008.435,doi:10.1109/hicss.2008.435,academic,exclude,X1,abstract
IEEE,IB2CA9BE5F45F35E5,10.1109/tc.2013.86,doi:10.1109/tc.2013.86,academic,exclude,X1,abstract
IEEE,IB30F996FFCF564C4,10.1109/ccdc.2010.5498548,doi:10.1109/ccdc.2010.5498548,academic,include,I1,abstract
IEEE,IB335663C638B513D,ieee:5332928,platform:IEEE:5332928,academic,include,I1,abstract
IEEE,IB337DBDE65169EB2,ieee:6085676,platform:IEEE:6085676,academic,include,I1,abstract
IEEE,IB33E8F3EB4BE33D8,10.1109/cyberscitech68397.2025.00061,doi:10.1109/cyberscitech68397.2025.00061,academic,exclude,X1,abstract
IEEE,IB3499057E112BDCF,10.1109/sfcs.2001.959924,doi:10.1109/sfcs.2001.959924,academic,exclude,X1,abstract
IEEE,IB356F7BFFA8427DC,10.1109/icit.2018.8352331,doi:10.1109/icit.2018.8352331,academic,exclude,X1,abstract
IEEE,IB39FD369E2B88AA1,10.1109/raai67517.2025.11423310,doi:10.1109/raai67517.2025.11423310,academic,exclude,X1,abstract
IEEE,IB3B2A34F393EEB35,10.1109/tevc.2005.850264,doi:10.1109/tevc.2005.850264,academic,include,I1,abstract
IEEE,IB3BF7107C79DA979,10.1109/rcar.2016.7784016,doi:10.1109/rcar.2016.7784016,academic,include,I1,abstract
IEEE,IB3CA48B7EF30915C,10.1109/noms56928.2023.10154452,doi:10.1109/noms56928.2023.10154452,academic,exclude,X1,abstract
IEEE,IB3CCB347B56D178E,ieee:5573980,platform:IEEE:5573980,academic,include,I1,fulltext-exception
IEEE,IB3FA99BEAB5D60B1,10.1109/icast52759.2021.9682051,doi:10.1109/icast52759.2021.9682051,academic,exclude,X1,abstract
IEEE,IB402DE42D650D46B,10.1109/cdc.1985.268826,doi:10.1109/cdc.1985.268826,academic,exclude,X1,abstract
IEEE,IB4273115AD0A4A12,10.1109/icebeg.2011.5881340,doi:10.1109/icebeg.2011.5881340,academic,include,I1,abstract
IEEE,IB4437FB244D47E82,10.1109/wsc63780.2024.10838958,doi:10.1109/wsc63780.2024.10838958,academic,include,I1,abstract
IEEE,IB454832EAAA4E264,10.23919/ecc.2013.6669392,doi:10.23919/ecc.2013.6669392,academic,exclude,X1,abstract
IEEE,IB4566F31D852B46B,10.1109/tkde.2005.35,doi:10.1109/tkde.2005.35,academic,pending,workflow-v2-3/scope_uncertain,fulltext-exception
IEEE,IB476A95B4772BDC3,10.1109/dexa.2003.1231988,doi:10.1109/dexa.2003.1231988,academic,exclude,T1,control-only
IEEE,IB493B1786AD754EB,10.1109/etcs.2009.22,doi:10.1109/etcs.2009.22,academic,exclude,X1,abstract
IEEE,IB4B14BB2DD600EB3,10.1109/icee.2010.548,doi:10.1109/icee.2010.548,academic,exclude,X1,abstract
IEEE,IB4B965D523F9E7C9,10.1109/icnnb.2005.1614592,doi:10.1109/icnnb.2005.1614592,academic,include,I1,abstract
IEEE,IB4E46B889E6FA499,10.1109/pes.2011.6039784,doi:10.1109/pes.2011.6039784,academic,include,I1,fulltext-exception
IEEE,IB4EF0685FBB31F8F,10.1109/allerton.2011.6120276,doi:10.1109/allerton.2011.6120276,academic,exclude,X1,abstract
IEEE,IB54032E8CCF1F7C3,10.1007/s40565-017-0327-7,doi:10.1007/s40565-017-0327-7,academic,include,I1,abstract
IEEE,IB54073B97CB67DBF,10.1109/icect.2004.1319724,doi:10.1109/icect.2004.1319724,academic,exclude,X1,abstract
IEEE,IB593C98CDB99158D,10.1109/ccgrid.2008.13,doi:10.1109/ccgrid.2008.13,academic,include,I1,abstract
IEEE,IB5AAD2847252C3B9,10.1109/codit.2018.8394888,doi:10.1109/codit.2018.8394888,academic,exclude,X1,abstract
IEEE,IB5FD21BE52A70AEC,10.1109/2.762813,doi:10.1109/2.762813,academic,exclude,X1,abstract
IEEE,IB60671432624C296,10.1109/iske.2008.4730910,doi:10.1109/iske.2008.4730910,academic,include,I2,fulltext-exception
IEEE,IB6440886C67CC983,10.1108/ijcs-01-2017-0001,doi:10.1108/ijcs-01-2017-0001,academic,pending,workflow-v2-§3/scope_uncertain,fulltext-exception
IEEE,IB64D13D98A1A9DBD,10.1109/soli.2008.4686566,doi:10.1109/soli.2008.4686566,academic,exclude,X1,abstract
IEEE,IB64E4A930961188F,10.1109/iat.2007.41,doi:10.1109/iat.2007.41,academic,pending,workflow-v2-3/scope_uncertain,fulltext-exception
IEEE,IB667925F69E55C1B,10.1109/drpt.2000.855713,doi:10.1109/drpt.2000.855713,academic,pending,workflow-v2-3,abstract
IEEE,IB67A18991651FBF5,10.1109/ssci.2018.8628638,doi:10.1109/ssci.2018.8628638,academic,include,I1,abstract
IEEE,IB6826C37890DB5B9,10.1109/wsc.2016.7822219,doi:10.1109/wsc.2016.7822219,academic,include,I1,abstract
IEEE,IB68B70844D14BF01,10.1109/ccta.2017.8062773,doi:10.1109/ccta.2017.8062773,academic,include,I1,abstract
IEEE,IB69250BCC085F9AB,10.1109/icoict.2014.6914084,doi:10.1109/icoict.2014.6914084,academic,include,I2,abstract
IEEE,IB6B51EF51C492D60,10.1109/tla.2007.4395229,doi:10.1109/tla.2007.4395229,academic,include,I1,abstract
IEEE,IB6B8250ABC0A603F,10.1109/iceta.2012.6418298,doi:10.1109/iceta.2012.6418298,academic,include,I1,abstract
IEEE,IB6BDEDCE76BFA328,10.1109/isee.2008.4562873,doi:10.1109/isee.2008.4562873,academic,include,I1,abstract
IEEE,IB6C3CBB50CA9243C,10.1109/icaic67076.2026.11395759,doi:10.1109/icaic67076.2026.11395759,academic,include,I1,abstract
IEEE,IB6C5626A1D26647C,10.1109/access.2026.3731447,doi:10.1109/access.2026.3731447,academic,exclude,X1,abstract
IEEE,IB6C9EAEF629F622F,10.1109/trustcom.2016.0240,doi:10.1109/trustcom.2016.0240,academic,include,I1,abstract
IEEE,IB6F575912201355C,10.1109/npsif68783.2025.11386322,doi:10.1109/npsif68783.2025.11386322,academic,pending,workflow-v2-3/scope_uncertain,fulltext-exception
IEEE,IB6F592229C68DACD,10.1109/csss.2011.5972186,doi:10.1109/csss.2011.5972186,academic,include,I1,fulltext-exception
IEEE,IB6FD63B589EADE05,10.1109/iwaise.2008.16,doi:10.1109/iwaise.2008.16,academic,exclude,X1,abstract
IEEE,IB74862C5DC5A90F6,10.1109/tvt.2021.3133291,doi:10.1109/tvt.2021.3133291,academic,exclude,X1,abstract
IEEE,IB74EC87D7F544347,10.1109/itcc.2005.95,doi:10.1109/itcc.2005.95,academic,exclude,X1,abstract
IEEE,IB7553634D114D592,10.1109/csci49370.2019.00053,doi:10.1109/csci49370.2019.00053,academic,exclude,X1,abstract
IEEE,IB77CB0CDE2D2BD8B,10.1109/icuas.2017.7991447,doi:10.1109/icuas.2017.7991447,academic,exclude,X1,abstract
IEEE,IB78EEB265336AFA7,10.1109/icicisys.2009.5358035,doi:10.1109/icicisys.2009.5358035,academic,include,I2,abstract
IEEE,IB7A2E27EB01785C3,10.1109/mic.2003.1215666,doi:10.1109/mic.2003.1215666,academic,pending,workflow-v2-3,abstract
IEEE,IB7DF26811A708F5E,10.1109/raai67517.2025.11423320,doi:10.1109/raai67517.2025.11423320,academic,exclude,X1,abstract
IEEE,IB7EE0F33FCC8C509,10.1109/hicss.2000.926913,doi:10.1109/hicss.2000.926913,academic,exclude,X1,abstract
IEEE,IB82DD227E74CDB05,10.1109/access.2026.3736374,doi:10.1109/access.2026.3736374,academic,exclude,T2,control-only
IEEE,IB889144AF7E3CD54,10.1109/cec-eee.2007.17,doi:10.1109/cec-eee.2007.17,academic,include,I1,abstract
IEEE,IB892124E483C3DA5,10.1109/cmpsac.2004.1342803,doi:10.1109/cmpsac.2004.1342803,academic,include,I2,abstract
IEEE,IB8A7B8CEDF7D8B16,10.1109/isra.2012.6219238,doi:10.1109/isra.2012.6219238,academic,include,I1,fulltext-exception
IEEE,IB8ABB9EB2D9D0117,10.1109/icdcsw.2004.1284034,doi:10.1109/icdcsw.2004.1284034,academic,exclude,X1,abstract
IEEE,IB8AE8A326141CA4E,10.1109/jiot.2026.3696316,doi:10.1109/jiot.2026.3696316,academic,exclude,X1,abstract
IEEE,IB8B3CC6605A7A62C,10.1109/icoseit55604.2022.10030021,doi:10.1109/icoseit55604.2022.10030021,academic,exclude,X1,abstract
IEEE,IB8B4E10A2C371B18,10.1109/tii.2022.3168319,doi:10.1109/tii.2022.3168319,academic,include,I1,abstract
IEEE,IB8B54B01279D2730,10.1109/itng.2007.20,doi:10.1109/itng.2007.20,academic,include,I1,abstract
IEEE,IB8DC3EDE3B9AFCD0,10.1109/iita.2008.153,doi:10.1109/iita.2008.153,academic,pending,workflow-v2-3/scope_uncertain,fulltext-exception
IEEE,IB8E4E6ED584FE067,10.1109/reldis.1999.805127,doi:10.1109/reldis.1999.805127,academic,pending,workflow-v2-3,abstract
IEEE,IB903BE1401BD6245,10.1109/agents.2019.8929171,doi:10.1109/agents.2019.8929171,academic,exclude,X1,abstract
IEEE,IB9123233FD3955DA,10.1109/iti.2007.4283721,doi:10.1109/iti.2007.4283721,academic,exclude,T1,control-only
IEEE,IB929988814815CDE,10.1109/hicss.1999.772909,doi:10.1109/hicss.1999.772909,academic,exclude,X1,abstract
IEEE,IB93FC718820285FD,10.1109/iccda.2010.5541211,doi:10.1109/iccda.2010.5541211,academic,exclude,X1,abstract
IEEE,IB94C19B1DC464970,10.1109/radar.2011.5960652,doi:10.1109/radar.2011.5960652,academic,exclude,X1,abstract
IEEE,IB9542CAC5EC0277A,10.1109/agro-geoinformatics70621.2026.11667632,doi:10.1109/agro-geoinformatics70621.2026.11667632,academic,exclude,X1,abstract
IEEE,IB96A6A6214D5CB20,10.1109/synasc.2005.12,doi:10.1109/synasc.2005.12,academic,include,I1,fulltext-exception
IEEE,IB970FE03B765A513,10.1109/alife-cis64968.2025.10979836,doi:10.1109/alife-cis64968.2025.10979836,academic,include,I1,fulltext-exception
IEEE,IB979AC94EED2E8B3,10.1109/access.2016.2591912,doi:10.1109/access.2016.2591912,academic,include,I1,abstract
IEEE,IB98B81768B2A7C61,10.1109/anthology.2013.6784991,doi:10.1109/anthology.2013.6784991,academic,exclude,X1,abstract
IEEE,IB9921954514527EF,10.1109/tits.2020.2991029,doi:10.1109/tits.2020.2991029,academic,exclude,X1,abstract
IEEE,IB9A41CBCED138D00,10.1109/tsg.2024.3495701,doi:10.1109/tsg.2024.3495701,academic,pending,workflow-v2-3/scope_uncertain,fulltext-exception
IEEE,IB9BA1AD30A003E40,10.1109/cac.2018.8623121,doi:10.1109/cac.2018.8623121,academic,exclude,X1,abstract
IEEE,IB9C4916A92BF569D,10.1109/dexa.2001.953142,doi:10.1109/dexa.2001.953142,academic,include,I2,fulltext-exception
IEEE,IB9DA419891EE9ED7,10.1109/icnds.2010.5479133,doi:10.1109/icnds.2010.5479133,academic,exclude,X1,abstract
IEEE,IB9DE6F65BCC0FCF7,10.1109/jiot.2021.3063494,doi:10.1109/jiot.2021.3063494,academic,exclude,X1,abstract
IEEE,IBA05D4F1B6B0068D,10.1109/noms69089.2026.11668192,doi:10.1109/noms69089.2026.11668192,academic,exclude,X1,abstract
IEEE,IBA23AC750026CCA2,10.1109/eem60825.2024.10608854,doi:10.1109/eem60825.2024.10608854,academic,exclude,X1,abstract
IEEE,IBA42BDEB550E3ADF,10.1109/urke.2011.6007901,doi:10.1109/urke.2011.6007901,academic,include,I1,abstract
IEEE,IBA88FD7147A67A7E,10.1109/wccit.2013.6618742,doi:10.1109/wccit.2013.6618742,academic,include,I1,abstract
IEEE,IBAC6001B9A693B75,10.1109/ipdps.2001.924949,doi:10.1109/ipdps.2001.924949,academic,include,I2,abstract
IEEE,IBB0DF1C55B4ED61D,10.1109/icpsasia70813.2026.11692102,doi:10.1109/icpsasia70813.2026.11692102,academic,exclude,T2,control-only
IEEE,IBB1392AD103CA031,10.1109/icbase70763.2026.11619388,doi:10.1109/icbase70763.2026.11619388,academic,exclude,X1,abstract
IEEE,IBB213285342679E0,10.1109/acfpe56003.2022.9952237,doi:10.1109/acfpe56003.2022.9952237,academic,include,I1,abstract
IEEE,IBB40E4E9AE8231F0,10.1109/wi-iat.2013.111,doi:10.1109/wi-iat.2013.111,academic,include,I2,fulltext-exception
IEEE,IBB8E322B1FD60124,10.1109/isip.2008.111,doi:10.1109/isip.2008.111,academic,include,I1,fulltext-exception
IEEE,IBB9EA6D972ED5938,10.1109/mitp.2026.3653141,doi:10.1109/mitp.2026.3653141,academic,include,I1,fulltext-exception
IEEE,IBBA7646807A19ED1,10.1109/iccsnt.2011.6182274,doi:10.1109/iccsnt.2011.6182274,academic,include,I1,abstract
IEEE,IBBD6E3569D4E8F7E,10.1109/mass66014.2025.00025,doi:10.1109/mass66014.2025.00025,academic,exclude,X1,abstract
IEEE,IBBD81A8917DC379B,10.1109/iciba68339.2026.11651809,doi:10.1109/iciba68339.2026.11651809,academic,exclude,X1,abstract
IEEE,IBBDE8A9DE2D50536,10.1109/iciii.2012.6339842,doi:10.1109/iciii.2012.6339842,academic,exclude,X1,abstract
IEEE,IBBE5BEDF6BEC98F8,10.1109/focs.2007.66,doi:10.1109/focs.2007.66,academic,exclude,X1,abstract
IEEE,IBBE70D88BD96BE64,10.1109/usbereit70063.2026.11581004,doi:10.1109/usbereit70063.2026.11581004,academic,exclude,X1,abstract
IEEE,IBBF521C88D95C37F,10.1109/icoin68469.2026.11480580,doi:10.1109/icoin68469.2026.11480580,academic,exclude,X1,abstract
IEEE,IBC21C927EE978928,10.1109/cec.2010.5585963,doi:10.1109/cec.2010.5585963,academic,include,I1,abstract
IEEE,IBC2E1BFF625210C7,10.1109/access.2020.3045713,doi:10.1109/access.2020.3045713,academic,include,I1,fulltext-exception
IEEE,IBC6AC652E7C7AC39,10.1109/wac.2002.1049445,doi:10.1109/wac.2002.1049445,academic,include,I2,fulltext-exception
IEEE,IBC831E3C0BA7BA7E,10.1109/cac67268.2025.11487390,doi:10.1109/cac67268.2025.11487390,academic,exclude,X1,abstract
IEEE,IBC90C4BAA7F85E67,10.1109/ipdps.2005.169,doi:10.1109/ipdps.2005.169,academic,include,I2,abstract
IEEE,IBC9AC37689485D2D,10.1109/mcs.2026.3687280,doi:10.1109/mcs.2026.3687280,academic,pending,workflow-v2-3/scope_uncertain,fulltext-exception
IEEE,IBCA43C6E34A51F07,10.1109/aicconf69182.2026.11600651,doi:10.1109/aicconf69182.2026.11600651,academic,include,I2,abstract
IEEE,IBCA8B53E7D0FACC8,10.1109/icis.2008.120,doi:10.1109/icis.2008.120,academic,exclude,T1,control-only
IEEE,IBCAF666CB865FC3F,10.1109/ichora65333.2025.11017052,doi:10.1109/ichora65333.2025.11017052,academic,include,I1,abstract
IEEE,IBCD0DC3D7C85BFF0,10.1109/icriis48246.2019.9073486,doi:10.1109/icriis48246.2019.9073486,academic,exclude,X1,abstract
IEEE,IBD4762D8E63D5953,10.1002/9781394297061.ch06,doi:10.1002/9781394297061.ch06,academic,pending,workflow-v2-3/scope_uncertain,abstract
IEEE,IBD4CBBEA1FCABECD,10.1109/hicss.2000.926842,doi:10.1109/hicss.2000.926842,academic,pending,workflow-v2-3,abstract
IEEE,IBD61E460575B7EC8,10.1109/chicc.2015.7260766,doi:10.1109/chicc.2015.7260766,academic,exclude,X1,abstract
IEEE,IBD901367D5660BE8,10.1109/icarc68737.2026.11453821,doi:10.1109/icarc68737.2026.11453821,academic,exclude,X1,abstract
IEEE,IBDACC4BD593D9F19,10.1109/noms.2002.1015634,doi:10.1109/noms.2002.1015634,academic,pending,workflow-v2-3/scope_uncertain,fulltext-exception
IEEE,IBDDC7B0AA93FC62C,10.1109/glocom.2016.7842170,doi:10.1109/glocom.2016.7842170,academic,pending,workflow-v2-3/scope_uncertain,fulltext-exception
IEEE,IBDE612B90B0CB79D,10.1109/icca66035.2025.11430865,doi:10.1109/icca66035.2025.11430865,academic,exclude,X1,abstract
IEEE,IBDED2930446D5697,10.1109/iri.2017.34,doi:10.1109/iri.2017.34,academic,exclude,X1,abstract
IEEE,IBE066AD697CB9695,10.1109/tii.2018.2855746,doi:10.1109/tii.2018.2855746,academic,include,I1,abstract
IEEE,IBE0D78081FEA344A,10.1109/case58245.2025.11164097,doi:10.1109/case58245.2025.11164097,academic,exclude,X1,abstract
IEEE,IBE13FC7AF79EF02D,10.1109/cifer.2003.1196257,doi:10.1109/cifer.2003.1196257,academic,include,I1,abstract
IEEE,IBE3B40A91A8156EA,10.1109/cait68620.2025.11424893,doi:10.1109/cait68620.2025.11424893,academic,exclude,X1,abstract
IEEE,IBE5AFA3A00C60766,10.1109/mobiq.2004.1331733,doi:10.1109/mobiq.2004.1331733,academic,pending,workflow-v2-3/scope_uncertain,fulltext-exception
IEEE,IBE62C8F40E911997,10.1109/wicom.2007.1151,doi:10.1109/wicom.2007.1151,academic,include,I1,abstract
IEEE,IBEA1AFFD1049FBFC,10.1109/icalt.2005.247,doi:10.1109/icalt.2005.247,academic,include,I2,fulltext-exception
IEEE,IBEA3A3B937289C75,10.1109/tpwrs.2008.922650,doi:10.1109/tpwrs.2008.922650,academic,exclude,X1,abstract
IEEE,IBF42216939C87CD5,10.1109/infocom59046.2026.11571455,doi:10.1109/infocom59046.2026.11571455,academic,exclude,X1,abstract
IEEE,IBFAC0BAF282333D5,10.1109/tsc.2025.3596626,doi:10.1109/tsc.2025.3596626,academic,include,I1,abstract
IEEE,IBFC15D8E82F70710,10.23919/aeit56783.2022.9951806,doi:10.23919/aeit56783.2022.9951806,academic,include,I1,fulltext-exception
IEEE,IBFE8B89F885FA086,10.1109/ictd.2006.301867,doi:10.1109/ictd.2006.301867,academic,exclude,X1,abstract
IEEE,IBFFF589B5D90B1BB,10.1109/simul.2010.36,doi:10.1109/simul.2010.36,academic,exclude,X1,abstract
IEEE,IC009F07920C3161C,10.1109/isads.2003.1193952,doi:10.1109/isads.2003.1193952,academic,exclude,X1,abstract
IEEE,IC036C1A3A9C13F5C,10.1109/cie.2002.1185862,doi:10.1109/cie.2002.1185862,academic,exclude,X1,abstract
IEEE,IC0381DB921C065BC,10.1109/iscc.1998.702547,doi:10.1109/iscc.1998.702547,academic,pending,workflow-v2-3,abstract
IEEE,IC05F3D0EF863471A,10.1109/tpec51183.2021.9384958,doi:10.1109/tpec51183.2021.9384958,academic,include,I1,abstract
IEEE,IC0799D408142AC44,10.1109/ccaa.2015.7148508,doi:10.1109/ccaa.2015.7148508,academic,include,I1,abstract
IEEE,IC0E988C29758CFE2,10.4108/icst.5gu.2014.257843,doi:10.4108/icst.5gu.2014.257843,academic,include,I1,abstract
IEEE,IC0E9B75ED8150F6C,10.1109/icriset64803.2025.11254804,doi:10.1109/icriset64803.2025.11254804,academic,include,I1,abstract
IEEE,IC0F8B0EEA7FBE860,10.1109/mue.2007.20,doi:10.1109/mue.2007.20,academic,pending,workflow-v2-3/scope_uncertain,fulltext-exception
IEEE,IC1097CC7BD4C8CB2,10.1109/icsssm.2005.1500114,doi:10.1109/icsssm.2005.1500114,academic,include,I1,abstract
IEEE,IC13BD299EADB2BC2,10.1109/mc.2002.1046974,doi:10.1109/mc.2002.1046974,academic,include,I2,abstract
IEEE,IC14BA8F7C88AFBC2,10.1109/icecet65726.2026.11632299,doi:10.1109/icecet65726.2026.11632299,academic,include,I2,abstract
IEEE,IC159DBE5BFA97B00,10.1109/icdmw69685.2025.00206,doi:10.1109/icdmw69685.2025.00206,academic,exclude,X1,abstract
IEEE,IC15E23A23D1E1715,10.1109/ptc.2003.1304695,doi:10.1109/ptc.2003.1304695,academic,exclude,X1,abstract
IEEE,IC1925ADD0F55605E,10.1109/slaai-icai63667.2024.10844986,doi:10.1109/slaai-icai63667.2024.10844986,academic,exclude,X1,abstract
IEEE,IC1933E4C418B2F30,10.1109/icaicta67604.2025.11335112,doi:10.1109/icaicta67604.2025.11335112,academic,exclude,X1,abstract
IEEE,IC1C30E274329CBD0,10.1002/9781394200801.ch18,doi:10.1002/9781394200801.ch18,academic,exclude,X1,abstract
IEEE,IC20DD139EFAD5298,10.1109/tmc.2023.3239845,doi:10.1109/tmc.2023.3239845,academic,exclude,X1,abstract
IEEE,IC2237392BE77AC0C,10.26599/ijcs.2025.9100001,doi:10.26599/ijcs.2025.9100001,academic,exclude,X1,abstract
IEEE,IC24A8898A00950A4,10.1109/iccet70051.2026.11659006,doi:10.1109/iccet70051.2026.11659006,academic,exclude,X1,abstract
IEEE,IC24C75E40E9DCB16,ieee:11711259,platform:IEEE:11711259,academic,exclude,T2,control-only
IEEE,IC25A7E7A541D52AC,10.1109/isemantic50169.2020.9234258,doi:10.1109/isemantic50169.2020.9234258,academic,exclude,X1,abstract
IEEE,IC25DF8C6FBB36402,10.1109/umedia.2008.4570964,doi:10.1109/umedia.2008.4570964,academic,exclude,T1,control-only
IEEE,IC2690BD774745628,10.1109/aiworc.2000.843283,doi:10.1109/aiworc.2000.843283,academic,include,I1,abstract
IEEE,IC2799B1D8E2DD70B,10.1109/urtc68753.2025.11533139,doi:10.1109/urtc68753.2025.11533139,academic,exclude,X1,abstract
IEEE,IC279EF187BB51B94,10.1109/bigdata66926.2025.11401555,doi:10.1109/bigdata66926.2025.11401555,academic,exclude,X1,abstract
IEEE,IC29A6B144FA85C95,10.1109/enabl.1997.630821,doi:10.1109/enabl.1997.630821,academic,exclude,X1,abstract
IEEE,IC2A48351B7E89CBA,10.1109/icait61638.2024.10690316,doi:10.1109/icait61638.2024.10690316,academic,pending,workflow-v2-3/scope_uncertain,fulltext-exception
IEEE,IC2AA612D38A9A85B,10.1109/pgsret.2018.8686004,doi:10.1109/pgsret.2018.8686004,academic,include,I1,abstract
IEEE,IC2C833AF472A6E0C,10.1109/etis64005.2025.10961724,doi:10.1109/etis64005.2025.10961724,academic,include,I1,abstract
IEEE,IC2C9458C748BB2E3,ieee:6268926,platform:IEEE:6268926,academic,exclude,X1,fulltext-exception
IEEE,IC2C96B7F325F251E,10.1109/ic3et64989.2026.11467510,doi:10.1109/ic3et64989.2026.11467510,academic,exclude,X1,abstract
IEEE,IC2CCE07CDEB48C76,10.1109/edoc.1997.628376,doi:10.1109/edoc.1997.628376,academic,include,I1,abstract
IEEE,IC2E174DDA09B7F21,10.1109/ccwc67433.2026.11393711,doi:10.1109/ccwc67433.2026.11393711,academic,exclude,X1,abstract
IEEE,IC2E318A43A167DDE,10.1109/cec.2001.934341,doi:10.1109/cec.2001.934341,academic,exclude,X1,abstract
IEEE,IC2F274E058358E01,10.1109/isads.2001.917408,doi:10.1109/isads.2001.917408,academic,include,I1,fulltext-exception
IEEE,IC30161AF55EC4F5B,10.1109/iwads.2000.880878,doi:10.1109/iwads.2000.880878,academic,exclude,X1,abstract
IEEE,IC307235BB0ABC2F3,10.1109/enc.2004.1342594,doi:10.1109/enc.2004.1342594,academic,exclude,X1,abstract
IEEE,IC30FE0CAFF1FBF5E,10.1109/cifer.2012.6327822,doi:10.1109/cifer.2012.6327822,academic,pending,workflow-v2-3/scope_uncertain,fulltext-exception
IEEE,IC31F9E8BCAF1DB65,10.1109/bdcloud.2018.00024,doi:10.1109/bdcloud.2018.00024,academic,exclude,X1,abstract
IEEE,IC33BA1C0035FFB5E,ieee:6060185,platform:IEEE:6060185,academic,pending,T1,control-only
IEEE,IC3600DFA67A30497,10.1109/scc.2004.1357971,doi:10.1109/scc.2004.1357971,academic,exclude,T1,control-only
IEEE,IC36E0E3AC30D913B,10.1109/fuzz.2001.1009021,doi:10.1109/fuzz.2001.1009021,academic,exclude,X1,abstract
IEEE,IC3B4DDB0078667F6,10.1109/cdc.2008.4738808,doi:10.1109/cdc.2008.4738808,academic,exclude,X1,abstract
IEEE,IC3C841B2C9D7CF2E,10.1109/tsc.2024.3387734,doi:10.1109/tsc.2024.3387734,academic,include,I1,abstract
IEEE,IC3C9555EE9E283FD,10.1109/cmpsac.1999.814322,doi:10.1109/cmpsac.1999.814322,academic,include,I2,abstract
IEEE,IC3D9153FEB9D869A,10.1109/greentech68285.2026.11471555,doi:10.1109/greentech68285.2026.11471555,academic,exclude,X1,abstract
IEEE,IC3F72FE7FACE5481,10.1109/icsses64899.2025.11009613,doi:10.1109/icsses64899.2025.11009613,academic,include,I1,abstract
IEEE,IC4045F8BDF9DC702,10.1109/jiot.2026.3725405,doi:10.1109/jiot.2026.3725405,academic,include,I1,abstract
IEEE,IC405F50F99BA6199,10.1109/eee.2004.1287341,doi:10.1109/eee.2004.1287341,academic,include,I1,abstract
IEEE,IC448D3A30A8B7DB4,10.1109/access.2021.3117906,doi:10.1109/access.2021.3117906,academic,exclude,X1,abstract
IEEE,IC453A7AEE8A41325,10.1109/cdc.2007.4434926,doi:10.1109/cdc.2007.4434926,academic,exclude,X1,abstract
IEEE,IC4627B7FB7C20CEF,10.1109/apscc.2008.185,doi:10.1109/apscc.2008.185,academic,include,I1,abstract
IEEE,IC49105B831158927,10.1109/chicc.2016.7554827,doi:10.1109/chicc.2016.7554827,academic,exclude,X1,abstract
IEEE,IC4A87072ACB404B7,10.1109/icect.2004.1319737,doi:10.1109/icect.2004.1319737,academic,include,I2,abstract
IEEE,IC4A90DCA0F76EACC,10.1109/cscwd.2014.6846869,doi:10.1109/cscwd.2014.6846869,academic,include,I1,abstract
IEEE,IC4D487F3D8C26AF3,10.1109/ccgrid68966.2026.00047,doi:10.1109/ccgrid68966.2026.00047,academic,include,I2,abstract
IEEE,IC50424B67EEE8E4D,10.1109/bmei.2010.5639800,doi:10.1109/bmei.2010.5639800,academic,pending,workflow-v2-3/scope_uncertain,fulltext-exception
IEEE,IC527AF7162648384,10.1109/iccoins.2016.7783287,doi:10.1109/iccoins.2016.7783287,academic,include,I2,fulltext-exception
IEEE,IC54201D7BE4D58FF,10.1109/icscst70031.2026.11709836,doi:10.1109/icscst70031.2026.11709836,academic,exclude,T2,control-only
IEEE,IC54296F740E8E534,10.1109/icosci66700.2026.11447632,doi:10.1109/icosci66700.2026.11447632,academic,exclude,X1,abstract
IEEE,IC543A07FD374384C,10.1109/5254.895859,doi:10.1109/5254.895859,academic,exclude,X1,abstract
IEEE,IC54CBB69723F2F9C,10.1109/i2mtc.2013.6555385,doi:10.1109/i2mtc.2013.6555385,academic,exclude,X1,abstract
IEEE,IC550EE4FE1AF6D93,10.1109/eem.2012.6254704,doi:10.1109/eem.2012.6254704,academic,include,I1,abstract
IEEE,IC55A01489F216934,10.1109/dasc/picom/datacom/cyberscitec.2018.00125,doi:10.1109/dasc/picom/datacom/cyberscitec.2018.00125,academic,include,I1,abstract
IEEE,IC56DEE627B551104,10.1109/smc.2018.00170,doi:10.1109/smc.2018.00170,academic,include,I1,abstract
IEEE,IC5EDE819E31924C2,10.1109/tccn.2025.3641588,doi:10.1109/tccn.2025.3641588,academic,exclude,X1,abstract
IEEE,IC5F4F6B3552C57FB,10.1109/amt.2005.1505318,doi:10.1109/amt.2005.1505318,academic,include,I1,abstract
IEEE,IC62B79B936FC645A,10.1109/wintechcon66724.2025.11430100,doi:10.1109/wintechcon66724.2025.11430100,academic,exclude,X1,abstract
IEEE,IC66823FB569957EF,10.1109/itsc55140.2022.9921968,doi:10.1109/itsc55140.2022.9921968,academic,exclude,X1,abstract
IEEE,IC66D65EA077790B5,10.1109/ias.2017.8101788,doi:10.1109/ias.2017.8101788,academic,include,I1,abstract
IEEE,IC68A3C27A3E56726,10.1109/icmit.2008.4654443,doi:10.1109/icmit.2008.4654443,academic,include,I2,abstract
IEEE,IC68F894A5E872E5E,10.1109/wi-iatw.2006.31,doi:10.1109/wi-iatw.2006.31,academic,exclude,X1,abstract
IEEE,IC696EE1D30F9D0CE,10.1109/codit66093.2025.11321879,doi:10.1109/codit66093.2025.11321879,academic,include,I1,abstract
IEEE,IC6AD85401A9C08B9,10.1109/iscsct.2008.21,doi:10.1109/iscsct.2008.21,academic,exclude,X1,abstract
IEEE,IC6B0FCF729F063F3,10.1109/iccima.2007.374,doi:10.1109/iccima.2007.374,academic,include,I1,abstract
IEEE,IC6EC7BB5A26689BB,10.1109/aiotc71250.2026.11688366,doi:10.1109/aiotc71250.2026.11688366,academic,exclude,T2,control-only
IEEE,IC6F65AC72AFB47DB,10.1109/cimca.2006.133,doi:10.1109/cimca.2006.133,academic,exclude,T1,control-only
IEEE,IC7008B9DBD776A87,10.1109/mrs66243.2025.11357252,doi:10.1109/mrs66243.2025.11357252,academic,exclude,X1,abstract
IEEE,IC721CF8BC7E8D4C9,10.1109/synasc.2005.44,doi:10.1109/synasc.2005.44,academic,include,I1,fulltext-exception
IEEE,IC74F646B808B05F6,10.1109/iat.2006.13,doi:10.1109/iat.2006.13,academic,exclude,X1,abstract
IEEE,IC770E86E894764C7,10.1109/focs.2013.73,doi:10.1109/focs.2013.73,academic,exclude,X1,abstract
IEEE,IC7771F0CCFF0137F,10.1109/tqcebt67648.2026.11681528,doi:10.1109/tqcebt67648.2026.11681528,academic,exclude,X1,abstract
IEEE,IC785B609CCF84F72,10.1109/eleco69582.2025.11329273,doi:10.1109/eleco69582.2025.11329273,academic,include,I2,abstract
IEEE,IC79424F4F660EDC7,10.1109/cieec60922.2024.10583815,doi:10.1109/cieec60922.2024.10583815,academic,pending,workflow-v2-3/scope_uncertain,fulltext-exception
IEEE,IC79D2E594F92BFBB,10.1109/jas.2023.123321,doi:10.1109/jas.2023.123321,academic,exclude,X1,abstract
IEEE,IC7ADE3241B484DBA,10.1109/icife.2009.43,doi:10.1109/icife.2009.43,academic,exclude,T1,control-only
IEEE,IC7DC38E7BB1C2E97,10.1109/icpcsn68523.2026.11543892,doi:10.1109/icpcsn68523.2026.11543892,academic,exclude,X1,abstract
IEEE,IC7DF33EC29A63203,10.1109/wcnc.2004.1311536,doi:10.1109/wcnc.2004.1311536,academic,exclude,X1,abstract
IEEE,IC7DFFF7C0448D38A,10.1109/icise.2009.437,doi:10.1109/icise.2009.437,academic,include,I1,fulltext-exception
IEEE,IC7E58BA9ED69FE4D,10.1109/icii.2001.983524,doi:10.1109/icii.2001.983524,academic,include,I1,abstract
IEEE,IC7EFADFDD060EFC4,10.1109/icndsa68777.2026.11652271,doi:10.1109/icndsa68777.2026.11652271,academic,exclude,X1,abstract
IEEE,IC7FC80E229A2376F,10.1109/incet51464.2021.9456159,doi:10.1109/incet51464.2021.9456159,academic,exclude,X1,abstract
IEEE,IC81203F9D840C23D,10.1109/icc59461.2026.11587361,doi:10.1109/icc59461.2026.11587361,academic,exclude,X1,abstract
IEEE,IC81430720E6126BA,10.1109/ur69537.2026.11626710,doi:10.1109/ur69537.2026.11626710,academic,exclude,X1,abstract
IEEE,IC81B5948078E726A,10.1109/tla.2020.9387641,doi:10.1109/tla.2020.9387641,academic,include,I1,abstract
IEEE,IC832805F93AEDA22,10.1109/ibdap69915.2026.11677753,doi:10.1109/ibdap69915.2026.11677753,academic,include,I2,fulltext-exception
IEEE,IC83DBB71FB3B8957,10.1093/comjnl/bxv061,doi:10.1093/comjnl/bxv061,academic,pending,workflow-v2-§3,abstract
IEEE,IC8561570E645D982,10.1109/nca.2004.1347810,doi:10.1109/nca.2004.1347810,academic,exclude,X1,abstract
IEEE,IC88A61A7F7A3F072,10.1109/icmecg.2009.95,doi:10.1109/icmecg.2009.95,academic,include,I1,abstract
IEEE,IC8D74D780A8C7BD1,10.1109/imcec.2016.7867264,doi:10.1109/imcec.2016.7867264,academic,pending,workflow-v2-3/scope_uncertain,fulltext-exception
IEEE,IC8DFB7E5371F1005,10.1109/iccv51070.2023.00752,doi:10.1109/iccv51070.2023.00752,academic,exclude,X1,abstract
IEEE,IC8F4AE19A16E05F1,10.1109/jiot.2021.3082769,doi:10.1109/jiot.2021.3082769,academic,include,I1,abstract
IEEE,IC944338A822A7BFF,10.1109/icscai68849.2026.11648959,doi:10.1109/icscai68849.2026.11648959,academic,exclude,X1,abstract
IEEE,IC947B3CD6364DCA6,10.1109/4236.780967,doi:10.1109/4236.780967,academic,include,I2,abstract
IEEE,IC95645DC74E51582,10.1109/mue.2009.73,doi:10.1109/mue.2009.73,academic,exclude,X1,abstract
IEEE,IC96866A69128B83D,10.1109/icmlc.2002.1176753,doi:10.1109/icmlc.2002.1176753,academic,exclude,X1,abstract
IEEE,IC97ADFAB7A99CFF1,10.1109/icise.2010.5688986,doi:10.1109/icise.2010.5688986,academic,exclude,X1,abstract
IEEE,IC9912A85462B5674,10.1109/dsn-s70715.2026.00052,doi:10.1109/dsn-s70715.2026.00052,academic,exclude,X1,abstract
IEEE,IC9B4275C39493FFF,10.1109/icsmc.2010.5642224,doi:10.1109/icsmc.2010.5642224,academic,exclude,X1,abstract
IEEE,IC9D8A0A9983E3A4E,10.1109/tsmca.2007.893474,doi:10.1109/tsmca.2007.893474,academic,include,I2,abstract
IEEE,IC9DE6FBEBFD158F8,10.1109/fcc.2009.23,doi:10.1109/fcc.2009.23,academic,include,I1,abstract
IEEE,IC9E28CB55E04127F,10.1109/icmas.2000.858494,doi:10.1109/icmas.2000.858494,academic,include,I1,abstract
IEEE,IC9F1CA0CD1E686C7,10.1109/coec.2003.1210272,doi:10.1109/coec.2003.1210272,academic,pending,workflow-v2-3/scope_uncertain,fulltext-exception
IEEE,ICA0571909BF0A9A1,10.1109/ncm.2009.89,doi:10.1109/ncm.2009.89,academic,exclude,X1,abstract
IEEE,ICA31C110C636BD89,10.1109/mits.2019.2953524,doi:10.1109/mits.2019.2953524,academic,include,I1,abstract
IEEE,ICA66CAE6A09F88A0,10.1109/cw.2007.20,doi:10.1109/cw.2007.20,academic,exclude,X1,abstract
IEEE,ICA71A53700149BE8,10.1109/casset.2004.1322906,doi:10.1109/casset.2004.1322906,academic,include,I2,abstract
IEEE,ICA72F7B4B26856EF,10.1093/imaman/dpt003,doi:10.1093/imaman/dpt003,academic,exclude,X1,abstract
IEEE,ICA9233DD5B5ACDF0,10.1109/lra.2022.3144516,doi:10.1109/lra.2022.3144516,academic,exclude,X1,abstract
IEEE,ICAB90903C7EE4D94,10.1109/lcn.2004.23,doi:10.1109/lcn.2004.23,academic,include,I1,fulltext-exception
IEEE,ICAEB27BF01B5298A,10.1109/ecmr59166.2023.10256388,doi:10.1109/ecmr59166.2023.10256388,academic,exclude,X1,abstract
IEEE,ICB2EA23108E1D4E8,ieee:11711268,platform:IEEE:11711268,academic,exclude,T2,control-only
IEEE,ICB3CD2576FC7E1C6,10.1109/tgrs.2026.3724339,doi:10.1109/tgrs.2026.3724339,academic,exclude,X1,abstract
IEEE,ICB7994B9CCBA21D3,10.1109/iat.2005.135,doi:10.1109/iat.2005.135,academic,include,I1,abstract
IEEE,ICB8B302AD3BD650E,10.1109/iccsmt54525.2021.00122,doi:10.1109/iccsmt54525.2021.00122,academic,include,I1,fulltext-exception
IEEE,ICB8F749558718582,10.1109/svcc69905.2026.11642185,doi:10.1109/svcc69905.2026.11642185,academic,pending,workflow-v2-§3,abstract
IEEE,ICB990E1099295866,10.1109/ase63991.2025.00356,doi:10.1109/ase63991.2025.00356,academic,exclude,X1,abstract
IEEE,ICBAA473AD481CBD0,10.1109/hicss.1999.773059,doi:10.1109/hicss.1999.773059,academic,exclude,X1,abstract
IEEE,ICBBCA2AF089B9D09,10.1109/wicom.2009.5305787,doi:10.1109/wicom.2009.5305787,academic,include,I1,abstract
IEEE,ICBF19C6F7B3A388D,10.1109/tencon.2000.888749,doi:10.1109/tencon.2000.888749,academic,include,I1,abstract
IEEE,ICC2325458D03A63A,10.13052/jwe1540-9589.2521,doi:10.13052/jwe1540-9589.2521,academic,exclude,X1,abstract
IEEE,ICC3857F97E78A9DF,10.1109/vtc2023-fall60731.2023.10333815,doi:10.1109/vtc2023-fall60731.2023.10333815,academic,include,I1,abstract
IEEE,ICC4F55194F97289E,10.1109/4236.914648,doi:10.1109/4236.914648,academic,include,I1,abstract
IEEE,ICC56E5FA986925B1,10.1109/cit.2005.163,doi:10.1109/cit.2005.163,academic,include,I1,fulltext-exception
IEEE,ICC75E4DE44FBF2DD,10.1109/cscwd.2009.4968064,doi:10.1109/cscwd.2009.4968064,academic,exclude,X1,abstract
IEEE,ICC848CC05844019C,10.1109/iat.2005.90,doi:10.1109/iat.2005.90,academic,exclude,X1,abstract
IEEE,ICC9F6FB92B17B072,10.1109/isgt.2012.6175613,doi:10.1109/isgt.2012.6175613,academic,include,I1,abstract
IEEE,ICCC394ED49B003A4,10.1109/aim.2005.1511206,doi:10.1109/aim.2005.1511206,academic,include,I1,abstract
IEEE,ICCD0AF17025D27CE,10.1109/icesic67389.2026.11496512,doi:10.1109/icesic67389.2026.11496512,academic,include,I2,abstract
IEEE,ICCE54BC724564A58,10.1109/ciacon70148.2026.11688532,doi:10.1109/ciacon70148.2026.11688532,academic,exclude,T2,control-only
IEEE,ICD2C66505AD88A35,10.1109/ic-eeta66496.2025.11548304,doi:10.1109/ic-eeta66496.2025.11548304,academic,exclude,X1,abstract
IEEE,ICD5DCB6E5DDB7E89,10.1109/tmc.2025.3608291,doi:10.1109/tmc.2025.3608291,academic,include,I1,fulltext-exception
IEEE,ICD7CD68D8DFB8113,10.1109/icmlc.2005.1526950,doi:10.1109/icmlc.2005.1526950,academic,include,I2,abstract
IEEE,ICD7D86B721D2F6A7,10.1109/iceee.2010.5661111,doi:10.1109/iceee.2010.5661111,academic,exclude,T1,control-only
IEEE,ICD8924A6E297D504,10.1109/fskd.2008.124,doi:10.1109/fskd.2008.124,academic,exclude,X1,abstract
IEEE,ICD93D491BF4AFF00,10.1109/icsmc.2009.5346278,doi:10.1109/icsmc.2009.5346278,academic,include,I1,abstract
IEEE,ICDC35176D9A12212,10.1109/icici65870.2025.11069802,doi:10.1109/icici65870.2025.11069802,academic,exclude,X1,abstract
IEEE,ICDCB055AB92ABF49,10.1109/isads.2001.917407,doi:10.1109/isads.2001.917407,academic,include,I1,abstract
IEEE,ICDE644DA6365FD82,10.1109/ais69919.2026.11621301,doi:10.1109/ais69919.2026.11621301,academic,exclude,X1,fulltext-exception
IEEE,ICE13110861AEADFB,ieee:6125562,platform:IEEE:6125562,academic,include,I1,abstract
IEEE,ICE1CD1A2F1F2B83E,10.1109/icbc67748.2026.11575532,doi:10.1109/icbc67748.2026.11575532,academic,include,I1,abstract
IEEE,ICE2E4C3D9C253543,10.1109/iciba50161.2020.9277188,doi:10.1109/iciba50161.2020.9277188,academic,exclude,X1,abstract
IEEE,ICE37C71986450F3B,10.1109/ccdc.2019.8833245,doi:10.1109/ccdc.2019.8833245,academic,exclude,X1,abstract
IEEE,ICE385CC270C43717,10.1109/cdc.2005.1582297,doi:10.1109/cdc.2005.1582297,academic,exclude,X1,abstract
IEEE,ICE44BC66F31B5A22,10.1109/icws72778.2026.00185,doi:10.1109/icws72778.2026.00185,academic,exclude,X1,abstract
IEEE,ICE54DC824E095205,10.1109/ical.2012.6308175,doi:10.1109/ical.2012.6308175,academic,exclude,X1,abstract
IEEE,ICE604008D30FEDEB,10.1109/6294.939971,doi:10.1109/6294.939971,academic,exclude,X1,abstract
IEEE,ICE893EE9835EC0EB,10.1109/pedes.2016.7914491,doi:10.1109/pedes.2016.7914491,academic,include,I1,abstract
IEEE,ICE8AF8E9750737DD,10.1109/tvt.2026.3682538,doi:10.1109/tvt.2026.3682538,academic,exclude,X1,abstract
IEEE,ICE93C1750E91004C,10.1109/wi.2004.10006,doi:10.1109/wi.2004.10006,academic,exclude,X1,abstract
IEEE,ICEA78BF6499411D5,10.1109/iccma54375.2021.9646189,doi:10.1109/iccma54375.2021.9646189,academic,exclude,X1,abstract
IEEE,ICF04B89D6D23236A,10.1109/iat.2006.60,doi:10.1109/iat.2006.60,academic,include,I1,abstract
IEEE,ICF14C7F707E52DBE,10.1109/icca66035.2025.11431093,doi:10.1109/icca66035.2025.11431093,academic,include,I2,abstract
IEEE,ICF20A82340A3FE33,10.1109/tqcebt67648.2026.11681829,doi:10.1109/tqcebt67648.2026.11681829,academic,exclude,X1,abstract
IEEE,ICF2D8A25CA8BB2A4,10.1109/icect.2005.15,doi:10.1109/icect.2005.15,academic,include,I1,abstract
IEEE,ICF3832FC4B6CB6D7,10.1109/cyberc.2009.5342190,doi:10.1109/cyberc.2009.5342190,academic,include,I2,abstract
IEEE,ICF60F5EFB5629C55,10.1109/svcc69905.2026.11642241,doi:10.1109/svcc69905.2026.11642241,academic,include,I2,abstract
IEEE,ICF62BAD1CFB3C6E0,10.1109/pesim67009.2026.11438861,doi:10.1109/pesim67009.2026.11438861,academic,exclude,X1,abstract
IEEE,ICF6977A3516AAFDA,10.1109/blockchain53845.2021.00064,doi:10.1109/blockchain53845.2021.00064,academic,exclude,X1,abstract
IEEE,ICF78A5F9E4C10D9E,10.1109/fskd.2008.368,doi:10.1109/fskd.2008.368,academic,include,I1,abstract
IEEE,ICF84D45CA38BE7F4,10.1109/emc68537.2026.11441952,doi:10.1109/emc68537.2026.11441952,academic,exclude,X1,abstract
IEEE,ICF9ECCCB86678890,10.1109/icbc64466.2025.11114671,doi:10.1109/icbc64466.2025.11114671,academic,include,I1,abstract
IEEE,ICFA80F9A9CDDCA85,10.1109/itre.2006.381576,doi:10.1109/itre.2006.381576,academic,exclude,X1,abstract
IEEE,ICFB71A2F73115E2C,10.1109/access.2020.3029189,doi:10.1109/access.2020.3029189,academic,exclude,X1,abstract
IEEE,ICFBCB62F555D37D8,10.1109/iat.2006.43,doi:10.1109/iat.2006.43,academic,exclude,X1,abstract
IEEE,ICFC945DF74DB510B,10.1109/hicss.2016.52,doi:10.1109/hicss.2016.52,academic,include,I1,abstract
IEEE,ICFD98C70751B630C,10.1109/icit.2007.31,doi:10.1109/icit.2007.31,academic,exclude,X1,abstract
IEEE,ICFDA8DFF4400F020,10.1109/ictta.2006.1684958,doi:10.1109/ictta.2006.1684958,academic,include,I2,abstract
IEEE,ICFDF60851F1B2865,10.1109/wicom.2007.1176,doi:10.1109/wicom.2007.1176,academic,exclude,X1,abstract
IEEE,ICFE6AFB35791BBDD,10.1109/icccbda69573.2026.11676588,doi:10.1109/icccbda69573.2026.11676588,academic,exclude,X1,abstract
IEEE,ID016518E62445D79,10.1109/icmse.2007.4421842,doi:10.1109/icmse.2007.4421842,academic,include,I1,abstract
IEEE,ID0166C343658741A,10.1109/iiai-aai.2014.91,doi:10.1109/iiai-aai.2014.91,academic,exclude,X1,abstract
IEEE,ID02547FB21D95748,10.1109/icnsc66229.2025.00079,doi:10.1109/icnsc66229.2025.00079,academic,exclude,X1,abstract
IEEE,ID025B4A1B0553CF4,10.1109/mnet.2026.3660124,doi:10.1109/mnet.2026.3660124,academic,exclude,X1,abstract
IEEE,ID031AD468E7A4992,10.1109/icebe.2008.67,doi:10.1109/icebe.2008.67,academic,exclude,X1,abstract
IEEE,ID06B43EC5BB85C1F,10.1109/dexa.2006.126,doi:10.1109/dexa.2006.126,academic,include,I2,abstract
IEEE,ID07615024016B03E,10.1109/hicss.2004.1265173,doi:10.1109/hicss.2004.1265173,academic,include,I1,abstract
IEEE,ID08CF368AE246280,10.1109/tcns.2019.2959164,doi:10.1109/tcns.2019.2959164,academic,exclude,X1,abstract
IEEE,ID09761B26A176738,10.1109/icitiit68860.2026.11499660,doi:10.1109/icitiit68860.2026.11499660,academic,exclude,X1,abstract
IEEE,ID0CEF50750263285,10.1109/pdcat.2006.11,doi:10.1109/pdcat.2006.11,academic,exclude,X1,abstract
IEEE,ID0D9B5C0F5C4A4A4,10.1109/metacom65502.2025.00070,doi:10.1109/metacom65502.2025.00070,academic,exclude,X1,abstract
IEEE,ID0DECDBFEBDBCD6A,10.1109/drpt.2008.4523472,doi:10.1109/drpt.2008.4523472,academic,exclude,X1,abstract
IEEE,ID0E97108E5FC3D41,10.1109/nswctc.2009.195,doi:10.1109/nswctc.2009.195,academic,pending,workflow-v2-3/scope_uncertain,fulltext-exception
IEEE,ID0F95E11A4E7B6C0,10.1109/icscss64956.2025.11500924,doi:10.1109/icscss64956.2025.11500924,academic,exclude,X1,abstract
IEEE,ID1020A00B2D8C9C6,10.1109/cec-eee.2007.31,doi:10.1109/cec-eee.2007.31,academic,include,I2,abstract
IEEE,ID1224DD5F951D5D6,10.1109/induscon58041.2023.10375030,doi:10.1109/induscon58041.2023.10375030,academic,include,I1,fulltext-exception
IEEE,ID1242EE6CE4FB184,10.1109/mnet.2026.3699359,doi:10.1109/mnet.2026.3699359,academic,exclude,X1,abstract
IEEE,ID1A6AE03F7561926,10.1109/isc2.2015.7366213,doi:10.1109/isc2.2015.7366213,academic,include,I1,abstract
IEEE,ID1E6EA7E0714989D,10.1109/ubmk.2017.8093474,doi:10.1109/ubmk.2017.8093474,academic,include,I1,abstract
IEEE,ID1EE0CB16BCE54BC,10.1109/swste.2012.14,doi:10.1109/swste.2012.14,academic,include,I2,abstract
IEEE,ID1F69709F1791D8C,10.1109/softt67007.2025.11213027,doi:10.1109/softt67007.2025.11213027,academic,pending,V1/source_content_conflict;workflow-v2-3/scope_uncertain,fulltext-exception
IEEE,ID20043E4652D15C5,10.1109/icecet65726.2026.11633116,doi:10.1109/icecet65726.2026.11633116,academic,include,I2,abstract
IEEE,ID22FE4FB72E19078,10.1109/focs.2015.95,doi:10.1109/focs.2015.95,academic,exclude,X1,abstract
IEEE,ID238FE062AE9F70F,10.1109/pimrc.2011.6140043,doi:10.1109/pimrc.2011.6140043,academic,include,I1,abstract
IEEE,ID2A1FA4D63239BF2,10.1109/uic-atc-scalcom-cbdcom-iop-smartworld.2016.0097,doi:10.1109/uic-atc-scalcom-cbdcom-iop-smartworld.2016.0097,academic,include,I1,abstract
IEEE,ID2ACBC332FF28721,10.1109/tsmc.2016.2523910,doi:10.1109/tsmc.2016.2523910,academic,exclude,X1,abstract
IEEE,ID2AD6F79243F4631,10.1109/hpdc.2005.1520974,doi:10.1109/hpdc.2005.1520974,academic,exclude,X1,abstract
IEEE,ID2D80CB28D0AAE24,10.1109/eicars68214.2025.11320232,doi:10.1109/eicars68214.2025.11320232,academic,exclude,X1,abstract
IEEE,ID2D8E73F8F1980EB,10.23919/iiai-aaicps00095.2026.00185,doi:10.23919/iiai-aaicps00095.2026.00185,academic,include,I1,abstract
IEEE,ID2DB9F63CB89B28D,10.1109/pes.2011.6039772,doi:10.1109/pes.2011.6039772,academic,include,I1,abstract
IEEE,ID3303E93D32D8FC7,10.1109/ebiss.2009.5138041,doi:10.1109/ebiss.2009.5138041,academic,exclude,X1,abstract
IEEE,ID38343A43A2076D8,10.1109/icmas.2000.858520,doi:10.1109/icmas.2000.858520,academic,include,I1,abstract
IEEE,ID38BD33F54642D0A,10.1109/cec.2005.1555001,doi:10.1109/cec.2005.1555001,academic,include,I1,abstract
IEEE,ID3A01F302E0A5211,10.1109/icmb-gmr.2010.60,doi:10.1109/icmb-gmr.2010.60,academic,pending,workflow-v2-3/scope_uncertain,fulltext-exception
IEEE,ID3A8E64D972A5A4E,10.1109/access.2020.3009351,doi:10.1109/access.2020.3009351,academic,exclude,X1,abstract
IEEE,ID3B33DBC353A9503,10.1109/icsssm.2005.1500141,doi:10.1109/icsssm.2005.1500141,academic,exclude,X1,abstract
IEEE,ID3BAC9A3B17A296E,10.1109/dexa.2001.953134,doi:10.1109/dexa.2001.953134,academic,include,I1,abstract
IEEE,ID3C680C332D483AB,10.1109/tsg.2023.3288277,doi:10.1109/tsg.2023.3288277,academic,exclude,X1,abstract
IEEE,ID3C9569077F0EDEE,10.1109/tsg.2017.2779826,doi:10.1109/tsg.2017.2779826,academic,include,I2,abstract
IEEE,ID3D298BA019842E4,10.1109/smartcomp52413.2021.00041,doi:10.1109/smartcomp52413.2021.00041,academic,exclude,X1,abstract
IEEE,ID3E466F283BC264E,10.1109/ptc.2013.6652126,doi:10.1109/ptc.2013.6652126,academic,exclude,X1,abstract
IEEE,ID3EEAA91C0CF77CF,10.1109/netsoft70012.2026.11603455,doi:10.1109/netsoft70012.2026.11603455,academic,exclude,X1,abstract
IEEE,ID40B294462A8FFBD,10.1109/4236.769429,doi:10.1109/4236.769429,academic,include,I1,abstract
IEEE,ID4204897C436464D,10.1109/iros.2003.1248933,doi:10.1109/iros.2003.1248933,academic,exclude,X1,abstract
IEEE,ID42799AC9BDA30A9,10.1109/icoeit63558.2025.11211513,doi:10.1109/icoeit63558.2025.11211513,academic,exclude,X1,abstract
IEEE,ID4336DBF76120722,10.1109/tvt.2019.2920531,doi:10.1109/tvt.2019.2920531,academic,include,I1,abstract
IEEE,ID433CE6CF01C1111,10.1109/iccsie55183.2023.10175239,doi:10.1109/iccsie55183.2023.10175239,academic,include,I1,abstract
IEEE,ID46480866B5B14D5,ieee:6732128,platform:IEEE:6732128,academic,exclude,X1,abstract
IEEE,ID468517A6B1EC987,10.1109/icdcs.2000.840903,doi:10.1109/icdcs.2000.840903,academic,include,I2,abstract
IEEE,ID4A0A9309A5A1F6E,10.1109/rstscc.2010.5712857,doi:10.1109/rstscc.2010.5712857,academic,include,I1,fulltext-exception
IEEE,ID4AB72BD8603B826,10.1109/icmla66185.2025.00220,doi:10.1109/icmla66185.2025.00220,academic,pending,workflow-v2-3/scope_uncertain,fulltext-exception
IEEE,ID4ACEC591A9ED145,10.1109/pes.2010.5590161,doi:10.1109/pes.2010.5590161,academic,exclude,X1,fulltext-exception
IEEE,ID4D9D710F49FFAA7,10.1109/ical.2007.4339069,doi:10.1109/ical.2007.4339069,academic,include,I1,abstract
IEEE,ID4E2F498918B8E14,10.1109/hicss.2004.1265099,doi:10.1109/hicss.2004.1265099,academic,include,I2,abstract
IEEE,ID4EF4939DE3C1448,10.1109/ecmdd.1999.776412,doi:10.1109/ecmdd.1999.776412,academic,include,I2,abstract
IEEE,ID4FAD9EC2F75BEF9,10.1109/iat.2007.102,doi:10.1109/iat.2007.102,academic,exclude,T1,control-only
IEEE,ID53989376E586AB3,10.1109/wsc63780.2024.10838894,doi:10.1109/wsc63780.2024.10838894,academic,exclude,X1,abstract
IEEE,ID5477770BFA226FA,10.1109/acc.2014.6859296,doi:10.1109/acc.2014.6859296,academic,exclude,X1,abstract
IEEE,ID5550D6DCF59DB0C,10.1109/iita.2009.301,doi:10.1109/iita.2009.301,academic,include,I1,abstract
IEEE,ID58610EFE23FA944,10.1109/asama.1999.805413,doi:10.1109/asama.1999.805413,academic,exclude,X1,abstract
IEEE,ID58D1CDC3DC13D0B,ieee:10258217,platform:IEEE:10258217,academic,pending,workflow-v2-3/scope_uncertain,fulltext-exception
IEEE,ID5B4A530A4B3255C,10.1109/cinti67731.2025.11311789,doi:10.1109/cinti67731.2025.11311789,academic,include,I2,abstract
IEEE,ID5E58A3D641C23CA,10.1109/iciics67880.2026.11483580,doi:10.1109/iciics67880.2026.11483580,academic,exclude,X1,abstract
IEEE,ID5EEB4B9E88A7439,10.1109/cscwd.2006.253263,doi:10.1109/cscwd.2006.253263,academic,exclude,T1,control-only
IEEE,ID6157FCAC5BEE6DB,10.1109/waina.2008.112,doi:10.1109/waina.2008.112,academic,include,I2,abstract
IEEE,ID61DEDA26AE78A80,10.1109/hicss.1997.663394,doi:10.1109/hicss.1997.663394,academic,include,I1,abstract
IEEE,ID63BB016A117F127,10.1109/tnet.2021.3058251,doi:10.1109/tnet.2021.3058251,academic,exclude,X1,abstract
IEEE,ID641BC27E338DCFE,10.1109/tits.2019.2926336,doi:10.1109/tits.2019.2926336,academic,exclude,X1,abstract
IEEE,ID64959D02883FE27,10.1109/acdsa67686.2026.11468096,doi:10.1109/acdsa67686.2026.11468096,academic,include,I2,abstract
IEEE,ID6BA6C0FECE0E9E3,10.1109/hicss.2003.1173685,doi:10.1109/hicss.2003.1173685,academic,exclude,X1,abstract
IEEE,ID6BE46AD393F281E,10.1109/iih-msp.2007.250,doi:10.1109/iih-msp.2007.250,academic,include,I2,abstract
IEEE,ID6BF539C5C2FDD77,10.1109/tac.2007.894545,doi:10.1109/tac.2007.894545,academic,exclude,X1,abstract
IEEE,ID6DC456FE16E475C,10.1109/urtc68753.2025.11533028,doi:10.1109/urtc68753.2025.11533028,academic,include,I1,fulltext-exception
IEEE,ID6E32C3C65642BA5,10.1109/icdcs.2016.12,doi:10.1109/icdcs.2016.12,academic,exclude,X1,abstract
IEEE,ID6E75AD324607B17,10.1109/padsw.2000.884605,doi:10.1109/padsw.2000.884605,academic,exclude,X1,abstract
IEEE,ID6EDCE08F33704E0,10.1109/dexa.1999.795295,doi:10.1109/dexa.1999.795295,academic,include,I2,abstract
IEEE,ID6F07D82D3998E77,10.1109/eurocon.2011.5929230,doi:10.1109/eurocon.2011.5929230,academic,include,I1,abstract
IEEE,ID70E9B45D0338911,10.1109/tpwrs.2024.3404472,doi:10.1109/tpwrs.2024.3404472,academic,include,I1,abstract
IEEE,ID70EEAD9D20C85F3,10.1109/etai68332.2026.11485335,doi:10.1109/etai68332.2026.11485335,academic,exclude,X1,abstract
IEEE,ID71E2CB777E00776,ieee:11625216,platform:IEEE:11625216,academic,exclude,X1,abstract
IEEE,ID73A9807D6648D2B,10.1109/icicds70526.2026.11604962,doi:10.1109/icicds70526.2026.11604962,academic,include,I2,abstract
IEEE,ID7480559B28E8F25,10.1109/access.2020.2985254,doi:10.1109/access.2020.2985254,academic,include,I1,abstract
IEEE,ID7796234A96A0D82,10.1109/isads66912.2025.00008,doi:10.1109/isads66912.2025.00008,academic,include,I1,abstract
IEEE,ID7931E3DC7431A52,10.1109/rcsm67767.2025.11507537,doi:10.1109/rcsm67767.2025.11507537,academic,exclude,X1,abstract
IEEE,ID7E06F0B631CD66C,10.23919/chicc.2017.8028544,doi:10.23919/chicc.2017.8028544,academic,include,I1,abstract
IEEE,ID7E10F07CBC9959A,10.1109/iscc53001.2021.9631429,doi:10.1109/iscc53001.2021.9631429,academic,exclude,X1,abstract
IEEE,ID80379C32D862CCB,10.1109/iciptm59628.2024.10563528,doi:10.1109/iciptm59628.2024.10563528,academic,exclude,X1,abstract
IEEE,ID806213CA0117C76,10.1109/icitcs.2014.7021731,doi:10.1109/icitcs.2014.7021731,academic,include,I1,abstract
IEEE,ID815CFDA8FEAB67A,10.1109/access.2017.2687422,doi:10.1109/access.2017.2687422,academic,exclude,X1,abstract
IEEE,ID87CBE44CFE6D249,10.1109/icebe.2009.17,doi:10.1109/icebe.2009.17,academic,include,I1,abstract
IEEE,ID8AAA4597E903ADB,10.1109/access.2025.3586465,doi:10.1109/access.2025.3586465,academic,include,I1,abstract
IEEE,ID8C4000D5CED06D9,10.1109/pscc.2014.7038379,doi:10.1109/pscc.2014.7038379,academic,exclude,X1,abstract
IEEE,ID8DC0917C6BB6372,10.1109/paciia.2008.334,doi:10.1109/paciia.2008.334,academic,include,I1,abstract
IEEE,ID8F7B265E42E393A,10.1109/tifs.2022.3191493,doi:10.1109/tifs.2022.3191493,academic,exclude,X1,abstract
IEEE,ID90554D20CC90FAE,10.1109/telepe66277.2025.00139,doi:10.1109/telepe66277.2025.00139,academic,include,I1,abstract
IEEE,ID9110D0E11ED54C7,10.1109/siet.2017.8304128,doi:10.1109/siet.2017.8304128,academic,exclude,X1,abstract
IEEE,ID912367B5496ECCC,10.1109/isgteurope.2013.6695436,doi:10.1109/isgteurope.2013.6695436,academic,include,I1,abstract
IEEE,ID9401922B81C126A,10.1109/tqcebt67648.2026.11681484,doi:10.1109/tqcebt67648.2026.11681484,academic,exclude,X1,abstract
IEEE,ID946EC6CDA8D4174,10.1109/hicss.2008.24,doi:10.1109/hicss.2008.24,academic,include,I1,abstract
IEEE,ID97010C8DBDCCDB7,10.1109/icebe.2005.83,doi:10.1109/icebe.2005.83,academic,include,I1,abstract
IEEE,ID980C17DB5DC85B3,10.1109/iscid.2008.7,doi:10.1109/iscid.2008.7,academic,pending,workflow-v2-3/scope_uncertain,fulltext-exception
IEEE,ID98F5D5D2BC46F0B,10.1109/mosicom67153.2025.11398213,doi:10.1109/mosicom67153.2025.11398213,academic,exclude,X1,abstract
IEEE,ID98F6297387764E5,10.1109/smc.2013.464,doi:10.1109/smc.2013.464,academic,exclude,X1,abstract
IEEE,ID9A935705406FB1B,10.1109/icoco67189.2025.11334152,doi:10.1109/icoco67189.2025.11334152,academic,exclude,X1,abstract
IEEE,ID9AF3CC36D7ED10C,10.1109/cdc57313.2025.11312897,doi:10.1109/cdc57313.2025.11312897,academic,pending,workflow-v2-§3/scope_uncertain,fulltext-exception
IEEE,ID9C2C9CFE83C26EA,10.1109/ecmi68341.2026.11603178,doi:10.1109/ecmi68341.2026.11603178,academic,exclude,X1,abstract
IEEE,ID9C82AE9211BF22E,10.1109/eucnc/6gsummit68295.2026.11577551,doi:10.1109/eucnc/6gsummit68295.2026.11577551,academic,include,I1,fulltext-exception
IEEE,ID9CD06ED63D15CD5,10.1109/tase.2010.2102351,doi:10.1109/tase.2010.2102351,academic,exclude,X1,abstract
IEEE,ID9D5665D65AC4577,10.1109/ideas.2004.1319784,doi:10.1109/ideas.2004.1319784,academic,exclude,X1,abstract
IEEE,ID9D838F35361C8CF,10.1109/tem.2019.2950694,doi:10.1109/tem.2019.2950694,academic,include,I1,fulltext-exception
IEEE,IDA17F413E05173F5,10.1109/icis-comsar.2006.84,doi:10.1109/icis-comsar.2006.84,academic,include,I1,abstract
IEEE,IDA26F8C29E0CAF41,10.1109/itcs.2009.281,doi:10.1109/itcs.2009.281,academic,include,I1,abstract
IEEE,IDA29764D94E3A959,10.1109/entnet.2001.981988,doi:10.1109/entnet.2001.981988,academic,exclude,X1,abstract
IEEE,IDA4DB865FF63C237,10.1109/dyspan.2010.5457849,doi:10.1109/dyspan.2010.5457849,academic,include,I1,abstract
IEEE,IDA5C207AD9B5B55B,10.1109/ieem.2015.7385857,doi:10.1109/ieem.2015.7385857,academic,exclude,X1,fulltext-exception
IEEE,IDA6148DD5D3FA24F,10.1109/wccs62745.2024.10765525,doi:10.1109/wccs62745.2024.10765525,academic,include,I1,fulltext-exception
IEEE,IDA6AC7C60F5D5B5F,10.1109/3pgcic.2014.144,doi:10.1109/3pgcic.2014.144,academic,exclude,X1,abstract
IEEE,IDA74D357A13AF98C,10.1109/ares.2013.43,doi:10.1109/ares.2013.43,academic,exclude,X1,abstract
IEEE,IDAA3E349D7F275E7,10.1109/tpwrs.2007.907533,doi:10.1109/tpwrs.2007.907533,academic,include,I1,abstract
IEEE,IDAD4F2896257E29C,10.1109/aina.2005.81,doi:10.1109/aina.2005.81,academic,include,I1,abstract
IEEE,IDAE6BDCED2E865CB,10.1109/hicss.2004.1265401,doi:10.1109/hicss.2004.1265401,academic,include,I1,abstract
IEEE,IDAEE1C5AC3A9F7BF,10.1109/ocit66168.2025.11400090,doi:10.1109/ocit66168.2025.11400090,academic,exclude,X1,abstract
IEEE,IDAF45F6DF4EE6574,10.1109/ieeeconf67861.2026.11440781,doi:10.1109/ieeeconf67861.2026.11440781,academic,exclude,X1,abstract
IEEE,IDB08886C6706F4BF,10.1109/iccp.2007.4352137,doi:10.1109/iccp.2007.4352137,academic,include,I1,fulltext-exception
IEEE,IDB0B5D20B9664FEF,10.1109/pes.2005.1489399,doi:10.1109/pes.2005.1489399,academic,exclude,X1,abstract
IEEE,IDB14821EDABD54C1,10.1109/sg-tep.2012.6642375,doi:10.1109/sg-tep.2012.6642375,academic,include,I1,abstract
IEEE,IDB1728EC92AC4B76,10.1109/smartiot70864.2026.00032,doi:10.1109/smartiot70864.2026.00032,academic,include,I2,abstract
IEEE,IDB6767AF4F115831,10.1109/icsess.2010.5552355,doi:10.1109/icsess.2010.5552355,academic,pending,workflow-v2-§3/scope_uncertain,fulltext-exception
IEEE,IDB7541F9DC795EF8,10.1109/spca.2006.297581,doi:10.1109/spca.2006.297581,academic,include,I1,fulltext-exception
IEEE,IDB8967C2C5B9CBFB,ieee:1222636,platform:IEEE:1222636,academic,exclude,X1,abstract
IEEE,IDBAEE7F000178D99,10.1109/ic3sis69949.2026.11608312,doi:10.1109/ic3sis69949.2026.11608312,academic,include,I2,abstract
IEEE,IDBE91645E6EB5512,10.1109/access.2023.3279272,doi:10.1109/access.2023.3279272,academic,exclude,X1,abstract
IEEE,IDBEBE7D738170D02,10.1109/saint.2003.1183073,doi:10.1109/saint.2003.1183073,academic,exclude,X1,abstract
IEEE,IDBF4AE409EEED0A2,10.1109/tpwrs.2011.2112382,doi:10.1109/tpwrs.2011.2112382,academic,include,I1,abstract
IEEE,IDBFF42E84848F80E,10.1109/icit64950.2025.11049241,doi:10.1109/icit64950.2025.11049241,academic,exclude,X1,abstract
IEEE,IDC13F09F6727CABA,10.1109/icicta.2008.483,doi:10.1109/icicta.2008.483,academic,exclude,T1,control-only
IEEE,IDC154F9A7AEE215C,10.1109/citsm.2018.8674357,doi:10.1109/citsm.2018.8674357,academic,exclude,X1,abstract
IEEE,IDC183D10E2396319,10.1109/tkde.2004.1269670,doi:10.1109/tkde.2004.1269670,academic,exclude,X1,abstract
IEEE,IDC2F8060924870BF,10.1109/jsyst.2020.3043327,doi:10.1109/jsyst.2020.3043327,academic,include,I1,abstract
IEEE,IDC300B85047C84F1,10.1109/isgt-la.2017.8126751,doi:10.1109/isgt-la.2017.8126751,academic,exclude,X1,abstract
IEEE,IDC4149369EAE1D54,10.1109/wkdd.2008.102,doi:10.1109/wkdd.2008.102,academic,exclude,X1,abstract
IEEE,IDC5A39B4A916510A,10.1109/chinacom.2006.344654,doi:10.1109/chinacom.2006.344654,academic,include,I1,fulltext-exception
IEEE,IDC9BD746EAEE43C6,10.1109/centcon52345.2021.9688037,doi:10.1109/centcon52345.2021.9688037,academic,include,I1,abstract
IEEE,IDCA6C6425A34D12B,10.1109/tsg.2025.3561515,doi:10.1109/tsg.2025.3561515,academic,include,I1,abstract
IEEE,IDCB6F43C80B9FD38,10.1109/isp.2003.1275812,doi:10.1109/isp.2003.1275812,academic,exclude,X1,abstract
IEEE,IDCBEF0A72F572D26,10.1109/inista55318.2022.9894050,doi:10.1109/inista55318.2022.9894050,academic,include,I1,abstract
IEEE,IDCDAF8484C670F0D,10.1109/icpads.2000.857737,doi:10.1109/icpads.2000.857737,academic,exclude,X1,abstract
IEEE,IDCDE5F4B2169E950,10.1109/isecs.2008.184,doi:10.1109/isecs.2008.184,academic,include,I1,fulltext-exception
IEEE,IDCF310EEFC3CEEF6,10.1109/access.2026.3699137,doi:10.1109/access.2026.3699137,academic,exclude,X1,abstract
IEEE,IDD21C8DAB3431741,10.1109/psgai68158.2025.11413511,doi:10.1109/psgai68158.2025.11413511,academic,exclude,X1,abstract
IEEE,IDD710F98ABF83855,10.1109/clei53233.2021.9640192,doi:10.1109/clei53233.2021.9640192,academic,exclude,X1,abstract
IEEE,IDD99FD5725AC2A3D,10.1109/amathe65477.2025.11080851,doi:10.1109/amathe65477.2025.11080851,academic,exclude,X1,abstract
IEEE,IDDA3B877453F10B8,10.1109/iat.2005.33,doi:10.1109/iat.2005.33,academic,exclude,X1,fulltext-exception
IEEE,IDDD45C04BD73F729,10.1109/iciea.2007.4318837,doi:10.1109/iciea.2007.4318837,academic,exclude,X1,abstract
IEEE,IDDD530DDBF4851F4,10.1109/glocomw.2018.8644407,doi:10.1109/glocomw.2018.8644407,academic,include,I1,abstract
IEEE,IDDF4E41FD9DA0096,10.1109/icaace69793.2026.11509103,doi:10.1109/icaace69793.2026.11509103,academic,include,I1,abstract
IEEE,IDDFF15A7FB58971C,10.1109/iconstem60960.2024.10568790,doi:10.1109/iconstem60960.2024.10568790,academic,exclude,X1,abstract
IEEE,IDE05627A2A2786C0,10.1109/cec.2009.4983314,doi:10.1109/cec.2009.4983314,academic,include,I1,abstract
IEEE,IDE22215C47EE2F1A,10.1109/aiccsa66935.2025.11315260,doi:10.1109/aiccsa66935.2025.11315260,academic,include,I1,abstract
IEEE,IDE41A6B4CD6809D3,10.1109/cts.2012.6261030,doi:10.1109/cts.2012.6261030,academic,exclude,X1,abstract
IEEE,IDE6C93F8257A4318,10.1109/iccitechn.2011.6164829,doi:10.1109/iccitechn.2011.6164829,academic,exclude,X1,abstract
IEEE,IDE6CACD3AE32051A,10.1109/ciasg.2014.7011556,doi:10.1109/ciasg.2014.7011556,academic,include,I1,abstract
IEEE,IDE8A838CC7CAD1AD,10.1109/icite.2016.7581306,doi:10.1109/icite.2016.7581306,academic,exclude,X1,abstract
IEEE,IDE927E72E4421D5B,10.1109/eee.2005.92,doi:10.1109/eee.2005.92,academic,include,I1,fulltext-exception
IEEE,IDEACA956981111C1,10.1109/dyspan.2007.66,doi:10.1109/dyspan.2007.66,academic,include,I2,abstract
IEEE,IDEC47514BDD07BE0,10.1109/iisa66859.2025.11311255,doi:10.1109/iisa66859.2025.11311255,academic,include,I1,abstract
IEEE,IDEE00431072ED15F,10.1109/icieem.2009.5344275,doi:10.1109/icieem.2009.5344275,academic,include,I1,fulltext-exception
IEEE,IDEFED7F31914F0D9,10.1109/icmas.1998.699247,doi:10.1109/icmas.1998.699247,academic,include,I1,abstract
IEEE,IDF25C5FC70EB9F6E,10.1109/ciced50259.2021.9556762,doi:10.1109/ciced50259.2021.9556762,academic,exclude,X1,abstract
IEEE,IDF691205A01589C8,10.1109/irec56325.2022.10001989,doi:10.1109/irec56325.2022.10001989,academic,include,I1,abstract
IEEE,IDF761B82233A8B19,10.1109/tcc.2019.2896225,doi:10.1109/tcc.2019.2896225,academic,exclude,X1,abstract
IEEE,IDF8E6A674E1572B0,10.1109/icebe.2017.4,doi:10.1109/icebe.2017.4,academic,exclude,T1,control-only
IEEE,IDFA2B17402D36F6F,10.1109/icsmc.2011.6083657,doi:10.1109/icsmc.2011.6083657,academic,include,I1,abstract
IEEE,IDFD91358D83270C5,ieee:6640682,platform:IEEE:6640682,academic,pending,workflow-v2-§3,abstract
IEEE,IDFF8D2FDF51DCF83,10.1109/powereng.2013.6635866,doi:10.1109/powereng.2013.6635866,academic,include,I1,abstract
IEEE,IE025B0572A4399DC,10.1109/igeht.2017.8094100,doi:10.1109/igeht.2017.8094100,academic,exclude,X1,abstract
IEEE,IE0303D6522C271C0,10.1109/tse.2003.1166586,doi:10.1109/tse.2003.1166586,academic,exclude,X1,abstract
IEEE,IE042A7A60B83E58D,10.1109/iscc58397.2023.10218226,doi:10.1109/iscc58397.2023.10218226,academic,exclude,X1,abstract
IEEE,IE05DE08C0E701E90,10.1109/cifer.1998.690152,doi:10.1109/cifer.1998.690152,academic,include,I1,abstract
IEEE,IE060DAC798F6BF68,10.1109/cdc.2015.7402693,doi:10.1109/cdc.2015.7402693,academic,exclude,X1,abstract
IEEE,IE0654751B85A5788,10.1109/icces.2012.6408526,doi:10.1109/icces.2012.6408526,academic,include,I1,abstract
IEEE,IE09C2630C65AEC98,10.1109/icicisys.2009.5357949,doi:10.1109/icicisys.2009.5357949,academic,exclude,T1,control-only
IEEE,IE09F166C862CDB0F,10.1109/ica63002.2024.00015,doi:10.1109/ica63002.2024.00015,academic,exclude,X1,abstract
IEEE,IE0E1505205637BAB,10.1109/icnsc.2004.1297447,doi:10.1109/icnsc.2004.1297447,academic,include,I2,abstract
IEEE,IE0EC05E0A3AFE025,10.1109/igarss53475.2024.10640620,doi:10.1109/igarss53475.2024.10640620,academic,exclude,X1,abstract
IEEE,IE1219B3AED5AEE68,10.1109/pesgm.2015.7286235,doi:10.1109/pesgm.2015.7286235,academic,exclude,X1,abstract
IEEE,IE1276143AC33281C,10.1109/icppw.1999.800090,doi:10.1109/icppw.1999.800090,academic,exclude,X1,abstract
IEEE,IE129ACF768899599,10.1109/hase.2004.1281732,doi:10.1109/hase.2004.1281732,academic,exclude,X1,abstract
IEEE,IE137111BCCDCBFB7,10.1109/cdc.2009.5400496,doi:10.1109/cdc.2009.5400496,academic,include,I2,abstract
IEEE,IE1447250C6787B23,10.1109/iri.2012.6303009,doi:10.1109/iri.2012.6303009,academic,include,I1,abstract
IEEE,IE164172CE498376F,10.1109/icpads.1997.652611,doi:10.1109/icpads.1997.652611,academic,include,I2,abstract
IEEE,IE18481C4D88F13F0,10.1109/iccnmc.2003.1243042,doi:10.1109/iccnmc.2003.1243042,academic,exclude,X1,abstract
IEEE,IE18552381FD7C2E1,10.1109/aina.2003.1192894,doi:10.1109/aina.2003.1192894,academic,include,I2,fulltext-exception
IEEE,IE1B8D55C95E67C6B,10.1109/isda.2009.171,doi:10.1109/isda.2009.171,academic,exclude,X1,abstract
IEEE,IE1C33F9AE8F780C2,10.1109/icmlc.2009.5212335,doi:10.1109/icmlc.2009.5212335,academic,include,I1,abstract
IEEE,IE1E5D71F47596C99,10.1109/aina.2004.1283823,doi:10.1109/aina.2004.1283823,academic,include,I2,abstract
IEEE,IE20A9FB294D8F4D0,10.1109/kse68178.2025.11309460,doi:10.1109/kse68178.2025.11309460,academic,exclude,X1,abstract
IEEE,IE23095E767CD0DA8,10.1109/tte.2022.3219721,doi:10.1109/tte.2022.3219721,academic,include,I1,abstract
IEEE,IE2590FB037284A15,10.1109/tcc.2022.3231249,doi:10.1109/tcc.2022.3231249,academic,include,I2,abstract
IEEE,IE2785B5B4F67D8F2,10.1109/ccdc65474.2025.11091052,doi:10.1109/ccdc65474.2025.11091052,academic,exclude,X1,abstract
IEEE,IE307BFD052224AF0,10.1109/nctm.2017.7872831,doi:10.1109/nctm.2017.7872831,academic,exclude,X1,abstract
IEEE,IE308FE48FE226C9E,10.1109/iccds64403.2025.11209174,doi:10.1109/iccds64403.2025.11209174,academic,exclude,X1,abstract
IEEE,IE31C18E83A100DF1,10.1109/cdc.2004.1430264,doi:10.1109/cdc.2004.1430264,academic,include,I1,fulltext-exception
IEEE,IE3209A8DC7416407,10.1109/ic4e69618.2026.11631428,doi:10.1109/ic4e69618.2026.11631428,academic,exclude,X1,abstract
IEEE,IE32598F1E8E1EF5F,10.1109/aist68591.2025.11441571,doi:10.1109/aist68591.2025.11441571,academic,exclude,X1,abstract
IEEE,IE339EA75D5D477C0,10.1109/wicom.2008.2346,doi:10.1109/wicom.2008.2346,academic,include,I1,abstract
IEEE,IE33B27D12D7FE9A5,10.1109/iciteics64870.2025.11341179,doi:10.1109/iciteics64870.2025.11341179,academic,exclude,X1,abstract
IEEE,IE3464636B6165F78,10.1109/ica63002.2024.00012,doi:10.1109/ica63002.2024.00012,academic,exclude,X1,abstract
IEEE,IE3613A61493D3FEA,10.23919/fruct48121.2019.8981496,doi:10.23919/fruct48121.2019.8981496,academic,include,I1,abstract
IEEE,IE3818C3721A2D75C,10.1109/cvc65719.2025.00007,doi:10.1109/cvc65719.2025.00007,academic,exclude,X1,abstract
IEEE,IE38E937DCB8625D8,10.1109/aim.2011.6027014,doi:10.1109/aim.2011.6027014,academic,exclude,X1,abstract
IEEE,IE3A5269A02794835,10.1109/ebiss.2009.5138109,doi:10.1109/ebiss.2009.5138109,academic,exclude,X1,abstract
IEEE,IE3A7341DB7395E25,ieee:5603423,platform:IEEE:5603423,academic,exclude,X1,abstract
IEEE,IE3DFC13FBCD01386,10.1109/southeastcon63549.2026.11476405,doi:10.1109/southeastcon63549.2026.11476405,academic,include,I2,abstract
IEEE,IE41A4E3DADB63F9E,10.1109/icsmc.2001.969868,doi:10.1109/icsmc.2001.969868,academic,exclude,X1,abstract
IEEE,IE423934DAC6C00D9,10.1109/cec.2011.15,doi:10.1109/cec.2011.15,academic,pending,workflow-v2-§3/scope_uncertain,fulltext-exception
IEEE,IE42D8E2DE8093B33,10.1109/appeec61255.2024.10922547,doi:10.1109/appeec61255.2024.10922547,academic,exclude,X1,abstract
IEEE,IE451A2DB25BD13CA,10.1109/icdsc.2001.918933,doi:10.1109/icdsc.2001.918933,academic,exclude,X1,abstract
IEEE,IE466DA1BB1CDF461,10.1109/ieem.2008.4738114,doi:10.1109/ieem.2008.4738114,academic,exclude,X1,abstract
IEEE,IE46C39E4D23956C6,10.1049/ir:19960101,doi:10.1049/ir:19960101,academic,exclude,X1,abstract
IEEE,IE4809932ABAD9937,10.1109/tac.2026.3725625,doi:10.1109/tac.2026.3725625,academic,exclude,X1,abstract
IEEE,IE4889B57D9B63EB0,10.1109/tac.2020.2987802,doi:10.1109/tac.2020.2987802,academic,exclude,X1,abstract
IEEE,IE48B16FDECC1F03F,10.1109/acctcs53867.2022.00105,doi:10.1109/acctcs53867.2022.00105,academic,include,I1,fulltext-exception
IEEE,IE48CB4C2003CAFAD,10.1109/icis.2010.1,doi:10.1109/icis.2010.1,academic,exclude,T1,control-only
IEEE,IE49EC2435AE24D0F,10.1109/icebe.2013.44,doi:10.1109/icebe.2013.44,academic,exclude,X1,abstract
IEEE,IE4D330D5A29E9FA2,10.1109/icassp49357.2023.10096816,doi:10.1109/icassp49357.2023.10096816,academic,exclude,X1,abstract
IEEE,IE5031DC893305303,10.1109/bigdata66926.2025.11401468,doi:10.1109/bigdata66926.2025.11401468,academic,exclude,X1,abstract
IEEE,IE544417B27892415,10.1109/wi-iat.2015.43,doi:10.1109/wi-iat.2015.43,academic,include,I1,abstract
IEEE,IE546D150392E3CDA,10.1109/icebe.2005.105,doi:10.1109/icebe.2005.105,academic,include,I1,fulltext-exception
IEEE,IE554E7433BB19A2A,10.1109/icmlc.2009.5212303,doi:10.1109/icmlc.2009.5212303,academic,include,I1,abstract
IEEE,IE55E4C65D8D62634,10.1109/tac.2012.2208319,doi:10.1109/tac.2012.2208319,academic,include,I2,abstract
IEEE,IE59AF6B8DF4324D7,10.1109/wiiat.2008.166,doi:10.1109/wiiat.2008.166,academic,include,I1,fulltext-exception
IEEE,IE5A2B280B8F055AB,10.1109/asc-icsc.2008.4675347,doi:10.1109/asc-icsc.2008.4675347,academic,exclude,X1,abstract
IEEE,IE5BA75A0748CB653,10.1109/cdc49753.2023.10383748,doi:10.1109/cdc49753.2023.10383748,academic,exclude,X1,abstract
IEEE,IE5BB01246DD8B59C,10.1109/wicom.2010.5601143,doi:10.1109/wicom.2010.5601143,academic,exclude,X1,abstract
IEEE,IE5BB33377426611D,10.1109/icton71309.2026.11705323,doi:10.1109/icton71309.2026.11705323,academic,exclude,T2,control-only
IEEE,IE5C68E91061FB758,10.1109/aina.2003.1192869,doi:10.1109/aina.2003.1192869,academic,include,I2,abstract
IEEE,IE5C999AD9A02E12C,10.1109/isads.2001.917405,doi:10.1109/isads.2001.917405,academic,exclude,X1,abstract
IEEE,IE5D15A7C9B0C76BF,10.1109/dsn69566.2026.00046,doi:10.1109/dsn69566.2026.00046,academic,include,I2,abstract
IEEE,IE5E19077617083BD,10.1109/pes.2010.5589333,doi:10.1109/pes.2010.5589333,academic,include,I1,abstract
IEEE,IE623E86D5CCBEB4D,10.1109/icsp69961.2026.11540973,doi:10.1109/icsp69961.2026.11540973,academic,exclude,X1,abstract
IEEE,IE6570D877B5CD347,10.1109/iccicc53683.2021.9811317,doi:10.1109/iccicc53683.2021.9811317,academic,pending,workflow-v2-3/scope_uncertain,fulltext-exception
IEEE,IE65CA01793626955,10.1109/saso.2008.64,doi:10.1109/saso.2008.64,academic,include,I1,abstract
IEEE,IE677C5FC6233DE98,10.1109/asiancon58793.2023.10269877,doi:10.1109/asiancon58793.2023.10269877,academic,include,I1,fulltext-exception
IEEE,IE6995AABB50D88ED,10.1109/tii.2018.2808183,doi:10.1109/tii.2018.2808183,academic,include,I1,abstract
IEEE,IE6A672EE749FC984,10.1109/access.2023.3293849,doi:10.1109/access.2023.3293849,academic,exclude,X1,abstract
IEEE,IE6AC1A15EEF5F459,10.1093/comjnl/bxp028,doi:10.1093/comjnl/bxp028,academic,include,I1,abstract
IEEE,IE6BC88D6065A3337,10.1109/icctwc68241.2026.11583567,doi:10.1109/icctwc68241.2026.11583567,academic,exclude,X1,abstract
IEEE,IE6D5AD3E171CBAD4,10.1109/ictta.2006.1684949,doi:10.1109/ictta.2006.1684949,academic,include,I1,abstract
IEEE,IE737FFCBBCB258D0,10.1109/jiot.2025.3574003,doi:10.1109/jiot.2025.3574003,academic,include,I1,abstract
IEEE,IE7530630FF153F3C,10.1109/mper.2002.4312209,doi:10.1109/mper.2002.4312209,academic,exclude,X1,abstract
IEEE,IE789B7BF7C846294,10.1109/iipem65914.2025.11548428,doi:10.1109/iipem65914.2025.11548428,academic,exclude,X1,abstract
IEEE,IE7D7F2C2834D7FD0,10.1109/isads.2001.917428,doi:10.1109/isads.2001.917428,academic,include,I1,fulltext-exception
IEEE,IE7E9C1212964B860,10.1109/ic2nc67409.2025.11376027,doi:10.1109/ic2nc67409.2025.11376027,academic,exclude,X1,abstract
IEEE,IE7ED9EABF9C16C99,10.1109/cvidl70130.2026.11637752,doi:10.1109/cvidl70130.2026.11637752,academic,exclude,X1,abstract
IEEE,IE80454AD50A1FE29,10.1109/compsac.2006.157,doi:10.1109/compsac.2006.157,academic,include,I1,abstract
IEEE,IE809EEFD8D72005B,10.1109/icws72778.2026.00039,doi:10.1109/icws72778.2026.00039,academic,include,I2,abstract
IEEE,IE8290A31B33BF06E,10.1109/hicss.2002.994534,doi:10.1109/hicss.2002.994534,academic,include,I1,abstract
IEEE,IE85E2988291D5F69,10.1109/icmlc.2003.1259801,doi:10.1109/icmlc.2003.1259801,academic,include,I1,abstract
IEEE,IE86D1BDF4A3F2903,10.1109/icarcv.2008.4795838,doi:10.1109/icarcv.2008.4795838,academic,exclude,X1,abstract
IEEE,IE89E08BCDFE6D0B7,10.1109/tsg.2020.3042190,doi:10.1109/tsg.2020.3042190,academic,include,I1,fulltext-exception
IEEE,IE8A7530B0EDFC942,10.1109/indin.2005.1560476,doi:10.1109/indin.2005.1560476,academic,include,I1,abstract
IEEE,IE8EC42063E964CA6,10.1109/iccp.2012.6356202,doi:10.1109/iccp.2012.6356202,academic,include,I1,abstract
IEEE,IE932143DAE280608,10.1109/tii.2017.2679808,doi:10.1109/tii.2017.2679808,academic,include,I1,abstract
IEEE,IE9660B82E8BF7E72,10.1109/access.2024.3384092,doi:10.1109/access.2024.3384092,academic,include,I1,abstract
IEEE,IE981F011F1CB7D46,10.1109/eem68581.2026.11589842,doi:10.1109/eem68581.2026.11589842,academic,include,I1,abstract
IEEE,IE9CCD3DF7DCEBA14,10.1109/eem.2012.6254792,doi:10.1109/eem.2012.6254792,academic,exclude,X1,abstract
IEEE,IE9D7FE127B92112E,10.1109/icmlc.2008.4620531,doi:10.1109/icmlc.2008.4620531,academic,include,I1,abstract
IEEE,IEA0EB37661DC66DF,ieee:11244365,platform:IEEE:11244365,academic,exclude,T1,control-only
IEEE,IEA1CD0A9A521ED2B,10.1109/access.2020.2987770,doi:10.1109/access.2020.2987770,academic,pending,workflow-v2-3/scope_uncertain,fulltext-exception
IEEE,IEA334454D665B85A,10.1049/icp.2025.4605,doi:10.1049/icp.2025.4605,academic,exclude,X1,abstract
IEEE,IEA518C2B4E6243DC,10.1109/reldis.1998.740480,doi:10.1109/reldis.1998.740480,academic,include,I2,abstract
IEEE,IEA529FEA271FD42B,10.1109/aaiml67890.2026.11498100,doi:10.1109/aaiml67890.2026.11498100,academic,exclude,X1,abstract
IEEE,IEA54C657402F4708,10.23919/ondm68511.2026.11618834,doi:10.23919/ondm68511.2026.11618834,academic,include,I2,fulltext-exception
IEEE,IEA5BA43CDC71E661,10.1109/3468.852438,doi:10.1109/3468.852438,academic,exclude,X1,abstract
IEEE,IEA68CC157FCFD40C,10.1109/icocs.2012.6458610,doi:10.1109/icocs.2012.6458610,academic,pending,workflow-v2-3/scope_uncertain,fulltext-exception
IEEE,IEA7F8AC5BD4A6954,10.1109/tensymp68909.2026.11704070,doi:10.1109/tensymp68909.2026.11704070,academic,exclude,T2,control-only
IEEE,IEA989D4954E1AF7D,10.1109/cdc40024.2019.9029554,doi:10.1109/cdc40024.2019.9029554,academic,exclude,X1,abstract
IEEE,IEAD20D7B7C82A592,10.1109/spw72489.2026.00012,doi:10.1109/spw72489.2026.00012,academic,exclude,X1,abstract
IEEE,IEAE213B40C1C1E59,10.1109/icot68409.2025.11425588,doi:10.1109/icot68409.2025.11425588,academic,exclude,X1,abstract
IEEE,IEAF43D3B6B41EAB6,ieee:6731076,platform:IEEE:6731076,academic,exclude,X1,abstract
IEEE,IEB09501EFC345870,10.1109/eei70303.2026.11640682,doi:10.1109/eei70303.2026.11640682,academic,exclude,X1,abstract
IEEE,IEB206FC9E08A2E05,10.1109/sse72781.2026.00038,doi:10.1109/sse72781.2026.00038,academic,exclude,X1,abstract
IEEE,IEB2420338D385E97,10.1109/tsipn.2017.2668144,doi:10.1109/tsipn.2017.2668144,academic,pending,workflow-v2-3/scope_uncertain,fulltext-exception
IEEE,IEB2C79BAFBE34E7F,10.1109/ipc.2007.32,doi:10.1109/ipc.2007.32,academic,include,I2,abstract
IEEE,IEB63D96B33AEA7AF,10.1109/jiot.2026.3715365,doi:10.1109/jiot.2026.3715365,academic,exclude,X1,abstract
IEEE,IEB68E2846BA37E34,10.1109/spca.2006.297617,doi:10.1109/spca.2006.297617,academic,exclude,X1,abstract
IEEE,IEB7A5F54BAB81DE4,10.1109/socpar.2009.106,doi:10.1109/socpar.2009.106,academic,include,I1,abstract
IEEE,IEB8855D5C73DC514,10.1109/icssi.2013.42,doi:10.1109/icssi.2013.42,academic,include,I1,abstract
IEEE,IEB8A5B9AA77FEA0C,10.1109/iat.2004.1342990,doi:10.1109/iat.2004.1342990,academic,include,I1,abstract
IEEE,IEB9125028AF746B8,10.1109/wicom.2007.1444,doi:10.1109/wicom.2007.1444,academic,exclude,X1,abstract
IEEE,IEB954878864E2A2D,10.1109/icmlc.2004.1380646,doi:10.1109/icmlc.2004.1380646,academic,include,I2,abstract
IEEE,IEB9835CCB049636D,10.1109/bigdata66926.2025.11402343,doi:10.1109/bigdata66926.2025.11402343,academic,exclude,X1,abstract
IEEE,IEBB6DD8CF62F0342,10.1109/focs.2010.76,doi:10.1109/focs.2010.76,academic,exclude,X1,abstract
IEEE,IEBC035702F22822E,10.1109/icmtma.2010.140,doi:10.1109/icmtma.2010.140,academic,pending,workflow-v2-3/scope_uncertain,fulltext-exception
IEEE,IEBC16E05BA0CDBDA,10.1109/icei.2017.57,doi:10.1109/icei.2017.57,academic,exclude,X1,abstract
IEEE,IEBC8B69B55B891B8,10.1109/ica67499.2025.00015,doi:10.1109/ica67499.2025.00015,academic,include,I1,abstract
IEEE,IEBE469B84C8657C4,10.1109/iccsna.2010.5588801,doi:10.1109/iccsna.2010.5588801,academic,exclude,T1,control-only
IEEE,IEBF2542C7AD91DE6,10.1109/lics.2007.4,doi:10.1109/lics.2007.4,academic,exclude,X1,abstract
IEEE,IEBFF828B555D3C8D,10.1109/iccas.2010.5669785,doi:10.1109/iccas.2010.5669785,academic,exclude,X1,abstract
IEEE,IEC076D5E2B25DC0F,10.1109/iciea.2009.5138539,doi:10.1109/iciea.2009.5138539,academic,exclude,X1,abstract
IEEE,IEC11C84FFC94E226,10.1109/iat.2004.1342943,doi:10.1109/iat.2004.1342943,academic,include,I1,abstract
IEEE,IEC4D8DE7775D1018,10.1109/eebda60612.2024.10485852,doi:10.1109/eebda60612.2024.10485852,academic,exclude,X1,abstract
IEEE,IEC4EA9BDEAC31638,10.1109/iraset68627.2026.11538672,doi:10.1109/iraset68627.2026.11538672,academic,exclude,X1,abstract
IEEE,IEC77DCD8DA1E654B,10.1109/saint.2002.994483,doi:10.1109/saint.2002.994483,academic,exclude,X1,abstract
IEEE,IEC93B4F04B35B585,10.1109/ccgrid.2003.1199430,doi:10.1109/ccgrid.2003.1199430,academic,exclude,X1,abstract
IEEE,IECB750A7018BA00C,10.1109/cacwd.2004.1349219,doi:10.1109/cacwd.2004.1349219,academic,exclude,X1,abstract
IEEE,IECCD0E59BDEEC4F7,10.1109/aipip66876.2025.11299220,doi:10.1109/aipip66876.2025.11299220,academic,include,I2,abstract
IEEE,IECCD37E4FA6DF72C,10.1109/ispec50848.2020.9351129,doi:10.1109/ispec50848.2020.9351129,academic,include,I1,abstract
IEEE,IECD6AFEE195E641F,10.1109/ideas.2007.4318088,doi:10.1109/ideas.2007.4318088,academic,exclude,X1,abstract
IEEE,IECEB47F8E8C53D4B,10.1109/bigdata66926.2025.11402337,doi:10.1109/bigdata66926.2025.11402337,academic,include,I1,abstract
IEEE,IED0C6DC590AB257B,10.1109/eem54602.2022.9921108,doi:10.1109/eem54602.2022.9921108,academic,exclude,X1,abstract
IEEE,IED20F4A6AA8E21E1,10.1109/coase.2017.8256139,doi:10.1109/coase.2017.8256139,academic,exclude,X1,abstract
IEEE,IED279A41FAD8C328,10.1109/isap.2005.1599310,doi:10.1109/isap.2005.1599310,academic,include,I1,abstract
IEEE,IED488BDA5C5519FF,10.1109/is.2004.1344807,doi:10.1109/is.2004.1344807,academic,include,I1,abstract
IEEE,IED5A0EFCA5130948,10.1109/dis.2006.25,doi:10.1109/dis.2006.25,academic,include,I1,abstract
IEEE,IED6549F3E93D14E8,10.1109/cai64502.2025.00056,doi:10.1109/cai64502.2025.00056,academic,exclude,X1,abstract
IEEE,IED718490E5701C57,10.1109/icocn70692.2026.11656233,doi:10.1109/icocn70692.2026.11656233,academic,exclude,X1,abstract
IEEE,IED873A7E47520343,10.1109/liss.2016.7854342,doi:10.1109/liss.2016.7854342,academic,exclude,X1,abstract
IEEE,IED91E681DF1466F9,10.1109/wise.2002.1181672,doi:10.1109/wise.2002.1181672,academic,exclude,X1,abstract
IEEE,IEDC1160E3ED9A7DB,10.1109/hicss.2001.927211,doi:10.1109/hicss.2001.927211,academic,include,I2,abstract
IEEE,IEDD3AE5579A8FF08,10.1109/iceace63551.2024.10898588,doi:10.1109/iceace63551.2024.10898588,academic,include,I1,fulltext-exception
IEEE,IEDF57C2AB320E7D8,10.1109/icsmc.2003.1245656,doi:10.1109/icsmc.2003.1245656,academic,include,I1,abstract
IEEE,IEE039D5C5139EC2C,10.1109/scc66964.2025.11424941,doi:10.1109/scc66964.2025.11424941,academic,include,I1,fulltext-exception
IEEE,IEE121A20469B8A46,10.1109/tmc.2015.2456920,doi:10.1109/tmc.2015.2456920,academic,exclude,X1,abstract
IEEE,IEE23E16744BBB18A,10.1109/syscon.2019.8836887,doi:10.1109/syscon.2019.8836887,academic,include,I1,abstract
IEEE,IEE92864C087D3DE8,10.1109/cdc.2017.8263968,doi:10.1109/cdc.2017.8263968,academic,pending,workflow-v2-3/scope_uncertain,fulltext-exception
IEEE,IEEC3C7B769402E2C,10.1109/wcsp62071.2024.10826898,doi:10.1109/wcsp62071.2024.10826898,academic,include,I1,abstract
IEEE,IEF2B7E702623DAAA,10.1109/ictmod63116.2024.10878140,doi:10.1109/ictmod63116.2024.10878140,academic,include,I1,abstract
IEEE,IEF5A33B8029E6225,10.1109/ihmsc.2013.114,doi:10.1109/ihmsc.2013.114,academic,include,I1,abstract
IEEE,IEF7B4701FC442F6D,10.1109/ietc69527.2026.11568651,doi:10.1109/ietc69527.2026.11568651,academic,include,I2,abstract
IEEE,IEF8B6DC342BAB92D,10.1109/tmc.2025.3555971,doi:10.1109/tmc.2025.3555971,academic,exclude,X1,abstract
IEEE,IEF960FF43AB10211,10.1109/access.2020.3037940,doi:10.1109/access.2020.3037940,academic,include,I1,abstract
IEEE,IEFD2B8A6ECA33855,10.1109/tsmca.2004.824871,doi:10.1109/tsmca.2004.824871,academic,exclude,X1,abstract
IEEE,IEFE9D01194FA1E2A,10.1109/cimca.2005.1631586,doi:10.1109/cimca.2005.1631586,academic,include,I1,abstract
IEEE,IEFF015AA23B9432A,10.1109/csc.2011.6138520,doi:10.1109/csc.2011.6138520,academic,exclude,X1,fulltext-exception
IEEE,IEFFDFFBADD4F3EE9,10.1109/cimca.2005.1631584,doi:10.1109/cimca.2005.1631584,academic,include,I1,fulltext-exception
IEEE,IEFFEE86051DEC09E,10.1109/etfa.2011.6059081,doi:10.1109/etfa.2011.6059081,academic,exclude,X1,abstract
IEEE,IF0094A90A85E34D0,ieee:6732361,platform:IEEE:6732361,academic,exclude,X1,abstract
IEEE,IF0206A95E91A6985,10.1109/icdcsw.2006.55,doi:10.1109/icdcsw.2006.55,academic,include,I1,fulltext-exception
IEEE,IF03A8BA776B8DD9D,10.1109/ecrts.2012.25,doi:10.1109/ecrts.2012.25,academic,exclude,X1,abstract
IEEE,IF06230A19F90B688,10.1109/icsccc69031.2026.11600052,doi:10.1109/icsccc69031.2026.11600052,academic,exclude,X1,abstract
IEEE,IF084223AAA676AAF,10.1109/comsnets67989.2026.11418101,doi:10.1109/comsnets67989.2026.11418101,academic,exclude,X1,abstract
IEEE,IF09A5C0AF6D2B616,10.1109/icsssm.2019.8887651,doi:10.1109/icsssm.2019.8887651,academic,include,I2,abstract
IEEE,IF09E9B4B27D4627D,10.1109/mcom.2017.1600568cm,doi:10.1109/mcom.2017.1600568cm,academic,exclude,X1,abstract
IEEE,IF0B9F37EC2EAAB16,10.1109/iti.2006.1708511,doi:10.1109/iti.2006.1708511,academic,include,I1,fulltext-exception
IEEE,IF0C6EA6AE94FC06E,10.1109/edgecom66327.2025.00032,doi:10.1109/edgecom66327.2025.00032,academic,include,I2,fulltext-exception
IEEE,IF0F554698ACDA86E,10.1109/caibda70336.2026.11621400,doi:10.1109/caibda70336.2026.11621400,academic,include,I2,abstract
IEEE,IF113A20CAA912F45,10.1109/icsssm.2005.1500140,doi:10.1109/icsssm.2005.1500140,academic,exclude,X1,abstract
IEEE,IF128A8B0BEC91479,10.1109/icacte.2008.75,doi:10.1109/icacte.2008.75,academic,include,I2,abstract
IEEE,IF12B3B2F25A94F93,10.1109/sysose.2010.5543956,doi:10.1109/sysose.2010.5543956,academic,exclude,X1,abstract
IEEE,IF13A83352039D694,10.1109/aecspe66597.2025.00162,doi:10.1109/aecspe66597.2025.00162,academic,exclude,X1,abstract
IEEE,IF14A0A11EC77BACB,10.17775/cseejpes.2024.05300,doi:10.17775/cseejpes.2024.05300,academic,include,I1,abstract
IEEE,IF14C7B336D72F089,10.1109/hicss.2001.927106,doi:10.1109/hicss.2001.927106,academic,exclude,X1,abstract
IEEE,IF17BB2D367FF99A2,10.1109/wiiat.2008.315,doi:10.1109/wiiat.2008.315,academic,include,I2,abstract
IEEE,IF182C0FF8C4ABF5F,10.1109/ssme.2009.160,doi:10.1109/ssme.2009.160,academic,include,I1,abstract
IEEE,IF19A1F1CDF55C3B0,10.1109/isda.2007.66,doi:10.1109/isda.2007.66,academic,include,I1,abstract
IEEE,IF1AA085D81C985FF,10.1109/gast67799.2026.11523345,doi:10.1109/gast67799.2026.11523345,academic,include,I2,abstract
IEEE,IF1C036F1DB1B008B,10.1093/imamci/dnq014,doi:10.1093/imamci/dnq014,academic,pending,workflow-v2-§3,abstract
IEEE,IF1D28DC58E52DACE,10.1109/infocom.2014.6848091,doi:10.1109/infocom.2014.6848091,academic,include,I1,fulltext-exception
IEEE,IF1F6284BCD32E111,10.1109/iat.2005.146,doi:10.1109/iat.2005.146,academic,exclude,T1,control-only
IEEE,IF21192D1BA0ADDB5,10.1109/mwc.016.2300600,doi:10.1109/mwc.016.2300600,academic,exclude,X1,abstract
IEEE,IF233C192100CD436,10.1109/bigdataservice70481.2026.00022,doi:10.1109/bigdataservice70481.2026.00022,academic,exclude,X1,abstract
IEEE,IF2403F8519D55AEC,10.1109/icet63392.2024.10935187,doi:10.1109/icet63392.2024.10935187,academic,exclude,X1,abstract
IEEE,IF263E70C6E3B1CCC,10.1109/ic3et64989.2026.11467206,doi:10.1109/ic3et64989.2026.11467206,academic,exclude,X1,abstract
IEEE,IF281E4EFB7D87297,10.1109/noms69089.2026.11668275,doi:10.1109/noms69089.2026.11668275,academic,include,I1,abstract
IEEE,IF2A293BEF74B38E3,10.1109/tkde.2021.3077699,doi:10.1109/tkde.2021.3077699,academic,include,I1,abstract
IEEE,IF2AE266C6E511E36,10.1109/picmet.2009.5261945,doi:10.1109/picmet.2009.5261945,academic,include,I1,abstract
IEEE,IF2B0B8ACE49D626E,10.1109/icbdse70225.2026.11635327,doi:10.1109/icbdse70225.2026.11635327,academic,exclude,X1,abstract
IEEE,IF2B2F3186C507F5D,10.1109/iciccs67901.2026.11502805,doi:10.1109/iciccs67901.2026.11502805,academic,exclude,X1,abstract
IEEE,IF2B3976DF7D3485F,10.1109/amt.2005.1505317,doi:10.1109/amt.2005.1505317,academic,include,I1,fulltext-exception
IEEE,IF2DE84808BC62730,10.1109/ispa67752.2025.00215,doi:10.1109/ispa67752.2025.00215,academic,exclude,X1,abstract
IEEE,IF300386F184A59FE,10.1109/icassp.2017.7953278,doi:10.1109/icassp.2017.7953278,academic,pending,workflow-v2-3/scope_uncertain,fulltext-exception
IEEE,IF3123F6CA481F3F0,10.1109/isda.2008.138,doi:10.1109/isda.2008.138,academic,include,I2,abstract
IEEE,IF3249C47773D317E,10.1109/sysose.2013.6575262,doi:10.1109/sysose.2013.6575262,academic,exclude,X1,abstract
IEEE,IF3286731078FD19E,10.1109/access.2020.3045919,doi:10.1109/access.2020.3045919,academic,exclude,X1,abstract
IEEE,IF367470BF74CD1A1,10.1109/isemantic55962.2022.9920434,doi:10.1109/isemantic55962.2022.9920434,academic,exclude,X1,abstract
IEEE,IF36D7567EBD86E08,10.1109/mis.2008.106,doi:10.1109/mis.2008.106,academic,exclude,X1,abstract
IEEE,IF38CEC634DE794FD,10.1109/icetc.2010.5529654,doi:10.1109/icetc.2010.5529654,academic,exclude,X1,abstract
IEEE,IF3A4D20F78A4FE82,10.1109/jiot.2026.3695126,doi:10.1109/jiot.2026.3695126,academic,include,I1,abstract
IEEE,IF3CF291293D0E693,10.1109/isads.2001.917390,doi:10.1109/isads.2001.917390,academic,include,I2,abstract
IEEE,IF3E17E517D918D01,ieee:6644140,platform:IEEE:6644140,academic,exclude,X1,abstract
IEEE,IF43ABE4974F761B7,10.1109/allerton.2015.7447041,doi:10.1109/allerton.2015.7447041,academic,exclude,X1,abstract
IEEE,IF44D73F3E1A3048B,10.1109/cec.2000.870763,doi:10.1109/cec.2000.870763,academic,include,I1,abstract
IEEE,IF4571B9599DAD1E8,10.1109/cac67268.2025.11487397,doi:10.1109/cac67268.2025.11487397,academic,exclude,X1,abstract
IEEE,IF458EBB7358708BA,10.1109/itsc.2016.7795753,doi:10.1109/itsc.2016.7795753,academic,exclude,X1,abstract
IEEE,IF497FE392FC8D27D,10.1109/pacrim.2011.6032900,doi:10.1109/pacrim.2011.6032900,academic,include,I1,abstract
IEEE,IF4A13248257C04D4,10.1109/icdim.2016.7829758,doi:10.1109/icdim.2016.7829758,academic,exclude,X1,abstract
IEEE,IF4C33EF4893C24CC,10.1109/scc.2008.83,doi:10.1109/scc.2008.83,academic,exclude,X1,abstract
IEEE,IF4D7126E4D0568C3,10.1109/nafips.2002.1018036,doi:10.1109/nafips.2002.1018036,academic,pending,workflow-v2-3/scope_uncertain,fulltext-exception
IEEE,IF501433A116BF043,10.1109/hicss.1997.663423,doi:10.1109/hicss.1997.663423,academic,pending,workflow-v2-§3,abstract
IEEE,IF5216D48A56368A4,10.1109/bigdata62323.2024.10825052,doi:10.1109/bigdata62323.2024.10825052,academic,exclude,X1,abstract
IEEE,IF54CB9C55855C32E,10.1109/icsc63108.2024.10895185,doi:10.1109/icsc63108.2024.10895185,academic,exclude,X1,abstract
IEEE,IF595E6A3E2056053,10.1109/isspit.2007.4458205,doi:10.1109/isspit.2007.4458205,academic,include,I2,abstract
IEEE,IF5BA342AB169408B,10.1109/access.2025.3638950,doi:10.1109/access.2025.3638950,academic,exclude,X1,abstract
IEEE,IF5BFB4E86207C14C,10.1109/ieem.2015.7385609,doi:10.1109/ieem.2015.7385609,academic,include,I1,abstract
IEEE,IF6081BB7383D7075,10.1109/tnet.2023.3309729,doi:10.1109/tnet.2023.3309729,academic,pending,workflow-v2-3/scope_uncertain,fulltext-exception
IEEE,IF64EEC2251239CAF,10.1109/icisa.2011.5772356,doi:10.1109/icisa.2011.5772356,academic,include,I1,fulltext-exception
IEEE,IF651D1C0459E438D,10.1109/ccdc.2012.6244332,doi:10.1109/ccdc.2012.6244332,academic,include,I1,abstract
IEEE,IF65C0FCDBB3D520D,10.1109/iecon.2013.6700404,doi:10.1109/iecon.2013.6700404,academic,include,I1,abstract
IEEE,IF65FDFEA1B3F01ED,10.1109/hicss.2009.170,doi:10.1109/hicss.2009.170,academic,include,I2,abstract
IEEE,IF66CDF99C2D3B264,10.23919/mipro52101.2021.9597153,doi:10.23919/mipro52101.2021.9597153,academic,exclude,X1,abstract
IEEE,IF69BC61CF622F9EE,10.1109/trustcom.2011.47,doi:10.1109/trustcom.2011.47,academic,exclude,X1,abstract
IEEE,IF6B2F188AF25A541,10.1109/ictai.2005.27,doi:10.1109/ictai.2005.27,academic,include,I1,abstract
IEEE,IF6B64BF7BFB6C621,10.1109/tnsm.2022.3160210,doi:10.1109/tnsm.2022.3160210,academic,include,I1,abstract
IEEE,IF6D80EB782702911,10.1109/temu.2014.6917762,doi:10.1109/temu.2014.6917762,academic,exclude,X1,abstract
IEEE,IF6EDFC1D47EA4B46,10.1109/mis.2008.76,doi:10.1109/mis.2008.76,academic,exclude,X1,abstract
IEEE,IF6F3BDF06CB08BA4,10.1109/icfcc.2010.5497365,doi:10.1109/icfcc.2010.5497365,academic,include,I1,fulltext-exception
IEEE,IF7008F95F12D541B,10.1109/tie.2012.2193857,doi:10.1109/tie.2012.2193857,academic,include,I1,abstract
IEEE,IF70EA050339DC5EA,10.1109/pct.2007.4538442,doi:10.1109/pct.2007.4538442,academic,include,I1,abstract
IEEE,IF70F966D14F48FFD,10.1109/ichms69701.2026.11602360,doi:10.1109/ichms69701.2026.11602360,academic,exclude,X1,abstract
IEEE,IF722C5F56D1D3312,10.1109/cifer52523.2022.9776070,doi:10.1109/cifer52523.2022.9776070,academic,include,I1,abstract
IEEE,IF778BBE016909BCF,10.1109/icirca69024.2026.11570293,doi:10.1109/icirca69024.2026.11570293,academic,exclude,X1,abstract
IEEE,IF78B773F9FE63D8C,10.1109/icmse.2012.6414157,doi:10.1109/icmse.2012.6414157,academic,exclude,X1,abstract
IEEE,IF79F0D32A9AB720D,10.1109/icbds58040.2023.10346458,doi:10.1109/icbds58040.2023.10346458,academic,exclude,X1,abstract
IEEE,IF79F3004D878B4F8,10.1109/access.2026.3707573,doi:10.1109/access.2026.3707573,academic,exclude,X1,abstract
IEEE,IF7B657FF9A3CC1B7,10.1109/infocom.2015.7218590,doi:10.1109/infocom.2015.7218590,academic,include,I1,fulltext-exception
IEEE,IF7C243323D016D27,10.1109/tciaig.2012.2222406,doi:10.1109/tciaig.2012.2222406,academic,include,I1,abstract
IEEE,IF83770BDBBD7599B,10.1109/icdm51629.2021.00086,doi:10.1109/icdm51629.2021.00086,academic,include,I1,abstract
IEEE,IF8589C04C86B74D6,10.1109/nwesp.2009.16,doi:10.1109/nwesp.2009.16,academic,include,I2,abstract
IEEE,IF85B61B7EC719F6D,10.1109/ebiss.2009.5138100,doi:10.1109/ebiss.2009.5138100,academic,exclude,X1,abstract
IEEE,IF85C51F7C6BA023B,10.1109/snpd.2013.63,doi:10.1109/snpd.2013.63,academic,include,I1,abstract
IEEE,IF86316C230EB57D4,10.1109/icassp43922.2022.9747757,doi:10.1109/icassp43922.2022.9747757,academic,exclude,X1,abstract
IEEE,IF875BE91D9AB9A80,10.1109/icect.2004.1319735,doi:10.1109/icect.2004.1319735,academic,pending,workflow-v2-3/scope_uncertain,fulltext-exception
IEEE,IF876DCF4E02363F2,10.1109/pesw.2002.984958,doi:10.1109/pesw.2002.984958,academic,include,I1,abstract
IEEE,IF88A7962D905CBDF,10.1109/ica67499.2025.00024,doi:10.1109/ica67499.2025.00024,academic,exclude,X1,abstract
IEEE,IF894869257A09DF6,10.1109/ideas.2002.1029673,doi:10.1109/ideas.2002.1029673,academic,exclude,X1,abstract
IEEE,IF8BF8240201C7F86,10.1109/ds-rt.2008.50,doi:10.1109/ds-rt.2008.50,academic,exclude,X1,abstract
IEEE,IF8F8FA8D28FD8983,10.1109/icmas.2000.858433,doi:10.1109/icmas.2000.858433,academic,exclude,X1,abstract
IEEE,IF912908682B7F29B,10.1109/ifcsta.2009.320,doi:10.1109/ifcsta.2009.320,academic,exclude,X1,abstract
IEEE,IF923654AA51F843C,10.1109/ispa-bdcloud-sustaincom-socialcom48970.2019.00013,doi:10.1109/ispa-bdcloud-sustaincom-socialcom48970.2019.00013,academic,exclude,X1,abstract
IEEE,IF92C61AD2173BD5E,10.1109/cencon.2014.6967477,doi:10.1109/cencon.2014.6967477,academic,include,I1,abstract
IEEE,IF94557082618B9F7,10.1109/aiiot61789.2024.10579008,doi:10.1109/aiiot61789.2024.10579008,academic,exclude,X1,abstract
IEEE,IF97DEC788F2FDF84,10.1109/wi-iat.2013.203,doi:10.1109/wi-iat.2013.203,academic,include,I1,fulltext-exception
IEEE,IF9885B5710307143,10.1109/wcica.2006.1713156,doi:10.1109/wcica.2006.1713156,academic,include,I1,abstract
IEEE,IF994EB37AA40DB22,10.1109/cloud72782.2026.00060,doi:10.1109/cloud72782.2026.00060,academic,exclude,X1,abstract
IEEE,IF9D231845B067C1F,10.1109/tste.2020.3029977,doi:10.1109/tste.2020.3029977,academic,include,I1,abstract
IEEE,IF9DDDFDEC5122B76,10.1109/icebe.2013.3,doi:10.1109/icebe.2013.3,academic,exclude,X1,abstract
IEEE,IF9ECDCEA776910B3,10.1109/mcdm.2007.369116,doi:10.1109/mcdm.2007.369116,academic,exclude,X1,abstract
IEEE,IFA0CD99F7F22919B,10.1109/ccai69603.2026.11642106,doi:10.1109/ccai69603.2026.11642106,academic,include,I2,abstract
IEEE,IFA26EC91444667DC,10.1109/ia.2013.6595190,doi:10.1109/ia.2013.6595190,academic,exclude,X1,abstract
IEEE,IFA6355518E68B65B,10.1109/picmet.2016.7806645,doi:10.1109/picmet.2016.7806645,academic,exclude,X1,abstract
IEEE,IFA6C92DEF77BA614,10.1109/jiot.2026.3721774,doi:10.1109/jiot.2026.3721774,academic,include,I1,abstract
IEEE,IFA9F5AC962695172,10.1109/metroaerospace69299.2026.11646644,doi:10.1109/metroaerospace69299.2026.11646644,academic,exclude,X1,abstract
IEEE,IFAD41A61B643AF81,10.1109/dexa.2002.1045947,doi:10.1109/dexa.2002.1045947,academic,include,I2,abstract
IEEE,IFAEE8DF548DC2AC6,10.1109/icaic67076.2026.11395747,doi:10.1109/icaic67076.2026.11395747,academic,exclude,X1,abstract
IEEE,IFAF0FB058AB5D0F2,10.1109/saci51354.2021.9465561,doi:10.1109/saci51354.2021.9465561,academic,exclude,X1,abstract
IEEE,IFAF977A16E1C8ACC,10.1109/rrs.2005.4,doi:10.1109/rrs.2005.4,academic,include,I2,fulltext-exception
IEEE,IFAFC3A438E5E508E,10.1109/iiai-aai53430.2021.00062,doi:10.1109/iiai-aai53430.2021.00062,academic,include,I1,abstract
IEEE,IFB26D53EC2DAB267,10.1109/powercon53785.2021.9697851,doi:10.1109/powercon53785.2021.9697851,academic,exclude,X1,abstract
IEEE,IFB40D008AC40BBEA,10.1109/iwqos61813.2024.10682849,doi:10.1109/iwqos61813.2024.10682849,academic,include,I1,abstract
IEEE,IFB56C8BED517395B,10.1109/aero.2004.1368113,doi:10.1109/aero.2004.1368113,academic,include,I1,fulltext-exception
IEEE,IFB7C8D0153302E10,10.1109/icsssm.2013.6602584,doi:10.1109/icsssm.2013.6602584,academic,include,I1,abstract
IEEE,IFBAC64BA854C02D4,10.1109/eleco64362.2024.10847247,doi:10.1109/eleco64362.2024.10847247,academic,exclude,X1,abstract
IEEE,IFBB7AD6BB755E273,10.1109/ised67359.2025.11405153,doi:10.1109/ised67359.2025.11405153,academic,include,I2,abstract
IEEE,IFBC02DB43422B153,10.1109/tvt.2023.3276898,doi:10.1109/tvt.2023.3276898,academic,include,I1,abstract
IEEE,IFBC921B2C601B8E5,10.1109/icsmc.2003.1245664,doi:10.1109/icsmc.2003.1245664,academic,include,I1,abstract
IEEE,IFBCD6CBFEFAD9722,10.1109/eitce70137.2026.11634613,doi:10.1109/eitce70137.2026.11634613,academic,exclude,X1,abstract
IEEE,IFBD42C0BBCFF05F5,10.1109/roboticcc68732.2025.00025,doi:10.1109/roboticcc68732.2025.00025,academic,include,I2,abstract
IEEE,IFBD59ECA2E1ADEBB,10.1109/acc.2010.5530432,doi:10.1109/acc.2010.5530432,academic,exclude,X1,abstract
IEEE,IFBE228433AB18AF2,10.1109/jsac.2006.872888,doi:10.1109/jsac.2006.872888,academic,exclude,X1,abstract
IEEE,IFBEA0C6F73C9BB34,10.1109/isads.2001.917410,doi:10.1109/isads.2001.917410,academic,include,I1,abstract
IEEE,IFBF051100F2C38D3,10.1109/iccet.2009.192,doi:10.1109/iccet.2009.192,academic,exclude,X1,fulltext-exception
IEEE,IFC72DB60DDECFFBD,10.1109/ecdc.2014.6836766,doi:10.1109/ecdc.2014.6836766,academic,include,I1,abstract
IEEE,IFC997C81DB297D4C,10.1109/oceanschennai45887.2022.9775505,doi:10.1109/oceanschennai45887.2022.9775505,academic,exclude,X1,abstract
IEEE,IFCA5D22FB00DF102,10.1109/ccst.2003.1297566,doi:10.1109/ccst.2003.1297566,academic,include,I2,abstract
IEEE,IFCC78769095B414A,10.23919/ecc51009.2020.9143969,doi:10.23919/ecc51009.2020.9143969,academic,exclude,X1,abstract
IEEE,IFCF43215B1D5AEB6,10.1109/wi.2003.1241274,doi:10.1109/wi.2003.1241274,academic,exclude,X1,abstract
IEEE,IFCF787A4E2381A03,10.1109/wcica.2006.1713793,doi:10.1109/wcica.2006.1713793,academic,exclude,X1,abstract
IEEE,IFD078D6754EBAF7C,10.1109/tsc.2020.3032976,doi:10.1109/tsc.2020.3032976,academic,exclude,X1,abstract
IEEE,IFD3814DE11376678,10.1109/tem.2002.803388,doi:10.1109/tem.2002.803388,academic,exclude,X1,abstract
IEEE,IFD48189F3650C541,10.1109/tsg.2015.2459753,doi:10.1109/tsg.2015.2459753,academic,exclude,X1,abstract
IEEE,IFDBD063D83A0110B,10.1109/hicss.2004.1265673,doi:10.1109/hicss.2004.1265673,academic,exclude,X1,abstract
IEEE,IFE115CDDC598B5BF,10.1109/fuzzy.1995.409907,doi:10.1109/fuzzy.1995.409907,academic,exclude,X1,abstract
IEEE,IFE79356ED1C0075D,10.1109/cinc.2009.137,doi:10.1109/cinc.2009.137,academic,exclude,X1,abstract
IEEE,IFE80BF5380B87B29,10.1109/acait63902.2024.11022072,doi:10.1109/acait63902.2024.11022072,academic,exclude,X1,abstract
IEEE,IFE95631F9D96344A,10.1109/isap.2009.5352855,doi:10.1109/isap.2009.5352855,academic,include,I1,abstract
IEEE,IFE9744E95DC8012C,10.1109/mnc69143.2026.11680796,doi:10.1109/mnc69143.2026.11680796,academic,exclude,X1,abstract
IEEE,IFEAA895BD19AE7EF,10.1109/milcom64451.2025.11310417,doi:10.1109/milcom64451.2025.11310417,academic,exclude,X1,abstract
IEEE,IFEB11F279850D6F5,10.1109/icws72778.2026.00165,doi:10.1109/icws72778.2026.00165,academic,include,I2,abstract
IEEE,IFEC3AE0EAD8DF3AF,10.1109/coec.2003.1210225,doi:10.1109/coec.2003.1210225,academic,include,I1,fulltext-exception
IEEE,IFED59CD32870B038,10.1109/icaic67076.2026.11395848,doi:10.1109/icaic67076.2026.11395848,academic,include,I2,abstract
IEEE,IFEF9D4663F7F477B,10.1109/dexa.2000.875151,doi:10.1109/dexa.2000.875151,academic,include,I1,abstract
IEEE,IFF056BB2E97EA60C,10.1109/hicss.2004.1265405,doi:10.1109/hicss.2004.1265405,academic,include,I1,abstract
IEEE,IFF09C066BBA1C692,10.1109/locs.2019.2906156,doi:10.1109/locs.2019.2906156,academic,include,I1,abstract
IEEE,IFF0CD4E5E742C6D8,10.1109/issre.1998.730880,doi:10.1109/issre.1998.730880,academic,pending,workflow-v2-§3,abstract
IEEE,IFF1487D2B0848784,10.1109/pci.2009.39,doi:10.1109/pci.2009.39,academic,include,I1,abstract
IEEE,IFF5E50D9DBDFF9A2,10.1162/105474603322955897,doi:10.1162/105474603322955897,academic,exclude,X1,abstract
IEEE,IFF6CE90755ECE305,10.1109/wcnc65185.2026.11555327,doi:10.1109/wcnc65185.2026.11555327,academic,include,I1,abstract
IEEE,IFF7458A1534CECDD,10.1109/icime.2010.5477873,doi:10.1109/icime.2010.5477873,academic,include,I1,abstract
IEEE,IFF75258C734A991D,10.1109/tencon.2012.6412310,doi:10.1109/tencon.2012.6412310,academic,include,I1,abstract
IEEE,IFF865F8671E64BBE,10.1109/hicss.2005.583,doi:10.1109/hicss.2005.583,academic,include,I1,abstract
IEEE,IFF9DDA907EF4CCE2,10.1109/micai.2011.11,doi:10.1109/micai.2011.11,academic,include,I1,fulltext-exception
IEEE,IFF9E9DBC822E2EC8,10.1109/iraset68627.2026.11538795,doi:10.1109/iraset68627.2026.11538795,academic,include,I2,fulltext-exception
IEEE,IFFB8739C9C1F09D5,10.1109/icmas.2000.858468,doi:10.1109/icmas.2000.858468,academic,exclude,X1,abstract
IEEE,IFFC2F58A6A5277DE,10.1109/tmc.2026.3737521,doi:10.1109/tmc.2026.3737521,academic,exclude,T2,control-only
IEEE,IFFCA0F9612F173AE,10.1109/wise.2001.996466,doi:10.1109/wise.2001.996466,academic,pending,workflow-v2-3/scope_uncertain,fulltext-exception
IEEE,IFFFBC3BEDBBDE0B4,10.1109/imcsit.2010.5680077,doi:10.1109/imcsit.2010.5680077,academic,exclude,T1,control-only
AAAI,AA-00aae28350e143d818d4,10.1609/aaai.v24i1.7625,doi:10.1609/aaai.v24i1.7625,academic; assigned source controls Pass,pending,workflow-v2 §3 / I1,fulltext-exception
AAAI,AA-041181d1b5e4e3c0c1a4,10.1609/aaai.v28i1.8828,doi:10.1609/aaai.v28i1.8828,academic; assigned source controls Pass,exclude,X1,abstract
AAAI,AA-07a5420ece15afd7b289,10.1609/aaai.v40i42.40895,doi:10.1609/aaai.v40i42.40895,academic; assigned source controls Pass,include,I2,abstract
AAAI,AA-0aeaf23797c46fba0aae,10.1609/aaai.v38i16.29683,doi:10.1609/aaai.v38i16.29683,academic; assigned source controls Pass,exclude,X1 / I2,abstract
AAAI,AA-0d1da298a741d358f85d,10.1609/aaai.v39i13.33510,doi:10.1609/aaai.v39i13.33510,academic; assigned source controls Pass,exclude,X1,abstract
AAAI,AA-159e83e56077ecd456d2,10.1609/aaai.v33i01.33011989,doi:10.1609/aaai.v33i01.33011989,academic; assigned source controls Pass,exclude,X1,abstract
AAAI,AA-1683248aa43d1ddd2c2b,10.1609/aaai.v34i02.5566,doi:10.1609/aaai.v34i02.5566,academic; assigned source controls Pass,exclude,X1,abstract
AAAI,AA-16ab783544266de77524,10.1609/aaai.v37i5.25690,doi:10.1609/aaai.v37i5.25690,academic; assigned source controls Pass,exclude,X1,abstract
AAAI,AA-16fa8fefbd769593f48a,10.1609/aaai.v25i1.7863,doi:10.1609/aaai.v25i1.7863,academic; assigned source controls Pass,exclude,X1,abstract
AAAI,AA-1db8afb120fd00d2419e,10.1609/aaai.v40i48.42347,doi:10.1609/aaai.v40i48.42347,academic; assigned source controls Pass,exclude,X1,abstract
AAAI,AA-1e49f384ce1b980a11ea,10.1609/aaai.v39i13.33540,doi:10.1609/aaai.v39i13.33540,academic; assigned source controls Pass,exclude,X1,abstract
AAAI,AA-2358e28829254709c12d,10.1609/aaai.v40i47.41468,doi:10.1609/aaai.v40i47.41468,academic; assigned source controls Pass,include,I2,abstract
AAAI,AA-2c5ab3bca78e8d1d1132,10.1609/aaai.v29i1.9436,doi:10.1609/aaai.v29i1.9436,academic; assigned source controls Pass,pending,workflow-v2 §3 / I1,fulltext-exception
AAAI,AA-2e977288ab05838f572d,10.1609/aaai.v26i1.8245,doi:10.1609/aaai.v26i1.8245,academic; assigned source controls Pass,pending,workflow-v2 §3 / I1,fulltext-exception
AAAI,AA-31a54298b497c3fc03fd,10.1609/aaai.v24i1.7614,doi:10.1609/aaai.v24i1.7614,academic; assigned source controls Pass,include,I1,fulltext-exception
AAAI,AA-35fde61f79d189cc5a36,10.1609/aaai.v35i6.16679,doi:10.1609/aaai.v35i6.16679,academic; assigned source controls Pass,exclude,X1,abstract
AAAI,AA-38b5925b46f31d00bb8c,10.1609/aaai.v28i1.8803,doi:10.1609/aaai.v28i1.8803,academic; assigned source controls Pass,exclude,X1,abstract
AAAI,AA-413c9b6b4e455dd03f3d,10.1609/aaai.v40i48.42381,doi:10.1609/aaai.v40i48.42381,academic; assigned source controls Pass,exclude,X1,abstract
AAAI,AA-413eed6f883cfded920d,10.1609/aaai.v28i1.8825,doi:10.1609/aaai.v28i1.8825,academic; assigned source controls Pass,exclude,X1,abstract
AAAI,AA-497fef6c007de9fea245,10.1609/aaai.v28i1.8793,doi:10.1609/aaai.v28i1.8793,academic; assigned source controls Pass,pending,workflow-v2 §3 / I1,fulltext-exception
AAAI,AA-4be94d702a76f3a8d955,10.1609/aaai.v26i1.8172,doi:10.1609/aaai.v26i1.8172,academic; assigned source controls Pass,include,I1,abstract
AAAI,AA-4d7303b283ca37a84f48,10.1609/aaai.v24i1.7628,doi:10.1609/aaai.v24i1.7628,academic; assigned source controls Pass,exclude,X1,abstract
AAAI,AA-4dd3596629f190773a93,10.1609/aaai.v26i1.8193,doi:10.1609/aaai.v26i1.8193,academic; assigned source controls Pass,exclude,X1,fulltext-exception
AAAI,AA-4eb28dca7742e8ff411c,10.1609/aaai.v36i11.21578,doi:10.1609/aaai.v36i11.21578,academic; assigned source controls Pass,include,I1,fulltext-exception
AAAI,AA-4f663990799913e6769e,10.1609/aaai.v29i1.9340,doi:10.1609/aaai.v29i1.9340,academic; assigned source controls Pass,exclude,X1,abstract
AAAI,AA-55f0afd26be72ed2534b,10.1609/aaai.v24i1.7618,doi:10.1609/aaai.v24i1.7618,academic; assigned source controls Pass,exclude,X1,abstract
AAAI,AA-57f03c7e3e4beff78c8e,10.1609/aaai.v31i1.10609,doi:10.1609/aaai.v31i1.10609,academic; assigned source controls Pass,exclude,X1,abstract
AAAI,AA-5a99e958ef6db0bd91b5,10.1609/aaai.v39i13.33494,doi:10.1609/aaai.v39i13.33494,academic; assigned source controls Pass,exclude,X1,abstract
AAAI,AA-5fc3aeaaa2464f820d33,10.1609/aaai.v28i1.9089,doi:10.1609/aaai.v28i1.9089,academic; assigned source controls Pass,include,I1,abstract
AAAI,AA-633f0867d6b6a65cbd08,10.1609/aaai.v35i6.16671,doi:10.1609/aaai.v35i6.16671,academic; assigned source controls Pass,exclude,X1,abstract
AAAI,AA-635e838d07af75aa98a8,10.1609/aaai.v40i21.38822,doi:10.1609/aaai.v40i21.38822,academic; assigned source controls Pass,include,I1,abstract
AAAI,AA-67bf6dc3162dbabbda6b,10.1609/aaai.v37i5.25726,doi:10.1609/aaai.v37i5.25726,academic; assigned source controls Pass,include,I1,abstract
AAAI,AA-6b600000f466342fd0d7,10.1609/aaai.v25i1.7883,doi:10.1609/aaai.v25i1.7883,academic; assigned source controls Pass,exclude,X1,abstract
AAAI,AA-6d9385775356a4eee7fa,10.1609/aaai.v35i6.16648,doi:10.1609/aaai.v35i6.16648,academic; assigned source controls Pass,exclude,X1,abstract
AAAI,AA-6ee462189e3431d7ac8a,10.1609/aaai.v29i1.9427,doi:10.1609/aaai.v29i1.9427,academic; assigned source controls Pass,exclude,X1,abstract
AAAI,AA-7658986befa0a69372d3,10.1609/aaai.v26i1.8416,doi:10.1609/aaai.v26i1.8416,academic; assigned source controls Pass,exclude,X1,abstract
AAAI,AA-7a8c578a0b94742e9da1,10.1609/aaai.v32i1.11450,doi:10.1609/aaai.v32i1.11450,academic; assigned source controls Pass,exclude,X1,abstract
AAAI,AA-7df0a9f1fc5272331c89,10.1609/aaai.v28i1.8817,doi:10.1609/aaai.v28i1.8817,academic; assigned source controls Pass,exclude,X1,abstract
AAAI,AA-7f5c8a0623db7772cca1,10.1609/aaai.v38i9.28856,doi:10.1609/aaai.v38i9.28856,academic; assigned source controls Pass,pending,workflow-v2 §3 / I1,fulltext-exception
AAAI,AA-88cdef3a754404ae5679,10.1609/aaai.v34i02.5600,doi:10.1609/aaai.v34i02.5600,academic; assigned source controls Pass,include,I1,abstract
AAAI,AA-8bf4cc13ce257d637741,10.1609/aaai.v34i02.5607,doi:10.1609/aaai.v34i02.5607,academic; assigned source controls Pass,pending,workflow-v2 §3 / I1,fulltext-exception
AAAI,AA-8d39d22ee88cde7cebf3,10.1609/aaai.v35i6.16645,doi:10.1609/aaai.v35i6.16645,academic; assigned source controls Pass,exclude,X1,abstract
AAAI,AA-8e08f3304dac448e59ed,10.1609/aaai.v31i1.10624,doi:10.1609/aaai.v31i1.10624,academic; assigned source controls Pass,include,I1,abstract
AAAI,AA-91e04f1dcf9ae9eef561,10.1609/aaai.v40i37.40347,doi:10.1609/aaai.v40i37.40347,academic; assigned source controls Pass,include,I2,abstract
AAAI,AA-a0a54ea3c084e5aa3a97,10.1609/aaai.v32i1.11445,doi:10.1609/aaai.v32i1.11445,academic; assigned source controls Pass,include,I1,abstract
AAAI,AA-a0c3c706940664379d14,10.1609/aaai.v34i02.5571,doi:10.1609/aaai.v34i02.5571,academic; assigned source controls Pass,pending,workflow-v2 §3 / I1,fulltext-exception
AAAI,AA-a67f6f9de62a86931d91,10.1609/aaai.v26i1.8262,doi:10.1609/aaai.v26i1.8262,academic; assigned source controls Pass,exclude,X1,abstract
AAAI,AA-a70944b2f9dc7969697d,10.1609/aaai.v26i1.8263,doi:10.1609/aaai.v26i1.8263,academic; assigned source controls Pass,exclude,X1,abstract
AAAI,AA-a9a1e46743d2740527a8,10.1609/aaai.v39i13.33553,doi:10.1609/aaai.v39i13.33553,academic; assigned source controls Pass,exclude,X1,abstract
AAAI,AA-aa9dd013bb85f7c942ef,10.1609/aaai.v24i1.7764,doi:10.1609/aaai.v24i1.7764,academic; assigned source controls Pass,exclude,X1,abstract
AAAI,AA-aad952b7544fdba8e855,10.1609/aaai.v34i02.5568,doi:10.1609/aaai.v34i02.5568,academic; assigned source controls Pass,include,I1,abstract
AAAI,AA-ac3a5492745c3246959e,10.1609/aaai.v29i1.9318,doi:10.1609/aaai.v29i1.9318,academic; assigned source controls Pass,exclude,X1,abstract
AAAI,AA-b59d8ef0237ecc4cf204,10.1609/aaai.v25i1.7865,doi:10.1609/aaai.v25i1.7865,academic; assigned source controls Pass,exclude,X1,abstract
AAAI,AA-b72b78f81636ae07f839,10.1609/aaai.v40i39.40640,doi:10.1609/aaai.v40i39.40640,academic; assigned source controls Pass,exclude,X1,fulltext-exception
AAAI,AA-b782e5b6de62f8fd7cf6,10.1609/aaai.v40i37.40380,doi:10.1609/aaai.v40i37.40380,academic; assigned source controls Pass,exclude,X1 / I2,abstract
AAAI,AA-b79d2f2cb2edd53da520,10.1609/aaai.v27i1.8607,doi:10.1609/aaai.v27i1.8607,academic; assigned source controls Pass,include,I1,abstract
AAAI,AA-bad53f6f33307cc34d66,10.1609/aaai.v35i6.16696,doi:10.1609/aaai.v35i6.16696,academic; assigned source controls Pass,include,I1,abstract
AAAI,AA-bb976e6bd54c86d136e8,10.1609/aaai.v35i6.16644,doi:10.1609/aaai.v35i6.16644,academic; assigned source controls Pass,exclude,X1,abstract
AAAI,AA-bddc8a1fbd52daa3ad87,10.1609/aaai.v40i35.40182,doi:10.1609/aaai.v40i35.40182,academic; assigned source controls Pass,exclude,X1,abstract
AAAI,AA-beed64efefa91a5dce6d,10.1609/aaai.v31i1.10618,doi:10.1609/aaai.v31i1.10618,academic; assigned source controls Pass,exclude,X1,abstract
AAAI,AA-c1c0765d26c38146ae4b,10.1609/aaai.v26i1.8395,doi:10.1609/aaai.v26i1.8395,academic; assigned source controls Pass,exclude,X1,abstract
AAAI,AA-c504c57858262cb17a49,10.1609/aaai.v32i1.11452,doi:10.1609/aaai.v32i1.11452,academic; assigned source controls Pass,exclude,X1,abstract
AAAI,AA-d4c1f36ea3c9684448d0,10.1609/aaai.v33i01.3301914,doi:10.1609/aaai.v33i01.3301914,academic; assigned source controls Pass,include,I1,abstract
AAAI,AA-dd570ad0021232c2630a,10.1609/aaai.v40i42.40898,doi:10.1609/aaai.v40i42.40898,academic; assigned source controls Pass,include,I2,abstract
AAAI,AA-e0c5016d743523ced40b,10.1609/aaai.v38i9.28832,doi:10.1609/aaai.v38i9.28832,academic; assigned source controls Pass,exclude,X1,abstract
AAAI,AA-ee32dd1dbf6449a96bd0,10.1609/aaai.v28i1.8789,doi:10.1609/aaai.v28i1.8789,academic; assigned source controls Pass,exclude,X1,abstract
AAAI,AA-f47d9f05374ba3ca7092,10.1609/aaai.v37i5.25679,doi:10.1609/aaai.v37i5.25679,academic; assigned source controls Pass,exclude,X1,abstract
AAAI,AA-f4b3ab479af68abc226a,10.1609/aaai.v37i10.26366,doi:10.1609/aaai.v37i10.26366,academic; assigned source controls Pass,pending,workflow-v2 §3 / I1,fulltext-exception
AAAI,AA-f5d10feb427bfcab0c3b,10.1609/aaai.v36i11.21506,doi:10.1609/aaai.v36i11.21506,academic; assigned source controls Pass,exclude,X1,abstract
AAAI,AA-fbc78177bd9b10b4d4d6,10.1609/aaai.v26i1.8235,doi:10.1609/aaai.v26i1.8235,academic; assigned source controls Pass,exclude,X1,abstract
AAAI,AL-056e5d30dee89c31bdd7,aaai-legacy:https://aaai.org/papers/00164-aaai05-027-solving-the-auction-based-task-allocation-problem-in-an-open-environment,platform:AAAI-legacy:https://aaai.org/papers/00164-aaai05-027-solving-the-auction-based-task-allocation-problem-in-an-open-environment,academic; assigned source controls Pass,include,I1,fulltext-exception
AAAI,AL-0cd94961f41a08c6edf7,aaai-legacy:https://aaai.org/papers/01844-aaai06-304-multiagent-coalition-formation-for-computer-supported-cooperative-learning,platform:AAAI-legacy:https://aaai.org/papers/01844-aaai06-304-multiagent-coalition-formation-for-computer-supported-cooperative-learning,academic; assigned source controls Pass,exclude,X1,abstract
AAAI,AL-155330df85a614d99606,aaai-legacy:https://aaai.org/papers/01585-aaai06-256-handling-self-interest-in-groups-with-minimal-cost,platform:AAAI-legacy:https://aaai.org/papers/01585-aaai06-256-handling-self-interest-in-groups-with-minimal-cost,academic; assigned source controls Pass,exclude,X1,abstract
AAAI,AL-1decf4a69df493b35c62,aaai-legacy:https://aaai.org/papers/00414-aaai94-063-forming-coalitions-in-the-face-of-uncertain-rewards,platform:AAAI-legacy:https://aaai.org/papers/00414-aaai94-063-forming-coalitions-in-the-face-of-uncertain-rewards,academic; assigned source controls Pass,exclude,X1,abstract
AAAI,AL-1e07eda662f70f9bcb57,aaai-legacy:https://aaai.org/papers/00255-aaai05-041-expressive-negotiation-in-settings-with-externalities,platform:AAAI-legacy:https://aaai.org/papers/00255-aaai05-041-expressive-negotiation-in-settings-with-externalities,academic; assigned source controls Pass,exclude,X1,abstract
AAAI,AL-2265e9bd9f2ed71afc8c,aaai-legacy:https://aaai.org/papers/01495-aaai07-237-design-of-a-mechanism-for-promoting-honesty-in-e-marketplaces,platform:AAAI-legacy:https://aaai.org/papers/01495-aaai07-237-design-of-a-mechanism-for-promoting-honesty-in-e-marketplaces,academic; assigned source controls Pass,include,I1,abstract
AAAI,AL-2fe0beff1c9bd87b87b9,aaai-legacy:https://aaai.org/papers/00101-aaai08-016-agent-coordination-with-regret-clearing,platform:AAAI-legacy:https://aaai.org/papers/00101-aaai08-016-agent-coordination-with-regret-clearing,academic; assigned source controls Pass,exclude,X1,abstract
AAAI,AL-343e26e37d986708e20c,aaai-legacy:https://aaai.org/papers/013-aaai99-013-a-limitation-of-the-generalized-vickrey-auction-in-electronic-commerce-robustness-against-false-name-bids,platform:AAAI-legacy:https://aaai.org/papers/013-aaai99-013-a-limitation-of-the-generalized-vickrey-auction-in-electronic-commerce-robustness-against-false-name-bids,academic; assigned source controls Pass,exclude,X1,abstract
AAAI,AL-494696ee6d49da7eaefc,aaai-legacy:https://aaai.org/papers/00740-aaai06-118-robust-mechanisms-for-information-elicitation,platform:AAAI-legacy:https://aaai.org/papers/00740-aaai06-118-robust-mechanisms-for-information-elicitation,academic; assigned source controls Pass,exclude,X1,abstract
AAAI,AL-5cb7db1b1d7801197900,aaai-legacy:https://aaai.org/papers/00734-aaai06-117-mechanisms-for-partial-information-elicitation-the-truth-but-not-the-whole-truth,platform:AAAI-legacy:https://aaai.org/papers/00734-aaai06-117-mechanisms-for-partial-information-elicitation-the-truth-but-not-the-whole-truth,academic; assigned source controls Pass,exclude,X1,abstract
AAAI,AL-6493f371a31b5289b086,aaai-legacy:https://aaai.org/papers/00404-aaai02-062-competitive-safety-analysis,platform:AAAI-legacy:https://aaai.org/papers/00404-aaai02-062-competitive-safety-analysis,academic; assigned source controls Pass,exclude,X1,abstract
AAAI,AL-6a89e41523448519da76,aaai-legacy:https://aaai.org/papers/00074-aaai00-012-iterative-combinatorial-auctions-theory-and-practice,platform:AAAI-legacy:https://aaai.org/papers/00074-aaai00-012-iterative-combinatorial-auctions-theory-and-practice,academic; assigned source controls Pass,include,I1,fulltext-exception
AAAI,AL-7690ccb43412611dae13,aaai-legacy:https://aaai.org/papers/00158-aaai05-026-cooperative-exploration-in-the-electronic-marketplace,platform:AAAI-legacy:https://aaai.org/papers/00158-aaai05-026-cooperative-exploration-in-the-electronic-marketplace,academic; assigned source controls Pass,pending,workflow-v2 §3 / I1,fulltext-exception
AAAI,AL-86d7eb4d4417aa965b50,aaai-legacy:https://aaai.org/papers/00017-aaai08-003-a-theory-of-expressiveness-in-mechanisms,platform:AAAI-legacy:https://aaai.org/papers/00017-aaai08-003-a-theory-of-expressiveness-in-mechanisms,academic; assigned source controls Pass,exclude,X1,abstract
AAAI,AL-8922876f9c70d00d80c8,aaai-legacy:https://aaai.org/papers/00373-aaai02-057-bidding-clubs-in-first-price-auctions,platform:AAAI-legacy:https://aaai.org/papers/00373-aaai02-057-bidding-clubs-in-first-price-auctions,academic; assigned source controls Pass,exclude,X1,abstract
AAAI,AL-9d0cd9eb74529f6ba6c8,aaai-legacy:https://aaai.org/papers/00110-aaai00-017-robust-combinatorial-auction-protocol-against-false-name-bids,platform:AAAI-legacy:https://aaai.org/papers/00110-aaai00-017-robust-combinatorial-auction-protocol-against-false-name-bids,academic; assigned source controls Pass,pending,workflow-v2 §3 / I1,fulltext-exception
AAAI,AL-b612872812db493e846d,aaai-legacy:https://aaai.org/papers/00148-aaai07-022-valuation-uncertainty-and-imperfect-introspection-in-second-price-auctions,platform:AAAI-legacy:https://aaai.org/papers/00148-aaai07-022-valuation-uncertainty-and-imperfect-introspection-in-second-price-auctions,academic; assigned source controls Pass,exclude,X1,abstract
AAAI,AL-bd164b637d83cfd6154c,aaai-legacy:https://aaai.org/papers/00082-aaai00-013-preventing-strategic-manipulation-in-iterative-auctions-proxy-agents-and-price-adjustment,platform:AAAI-legacy:https://aaai.org/papers/00082-aaai00-013-preventing-strategic-manipulation-in-iterative-auctions-proxy-agents-and-price-adjustment,academic; assigned source controls Pass,include,I1,abstract
AAAI,AL-bd679762d005550846bf,aaai-legacy:https://aaai.org/papers/00592-aaai06-095-impersonation-based-mechanisms,platform:AAAI-legacy:https://aaai.org/papers/00592-aaai06-095-impersonation-based-mechanisms,academic; assigned source controls Pass,exclude,X1,abstract
AAAI,AL-d1111410b6278bc81ed6,aaai-legacy:https://aaai.org/papers/00672-aaai06-107-regret-based-incremental-partial-revelation-mechanisms,platform:AAAI-legacy:https://aaai.org/papers/00672-aaai06-107-regret-based-incremental-partial-revelation-mechanisms,academic; assigned source controls Pass,exclude,X1,abstract
AAAI,AL-e18a2e722c5178beb528,aaai-legacy:https://aaai.org/papers/00182-aaai08-029-bidding-strategies-for-realistic-multi-unit-sealed-bid-auctions,platform:AAAI-legacy:https://aaai.org/papers/00182-aaai08-029-bidding-strategies-for-realistic-multi-unit-sealed-bid-auctions,academic; assigned source controls Pass,include,I1,abstract
AAAI,AL-e676eecdca70bf14f883,aaai-legacy:https://aaai.org/papers/00385-aaai02-059-structural-leverage-and-fictitious-play-in-sequential-auctions,platform:AAAI-legacy:https://aaai.org/papers/00385-aaai02-059-structural-leverage-and-fictitious-play-in-sequential-auctions,academic; assigned source controls Pass,include,I1,abstract
AAAI,AL-eb59946556c65618e2ad,aaai-legacy:https://aaai.org/papers/140-aaai99-140-emediator-a-next-generation-electronic-commerce-server,platform:AAAI-legacy:https://aaai.org/papers/140-aaai99-140-emediator-a-next-generation-electronic-commerce-server,academic; assigned source controls Pass,include,I1,abstract
AAAI,AL-ed8c8e3c10a4dcfc29fe,aaai-legacy:https://aaai.org/papers/00090-aaai00-014-improved-algorithms-for-optimal-winner-determination-in-combinatorial-auctions-and-generalizations,platform:AAAI-legacy:https://aaai.org/papers/00090-aaai00-014-improved-algorithms-for-optimal-winner-determination-in-combinatorial-auctions-and-generalizations,academic; assigned source controls Pass,exclude,X1,abstract
AAAI,AL-eebb748f2c9739525bd2,aaai-legacy:https://aaai.org/papers/00036-aaai97-006-benefits-of-learning-in-negotiation,platform:AAAI-legacy:https://aaai.org/papers/00036-aaai97-006-benefits-of-learning-in-negotiation,academic; assigned source controls Pass,include,I1,fulltext-exception
AAAI,AL-fa7ee9cf2f4f9a7e3d0f,aaai-legacy:https://aaai.org/papers/00241-aaai05-039-mechanism-design-for-single-value-domains,platform:AAAI-legacy:https://aaai.org/papers/00241-aaai05-039-mechanism-design-for-single-value-domains,academic; assigned source controls Pass,exclude,X1,abstract
IJCAI,JH-070396ecb610ba14a904,ijcai:abstract/13/058,platform:IJCAI:abstract/13/058,academic; assigned source controls Pass,exclude,X1,abstract
IJCAI,JH-089e6b967fa6255bc271,ijcai:abstract/09/041,platform:IJCAI:abstract/09/041,academic; assigned source controls Pass,exclude,X1,abstract
IJCAI,JH-14374e05a18d271cb6b2,ijcai:abstract/13/045,platform:IJCAI:abstract/13/045,academic; assigned source controls Pass,exclude,X1,abstract
IJCAI,JH-1ab06aed4f5f757aed86,ijcai:abstract/11/087,platform:IJCAI:abstract/11/087,academic; assigned source controls Pass,exclude,X1,abstract
IJCAI,JH-1bd8dbc7b8bde8f6e423,10.24963/ijcai.2026/376,doi:10.24963/ijcai.2026/376,academic; assigned source controls Pass,exclude,X1,abstract
IJCAI,JH-1d303f363c067a9ba1ac,ijcai:abstract/16/056,platform:IJCAI:abstract/16/056,academic; assigned source controls Pass,exclude,X1,abstract
IJCAI,JH-1fe2f36b526f4e13efb0,ijcai:abstract/07/249,platform:IJCAI:abstract/07/249,academic; assigned source controls Pass,include,I1,abstract
IJCAI,JH-21b33cf549d7fd066d0b,10.24963/ijcai.2019/957,doi:10.24963/ijcai.2019/957,academic; assigned source controls Pass,include,I1,fulltext-exception
IJCAI,JH-240cad87a17f90fa7fcf,10.24963/ijcai.2026/801,doi:10.24963/ijcai.2026/801,academic; assigned source controls Pass,exclude,X1,abstract
IJCAI,JH-2452042c1b53afb23734,10.24963/ijcai.2018/23,doi:10.24963/ijcai.2018/23,academic; assigned source controls Pass,include,I1,abstract
IJCAI,JH-2458b70e1ce31802ef7e,ijcai:abstract/11/034,platform:IJCAI:abstract/11/034,academic; assigned source controls Pass,exclude,X1,abstract
IJCAI,JH-29704b906512a8c8a748,10.24963/ijcai.2021/401,doi:10.24963/ijcai.2021/401,academic; assigned source controls Pass,include,I1,abstract
IJCAI,JH-2ac6a5a1e9298686ff9a,ijcai:abstract/07/202,platform:IJCAI:abstract/07/202,academic; assigned source controls Pass,exclude,X1,abstract
IJCAI,JH-2c408b88021d7df27d86,ijcai:abstract/11/073,platform:IJCAI:abstract/11/073,academic; assigned source controls Pass,exclude,X1,abstract
IJCAI,JH-2cea451ccff5d7af29fc,10.24963/ijcai.2022/711,doi:10.24963/ijcai.2022/711,academic; assigned source controls Pass,exclude,X1,abstract
IJCAI,JH-305c57e243d82abde929,10.24963/ijcai.2017/15,doi:10.24963/ijcai.2017/15,academic; assigned source controls Pass,pending,workflow-v2 §3 / I1,fulltext-exception
IJCAI,JH-32a4af42207e59cafc8e,10.24963/ijcai.2024/912,doi:10.24963/ijcai.2024/912,academic; assigned source controls Pass,include,I1,fulltext-exception
IJCAI,JH-37dee9a65b8b83ea0173,10.24963/ijcai.2021/706,doi:10.24963/ijcai.2021/706,academic; assigned source controls Pass,pending,workflow-v2 §3 / I1,fulltext-exception
IJCAI,JH-4078276a9ea11f30f1fc,10.24963/ijcai.2024/297,doi:10.24963/ijcai.2024/297,academic; assigned source controls Pass,exclude,X1,abstract
IJCAI,JH-4694a6f085a3e7574f38,10.24963/ijcai.2022/77,doi:10.24963/ijcai.2022/77,academic; assigned source controls Pass,include,I1,fulltext-exception
IJCAI,JH-523d11180c0488653e63,10.24963/ijcai.2022/23,doi:10.24963/ijcai.2022/23,academic; assigned source controls Pass,include,I1,abstract
IJCAI,JH-588419a78c2ba00c8e70,ijcai:abstract/09/042,platform:IJCAI:abstract/09/042,academic; assigned source controls Pass,pending,workflow-v2 §3 / I1,fulltext-exception
IJCAI,JH-58b3791efa6937825e45,10.24963/ijcai.2020/33,doi:10.24963/ijcai.2020/33,academic; assigned source controls Pass,exclude,X1,abstract
IJCAI,JH-5b642ff94d8428f39e9b,10.24963/ijcai.2018/61,doi:10.24963/ijcai.2018/61,academic; assigned source controls Pass,include,I1,fulltext-exception
IJCAI,JH-675ba8bae95e19cb8420,10.24963/ijcai.2019/64,doi:10.24963/ijcai.2019/64,academic; assigned source controls Pass,exclude,X1,abstract
IJCAI,JH-6a9eebf57a9d33eab573,ijcai:abstract/11/072,platform:IJCAI:abstract/11/072,academic; assigned source controls Pass,exclude,X1,abstract
IJCAI,JH-724019de377c0fb0ce52,10.24963/ijcai.2025/1210,doi:10.24963/ijcai.2025/1210,academic; assigned source controls Pass,include,I1,abstract
IJCAI,JH-7addbfb32e5de4bea24e,10.24963/ijcai.2017/707,doi:10.24963/ijcai.2017/707,academic; assigned source controls Pass,exclude,X1,abstract
IJCAI,JH-80d23689e90b1e8773b4,ijcai:abstract/07/197,platform:IJCAI:abstract/07/197,academic; assigned source controls Pass,exclude,X1,abstract
IJCAI,JH-88ed8a738694837b1f35,10.24963/ijcai.2026/15,doi:10.24963/ijcai.2026/15,academic; assigned source controls Pass,exclude,X1,abstract
IJCAI,JH-89a4b2ae0386ba70954b,10.24963/ijcai.2024/18,doi:10.24963/ijcai.2024/18,academic; assigned source controls Pass,include,I1,abstract
IJCAI,JH-980a330970f57017f226,ijcai:abstract/09/054,platform:IJCAI:abstract/09/054,academic; assigned source controls Pass,exclude,X1,abstract
IJCAI,JH-9d8ec828399a2825e779,ijcai:abstract/16/057,platform:IJCAI:abstract/16/057,academic; assigned source controls Pass,exclude,X1,abstract
IJCAI,JH-9e012c3bed1b6c560e0c,10.24963/ijcai.2026/41,doi:10.24963/ijcai.2026/41,academic; assigned source controls Pass,include,I1,fulltext-exception
IJCAI,JH-a28e1b2e406ebe76f1d7,10.24963/ijcai.2025/1263,doi:10.24963/ijcai.2025/1263,academic; assigned source controls Pass,exclude,X1,abstract
IJCAI,JH-b48aa4ed5807f4cc836a,ijcai:abstract/07/219,platform:IJCAI:abstract/07/219,academic; assigned source controls Pass,exclude,X1,abstract
IJCAI,JH-b6b0dfd92fc068e42291,ijcai:abstract/09/063,platform:IJCAI:abstract/09/063,academic; assigned source controls Pass,pending,workflow-v2 §3 / I1,fulltext-exception
IJCAI,JH-bf7b55bd12258ddc2614,ijcai:abstract/07/222,platform:IJCAI:abstract/07/222,academic; assigned source controls Pass,include,I1,abstract
IJCAI,JH-c19f9155979beb684975,ijcai:abstract/11/041,platform:IJCAI:abstract/11/041,academic; assigned source controls Pass,include,I1,abstract
IJCAI,JH-c7f5f7eb586c4dbaf92e,10.24963/ijcai.2023/474,doi:10.24963/ijcai.2023/474,academic; assigned source controls Pass,include,I1,abstract
IJCAI,JH-cf40336107155bcc474f,10.24963/ijcai.2018/693,doi:10.24963/ijcai.2018/693,academic; assigned source controls Pass,exclude,X1,abstract
IJCAI,JH-d0587b5e23a9eb491b6e,10.24963/ijcai.2024/325,doi:10.24963/ijcai.2024/325,academic; assigned source controls Pass,include,I1,abstract
IJCAI,JH-d3f14a122b64eeed5469,10.24963/ijcai.2023/283,doi:10.24963/ijcai.2023/283,academic; assigned source controls Pass,include,I1,fulltext-exception
IJCAI,JH-e6563734dc2457016ef7,10.24963/ijcai.2025/21,doi:10.24963/ijcai.2025/21,academic; assigned source controls Pass,exclude,X1,abstract
IJCAI,JH-ef2830acb673a92afd5c,10.24963/ijcai.2021/16,doi:10.24963/ijcai.2021/16,academic; assigned source controls Pass,exclude,X1,abstract
IJCAI,JH-f356f9cb0864e3969821,ijcai:abstract/16/035,platform:IJCAI:abstract/16/035,academic; assigned source controls Pass,exclude,X1,abstract
IJCAI,JH-f35c6145166aa65cc555,10.24963/ijcai.2026/386,doi:10.24963/ijcai.2026/386,academic; assigned source controls Pass,exclude,X1,abstract
IJCAI,JH-f3c96ce51055902749a5,ijcai:abstract/11/358,platform:IJCAI:abstract/11/358,academic; assigned source controls Pass,exclude,X1,abstract
IJCAI,JH-fae4b9d964092a666b82,ijcai:abstract/16/048,platform:IJCAI:abstract/16/048,academic; assigned source controls Pass,pending,workflow-v2 §3 / I1,fulltext-exception
IJCAI,JH-fd0bc62a62cc70d1c1ba,ijcai:abstract/07/195,platform:IJCAI:abstract/07/195,academic; assigned source controls Pass,exclude,X1,abstract
IJCAI,JP-11f2aee43c7f3ff0c61f,ijcai-pdf:/proceedings/03/papers/296.pdf,platform:IJCAI-PDF:/proceedings/03/papers/296.pdf,academic; assigned source controls Pass,pending,workflow-v2 §3 / I1,fulltext-exception
IJCAI,JP-34faf6ad94775fc1fdef,ijcai-pdf:/proceedings/99-1/papers/077.pdf,platform:IJCAI-PDF:/proceedings/99-1/papers/077.pdf,academic; assigned source controls Pass,include,I1,abstract
IJCAI,JP-4b8be9783c63e43e4170,ijcai-pdf:/proceedings/95-1/papers/091.pdf,platform:IJCAI-PDF:/proceedings/95-1/papers/091.pdf,academic; assigned source controls Pass,include,I1,abstract
IJCAI,JP-586fa913804b143639ab,ijcai-pdf:/proceedings/03/papers/099.pdf,platform:IJCAI-PDF:/proceedings/03/papers/099.pdf,academic; assigned source controls Pass,exclude,X1,abstract
IJCAI,JP-63ad7b99b25cac92f88b,ijcai-pdf:/proceedings/99-1/papers/076.pdf,platform:IJCAI-PDF:/proceedings/99-1/papers/076.pdf,academic; assigned source controls Pass,include,I1,fulltext-exception
IJCAI,JP-70bd5d4048943728978a,ijcai-pdf:/proceedings/99-1/papers/079.pdf,platform:IJCAI-PDF:/proceedings/99-1/papers/079.pdf,academic; assigned source controls Pass,include,I1,abstract
IJCAI,JP-73e90aaef37a0e4998bc,ijcai-pdf:/proceedings/05/papers/post-0154.pdf,platform:IJCAI-PDF:/proceedings/05/papers/post-0154.pdf,academic; assigned source controls Pass,exclude,X1,abstract
IJCAI,JP-8f7ced3e1d38abb1913b,ijcai-pdf:/proceedings/99-1/papers/078.pdf,platform:IJCAI-PDF:/proceedings/99-1/papers/078.pdf,academic; assigned source controls Pass,exclude,X1,abstract
IJCAI,JP-b3b83fcd9cf6bd676574,ijcai-pdf:/proceedings/05/papers/0527.pdf,platform:IJCAI-PDF:/proceedings/05/papers/0527.pdf,academic; assigned source controls Pass,exclude,X1,abstract
AAMAS,AAMAS2010-03D1F4C8496E210A,https://www.ifaamas.org/Proceedings/aamas2010/pdf/01 Full Papers/18_03_FP_0228.pdf,primary-url:IFAAMAS:https://www.ifaamas.org/Proceedings/aamas2010/pdf/01 Full Papers/18_03_FP_0228.pdf,coverage/relation,pending,cross_source_relation_unresolved,abstract
AAMAS,AAMAS2010-2A49A3008D8D3CE3,https://www.ifaamas.org/Proceedings/aamas2010/pdf/01 Full Papers/06_01_FP_0040.pdf,primary-url:IFAAMAS:https://www.ifaamas.org/Proceedings/aamas2010/pdf/01 Full Papers/06_01_FP_0040.pdf,coverage/relation,pending,cross_source_relation_unresolved,abstract
AAMAS,AAMAS2010-3B13FE520583675A,https://www.ifaamas.org/Proceedings/aamas2010/pdf/01 Full Papers/18_04_FP_0251.pdf,primary-url:IFAAMAS:https://www.ifaamas.org/Proceedings/aamas2010/pdf/01 Full Papers/18_04_FP_0251.pdf,coverage/relation,pending,cross_source_relation_unresolved,abstract
AAMAS,AAMAS2010-4805653EA5C46E17,https://www.ifaamas.org/Proceedings/aamas2010/pdf/02 Extended Abstracts/Red/R-28.pdf,primary-url:IFAAMAS:https://www.ifaamas.org/Proceedings/aamas2010/pdf/02 Extended Abstracts/Red/R-28.pdf,coverage/relation,pending,cross_source_relation_unresolved,abstract
AAMAS,AAMAS2010-4C26C0EF320610E2,https://www.ifaamas.org/Proceedings/aamas2010/pdf/02 Extended Abstracts/Red/R-58.pdf,primary-url:IFAAMAS:https://www.ifaamas.org/Proceedings/aamas2010/pdf/02 Extended Abstracts/Red/R-58.pdf,coverage/relation,pending,cross_source_relation_unresolved,abstract
AAMAS,AAMAS2010-686B43D270CE7EE3,https://www.ifaamas.org/Proceedings/aamas2010/pdf/01 Full Papers/26_03_FP_0670.pdf,primary-url:IFAAMAS:https://www.ifaamas.org/Proceedings/aamas2010/pdf/01 Full Papers/26_03_FP_0670.pdf,coverage/relation,pending,cross_source_relation_unresolved,abstract
AAMAS,AAMAS2010-6C5B98FD70790B3E,https://www.ifaamas.org/Proceedings/aamas2010/pdf/02 Extended Abstracts/Red/R-06.pdf,primary-url:IFAAMAS:https://www.ifaamas.org/Proceedings/aamas2010/pdf/02 Extended Abstracts/Red/R-06.pdf,coverage/relation,pending,cross_source_relation_unresolved,abstract
AAMAS,AAMAS2010-7819A6F54C58AEDD,https://www.ifaamas.org/Proceedings/aamas2010/pdf/02 Extended Abstracts/Blue/B-33.pdf,primary-url:IFAAMAS:https://www.ifaamas.org/Proceedings/aamas2010/pdf/02 Extended Abstracts/Blue/B-33.pdf,coverage/relation,pending,cross_source_relation_unresolved,abstract
AAMAS,AAMAS2010-9D53E2E880B5F528,https://www.ifaamas.org/Proceedings/aamas2010/pdf/02 Extended Abstracts/Red/R-54.pdf,primary-url:IFAAMAS:https://www.ifaamas.org/Proceedings/aamas2010/pdf/02 Extended Abstracts/Red/R-54.pdf,coverage/relation,pending,cross_source_relation_unresolved,abstract
AAMAS,AAMAS2010-A848AAC506DA8CFC,https://www.ifaamas.org/Proceedings/aamas2010/pdf/01 Full Papers/20_04_FP_0757.pdf,primary-url:IFAAMAS:https://www.ifaamas.org/Proceedings/aamas2010/pdf/01 Full Papers/20_04_FP_0757.pdf,coverage/relation,pending,cross_source_relation_unresolved,abstract
AAMAS,AAMAS2011-010E9186ACEA2889,https://www.ifaamas.org/Proceedings/aamas2011/papers/B6_B70.pdf,primary-url:IFAAMAS:https://www.ifaamas.org/Proceedings/aamas2011/papers/B6_B70.pdf,coverage/relation,pending,cross_source_relation_unresolved,abstract
AAMAS,AAMAS2011-0BEA9B82AA8588FD,https://www.ifaamas.org/Proceedings/aamas2011/papers/B6_R72.pdf,primary-url:IFAAMAS:https://www.ifaamas.org/Proceedings/aamas2011/papers/B6_R72.pdf,coverage/relation,pending,cross_source_relation_unresolved,abstract
AAMAS,AAMAS2011-5270572D1FA11EE8,https://www.ifaamas.org/Proceedings/aamas2011/papers/D6_G69.pdf,primary-url:IFAAMAS:https://www.ifaamas.org/Proceedings/aamas2011/papers/D6_G69.pdf,coverage/relation,pending,cross_source_relation_unresolved,abstract
AAMAS,AAMAS2011-621D2986E789DDC7,https://www.ifaamas.org/Proceedings/aamas2011/papers/D6_G68.pdf,primary-url:IFAAMAS:https://www.ifaamas.org/Proceedings/aamas2011/papers/D6_G68.pdf,coverage/relation,pending,cross_source_relation_unresolved,abstract
AAMAS,AAMAS2011-6CC65FFBBB9B1663,https://www.ifaamas.org/Proceedings/aamas2011/papers/B4_G59.pdf,primary-url:IFAAMAS:https://www.ifaamas.org/Proceedings/aamas2011/papers/B4_G59.pdf,coverage/relation,pending,cross_source_relation_unresolved,abstract
AAMAS,AAMAS2011-E783B79E750882E1,https://www.ifaamas.org/Proceedings/aamas2011/papers/B5.pdf,primary-url:IFAAMAS:https://www.ifaamas.org/Proceedings/aamas2011/papers/B5.pdf,coverage/relation,pending,cross_source_relation_unresolved,abstract
AAMAS,AAMAS2011-EB8FAA1CAA00338A,https://www.ifaamas.org/Proceedings/aamas2011/papers/DC20.pdf,primary-url:IFAAMAS:https://www.ifaamas.org/Proceedings/aamas2011/papers/DC20.pdf,coverage/relation,pending,cross_source_relation_unresolved,abstract
AAMAS,AAMAS2011-ECFD489A86CE5407,https://www.ifaamas.org/Proceedings/aamas2011/papers/B5_G62.pdf,primary-url:IFAAMAS:https://www.ifaamas.org/Proceedings/aamas2011/papers/B5_G62.pdf,coverage/relation,pending,cross_source_relation_unresolved,abstract
AAMAS,AAMAS2012-7005E267F9CD8DC8,https://www.ifaamas.org/Proceedings/aamas2012/papers/5D_3.pdf,primary-url:IFAAMAS:https://www.ifaamas.org/Proceedings/aamas2012/papers/5D_3.pdf,coverage/relation,pending,cross_source_relation_unresolved,abstract
AAMAS,AAMAS2012-A5B7683A426D2B16,https://www.ifaamas.org/Proceedings/aamas2012/papers/3D_3.pdf,primary-url:IFAAMAS:https://www.ifaamas.org/Proceedings/aamas2012/papers/3D_3.pdf,coverage/relation,pending,cross_source_relation_unresolved,abstract
AAMAS,AAMAS2012-C640CD80724545E2,https://www.ifaamas.org/Proceedings/aamas2012/papers/5D_1.pdf,primary-url:IFAAMAS:https://www.ifaamas.org/Proceedings/aamas2012/papers/5D_1.pdf,coverage/relation,pending,cross_source_relation_unresolved,abstract
