union_identifier_key,normalized_identifier,source_record_count,source_members,source_record_members,original_scientific_dispositions,final_selection,user_disposition_source_record_count,global_scientific_verdict,independent_work_count,version_count
doi:10.1002/9781394200801.ch18,10.1002/9781394200801.ch18,1,"[""IEEE""]","[[""IEEE"",""IC1C30E274329CBD0""]]","[""exclude""]",not_included,0,Unassigned,,
doi:10.1002/9781394297061.ch06,10.1002/9781394297061.ch06,1,"[""IEEE""]","[[""IEEE"",""IBD4762D8E63D5953""]]","[""pending""]",not_included,1,Unassigned,,
doi:10.1002/9781394377480.ch7,10.1002/9781394377480.ch7,1,"[""IEEE""]","[[""IEEE"",""I747548078505DCF8""]]","[""exclude""]",not_included,0,Unassigned,,
doi:10.1002/bltj.20512,10.1002/bltj.20512,1,"[""IEEE""]","[[""IEEE"",""I4351AC85F8944E71""]]","[""exclude""]",not_included,0,Unassigned,,
doi:10.1007/11575726_10,10.1007/11575726_10,1,"[""ACM""]","[[""ACM"",""N2A72429E6C4281CE""]]","[""include""]",included,0,Unassigned,,
doi:10.1007/11575726_11,10.1007/11575726_11,1,"[""ACM""]","[[""ACM"",""N6294CFE377C272AD""]]","[""include""]",included,0,Unassigned,,
doi:10.1007/11575726_14,10.1007/11575726_14,1,"[""ACM""]","[[""ACM"",""N34A3DD03266FA0CB""]]","[""exclude""]",not_included,0,Unassigned,,
doi:10.1007/11575726_2,10.1007/11575726_2,1,"[""ACM""]","[[""ACM"",""N39BE2252446B5735""]]","[""exclude""]",not_included,0,Unassigned,,
doi:10.1007/11575726_4,10.1007/11575726_4,1,"[""ACM""]","[[""ACM"",""NCFEA7AF393B8EA91""]]","[""exclude""]",not_included,0,Unassigned,,
doi:10.1007/11575726_5,10.1007/11575726_5,1,"[""ACM""]","[[""ACM"",""NDFB85CB60280F8BB""]]","[""exclude""]",not_included,0,Unassigned,,
doi:10.1007/11575726_6,10.1007/11575726_6,1,"[""ACM""]","[[""ACM"",""N5CF4FA5EA8E3E3D3""]]","[""exclude""]",not_included,0,Unassigned,,
doi:10.1007/11575726_7,10.1007/11575726_7,1,"[""ACM""]","[[""ACM"",""NE8C19297D42BE51A""]]","[""exclude""]",not_included,0,Unassigned,,
doi:10.1007/11575726_9,10.1007/11575726_9,1,"[""ACM""]","[[""ACM"",""N043E5DBCE337375B""]]","[""include""]",included,0,Unassigned,,
doi:10.1007/11821830_3,10.1007/11821830_3,1,"[""ACM""]","[[""ACM"",""N322FDEA1C0793D57""]]","[""exclude""]",not_included,0,Unassigned,,
doi:10.1007/978-3-540-30566-8_84,10.1007/978-3-540-30566-8_84,1,"[""ACM""]","[[""ACM"",""N3505B74A9DA9DA34""]]","[""exclude""]",not_included,0,Unassigned,,
doi:10.1007/978-3-642-27216-5_31,10.1007/978-3-642-27216-5_31,1,"[""ACM""]","[[""ACM"",""ND104DE3E7C35918C""]]","[""exclude""]",not_included,0,Unassigned,,
doi:10.1007/bf01212485,10.1007/bf01212485,1,"[""ACM""]","[[""ACM"",""NACFFBE20C3A04F5F""]]","[""exclude""]",not_included,0,Unassigned,,
doi:10.1007/bf01215408,10.1007/bf01215408,1,"[""ACM""]","[[""ACM"",""N2B64ABEF6A3972DB""]]","[""exclude""]",not_included,0,Unassigned,,
doi:10.1007/s00165-008-0075-6,10.1007/s00165-008-0075-6,1,"[""ACM""]","[[""ACM"",""N7696AAC993C83887""]]","[""exclude""]",not_included,0,Unassigned,,
doi:10.1007/s00165-013-0282-7,10.1007/s00165-013-0282-7,1,"[""ACM""]","[[""ACM"",""NC670DDFE032B70E9""]]","[""exclude""]",not_included,0,Unassigned,,
doi:10.1007/s40565-017-0327-7,10.1007/s40565-017-0327-7,1,"[""IEEE""]","[[""IEEE"",""IB54032E8CCF1F7C3""]]","[""include""]",included,0,Unassigned,,
doi:10.1016/s0953-5438(02)00023-1,10.1016/s0953-5438(02)00023-1,1,"[""IEEE""]","[[""IEEE"",""I6B971DA4311EE5B2""]]","[""exclude""]",not_included,0,Unassigned,,
doi:10.1049/cp.2010.0387,10.1049/cp.2010.0387,1,"[""IEEE""]","[[""IEEE"",""IA739B7A6BAB46646""]]","[""exclude""]",not_included,0,Unassigned,,
doi:10.1049/cp.2012.1290,10.1049/cp.2012.1290,1,"[""IEEE""]","[[""IEEE"",""I9EF1C7350D09110D""]]","[""exclude""]",not_included,0,Unassigned,,
doi:10.1049/cp.2013.2571,10.1049/cp.2013.2571,1,"[""IEEE""]","[[""IEEE"",""I9F80D0086E1C1D3A""]]","[""pending""]",not_included,1,Unassigned,,
doi:10.1049/cp:19990147,10.1049/cp:19990147,1,"[""IEEE""]","[[""IEEE"",""I4032DF002BB9A4E6""]]","[""exclude""]",not_included,0,Unassigned,,
doi:10.1049/cp:20020392,10.1049/cp:20020392,1,"[""IEEE""]","[[""IEEE"",""I4BE53B9BA32A8794""]]","[""exclude""]",not_included,0,Unassigned,,
doi:10.1049/cp:20061567,10.1049/cp:20061567,1,"[""IEEE""]","[[""IEEE"",""I44B0128238FAE424""]]","[""pending""]",not_included,1,Unassigned,,
doi:10.1049/ic:19960647,10.1049/ic:19960647,1,"[""IEEE""]","[[""IEEE"",""I3363AE773EE0CDBD""]]","[""exclude""]",not_included,0,Unassigned,,
doi:10.1049/ic:19960917,10.1049/ic:19960917,1,"[""IEEE""]","[[""IEEE"",""IB1CA831296588718""]]","[""exclude""]",not_included,0,Unassigned,,
doi:10.1049/icp.2025.3759,10.1049/icp.2025.3759,1,"[""IEEE""]","[[""IEEE"",""I08CBD59CCBB4154B""]]","[""exclude""]",not_included,0,Unassigned,,
doi:10.1049/icp.2025.4605,10.1049/icp.2025.4605,1,"[""IEEE""]","[[""IEEE"",""IEA334454D665B85A""]]","[""exclude""]",not_included,0,Unassigned,,
doi:10.1049/icp.2025.4704,10.1049/icp.2025.4704,1,"[""IEEE""]","[[""IEEE"",""IAC6B2A798915057F""]]","[""exclude""]",not_included,0,Unassigned,,
doi:10.1049/icp.2026.0502,10.1049/icp.2026.0502,1,"[""IEEE""]","[[""IEEE"",""I044C6E3847E78068""]]","[""exclude""]",not_included,0,Unassigned,,
doi:10.1049/ir:19960101,10.1049/ir:19960101,1,"[""IEEE""]","[[""IEEE"",""IE46C39E4D23956C6""]]","[""exclude""]",not_included,0,Unassigned,,
doi:10.1093/comjnl/bxp028,10.1093/comjnl/bxp028,1,"[""IEEE""]","[[""IEEE"",""IE6AC1A15EEF5F459""]]","[""include""]",included,0,Unassigned,,
doi:10.1093/comjnl/bxv061,10.1093/comjnl/bxv061,1,"[""IEEE""]","[[""IEEE"",""IC83DBB71FB3B8957""]]","[""pending""]",not_included,1,Unassigned,,
doi:10.1093/imaman/dpq009,10.1093/imaman/dpq009,1,"[""IEEE""]","[[""IEEE"",""I0F904829CFAD7AC5""]]","[""include""]",included,0,Unassigned,,
doi:10.1093/imaman/dpt003,10.1093/imaman/dpt003,1,"[""IEEE""]","[[""IEEE"",""ICA72F7B4B26856EF""]]","[""exclude""]",not_included,0,Unassigned,,
doi:10.1093/imamci/dnp016,10.1093/imamci/dnp016,1,"[""IEEE""]","[[""IEEE"",""I5BBA9C01B0DBD60E""]]","[""pending""]",not_included,1,Unassigned,,
doi:10.1093/imamci/dnq014,10.1093/imamci/dnq014,1,"[""IEEE""]","[[""IEEE"",""IF1C036F1DB1B008B""]]","[""pending""]",not_included,1,Unassigned,,
doi:10.1093/jigpal/jzq028,10.1093/jigpal/jzq028,1,"[""IEEE""]","[[""IEEE"",""I8607E5F25AB0538A""]]","[""exclude""]",not_included,0,Unassigned,,
doi:10.1093/logcom/exi014,10.1093/logcom/exi014,1,"[""IEEE""]","[[""IEEE"",""I025663E68B585A6C""]]","[""include""]",included,0,Unassigned,,
doi:10.1108/ijcs-01-2017-0001,10.1108/ijcs-01-2017-0001,1,"[""IEEE""]","[[""IEEE"",""IB6440886C67CC983""]]","[""pending""]",not_included,1,Unassigned,,
doi:10.1109/2.539723,10.1109/2.539723,1,"[""IEEE""]","[[""IEEE"",""I27DF7C627F903B05""]]","[""exclude""]",not_included,0,Unassigned,,
doi:10.1109/2.589910,10.1109/2.589910,1,"[""IEEE""]","[[""IEEE"",""I1C6ABCDC438690E5""]]","[""include""]",included,0,Unassigned,,
doi:10.1109/2.762813,10.1109/2.762813,1,"[""IEEE""]","[[""IEEE"",""IB5FD21BE52A70AEC""]]","[""exclude""]",not_included,0,Unassigned,,
doi:10.1109/2575-8411.2026.00029,10.1109/2575-8411.2026.00029,1,"[""IEEE""]","[[""IEEE"",""I837B1BE98C9CEF6F""]]","[""include""]",included,0,Unassigned,,
doi:10.1109/3468.852438,10.1109/3468.852438,1,"[""IEEE""]","[[""IEEE"",""IEA5BA43CDC71E661""]]","[""exclude""]",not_included,0,Unassigned,,
doi:10.1109/3468.983399,10.1109/3468.983399,1,"[""IEEE""]","[[""IEEE"",""I3C31A3F514386C81""]]","[""include""]",included,0,Unassigned,,
doi:10.1109/35.689628,10.1109/35.689628,1,"[""IEEE""]","[[""IEEE"",""I3B184025F16EF735""]]","[""exclude""]",not_included,0,Unassigned,,
doi:10.1109/3pgcic.2011.44,10.1109/3pgcic.2011.44,1,"[""IEEE""]","[[""IEEE"",""IA7A8CB6D1228B1A7""]]","[""exclude""]",not_included,0,Unassigned,,
doi:10.1109/3pgcic.2014.144,10.1109/3pgcic.2014.144,1,"[""IEEE""]","[[""IEEE"",""IDA6AC7C60F5D5B5F""]]","[""exclude""]",not_included,0,Unassigned,,
doi:10.1109/4235.956709,10.1109/4235.956709,1,"[""IEEE""]","[[""IEEE"",""I637DF3371AD54FE0""]]","[""include""]",included,0,Unassigned,,
doi:10.1109/4236.612214,10.1109/4236.612214,1,"[""IEEE""]","[[""IEEE"",""I7A797196B86DD254""]]","[""include""]",included,0,Unassigned,,
doi:10.1109/4236.643936,10.1109/4236.643936,1,"[""IEEE""]","[[""IEEE"",""I7E008C614DEB7850""]]","[""include""]",included,0,Unassigned,,
doi:10.1109/4236.769429,10.1109/4236.769429,1,"[""IEEE""]","[[""IEEE"",""ID40B294462A8FFBD""]]","[""include""]",included,0,Unassigned,,
doi:10.1109/4236.780967,10.1109/4236.780967,1,"[""IEEE""]","[[""IEEE"",""IC947B3CD6364DCA6""]]","[""include""]",included,0,Unassigned,,
doi:10.1109/4236.832950,10.1109/4236.832950,1,"[""IEEE""]","[[""IEEE"",""IA76DF06419B4D494""]]","[""include""]",included,0,Unassigned,,
doi:10.1109/4236.865093,10.1109/4236.865093,1,"[""IEEE""]","[[""IEEE"",""IAE79E576394E9D71""]]","[""exclude""]",not_included,0,Unassigned,,
doi:10.1109/4236.877489,10.1109/4236.877489,1,"[""IEEE""]","[[""IEEE"",""I133170C9C17485F8""]]","[""exclude""]",not_included,0,Unassigned,,
doi:10.1109/4236.914648,10.1109/4236.914648,1,"[""IEEE""]","[[""IEEE"",""ICC4F55194F97289E""]]","[""include""]",included,0,Unassigned,,
doi:10.1109/5254.895859,10.1109/5254.895859,1,"[""IEEE""]","[[""IEEE"",""IC543A07FD374384C""]]","[""exclude""]",not_included,0,Unassigned,,
doi:10.1109/5254.988446,10.1109/5254.988446,1,"[""IEEE""]","[[""IEEE"",""I78825BDAD1107583""]]","[""include""]",included,0,Unassigned,,
doi:10.1109/5254.988453,10.1109/5254.988453,1,"[""IEEE""]","[[""IEEE"",""I9C0A9A9F94FEDB94""]]","[""exclude""]",not_included,0,Unassigned,,
doi:10.1109/5326.897074,10.1109/5326.897074,1,"[""IEEE""]","[[""IEEE"",""I6D8F07441B513DBB""]]","[""include""]",included,0,Unassigned,,
doi:10.1109/6294.839364,10.1109/6294.839364,1,"[""IEEE""]","[[""IEEE"",""I3D4957927D685F96""]]","[""exclude""]",not_included,0,Unassigned,,
doi:10.1109/6294.869380,10.1109/6294.869380,1,"[""IEEE""]","[[""IEEE"",""I14245DFC0DE6D145""]]","[""include""]",included,0,Unassigned,,
doi:10.1109/6294.939971,10.1109/6294.939971,1,"[""IEEE""]","[[""IEEE"",""ICE604008D30FEDEB""]]","[""exclude""]",not_included,0,Unassigned,,
doi:10.1109/64.491309,10.1109/64.491309,1,"[""IEEE""]","[[""IEEE"",""I1992CDD5BA42AD73""]]","[""exclude""]",not_included,0,Unassigned,,
doi:10.1109/69.790796,10.1109/69.790796,1,"[""IEEE""]","[[""IEEE"",""I45043BF8E80270B7""]]","[""include""]",included,0,Unassigned,,
doi:10.1109/69.790809,10.1109/69.790809,1,"[""IEEE""]","[[""IEEE"",""IA669CE866E6F85BA""]]","[""exclude""]",not_included,0,Unassigned,,
doi:10.1109/90.336326,10.1109/90.336326,1,"[""ACM""]","[[""ACM"",""NEB418A49C99EFA5C""]]","[""pending""]",not_included,1,Unassigned,,
doi:10.1109/aaiml67890.2026.11498100,10.1109/aaiml67890.2026.11498100,1,"[""IEEE""]","[[""IEEE"",""IEA529FEA271FD42B""]]","[""exclude""]",not_included,0,Unassigned,,
doi:10.1109/acai68217.2025.11406275,10.1109/acai68217.2025.11406275,1,"[""IEEE""]","[[""IEEE"",""I96C272C80A2B842E""]]","[""exclude""]",not_included,0,Unassigned,,
doi:10.1109/acai68217.2025.11406667,10.1109/acai68217.2025.11406667,1,"[""IEEE""]","[[""IEEE"",""I2216BB5191664A08""]]","[""include""]",included,0,Unassigned,,
doi:10.1109/acait63902.2024.11022072,10.1109/acait63902.2024.11022072,1,"[""IEEE""]","[[""IEEE"",""IFE80BF5380B87B29""]]","[""exclude""]",not_included,0,Unassigned,,
doi:10.1109/acait63902.2024.11022289,10.1109/acait63902.2024.11022289,1,"[""IEEE""]","[[""IEEE"",""I17C2F3C64994B3AF""]]","[""exclude""]",not_included,0,Unassigned,,
doi:10.1109/acc.2007.4282558,10.1109/acc.2007.4282558,1,"[""IEEE""]","[[""IEEE"",""I9C9DA99E3D4CDE05""]]","[""exclude""]",not_included,0,Unassigned,,
doi:10.1109/acc.2010.5530432,10.1109/acc.2010.5530432,1,"[""IEEE""]","[[""IEEE"",""IFBD59ECA2E1ADEBB""]]","[""exclude""]",not_included,0,Unassigned,,
doi:10.1109/acc.2014.6859296,10.1109/acc.2014.6859296,1,"[""IEEE""]","[[""IEEE"",""ID5477770BFA226FA""]]","[""exclude""]",not_included,0,Unassigned,,
doi:10.1109/acc.2014.6859300,10.1109/acc.2014.6859300,1,"[""IEEE""]","[[""IEEE"",""I242FDDCF3BEB0C78""]]","[""pending""]",not_included,1,Unassigned,,
doi:10.1109/access.2016.2591912,10.1109/access.2016.2591912,1,"[""IEEE""]","[[""IEEE"",""IB979AC94EED2E8B3""]]","[""include""]",included,0,Unassigned,,
doi:10.1109/access.2017.2687422,10.1109/access.2017.2687422,1,"[""IEEE""]","[[""IEEE"",""ID815CFDA8FEAB67A""]]","[""exclude""]",not_included,0,Unassigned,,
doi:10.1109/access.2018.2846779,10.1109/access.2018.2846779,1,"[""IEEE""]","[[""IEEE"",""I0B28EB947054BBB5""]]","[""include""]",included,0,Unassigned,,
doi:10.1109/access.2018.2867631,10.1109/access.2018.2867631,1,"[""IEEE""]","[[""IEEE"",""I28FC013DAF1C0F7B""]]","[""exclude""]",not_included,0,Unassigned,,
doi:10.1109/access.2018.2868476,10.1109/access.2018.2868476,1,"[""IEEE""]","[[""IEEE"",""IA5BE26B595CECF1F""]]","[""include""]",included,0,Unassigned,,
doi:10.1109/access.2019.2919450,10.1109/access.2019.2919450,1,"[""IEEE""]","[[""IEEE"",""I5702A528B86898EC""]]","[""include""]",included,0,Unassigned,,
doi:10.1109/access.2019.2922688,10.1109/access.2019.2922688,1,"[""IEEE""]","[[""IEEE"",""I16EEE1B8A66139A8""]]","[""include""]",included,0,Unassigned,,
doi:10.1109/access.2019.2961155,10.1109/access.2019.2961155,1,"[""IEEE""]","[[""IEEE"",""I1D6E4D33B04D12C8""]]","[""include""]",included,0,Unassigned,,
doi:10.1109/access.2020.2976521,10.1109/access.2020.2976521,1,"[""IEEE""]","[[""IEEE"",""I06BE1EF8E8A5B20F""]]","[""pending""]",not_included,1,Unassigned,,
doi:10.1109/access.2020.2985254,10.1109/access.2020.2985254,1,"[""IEEE""]","[[""IEEE"",""ID7480559B28E8F25""]]","[""include""]",included,0,Unassigned,,
doi:10.1109/access.2020.2987770,10.1109/access.2020.2987770,1,"[""IEEE""]","[[""IEEE"",""IEA1CD0A9A521ED2B""]]","[""pending""]",not_included,1,Unassigned,,
doi:10.1109/access.2020.3003894,10.1109/access.2020.3003894,1,"[""IEEE""]","[[""IEEE"",""I34D7CB0B885E807B""]]","[""pending""]",not_included,1,Unassigned,,
doi:10.1109/access.2020.3009351,10.1109/access.2020.3009351,1,"[""IEEE""]","[[""IEEE"",""ID3A8E64D972A5A4E""]]","[""exclude""]",not_included,0,Unassigned,,
doi:10.1109/access.2020.3029189,10.1109/access.2020.3029189,1,"[""IEEE""]","[[""IEEE"",""ICFB71A2F73115E2C""]]","[""exclude""]",not_included,0,Unassigned,,
doi:10.1109/access.2020.3036492,10.1109/access.2020.3036492,1,"[""IEEE""]","[[""IEEE"",""I009B21E89572A7FB""]]","[""exclude""]",not_included,0,Unassigned,,
doi:10.1109/access.2020.3037940,10.1109/access.2020.3037940,1,"[""IEEE""]","[[""IEEE"",""IEF960FF43AB10211""]]","[""include""]",included,0,Unassigned,,
doi:10.1109/access.2020.3045713,10.1109/access.2020.3045713,1,"[""IEEE""]","[[""IEEE"",""IBC2E1BFF625210C7""]]","[""include""]",included,0,Unassigned,,
doi:10.1109/access.2020.3045919,10.1109/access.2020.3045919,1,"[""IEEE""]","[[""IEEE"",""IF3286731078FD19E""]]","[""exclude""]",not_included,0,Unassigned,,
doi:10.1109/access.2021.3068827,10.1109/access.2021.3068827,1,"[""IEEE""]","[[""IEEE"",""I51A143079FC208CB""]]","[""exclude""]",not_included,0,Unassigned,,
doi:10.1109/access.2021.3107156,10.1109/access.2021.3107156,1,"[""IEEE""]","[[""IEEE"",""I07B05C01253104B1""]]","[""exclude""]",not_included,0,Unassigned,,
doi:10.1109/access.2021.3117906,10.1109/access.2021.3117906,1,"[""IEEE""]","[[""IEEE"",""IC448D3A30A8B7DB4""]]","[""exclude""]",not_included,0,Unassigned,,
doi:10.1109/access.2021.3131799,10.1109/access.2021.3131799,1,"[""IEEE""]","[[""IEEE"",""I8A47E7BFB6EFE93A""]]","[""exclude""]",not_included,0,Unassigned,,
doi:10.1109/access.2022.3224460,10.1109/access.2022.3224460,1,"[""IEEE""]","[[""IEEE"",""I3D38832456CBE51A""]]","[""include""]",included,0,Unassigned,,
doi:10.1109/access.2023.3263669,10.1109/access.2023.3263669,1,"[""IEEE""]","[[""IEEE"",""I4BD631507F0A01C1""]]","[""exclude""]",not_included,0,Unassigned,,
doi:10.1109/access.2023.3279272,10.1109/access.2023.3279272,1,"[""IEEE""]","[[""IEEE"",""IDBE91645E6EB5512""]]","[""exclude""]",not_included,0,Unassigned,,
doi:10.1109/access.2023.3293849,10.1109/access.2023.3293849,1,"[""IEEE""]","[[""IEEE"",""IE6A672EE749FC984""]]","[""exclude""]",not_included,0,Unassigned,,
doi:10.1109/access.2024.3384092,10.1109/access.2024.3384092,1,"[""IEEE""]","[[""IEEE"",""IE9660B82E8BF7E72""]]","[""include""]",included,0,Unassigned,,
doi:10.1109/access.2024.3434645,10.1109/access.2024.3434645,1,"[""IEEE""]","[[""IEEE"",""I1D0D1E0BE278832C""]]","[""exclude""]",not_included,0,Unassigned,,
doi:10.1109/access.2024.3491189,10.1109/access.2024.3491189,1,"[""IEEE""]","[[""IEEE"",""I1E4E7AFEC5BF1A25""]]","[""include""]",included,0,Unassigned,,
doi:10.1109/access.2025.3552501,10.1109/access.2025.3552501,1,"[""IEEE""]","[[""IEEE"",""IAF88415B22F352B8""]]","[""exclude""]",not_included,0,Unassigned,,
doi:10.1109/access.2025.3560549,10.1109/access.2025.3560549,1,"[""IEEE""]","[[""IEEE"",""I42CA2DDDAC50ABF9""]]","[""exclude""]",not_included,0,Unassigned,,
doi:10.1109/access.2025.3572865,10.1109/access.2025.3572865,1,"[""IEEE""]","[[""IEEE"",""I8C465A1A52A2276F""]]","[""exclude""]",not_included,0,Unassigned,,
doi:10.1109/access.2025.3586465,10.1109/access.2025.3586465,1,"[""IEEE""]","[[""IEEE"",""ID8AAA4597E903ADB""]]","[""include""]",included,0,Unassigned,,
doi:10.1109/access.2025.3615136,10.1109/access.2025.3615136,1,"[""IEEE""]","[[""IEEE"",""I516E4647DFC8669C""]]","[""include""]",included,0,Unassigned,,
doi:10.1109/access.2025.3638950,10.1109/access.2025.3638950,1,"[""IEEE""]","[[""IEEE"",""IF5BA342AB169408B""]]","[""exclude""]",not_included,0,Unassigned,,
doi:10.1109/access.2026.3653992,10.1109/access.2026.3653992,1,"[""IEEE""]","[[""IEEE"",""I788988D2A5AB8BFD""]]","[""exclude""]",not_included,0,Unassigned,,
doi:10.1109/access.2026.3665894,10.1109/access.2026.3665894,1,"[""IEEE""]","[[""IEEE"",""I4F0476B117F5E67E""]]","[""exclude""]",not_included,0,Unassigned,,
doi:10.1109/access.2026.3680140,10.1109/access.2026.3680140,1,"[""IEEE""]","[[""IEEE"",""I2601573B514BBFFA""]]","[""include""]",included,0,Unassigned,,
doi:10.1109/access.2026.3681621,10.1109/access.2026.3681621,1,"[""IEEE""]","[[""IEEE"",""I26D058039D767274""]]","[""include""]",included,0,Unassigned,,
doi:10.1109/access.2026.3681933,10.1109/access.2026.3681933,1,"[""IEEE""]","[[""IEEE"",""IAF3C5F39B64BFA4F""]]","[""exclude""]",not_included,0,Unassigned,,
doi:10.1109/access.2026.3694881,10.1109/access.2026.3694881,1,"[""IEEE""]","[[""IEEE"",""I8F90F918F9451884""]]","[""include""]",included,0,Unassigned,,
doi:10.1109/access.2026.3698694,10.1109/access.2026.3698694,1,"[""IEEE""]","[[""IEEE"",""I81B1C52E5A0528EA""]]","[""exclude""]",not_included,0,Unassigned,,
doi:10.1109/access.2026.3699137,10.1109/access.2026.3699137,1,"[""IEEE""]","[[""IEEE"",""IDCF310EEFC3CEEF6""]]","[""exclude""]",not_included,0,Unassigned,,
doi:10.1109/access.2026.3707573,10.1109/access.2026.3707573,1,"[""IEEE""]","[[""IEEE"",""IF79F3004D878B4F8""]]","[""exclude""]",not_included,0,Unassigned,,
doi:10.1109/access.2026.3722717,10.1109/access.2026.3722717,1,"[""IEEE""]","[[""IEEE"",""I8C459FCD521D1213""]]","[""exclude""]",not_included,0,Unassigned,,
doi:10.1109/access.2026.3731447,10.1109/access.2026.3731447,1,"[""IEEE""]","[[""IEEE"",""IB6C5626A1D26647C""]]","[""exclude""]",not_included,0,Unassigned,,
doi:10.1109/access.2026.3732477,10.1109/access.2026.3732477,1,"[""IEEE""]","[[""IEEE"",""I7AF79204809C1971""]]","[""exclude""]",not_included,0,Unassigned,,
doi:10.1109/access.2026.3735595,10.1109/access.2026.3735595,1,"[""IEEE""]","[[""IEEE"",""I80D0D05C7AB7A0DA""]]","[""exclude""]",not_included,0,Unassigned,,
doi:10.1109/access.2026.3736374,10.1109/access.2026.3736374,1,"[""IEEE""]","[[""IEEE"",""IB82DD227E74CDB05""]]","[""exclude""]",not_included,0,Unassigned,,
doi:10.1109/acctcs53867.2022.00105,10.1109/acctcs53867.2022.00105,1,"[""IEEE""]","[[""IEEE"",""IE48B16FDECC1F03F""]]","[""include""]",included,0,Unassigned,,
doi:10.1109/acdsa67686.2026.11468096,10.1109/acdsa67686.2026.11468096,1,"[""IEEE""]","[[""IEEE"",""ID64959D02883FE27""]]","[""include""]",included,0,Unassigned,,
doi:10.1109/acfpe56003.2022.9952237,10.1109/acfpe56003.2022.9952237,1,"[""IEEE""]","[[""IEEE"",""IBB213285342679E0""]]","[""include""]",included,0,Unassigned,,
doi:10.1109/acit-csi.2015.81,10.1109/acit-csi.2015.81,1,"[""IEEE""]","[[""IEEE"",""I7730943D43840CBE""]]","[""pending""]",not_included,1,Unassigned,,
doi:10.1109/acsacw69556.2025.00043,10.1109/acsacw69556.2025.00043,1,"[""IEEE""]","[[""IEEE"",""I425635147BC9D82D""]]","[""include""]",included,0,Unassigned,,
doi:10.1109/acssc.2017.8335557,10.1109/acssc.2017.8335557,1,"[""IEEE""]","[[""IEEE"",""I46F07771282E5AC2""]]","[""exclude""]",not_included,0,Unassigned,,
doi:10.1109/aece62803.2024.10911263,10.1109/aece62803.2024.10911263,1,"[""IEEE""]","[[""IEEE"",""I11678430CB6BAEE7""]]","[""exclude""]",not_included,0,Unassigned,,
doi:10.1109/aecspe66597.2025.00162,10.1109/aecspe66597.2025.00162,1,"[""IEEE""]","[[""IEEE"",""IF13A83352039D694""]]","[""exclude""]",not_included,0,Unassigned,,
doi:10.1109/aeeca49918.2020.9213474,10.1109/aeeca49918.2020.9213474,1,"[""IEEE""]","[[""IEEE"",""I966EF1965B12C637""]]","[""include""]",included,0,Unassigned,,
doi:10.1109/aero.2004.1368113,10.1109/aero.2004.1368113,1,"[""IEEE""]","[[""IEEE"",""IFB56C8BED517395B""]]","[""include""]",included,0,Unassigned,,
doi:10.1109/aetcse69203.2026.11504356,10.1109/aetcse69203.2026.11504356,1,"[""IEEE""]","[[""IEEE"",""I4D43EC974445C916""]]","[""exclude""]",not_included,0,Unassigned,,
doi:10.1109/aetcse69203.2026.11504442,10.1109/aetcse69203.2026.11504442,1,"[""IEEE""]","[[""IEEE"",""I258754CFE6734582""]]","[""include""]",included,0,Unassigned,,
doi:10.1109/agents.2017.8015294,10.1109/agents.2017.8015294,1,"[""IEEE""]","[[""IEEE"",""I791E61505ED29ED6""]]","[""pending""]",not_included,1,Unassigned,,
doi:10.1109/agents.2019.8929171,10.1109/agents.2019.8929171,1,"[""IEEE""]","[[""IEEE"",""IB903BE1401BD6245""]]","[""exclude""]",not_included,0,Unassigned,,
doi:10.1109/agro-geoinformatics70621.2026.11667632,10.1109/agro-geoinformatics70621.2026.11667632,1,"[""IEEE""]","[[""IEEE"",""IB9542CAC5EC0277A""]]","[""exclude""]",not_included,0,Unassigned,,
doi:10.1109/aiact.2019.8847855,10.1109/aiact.2019.8847855,1,"[""IEEE""]","[[""IEEE"",""I0E6FE4DB6A81C1EC""]]","[""include""]",included,0,Unassigned,,
doi:10.1109/aicconf69182.2026.11600651,10.1109/aicconf69182.2026.11600651,1,"[""IEEE""]","[[""IEEE"",""IBCA43C6E34A51F07""]]","[""include""]",included,0,Unassigned,,
doi:10.1109/aicconf69182.2026.11600668,10.1109/aicconf69182.2026.11600668,1,"[""IEEE""]","[[""IEEE"",""I3045247D2C861983""]]","[""exclude""]",not_included,0,Unassigned,,
doi:10.1109/aicconf69182.2026.11600738,10.1109/aicconf69182.2026.11600738,1,"[""IEEE""]","[[""IEEE"",""I394CE42BE1F135B3""]]","[""exclude""]",not_included,0,Unassigned,,
doi:10.1109/aiccsa.2003.1227478,10.1109/aiccsa.2003.1227478,1,"[""IEEE""]","[[""IEEE"",""I8656A8BEC6C572B5""]]","[""include""]",included,0,Unassigned,,
doi:10.1109/aiccsa.2003.1227554,10.1109/aiccsa.2003.1227554,1,"[""IEEE""]","[[""IEEE"",""I075FECD8D4080654""]]","[""include""]",included,0,Unassigned,,
doi:10.1109/aiccsa66935.2025.11315260,10.1109/aiccsa66935.2025.11315260,1,"[""IEEE""]","[[""IEEE"",""IDE22215C47EE2F1A""]]","[""include""]",included,0,Unassigned,,
doi:10.1109/aici.2009.102,10.1109/aici.2009.102,1,"[""IEEE""]","[[""IEEE"",""I323024AA5BCE8768""]]","[""include""]",included,0,Unassigned,,
doi:10.1109/aici.2009.180,10.1109/aici.2009.180,1,"[""IEEE""]","[[""IEEE"",""I1595FFA875BD7371""]]","[""include""]",included,0,Unassigned,,
doi:10.1109/aiea70743.2026.11632745,10.1109/aiea70743.2026.11632745,1,"[""IEEE""]","[[""IEEE"",""I0F60D2433A0043F3""]]","[""exclude""]",not_included,0,Unassigned,,
doi:10.1109/aihcir67580.2025.11405054,10.1109/aihcir67580.2025.11405054,1,"[""IEEE""]","[[""IEEE"",""I9E4EFABB443669D0""]]","[""exclude""]",not_included,0,Unassigned,,
doi:10.1109/aiiot61789.2024.10579008,10.1109/aiiot61789.2024.10579008,1,"[""IEEE""]","[[""IEEE"",""IF94557082618B9F7""]]","[""exclude""]",not_included,0,Unassigned,,
doi:10.1109/aiiot65859.2025.11105280,10.1109/aiiot65859.2025.11105280,1,"[""IEEE""]","[[""IEEE"",""IABD7EE0DBAEE73B3""]]","[""exclude""]",not_included,0,Unassigned,,
doi:10.1109/aiiot68874.2026.11569528,10.1109/aiiot68874.2026.11569528,1,"[""IEEE""]","[[""IEEE"",""I50F9B6BF2D412615""]]","[""exclude""]",not_included,0,Unassigned,,
doi:10.1109/aiiot68874.2026.11569555,10.1109/aiiot68874.2026.11569555,1,"[""IEEE""]","[[""IEEE"",""I0AAA9275BFE93C02""]]","[""include""]",included,0,Unassigned,,
doi:10.1109/aiita69518.2026.11567045,10.1109/aiita69518.2026.11567045,1,"[""IEEE""]","[[""IEEE"",""I3206C85415A10CA9""]]","[""exclude""]",not_included,0,Unassigned,,
doi:10.1109/aim.2005.1511206,10.1109/aim.2005.1511206,1,"[""IEEE""]","[[""IEEE"",""ICCC394ED49B003A4""]]","[""include""]",included,0,Unassigned,,
doi:10.1109/aim.2011.6027014,10.1109/aim.2011.6027014,1,"[""IEEE""]","[[""IEEE"",""IE38E937DCB8625D8""]]","[""exclude""]",not_included,0,Unassigned,,
doi:10.1109/aimlsystems67835.2025.11331213,10.1109/aimlsystems67835.2025.11331213,1,"[""IEEE""]","[[""IEEE"",""I3291334A922E92FD""]]","[""exclude""]",not_included,0,Unassigned,,
doi:10.1109/aimsec.2011.6011446,10.1109/aimsec.2011.6011446,1,"[""IEEE""]","[[""IEEE"",""I11FF0596700F85C4""]]","[""exclude""]",not_included,0,Unassigned,,
doi:10.1109/aimv66517.2025.11203535,10.1109/aimv66517.2025.11203535,1,"[""IEEE""]","[[""IEEE"",""I0D99C4538DF55BC3""]]","[""exclude""]",not_included,0,Unassigned,,
doi:10.1109/aina.2003.1192869,10.1109/aina.2003.1192869,1,"[""IEEE""]","[[""IEEE"",""IE5C68E91061FB758""]]","[""include""]",included,0,Unassigned,,
doi:10.1109/aina.2003.1192894,10.1109/aina.2003.1192894,1,"[""IEEE""]","[[""IEEE"",""IE18552381FD7C2E1""]]","[""include""]",included,0,Unassigned,,
doi:10.1109/aina.2004.1283774,10.1109/aina.2004.1283774,1,"[""IEEE""]","[[""IEEE"",""I1690D4F1CD954612""]]","[""exclude""]",not_included,0,Unassigned,,
doi:10.1109/aina.2004.1283823,10.1109/aina.2004.1283823,1,"[""IEEE""]","[[""IEEE"",""IE1E5D71F47596C99""]]","[""include""]",included,0,Unassigned,,
doi:10.1109/aina.2004.1283962,10.1109/aina.2004.1283962,1,"[""IEEE""]","[[""IEEE"",""I46288ACDBDE488FB""]]","[""include""]",included,0,Unassigned,,
doi:10.1109/aina.2005.8,10.1109/aina.2005.8,1,"[""IEEE""]","[[""IEEE"",""I2C770D10680416D0""]]","[""exclude""]",not_included,0,Unassigned,,
doi:10.1109/aina.2005.81,10.1109/aina.2005.81,1,"[""IEEE""]","[[""IEEE"",""IDAD4F2896257E29C""]]","[""include""]",included,0,Unassigned,,
doi:10.1109/aina.2005.85,10.1109/aina.2005.85,1,"[""IEEE""]","[[""IEEE"",""I28E78A6B27B02CB1""]]","[""exclude""]",not_included,0,Unassigned,,
doi:10.1109/aina.2006.110,10.1109/aina.2006.110,1,"[""IEEE""]","[[""IEEE"",""I19DD68165CC69431""]]","[""exclude""]",not_included,0,Unassigned,,
doi:10.1109/aina.2009.102,10.1109/aina.2009.102,1,"[""IEEE""]","[[""IEEE"",""IA4FE04BBF13F2E59""]]","[""exclude""]",not_included,0,Unassigned,,
doi:10.1109/ainit70033.2026.11557853,10.1109/ainit70033.2026.11557853,1,"[""IEEE""]","[[""IEEE"",""I2B86E01CF026C925""]]","[""exclude""]",not_included,0,Unassigned,,
doi:10.1109/aiot66900.2025.00032,10.1109/aiot66900.2025.00032,1,"[""IEEE""]","[[""IEEE"",""I64ACEBA635514A58""]]","[""include""]",included,0,Unassigned,,
doi:10.1109/aiotc71250.2026.11688366,10.1109/aiotc71250.2026.11688366,1,"[""IEEE""]","[[""IEEE"",""IC6EC7BB5A26689BB""]]","[""exclude""]",not_included,0,Unassigned,,
doi:10.1109/aipip66876.2025.11299220,10.1109/aipip66876.2025.11299220,1,"[""IEEE""]","[[""IEEE"",""IECCD0E59BDEEC4F7""]]","[""include""]",included,0,Unassigned,,
doi:10.1109/ais69919.2026.11621301,10.1109/ais69919.2026.11621301,1,"[""IEEE""]","[[""IEEE"",""ICDE644DA6365FD82""]]","[""exclude""]",not_included,0,Unassigned,,
doi:10.1109/aist68591.2025.11441571,10.1109/aist68591.2025.11441571,1,"[""IEEE""]","[[""IEEE"",""IE32598F1E8E1EF5F""]]","[""exclude""]",not_included,0,Unassigned,,
doi:10.1109/aisummit66170.2025.11411126,10.1109/aisummit66170.2025.11411126,1,"[""IEEE""]","[[""IEEE"",""I794E22A039DAF6F6""]]","[""exclude""]",not_included,0,Unassigned,,
doi:10.1109/aiworc.2000.843283,10.1109/aiworc.2000.843283,1,"[""IEEE""]","[[""IEEE"",""IC2690BD774745628""]]","[""include""]",included,0,Unassigned,,
doi:10.1109/aiworc.2000.843288,10.1109/aiworc.2000.843288,1,"[""IEEE""]","[[""IEEE"",""I743AE016F2DAC825""]]","[""exclude""]",not_included,0,Unassigned,,
doi:10.1109/aixb65684.2025.00017,10.1109/aixb65684.2025.00017,1,"[""IEEE""]","[[""IEEE"",""I53B6EEB167C5F4E6""]]","[""exclude""]",not_included,0,Unassigned,,
doi:10.1109/aixdke67294.2026.00022,10.1109/aixdke67294.2026.00022,1,"[""IEEE""]","[[""IEEE"",""I5D7B7FE548E40D3E""]]","[""include""]",included,0,Unassigned,,
doi:10.1109/aixse64906.2025.00023,10.1109/aixse64906.2025.00023,1,"[""IEEE""]","[[""IEEE"",""I3F45B1F6ADCE77EE""]]","[""include""]",included,0,Unassigned,,
doi:10.1109/alife-cis64968.2025.10979836,10.1109/alife-cis64968.2025.10979836,1,"[""IEEE""]","[[""IEEE"",""IB970FE03B765A513""]]","[""include""]",included,0,Unassigned,,
doi:10.1109/allerton.2009.5394867,10.1109/allerton.2009.5394867,1,"[""IEEE""]","[[""IEEE"",""I998D40402E049F96""]]","[""exclude""]",not_included,0,Unassigned,,
doi:10.1109/allerton.2011.6120160,10.1109/allerton.2011.6120160,1,"[""IEEE""]","[[""IEEE"",""I3367430E90F78A3B""]]","[""exclude""]",not_included,0,Unassigned,,
doi:10.1109/allerton.2011.6120276,10.1109/allerton.2011.6120276,1,"[""IEEE""]","[[""IEEE"",""IB4EF0685FBB31F8F""]]","[""exclude""]",not_included,0,Unassigned,,
doi:10.1109/allerton.2015.7447041,10.1109/allerton.2015.7447041,1,"[""IEEE""]","[[""IEEE"",""IF43ABE4974F761B7""]]","[""exclude""]",not_included,0,Unassigned,,
doi:10.1109/amathe65477.2025.11080851,10.1109/amathe65477.2025.11080851,1,"[""IEEE""]","[[""IEEE"",""IDD99FD5725AC2A3D""]]","[""exclude""]",not_included,0,Unassigned,,
doi:10.1109/amige.2008.ecp.15,10.1109/amige.2008.ecp.15,1,"[""IEEE""]","[[""IEEE"",""I70EAB15340F6B0EA""]]","[""include""]",included,0,Unassigned,,
doi:10.1109/amt.2005.1505317,10.1109/amt.2005.1505317,1,"[""IEEE""]","[[""IEEE"",""IF2B3976DF7D3485F""]]","[""include""]",included,0,Unassigned,,
doi:10.1109/amt.2005.1505318,10.1109/amt.2005.1505318,1,"[""IEEE""]","[[""IEEE"",""IC5F4F6B3552C57FB""]]","[""include""]",included,0,Unassigned,,
doi:10.1109/amt.2005.1505423,10.1109/amt.2005.1505423,1,"[""IEEE""]","[[""IEEE"",""I661CFD7E9602CE36""]]","[""include""]",included,0,Unassigned,,
doi:10.1109/anthology.2013.6784991,10.1109/anthology.2013.6784991,1,"[""IEEE""]","[[""IEEE"",""IB98B81768B2A7C61""]]","[""exclude""]",not_included,0,Unassigned,,
doi:10.1109/ap-s/usnc-ursi60190.2026.11675730,10.1109/ap-s/usnc-ursi60190.2026.11675730,1,"[""IEEE""]","[[""IEEE"",""I69DF027DEB061B54""]]","[""exclude""]",not_included,0,Unassigned,,
doi:10.1109/apccas.2002.1114962,10.1109/apccas.2002.1114962,1,"[""IEEE""]","[[""IEEE"",""I5AC5A02B695F5389""]]","[""include""]",included,0,Unassigned,,
doi:10.1109/appeec61255.2024.10922547,10.1109/appeec61255.2024.10922547,1,"[""IEEE""]","[[""IEEE"",""IE42D8E2DE8093B33""]]","[""exclude""]",not_included,0,Unassigned,,
doi:10.1109/apscc.2008.185,10.1109/apscc.2008.185,1,"[""IEEE""]","[[""IEEE"",""IC4627B7FB7C20CEF""]]","[""include""]",included,0,Unassigned,,
doi:10.1109/apsec.2002.1182993,10.1109/apsec.2002.1182993,1,"[""IEEE""]","[[""IEEE"",""I05206986DD97D9EC""]]","[""exclude""]",not_included,0,Unassigned,,
doi:10.1109/apsec66846.2025.00100,10.1109/apsec66846.2025.00100,1,"[""IEEE""]","[[""IEEE"",""I9B59D72404ECD50A""]]","[""pending""]",not_included,1,Unassigned,,
doi:10.1109/ares.2013.43,10.1109/ares.2013.43,1,"[""IEEE""]","[[""IEEE"",""IDA74D357A13AF98C""]]","[""exclude""]",not_included,0,Unassigned,,
doi:10.1109/argencon.2016.7585332,10.1109/argencon.2016.7585332,1,"[""IEEE""]","[[""IEEE"",""I150963A1020C7423""]]","[""include""]",included,0,Unassigned,,
doi:10.1109/asama.1999.805396,10.1109/asama.1999.805396,1,"[""IEEE""]","[[""IEEE"",""I595453A69E6520DA""]]","[""exclude""]",not_included,0,Unassigned,,
doi:10.1109/asama.1999.805397,10.1109/asama.1999.805397,1,"[""IEEE""]","[[""IEEE"",""I070626514D4D7419""]]","[""exclude""]",not_included,0,Unassigned,,
doi:10.1109/asama.1999.805413,10.1109/asama.1999.805413,1,"[""IEEE""]","[[""IEEE"",""ID58610EFE23FA944""]]","[""exclude""]",not_included,0,Unassigned,,
doi:10.1109/asama.1999.805415,10.1109/asama.1999.805415,1,"[""IEEE""]","[[""IEEE"",""I60916D2DD4DA6850""]]","[""exclude""]",not_included,0,Unassigned,,
doi:10.1109/asc-icsc.2008.4675347,10.1109/asc-icsc.2008.4675347,1,"[""IEEE""]","[[""IEEE"",""IE5A2B280B8F055AB""]]","[""exclude""]",not_included,0,Unassigned,,
doi:10.1109/ase63991.2025.00356,10.1109/ase63991.2025.00356,1,"[""IEEE""]","[[""IEEE"",""ICB990E1099295866""]]","[""exclude""]",not_included,0,Unassigned,,
doi:10.1109/asew67777.2025.00011,10.1109/asew67777.2025.00011,1,"[""IEEE""]","[[""IEEE"",""I9E473EB5F39E1FDA""]]","[""exclude""]",not_included,0,Unassigned,,
doi:10.1109/asiajcis.2015.25,10.1109/asiajcis.2015.25,1,"[""IEEE""]","[[""IEEE"",""I97D2A13E8AC26183""]]","[""exclude""]",not_included,0,Unassigned,,
doi:10.1109/asiancon58793.2023.10269877,10.1109/asiancon58793.2023.10269877,1,"[""IEEE""]","[[""IEEE"",""IE677C5FC6233DE98""]]","[""include""]",included,0,Unassigned,,
doi:10.1109/asonam.2014.6921690,10.1109/asonam.2014.6921690,1,"[""IEEE""]","[[""IEEE"",""I68F13709A2D4905A""]]","[""pending""]",not_included,1,Unassigned,,
doi:10.1109/asonam49781.2020.9381380,10.1109/asonam49781.2020.9381380,1,"[""ACM""]","[[""ACM"",""N3995AD7157F27FA5""]]","[""exclude""]",not_included,0,Unassigned,,
doi:10.1109/asonam49781.2020.9381447,10.1109/asonam49781.2020.9381447,1,"[""ACM""]","[[""ACM"",""NEA72F80CACB4EA6E""]]","[""exclude""]",not_included,0,Unassigned,,
doi:10.1109/aswec.2010.15,10.1109/aswec.2010.15,1,"[""IEEE""]","[[""IEEE"",""I980DF49527174A4D""]]","[""include""]",included,0,Unassigned,,
doi:10.1109/bcca66705.2025.11229749,10.1109/bcca66705.2025.11229749,1,"[""IEEE""]","[[""IEEE"",""I607351C87CBB331A""]]","[""include""]",included,0,Unassigned,,
doi:10.1109/bcgin.2012.221,10.1109/bcgin.2012.221,1,"[""IEEE""]","[[""IEEE"",""I706D70511FB00AB5""]]","[""exclude""]",not_included,0,Unassigned,,
doi:10.1109/bdai70753.2026.11655096,10.1109/bdai70753.2026.11655096,1,"[""IEEE""]","[[""IEEE"",""I169D6A67521E65DB""]]","[""exclude""]",not_included,0,Unassigned,,
doi:10.1109/bdai70753.2026.11655126,10.1109/bdai70753.2026.11655126,1,"[""IEEE""]","[[""IEEE"",""IA14FC72DB3A55854""]]","[""include""]",included,0,Unassigned,,
doi:10.1109/bdcloud.2018.00024,10.1109/bdcloud.2018.00024,1,"[""IEEE""]","[[""IEEE"",""IC31F9E8BCAF1DB65""]]","[""exclude""]",not_included,0,Unassigned,,
doi:10.1109/besc.2017.8256360,10.1109/besc.2017.8256360,1,"[""IEEE""]","[[""IEEE"",""I4F718ABB04F267F9""]]","[""include""]",included,0,Unassigned,,
doi:10.1109/bibe66822.2025.00120,10.1109/bibe66822.2025.00120,1,"[""IEEE""]","[[""IEEE"",""I3AA59B8CDE73D0A2""]]","[""exclude""]",not_included,0,Unassigned,,
doi:10.1109/bigdata.2017.8258420,10.1109/bigdata.2017.8258420,1,"[""IEEE""]","[[""IEEE"",""I3EBF61C50EB21526""]]","[""exclude""]",not_included,0,Unassigned,,
doi:10.1109/bigdata47090.2019.9005727,10.1109/bigdata47090.2019.9005727,1,"[""IEEE""]","[[""IEEE"",""I9C40CB1C21DBBDEC""]]","[""exclude""]",not_included,0,Unassigned,,
doi:10.1109/bigdata62323.2024.10825052,10.1109/bigdata62323.2024.10825052,1,"[""IEEE""]","[[""IEEE"",""IF5216D48A56368A4""]]","[""exclude""]",not_included,0,Unassigned,,
doi:10.1109/bigdata66926.2025.11400985,10.1109/bigdata66926.2025.11400985,1,"[""IEEE""]","[[""IEEE"",""I6C013522DB1ED961""]]","[""exclude""]",not_included,0,Unassigned,,
doi:10.1109/bigdata66926.2025.11401468,10.1109/bigdata66926.2025.11401468,1,"[""IEEE""]","[[""IEEE"",""IE5031DC893305303""]]","[""exclude""]",not_included,0,Unassigned,,
doi:10.1109/bigdata66926.2025.11401555,10.1109/bigdata66926.2025.11401555,1,"[""IEEE""]","[[""IEEE"",""IC279EF187BB51B94""]]","[""exclude""]",not_included,0,Unassigned,,
doi:10.1109/bigdata66926.2025.11402337,10.1109/bigdata66926.2025.11402337,1,"[""IEEE""]","[[""IEEE"",""IECEB47F8E8C53D4B""]]","[""include""]",included,0,Unassigned,,
doi:10.1109/bigdata66926.2025.11402343,10.1109/bigdata66926.2025.11402343,1,"[""IEEE""]","[[""IEEE"",""IEB9835CCB049636D""]]","[""exclude""]",not_included,0,Unassigned,,
doi:10.1109/bigdata66926.2025.11402424,10.1109/bigdata66926.2025.11402424,1,"[""IEEE""]","[[""IEEE"",""I3FA01205061EBB5C""]]","[""exclude""]",not_included,0,Unassigned,,
doi:10.1109/bigdataservice70481.2026.00022,10.1109/bigdataservice70481.2026.00022,1,"[""IEEE""]","[[""IEEE"",""IF233C192100CD436""]]","[""exclude""]",not_included,0,Unassigned,,
doi:10.1109/blockchain53845.2021.00064,10.1109/blockchain53845.2021.00064,1,"[""IEEE""]","[[""IEEE"",""ICF6977A3516AAFDA""]]","[""exclude""]",not_included,0,Unassigned,,
doi:10.1109/blockchain55522.2022.00046,10.1109/blockchain55522.2022.00046,1,"[""IEEE""]","[[""IEEE"",""I3E928486170DBB8D""]]","[""include""]",included,0,Unassigned,,
doi:10.1109/bmei.2010.5639800,10.1109/bmei.2010.5639800,1,"[""IEEE""]","[[""IEEE"",""IC50424B67EEE8E4D""]]","[""pending""]",not_included,1,Unassigned,,
doi:10.1109/c366505.2025.11340318,10.1109/c366505.2025.11340318,1,"[""IEEE""]","[[""IEEE"",""I55C4D62F01A10189""]]","[""include""]",included,0,Unassigned,,
doi:10.1109/cac.2018.8623121,10.1109/cac.2018.8623121,1,"[""IEEE""]","[[""IEEE"",""IB9BA1AD30A003E40""]]","[""exclude""]",not_included,0,Unassigned,,
doi:10.1109/cac67268.2025.11487390,10.1109/cac67268.2025.11487390,1,"[""IEEE""]","[[""IEEE"",""IBC831E3C0BA7BA7E""]]","[""exclude""]",not_included,0,Unassigned,,
doi:10.1109/cac67268.2025.11487397,10.1109/cac67268.2025.11487397,1,"[""IEEE""]","[[""IEEE"",""IF4571B9599DAD1E8""]]","[""exclude""]",not_included,0,Unassigned,,
doi:10.1109/cacidi.2016.7786001,10.1109/cacidi.2016.7786001,1,"[""IEEE""]","[[""IEEE"",""I89EE5901B163167E""]]","[""exclude""]",not_included,0,Unassigned,,
doi:10.1109/cacwd.2004.1349034,10.1109/cacwd.2004.1349034,1,"[""IEEE""]","[[""IEEE"",""I580488919F895041""]]","[""include""]",included,0,Unassigned,,
doi:10.1109/cacwd.2004.1349219,10.1109/cacwd.2004.1349219,1,"[""IEEE""]","[[""IEEE"",""IECB750A7018BA00C""]]","[""exclude""]",not_included,0,Unassigned,,
doi:10.1109/cai54212.2023.00035,10.1109/cai54212.2023.00035,1,"[""IEEE""]","[[""IEEE"",""I75F25E1C18EC2F52""]]","[""exclude""]",not_included,0,Unassigned,,
doi:10.1109/cai64502.2025.00056,10.1109/cai64502.2025.00056,1,"[""IEEE""]","[[""IEEE"",""IED6549F3E93D14E8""]]","[""exclude""]",not_included,0,Unassigned,,
doi:10.1109/cai68641.2026.11536236,10.1109/cai68641.2026.11536236,1,"[""IEEE""]","[[""IEEE"",""IAE8D6E799524287D""]]","[""include""]",included,0,Unassigned,,
doi:10.1109/cai68641.2026.11536377,10.1109/cai68641.2026.11536377,1,"[""IEEE""]","[[""IEEE"",""I0F3A2246C6318C83""]]","[""exclude""]",not_included,0,Unassigned,,
doi:10.1109/caibda70336.2026.11621063,10.1109/caibda70336.2026.11621063,1,"[""IEEE""]","[[""IEEE"",""I1AB76F2935CAFF6F""]]","[""exclude""]",not_included,0,Unassigned,,
doi:10.1109/caibda70336.2026.11621400,10.1109/caibda70336.2026.11621400,1,"[""IEEE""]","[[""IEEE"",""IF0F554698ACDA86E""]]","[""include""]",included,0,Unassigned,,
doi:10.1109/caidcd.2010.5681938,10.1109/caidcd.2010.5681938,1,"[""IEEE""]","[[""IEEE"",""I36781318FD4754D5""]]","[""exclude""]",not_included,0,Unassigned,,
doi:10.1109/cait68620.2025.11424841,10.1109/cait68620.2025.11424841,1,"[""IEEE""]","[[""IEEE"",""I126E6BCC3462B691""]]","[""exclude""]",not_included,0,Unassigned,,
doi:10.1109/cait68620.2025.11424893,10.1109/cait68620.2025.11424893,1,"[""IEEE""]","[[""IEEE"",""IBE3B40A91A8156EA""]]","[""exclude""]",not_included,0,Unassigned,,
doi:10.1109/cait70489.2026.11553889,10.1109/cait70489.2026.11553889,1,"[""IEEE""]","[[""IEEE"",""I3ADBC3003DD6588F""]]","[""exclude""]",not_included,0,Unassigned,,
doi:10.1109/canet.2005.1598203,10.1109/canet.2005.1598203,1,"[""IEEE""]","[[""IEEE"",""I3C7226CCEBF6F1AB""]]","[""exclude""]",not_included,0,Unassigned,,
doi:10.1109/canet.2005.1598208,10.1109/canet.2005.1598208,1,"[""IEEE""]","[[""IEEE"",""I0F078A5ED18EC5AA""]]","[""exclude""]",not_included,0,Unassigned,,
doi:10.1109/cars67163.2025.11337310,10.1109/cars67163.2025.11337310,1,"[""IEEE""]","[[""IEEE"",""I919550BA957ABCBC""]]","[""include""]",included,0,Unassigned,,
doi:10.1109/cars67163.2025.11337769,10.1109/cars67163.2025.11337769,1,"[""IEEE""]","[[""IEEE"",""I7CAD8E802CCB8028""]]","[""include""]",included,0,Unassigned,,
doi:10.1109/cars67163.2025.11337885,10.1109/cars67163.2025.11337885,1,"[""IEEE""]","[[""IEEE"",""I2659BE5D8B519FE1""]]","[""exclude""]",not_included,0,Unassigned,,
doi:10.1109/case.2011.6042428,10.1109/case.2011.6042428,1,"[""IEEE""]","[[""IEEE"",""I67A7E346600B45B9""]]","[""pending""]",not_included,1,Unassigned,,
doi:10.1109/case.2011.6042473,10.1109/case.2011.6042473,1,"[""IEEE""]","[[""IEEE"",""I72A0FC1FB6450C9C""]]","[""exclude""]",not_included,0,Unassigned,,
doi:10.1109/case58245.2025.11164097,10.1109/case58245.2025.11164097,1,"[""IEEE""]","[[""IEEE"",""IBE0D78081FEA344A""]]","[""exclude""]",not_included,0,Unassigned,,
doi:10.1109/casset.2004.1322906,10.1109/casset.2004.1322906,1,"[""IEEE""]","[[""IEEE"",""ICA71A53700149BE8""]]","[""include""]",included,0,Unassigned,,
doi:10.1109/cbdcom68404.2025.00041,10.1109/cbdcom68404.2025.00041,1,"[""IEEE""]","[[""IEEE"",""I951A2E869E74D889""]]","[""include""]",included,0,Unassigned,,
doi:10.1109/cbi.2013.37,10.1109/cbi.2013.37,1,"[""IEEE""]","[[""IEEE"",""I136F17C84CDB295F""]]","[""include""]",included,0,Unassigned,,
doi:10.1109/ccaa.2015.7148508,10.1109/ccaa.2015.7148508,1,"[""IEEE""]","[[""IEEE"",""IC0799D408142AC44""]]","[""include""]",included,0,Unassigned,,
doi:10.1109/ccac64704.2025.11259152,10.1109/ccac64704.2025.11259152,1,"[""IEEE""]","[[""IEEE"",""I6E59A5AA7D182ACD""]]","[""exclude""]",not_included,0,Unassigned,,
doi:10.1109/ccai69603.2026.11642106,10.1109/ccai69603.2026.11642106,1,"[""IEEE""]","[[""IEEE"",""IFA0CD99F7F22919B""]]","[""include""]",included,0,Unassigned,,
doi:10.1109/cccm.2008.217,10.1109/cccm.2008.217,1,"[""IEEE""]","[[""IEEE"",""I97DA2FB4979ADB45""]]","[""include""]",included,0,Unassigned,,
doi:10.1109/ccdc.2009.5192561,10.1109/ccdc.2009.5192561,1,"[""IEEE""]","[[""IEEE"",""I43A7F894807ADA48""]]","[""include""]",included,0,Unassigned,,
doi:10.1109/ccdc.2009.5195205,10.1109/ccdc.2009.5195205,1,"[""IEEE""]","[[""IEEE"",""I3E13627CCDBCE821""]]","[""include""]",included,0,Unassigned,,
doi:10.1109/ccdc.2009.5195228,10.1109/ccdc.2009.5195228,1,"[""IEEE""]","[[""IEEE"",""IA1B99BF38EAB2675""]]","[""exclude""]",not_included,0,Unassigned,,
doi:10.1109/ccdc.2010.5498548,10.1109/ccdc.2010.5498548,1,"[""IEEE""]","[[""IEEE"",""IB30F996FFCF564C4""]]","[""include""]",included,0,Unassigned,,
doi:10.1109/ccdc.2012.6244332,10.1109/ccdc.2012.6244332,1,"[""IEEE""]","[[""IEEE"",""IF651D1C0459E438D""]]","[""include""]",included,0,Unassigned,,
doi:10.1109/ccdc.2018.8407171,10.1109/ccdc.2018.8407171,1,"[""IEEE""]","[[""IEEE"",""I3201F7F5BA57B0F9""]]","[""exclude""]",not_included,0,Unassigned,,
doi:10.1109/ccdc.2018.8407671,10.1109/ccdc.2018.8407671,1,"[""IEEE""]","[[""IEEE"",""I62AEDC06AF22FEA6""]]","[""exclude""]",not_included,0,Unassigned,,
doi:10.1109/ccdc.2019.8833245,10.1109/ccdc.2019.8833245,1,"[""IEEE""]","[[""IEEE"",""ICE37C71986450F3B""]]","[""exclude""]",not_included,0,Unassigned,,
doi:10.1109/ccdc49329.2020.9164350,10.1109/ccdc49329.2020.9164350,1,"[""IEEE""]","[[""IEEE"",""I67AD73869B581EF0""]]","[""include""]",included,0,Unassigned,,
doi:10.1109/ccdc49329.2020.9164742,10.1109/ccdc49329.2020.9164742,1,"[""IEEE""]","[[""IEEE"",""I58EB8F11E1CF6466""]]","[""include""]",included,0,Unassigned,,
doi:10.1109/ccdc65474.2025.11090612,10.1109/ccdc65474.2025.11090612,1,"[""IEEE""]","[[""IEEE"",""I7DB8099C1446CFE8""]]","[""include""]",included,0,Unassigned,,
doi:10.1109/ccdc65474.2025.11091052,10.1109/ccdc65474.2025.11091052,1,"[""IEEE""]","[[""IEEE"",""IE2785B5B4F67D8F2""]]","[""exclude""]",not_included,0,Unassigned,,
doi:10.1109/ccdc69976.2026.11560610,10.1109/ccdc69976.2026.11560610,1,"[""IEEE""]","[[""IEEE"",""I5D6E8FB5AB6DCC1F""]]","[""exclude""]",not_included,0,Unassigned,,
doi:10.1109/ccece.2002.1013038,10.1109/ccece.2002.1013038,1,"[""IEEE""]","[[""IEEE"",""I71D6171CDC219959""]]","[""exclude""]",not_included,0,Unassigned,,
doi:10.1109/ccece.2005.1557279,10.1109/ccece.2005.1557279,1,"[""IEEE""]","[[""IEEE"",""I9848A393BD10B54D""]]","[""exclude""]",not_included,0,Unassigned,,
doi:10.1109/ccece.2006.277699,10.1109/ccece.2006.277699,1,"[""IEEE""]","[[""IEEE"",""I65E187158E2ED208""]]","[""include""]",included,0,Unassigned,,
doi:10.1109/ccece.2006.277722,10.1109/ccece.2006.277722,1,"[""IEEE""]","[[""IEEE"",""I931BB311955EFB2C""]]","[""include""]",included,0,Unassigned,,
doi:10.1109/ccece.2006.277766,10.1109/ccece.2006.277766,1,"[""IEEE""]","[[""IEEE"",""IAA7CEC3B60428674""]]","[""pending""]",not_included,1,Unassigned,,
doi:10.1109/ccece47787.2020.9255804,10.1109/ccece47787.2020.9255804,1,"[""IEEE""]","[[""IEEE"",""I84EB114EDA72C816""]]","[""include""]",included,0,Unassigned,,
doi:10.1109/ccece64018.2025.11364418,10.1109/ccece64018.2025.11364418,1,"[""IEEE""]","[[""IEEE"",""I1D0971C73830B9C8""]]","[""exclude""]",not_included,0,Unassigned,,
doi:10.1109/ccgrid.2001.923245,10.1109/ccgrid.2001.923245,1,"[""IEEE""]","[[""IEEE"",""I3B041811BECFCBB5""]]","[""include""]",included,0,Unassigned,,
doi:10.1109/ccgrid.2003.1199430,10.1109/ccgrid.2003.1199430,1,"[""IEEE""]","[[""IEEE"",""IEC93B4F04B35B585""]]","[""exclude""]",not_included,0,Unassigned,,
doi:10.1109/ccgrid.2008.13,10.1109/ccgrid.2008.13,1,"[""IEEE""]","[[""IEEE"",""IB593C98CDB99158D""]]","[""include""]",included,0,Unassigned,,
doi:10.1109/ccgrid.2017.138,10.1109/ccgrid.2017.138,2,"[""ACM"",""IEEE""]","[[""ACM"",""NA3429EC224A82D31""],[""IEEE"",""IA3429EC224A82D31""]]","[""exclude""]",not_included,0,Unassigned,,
doi:10.1109/ccgrid68966.2026.00040,10.1109/ccgrid68966.2026.00040,1,"[""IEEE""]","[[""IEEE"",""I84864A8465A4D276""]]","[""exclude""]",not_included,0,Unassigned,,
doi:10.1109/ccgrid68966.2026.00047,10.1109/ccgrid68966.2026.00047,1,"[""IEEE""]","[[""IEEE"",""IC4D487F3D8C26AF3""]]","[""include""]",included,0,Unassigned,,
doi:10.1109/ccgridw69005.2026.00035,10.1109/ccgridw69005.2026.00035,1,"[""IEEE""]","[[""IEEE"",""I27B824F81AE4AED1""]]","[""include""]",included,0,Unassigned,,
doi:10.1109/ccis.2012.6664425,10.1109/ccis.2012.6664425,1,"[""IEEE""]","[[""IEEE"",""I9A4FFFFADEC08748""]]","[""exclude""]",not_included,0,Unassigned,,
doi:10.1109/ccst.2003.1297566,10.1109/ccst.2003.1297566,1,"[""IEEE""]","[[""IEEE"",""IFCA5D22FB00DF102""]]","[""include""]",included,0,Unassigned,,
doi:10.1109/ccta.2017.8062773,10.1109/ccta.2017.8062773,1,"[""IEEE""]","[[""IEEE"",""IB68B70844D14BF01""]]","[""include""]",included,0,Unassigned,,
doi:10.1109/ccta54093.2023.10252961,10.1109/ccta54093.2023.10252961,1,"[""IEEE""]","[[""IEEE"",""I6268B355DF0A1FB8""]]","[""exclude""]",not_included,0,Unassigned,,
doi:10.1109/ccwc67433.2026.11393711,10.1109/ccwc67433.2026.11393711,1,"[""IEEE""]","[[""IEEE"",""IC2E174DDA09B7F21""]]","[""exclude""]",not_included,0,Unassigned,,
doi:10.1109/ccwc67433.2026.11393764,10.1109/ccwc67433.2026.11393764,1,"[""IEEE""]","[[""IEEE"",""I6CCE0E4A85FC71D1""]]","[""exclude""]",not_included,0,Unassigned,,
doi:10.1109/cdc.1985.268826,10.1109/cdc.1985.268826,1,"[""IEEE""]","[[""IEEE"",""IB402DE42D650D46B""]]","[""exclude""]",not_included,0,Unassigned,,
doi:10.1109/cdc.2003.1271960,10.1109/cdc.2003.1271960,1,"[""IEEE""]","[[""IEEE"",""I614E24AB1A8B0BA7""]]","[""pending""]",not_included,1,Unassigned,,
doi:10.1109/cdc.2004.1430264,10.1109/cdc.2004.1430264,1,"[""IEEE""]","[[""IEEE"",""IE31C18E83A100DF1""]]","[""include""]",included,0,Unassigned,,
doi:10.1109/cdc.2005.1582297,10.1109/cdc.2005.1582297,1,"[""IEEE""]","[[""IEEE"",""ICE385CC270C43717""]]","[""exclude""]",not_included,0,Unassigned,,
doi:10.1109/cdc.2007.4434345,10.1109/cdc.2007.4434345,1,"[""IEEE""]","[[""IEEE"",""IADBF5409638BEE95""]]","[""exclude""]",not_included,0,Unassigned,,
doi:10.1109/cdc.2007.4434525,10.1109/cdc.2007.4434525,1,"[""IEEE""]","[[""IEEE"",""I8E10B62DFD665CDA""]]","[""exclude""]",not_included,0,Unassigned,,
doi:10.1109/cdc.2007.4434913,10.1109/cdc.2007.4434913,1,"[""IEEE""]","[[""IEEE"",""I3B59EB0C0443BC3A""]]","[""exclude""]",not_included,0,Unassigned,,
doi:10.1109/cdc.2007.4434926,10.1109/cdc.2007.4434926,1,"[""IEEE""]","[[""IEEE"",""IC453A7AEE8A41325""]]","[""exclude""]",not_included,0,Unassigned,,
doi:10.1109/cdc.2008.4738752,10.1109/cdc.2008.4738752,1,"[""IEEE""]","[[""IEEE"",""IB1019B92078F5724""]]","[""exclude""]",not_included,0,Unassigned,,
doi:10.1109/cdc.2008.4738808,10.1109/cdc.2008.4738808,1,"[""IEEE""]","[[""IEEE"",""IC3B4DDB0078667F6""]]","[""exclude""]",not_included,0,Unassigned,,
doi:10.1109/cdc.2008.4739098,10.1109/cdc.2008.4739098,1,"[""IEEE""]","[[""IEEE"",""I3252FCF3373BD60F""]]","[""exclude""]",not_included,0,Unassigned,,
doi:10.1109/cdc.2009.5400496,10.1109/cdc.2009.5400496,1,"[""IEEE""]","[[""IEEE"",""IE137111BCCDCBFB7""]]","[""include""]",included,0,Unassigned,,
doi:10.1109/cdc.2009.5400569,10.1109/cdc.2009.5400569,1,"[""IEEE""]","[[""IEEE"",""I217023A6B8A0ECF6""]]","[""exclude""]",not_included,0,Unassigned,,
doi:10.1109/cdc.2010.5717205,10.1109/cdc.2010.5717205,1,"[""IEEE""]","[[""IEEE"",""I4955BA8AB90FC197""]]","[""exclude""]",not_included,0,Unassigned,,
doi:10.1109/cdc.2010.5717534,10.1109/cdc.2010.5717534,1,"[""IEEE""]","[[""IEEE"",""I11850409996FC5B7""]]","[""exclude""]",not_included,0,Unassigned,,
doi:10.1109/cdc.2010.5718144,10.1109/cdc.2010.5718144,1,"[""IEEE""]","[[""IEEE"",""I51E61F31924C9AA3""]]","[""exclude""]",not_included,0,Unassigned,,
doi:10.1109/cdc.2010.5718180,10.1109/cdc.2010.5718180,1,"[""IEEE""]","[[""IEEE"",""I348464A15EEA33A5""]]","[""exclude""]",not_included,0,Unassigned,,
doi:10.1109/cdc.2011.6161247,10.1109/cdc.2011.6161247,1,"[""IEEE""]","[[""IEEE"",""I6FBD7ADD55AE39B0""]]","[""exclude""]",not_included,0,Unassigned,,
doi:10.1109/cdc.2012.6426108,10.1109/cdc.2012.6426108,1,"[""IEEE""]","[[""IEEE"",""I06806F3CB47F678E""]]","[""exclude""]",not_included,0,Unassigned,,
doi:10.1109/cdc.2013.6759939,10.1109/cdc.2013.6759939,1,"[""IEEE""]","[[""IEEE"",""I9D0DC80D0FB2F496""]]","[""include""]",included,0,Unassigned,,
doi:10.1109/cdc.2015.7402693,10.1109/cdc.2015.7402693,1,"[""IEEE""]","[[""IEEE"",""IE060DAC798F6BF68""]]","[""exclude""]",not_included,0,Unassigned,,
doi:10.1109/cdc.2015.7403179,10.1109/cdc.2015.7403179,1,"[""IEEE""]","[[""IEEE"",""IA3A29FA674C57FA6""]]","[""exclude""]",not_included,0,Unassigned,,
doi:10.1109/cdc.2017.8263968,10.1109/cdc.2017.8263968,1,"[""IEEE""]","[[""IEEE"",""IEE92864C087D3DE8""]]","[""pending""]",not_included,1,Unassigned,,
doi:10.1109/cdc.2018.8619236,10.1109/cdc.2018.8619236,1,"[""IEEE""]","[[""IEEE"",""I95BAB56045752E43""]]","[""exclude""]",not_included,0,Unassigned,,
doi:10.1109/cdc.2018.8619894,10.1109/cdc.2018.8619894,1,"[""IEEE""]","[[""IEEE"",""I0BC783701D45DBEC""]]","[""exclude""]",not_included,0,Unassigned,,
doi:10.1109/cdc40024.2019.9029554,10.1109/cdc40024.2019.9029554,1,"[""IEEE""]","[[""IEEE"",""IEA989D4954E1AF7D""]]","[""exclude""]",not_included,0,Unassigned,,
doi:10.1109/cdc49753.2023.10383372,10.1109/cdc49753.2023.10383372,1,"[""IEEE""]","[[""IEEE"",""I46473FF894C591A1""]]","[""exclude""]",not_included,0,Unassigned,,
doi:10.1109/cdc49753.2023.10383748,10.1109/cdc49753.2023.10383748,1,"[""IEEE""]","[[""IEEE"",""IE5BA75A0748CB653""]]","[""exclude""]",not_included,0,Unassigned,,
doi:10.1109/cdc49753.2023.10383887,10.1109/cdc49753.2023.10383887,1,"[""IEEE""]","[[""IEEE"",""I922019315657BE62""]]","[""include""]",included,0,Unassigned,,
doi:10.1109/cdc56724.2024.10886695,10.1109/cdc56724.2024.10886695,1,"[""IEEE""]","[[""IEEE"",""I4BE8A0A22DAD83A7""]]","[""exclude""]",not_included,0,Unassigned,,
doi:10.1109/cdc56724.2024.10886745,10.1109/cdc56724.2024.10886745,1,"[""IEEE""]","[[""IEEE"",""I14B1666C9DE4B882""]]","[""exclude""]",not_included,0,Unassigned,,
doi:10.1109/cdc57313.2025.11312897,10.1109/cdc57313.2025.11312897,1,"[""IEEE""]","[[""IEEE"",""ID9AF3CC36D7ED10C""]]","[""pending""]",not_included,1,Unassigned,,
doi:10.1109/cec-east.2004.66,10.1109/cec-east.2004.66,1,"[""IEEE""]","[[""IEEE"",""I03128FA0282A68C3""]]","[""pending""]",not_included,1,Unassigned,,
doi:10.1109/cec-eee.2006.11,10.1109/cec-eee.2006.11,1,"[""IEEE""]","[[""IEEE"",""I27C819B3D49516D9""]]","[""exclude""]",not_included,0,Unassigned,,
doi:10.1109/cec-eee.2006.37,10.1109/cec-eee.2006.37,1,"[""IEEE""]","[[""IEEE"",""I1DB827B344870A58""]]","[""include""]",included,0,Unassigned,,
doi:10.1109/cec-eee.2006.40,10.1109/cec-eee.2006.40,1,"[""IEEE""]","[[""IEEE"",""I9F420EE349F4EEE4""]]","[""include""]",included,0,Unassigned,,
doi:10.1109/cec-eee.2006.43,10.1109/cec-eee.2006.43,1,"[""IEEE""]","[[""IEEE"",""I606C8EC700A2C148""]]","[""include""]",included,0,Unassigned,,
doi:10.1109/cec-eee.2007.14,10.1109/cec-eee.2007.14,1,"[""IEEE""]","[[""IEEE"",""I610511D9D6B79601""]]","[""include""]",included,0,Unassigned,,
doi:10.1109/cec-eee.2007.17,10.1109/cec-eee.2007.17,1,"[""IEEE""]","[[""IEEE"",""IB889144AF7E3CD54""]]","[""include""]",included,0,Unassigned,,
doi:10.1109/cec-eee.2007.31,10.1109/cec-eee.2007.31,1,"[""IEEE""]","[[""IEEE"",""ID1020A00B2D8C9C6""]]","[""include""]",included,0,Unassigned,,
doi:10.1109/cec.2000.870763,10.1109/cec.2000.870763,1,"[""IEEE""]","[[""IEEE"",""IF44D73F3E1A3048B""]]","[""include""]",included,0,Unassigned,,
doi:10.1109/cec.2001.934341,10.1109/cec.2001.934341,1,"[""IEEE""]","[[""IEEE"",""IC2E318A43A167DDE""]]","[""exclude""]",not_included,0,Unassigned,,
doi:10.1109/cec.2002.1004555,10.1109/cec.2002.1004555,1,"[""IEEE""]","[[""IEEE"",""I6C512C016210F99E""]]","[""include""]",included,0,Unassigned,,
doi:10.1109/cec.2005.1555001,10.1109/cec.2005.1555001,1,"[""IEEE""]","[[""IEEE"",""ID38BD33F54642D0A""]]","[""include""]",included,0,Unassigned,,
doi:10.1109/cec.2007.4424548,10.1109/cec.2007.4424548,1,"[""IEEE""]","[[""IEEE"",""I3C5CBD79DC8EB805""]]","[""include""]",included,0,Unassigned,,
doi:10.1109/cec.2008.4630972,10.1109/cec.2008.4630972,1,"[""IEEE""]","[[""IEEE"",""IA49E593C31EEB640""]]","[""include""]",included,0,Unassigned,,
doi:10.1109/cec.2009.4983314,10.1109/cec.2009.4983314,1,"[""IEEE""]","[[""IEEE"",""IDE05627A2A2786C0""]]","[""include""]",included,0,Unassigned,,
doi:10.1109/cec.2009.58,10.1109/cec.2009.58,1,"[""IEEE""]","[[""IEEE"",""I87F0BFB08546E52F""]]","[""exclude""]",not_included,0,Unassigned,,
doi:10.1109/cec.2010.5585963,10.1109/cec.2010.5585963,1,"[""IEEE""]","[[""IEEE"",""IBC21C927EE978928""]]","[""include""]",included,0,Unassigned,,
doi:10.1109/cec.2010.5586254,10.1109/cec.2010.5586254,1,"[""IEEE""]","[[""IEEE"",""I47D685DFD145CF46""]]","[""include""]",included,0,Unassigned,,
doi:10.1109/cec.2010.5586319,10.1109/cec.2010.5586319,1,"[""IEEE""]","[[""IEEE"",""I47FEE3AAFF96D08F""]]","[""exclude""]",not_included,0,Unassigned,,
doi:10.1109/cec.2011.15,10.1109/cec.2011.15,1,"[""IEEE""]","[[""IEEE"",""IE423934DAC6C00D9""]]","[""pending""]",not_included,1,Unassigned,,
doi:10.1109/cec.2011.5949932,10.1109/cec.2011.5949932,1,"[""IEEE""]","[[""IEEE"",""IA9B7DBFFBE94E777""]]","[""include""]",included,0,Unassigned,,
doi:10.1109/cecandeee.2008.109,10.1109/cecandeee.2008.109,1,"[""IEEE""]","[[""IEEE"",""I73DAF87E47E38C1A""]]","[""exclude""]",not_included,0,Unassigned,,
doi:10.1109/cecandeee.2008.123,10.1109/cecandeee.2008.123,1,"[""IEEE""]","[[""IEEE"",""I9C8031D58836F1C2""]]","[""include""]",included,0,Unassigned,,
doi:10.1109/cecandeee.2008.133,10.1109/cecandeee.2008.133,1,"[""IEEE""]","[[""IEEE"",""I3363C99A62E105EA""]]","[""include""]",included,0,Unassigned,,
doi:10.1109/cecandeee.2008.88,10.1109/cecandeee.2008.88,1,"[""IEEE""]","[[""IEEE"",""I8AE5AB5F31041A39""]]","[""exclude""]",not_included,0,Unassigned,,
doi:10.1109/ceepe69795.2026.11552181,10.1109/ceepe69795.2026.11552181,1,"[""IEEE""]","[[""IEEE"",""I9D8A12F9BD5F9648""]]","[""exclude""]",not_included,0,Unassigned,,
doi:10.1109/cei66465.2025.11398540,10.1109/cei66465.2025.11398540,1,"[""IEEE""]","[[""IEEE"",""I084EA042446563AE""]]","[""include""]",included,0,Unassigned,,
doi:10.1109/cencon.2014.6967477,10.1109/cencon.2014.6967477,1,"[""IEEE""]","[[""IEEE"",""IF92C61AD2173BD5E""]]","[""include""]",included,0,Unassigned,,
doi:10.1109/cencon51869.2021.9627254,10.1109/cencon51869.2021.9627254,1,"[""IEEE""]","[[""IEEE"",""IB145B8025EDF8660""]]","[""pending""]",not_included,1,Unassigned,,
doi:10.1109/centcon52345.2021.9688037,10.1109/centcon52345.2021.9688037,1,"[""IEEE""]","[[""IEEE"",""IDC9BD746EAEE43C6""]]","[""include""]",included,0,Unassigned,,
doi:10.1109/chicc.2015.7260766,10.1109/chicc.2015.7260766,1,"[""IEEE""]","[[""IEEE"",""IBD61E460575B7EC8""]]","[""exclude""]",not_included,0,Unassigned,,
doi:10.1109/chicc.2016.7554827,10.1109/chicc.2016.7554827,1,"[""IEEE""]","[[""IEEE"",""IC49105B831158927""]]","[""exclude""]",not_included,0,Unassigned,,
doi:10.1109/chinacom.2006.344654,10.1109/chinacom.2006.344654,1,"[""IEEE""]","[[""IEEE"",""IDC5A39B4A916510A""]]","[""include""]",included,0,Unassigned,,
doi:10.1109/chinacom.2006.344665,10.1109/chinacom.2006.344665,1,"[""IEEE""]","[[""IEEE"",""IB1FEDAC4752FCC07""]]","[""pending""]",not_included,1,Unassigned,,
doi:10.1109/ciacon70148.2026.11688532,10.1109/ciacon70148.2026.11688532,1,"[""IEEE""]","[[""IEEE"",""ICCE54BC724564A58""]]","[""exclude""]",not_included,0,Unassigned,,
doi:10.1109/ciasg.2014.7011556,10.1109/ciasg.2014.7011556,1,"[""IEEE""]","[[""IEEE"",""IDE6CACD3AE32051A""]]","[""include""]",included,0,Unassigned,,
doi:10.1109/cic.2016.073,10.1109/cic.2016.073,1,"[""IEEE""]","[[""IEEE"",""I4B4EE259A2DD1CAA""]]","[""exclude""]",not_included,0,Unassigned,,
doi:10.1109/ciced.2016.7576416,10.1109/ciced.2016.7576416,1,"[""IEEE""]","[[""IEEE"",""IAFC3FC6397F67C8A""]]","[""include""]",included,0,Unassigned,,
doi:10.1109/ciced50259.2021.9556762,10.1109/ciced50259.2021.9556762,1,"[""IEEE""]","[[""IEEE"",""IDF25C5FC70EB9F6E""]]","[""exclude""]",not_included,0,Unassigned,,
doi:10.1109/cicn70047.2026.11594167,10.1109/cicn70047.2026.11594167,1,"[""IEEE""]","[[""IEEE"",""I69685FCDFE86FDF4""]]","[""pending""]",not_included,1,Unassigned,,
doi:10.1109/cicn70047.2026.11594370,10.1109/cicn70047.2026.11594370,1,"[""IEEE""]","[[""IEEE"",""I04B52F2B36977D18""]]","[""exclude""]",not_included,0,Unassigned,,
doi:10.1109/cidm.2011.5949427,10.1109/cidm.2011.5949427,1,"[""IEEE""]","[[""IEEE"",""I39637C1ED989EFA3""]]","[""exclude""]",not_included,0,Unassigned,,
doi:10.1109/cie.2002.1185862,10.1109/cie.2002.1185862,1,"[""IEEE""]","[[""IEEE"",""IC036C1A3A9C13F5C""]]","[""exclude""]",not_included,0,Unassigned,,
doi:10.1109/cieec60922.2024.10583815,10.1109/cieec60922.2024.10583815,1,"[""IEEE""]","[[""IEEE"",""IC79424F4F660EDC7""]]","[""pending""]",not_included,1,Unassigned,,
doi:10.1109/cieec69682.2026.11572700,10.1109/cieec69682.2026.11572700,1,"[""IEEE""]","[[""IEEE"",""I5DE44F18E8D1D5F1""]]","[""exclude""]",not_included,0,Unassigned,,
doi:10.1109/cifer.1998.690152,10.1109/cifer.1998.690152,1,"[""IEEE""]","[[""IEEE"",""IE05DE08C0E701E90""]]","[""include""]",included,0,Unassigned,,
doi:10.1109/cifer.2003.1196257,10.1109/cifer.2003.1196257,1,"[""IEEE""]","[[""IEEE"",""IBE13FC7AF79EF02D""]]","[""include""]",included,0,Unassigned,,
doi:10.1109/cifer.2012.6327822,10.1109/cifer.2012.6327822,1,"[""IEEE""]","[[""IEEE"",""IC30FE0CAFF1FBF5E""]]","[""pending""]",not_included,1,Unassigned,,
doi:10.1109/cifer52523.2022.9776070,10.1109/cifer52523.2022.9776070,1,"[""IEEE""]","[[""IEEE"",""IF722C5F56D1D3312""]]","[""include""]",included,0,Unassigned,,
doi:10.1109/cifer67845.2026.11692374,10.1109/cifer67845.2026.11692374,1,"[""IEEE""]","[[""IEEE"",""I5D6643E941E3CFDB""]]","[""exclude""]",not_included,0,Unassigned,,
doi:10.1109/cigre.2005.1532725,10.1109/cigre.2005.1532725,1,"[""IEEE""]","[[""IEEE"",""I3847D9C858F8CBAC""]]","[""exclude""]",not_included,0,Unassigned,,
doi:10.1109/cimca.2005.1631224,10.1109/cimca.2005.1631224,1,"[""IEEE""]","[[""IEEE"",""I9CEC9D787FBF66EA""]]","[""exclude""]",not_included,0,Unassigned,,
doi:10.1109/cimca.2005.1631266,10.1109/cimca.2005.1631266,1,"[""IEEE""]","[[""IEEE"",""I592044AA3C2B4E95""]]","[""pending""]",not_included,1,Unassigned,,
doi:10.1109/cimca.2005.1631280,10.1109/cimca.2005.1631280,1,"[""IEEE""]","[[""IEEE"",""I81088DFB03D99F92""]]","[""exclude""]",not_included,0,Unassigned,,
doi:10.1109/cimca.2005.1631304,10.1109/cimca.2005.1631304,1,"[""IEEE""]","[[""IEEE"",""I9238136BB92320BA""]]","[""include""]",included,0,Unassigned,,
doi:10.1109/cimca.2005.1631362,10.1109/cimca.2005.1631362,1,"[""IEEE""]","[[""IEEE"",""I6D6564D68BE5FC75""]]","[""include""]",included,0,Unassigned,,
doi:10.1109/cimca.2005.1631584,10.1109/cimca.2005.1631584,1,"[""IEEE""]","[[""IEEE"",""IEFFDFFBADD4F3EE9""]]","[""include""]",included,0,Unassigned,,
doi:10.1109/cimca.2005.1631586,10.1109/cimca.2005.1631586,1,"[""IEEE""]","[[""IEEE"",""IEFE9D01194FA1E2A""]]","[""include""]",included,0,Unassigned,,
doi:10.1109/cimca.2005.1631593,10.1109/cimca.2005.1631593,1,"[""IEEE""]","[[""IEEE"",""I89C1E198998968D2""]]","[""pending""]",not_included,1,Unassigned,,
doi:10.1109/cimca.2006.133,10.1109/cimca.2006.133,1,"[""IEEE""]","[[""IEEE"",""IC6F65AC72AFB47DB""]]","[""exclude""]",not_included,0,Unassigned,,
doi:10.1109/cimca.2006.5,10.1109/cimca.2006.5,1,"[""IEEE""]","[[""IEEE"",""I957B5E690E91D9F1""]]","[""exclude""]",not_included,0,Unassigned,,
doi:10.1109/cimca.2008.103,10.1109/cimca.2008.103,1,"[""IEEE""]","[[""IEEE"",""I4245D601729F09F0""]]","[""include""]",included,0,Unassigned,,
doi:10.1109/cimca.2008.222,10.1109/cimca.2008.222,1,"[""IEEE""]","[[""IEEE"",""I9C8C2CEFDED0E7C0""]]","[""exclude""]",not_included,0,Unassigned,,
doi:10.1109/cimca.2008.24,10.1109/cimca.2008.24,1,"[""IEEE""]","[[""IEEE"",""I8376DCB7F19B720B""]]","[""include""]",included,0,Unassigned,,
doi:10.1109/cimca.2008.60,10.1109/cimca.2008.60,1,"[""IEEE""]","[[""IEEE"",""I10F8BD38CA417D16""]]","[""include""]",included,0,Unassigned,,
doi:10.1109/cimca.2008.92,10.1109/cimca.2008.92,1,"[""IEEE""]","[[""IEEE"",""IAAE9EC6D29CC3323""]]","[""exclude""]",not_included,0,Unassigned,,
doi:10.1109/ciml69155.2026.11692748,10.1109/ciml69155.2026.11692748,1,"[""IEEE""]","[[""IEEE"",""I913D0ACEDACB3F99""]]","[""exclude""]",not_included,0,Unassigned,,
doi:10.1109/cimps.2017.8169961,10.1109/cimps.2017.8169961,1,"[""IEEE""]","[[""IEEE"",""I69765D0BD122E25B""]]","[""exclude""]",not_included,0,Unassigned,,
doi:10.1109/cimsa.2010.5611758,10.1109/cimsa.2010.5611758,1,"[""IEEE""]","[[""IEEE"",""I4DCBC349D7BCDD8D""]]","[""exclude""]",not_included,0,Unassigned,,
doi:10.1109/cinc.2009.137,10.1109/cinc.2009.137,1,"[""IEEE""]","[[""IEEE"",""IFE79356ED1C0075D""]]","[""exclude""]",not_included,0,Unassigned,,
doi:10.1109/cinc.2009.263,10.1109/cinc.2009.263,1,"[""IEEE""]","[[""IEEE"",""I11A4C02E93A37338""]]","[""include""]",included,0,Unassigned,,
doi:10.1109/cinc.2009.30,10.1109/cinc.2009.30,1,"[""IEEE""]","[[""IEEE"",""I414FAF487E9E296F""]]","[""include""]",included,0,Unassigned,,
doi:10.1109/cinti.2011.6108576,10.1109/cinti.2011.6108576,1,"[""IEEE""]","[[""IEEE"",""I1A2F2DF00CF1DC8C""]]","[""exclude""]",not_included,0,Unassigned,,
doi:10.1109/cinti.2014.7028695,10.1109/cinti.2014.7028695,1,"[""IEEE""]","[[""IEEE"",""I2581EE5B1B63C769""]]","[""exclude""]",not_included,0,Unassigned,,
doi:10.1109/cinti67731.2025.11311789,10.1109/cinti67731.2025.11311789,1,"[""IEEE""]","[[""IEEE"",""ID5B4A530A4B3255C""]]","[""include""]",included,0,Unassigned,,
doi:10.1109/ciotsc67482.2025.11412983,10.1109/ciotsc67482.2025.11412983,1,"[""IEEE""]","[[""IEEE"",""I59BE97F4D871219D""]]","[""pending""]",not_included,1,Unassigned,,
doi:10.1109/cis.2009.184,10.1109/cis.2009.184,1,"[""IEEE""]","[[""IEEE"",""I0AD05481F9F138C9""]]","[""exclude""]",not_included,0,Unassigned,,
doi:10.1109/cisat66811.2025.11181750,10.1109/cisat66811.2025.11181750,1,"[""IEEE""]","[[""IEEE"",""I0A2370567BAD817F""]]","[""exclude""]",not_included,0,Unassigned,,
doi:10.1109/cisat66811.2025.11181948,10.1109/cisat66811.2025.11181948,1,"[""IEEE""]","[[""IEEE"",""I1F52240F72F54952""]]","[""exclude""]",not_included,0,Unassigned,,
doi:10.1109/cise.2010.5676783,10.1109/cise.2010.5676783,1,"[""IEEE""]","[[""IEEE"",""I40AFA58784166636""]]","[""include""]",included,0,Unassigned,,
doi:10.1109/cise.2010.5676888,10.1109/cise.2010.5676888,1,"[""IEEE""]","[[""IEEE"",""I788AA4F7C71C0374""]]","[""exclude""]",not_included,0,Unassigned,,
doi:10.1109/cisim.2007.8,10.1109/cisim.2007.8,1,"[""IEEE""]","[[""IEEE"",""I207E1CBECB6E5A89""]]","[""include""]",included,0,Unassigned,,
doi:10.1109/cisp.2008.558,10.1109/cisp.2008.558,1,"[""IEEE""]","[[""IEEE"",""I746E7F9288E91225""]]","[""include""]",included,0,Unassigned,,
doi:10.1109/ciss50987.2021.9400216,10.1109/ciss50987.2021.9400216,1,"[""IEEE""]","[[""IEEE"",""I26D81F6F4FB01067""]]","[""exclude""]",not_included,0,Unassigned,,
doi:10.1109/cit.2004.1357241,10.1109/cit.2004.1357241,1,"[""IEEE""]","[[""IEEE"",""I489E5ACF08914BAE""]]","[""include""]",included,0,Unassigned,,
doi:10.1109/cit.2005.163,10.1109/cit.2005.163,1,"[""IEEE""]","[[""IEEE"",""ICC56E5FA986925B1""]]","[""include""]",included,0,Unassigned,,
doi:10.1109/cit.2012.118,10.1109/cit.2012.118,1,"[""IEEE""]","[[""IEEE"",""I96CDCDD242911E95""]]","[""exclude""]",not_included,0,Unassigned,,
doi:10.1109/citisia.2009.5224248,10.1109/citisia.2009.5224248,1,"[""IEEE""]","[[""IEEE"",""IAA195AB8E15CCDC9""]]","[""include""]",included,0,Unassigned,,
doi:10.1109/citsm.2018.8674357,10.1109/citsm.2018.8674357,1,"[""IEEE""]","[[""IEEE"",""IDC154F9A7AEE215C""]]","[""exclude""]",not_included,0,Unassigned,,
doi:10.1109/citsm64103.2024.10775511,10.1109/citsm64103.2024.10775511,1,"[""IEEE""]","[[""IEEE"",""I2EF501EF1D63AD9D""]]","[""exclude""]",not_included,0,Unassigned,,
doi:10.1109/clei53233.2021.9640192,10.1109/clei53233.2021.9640192,1,"[""IEEE""]","[[""IEEE"",""IDD710F98ABF83855""]]","[""exclude""]",not_included,0,Unassigned,,
doi:10.1109/cloud-summit64795.2025.00028,10.1109/cloud-summit64795.2025.00028,1,"[""IEEE""]","[[""IEEE"",""I65F52DDAF9EF9AE9""]]","[""exclude""]",not_included,0,Unassigned,,
doi:10.1109/cloud72782.2026.00060,10.1109/cloud72782.2026.00060,1,"[""IEEE""]","[[""IEEE"",""IF994EB37AA40DB22""]]","[""exclude""]",not_included,0,Unassigned,,
doi:10.1109/cloudcom.2011.28,10.1109/cloudcom.2011.28,1,"[""IEEE""]","[[""IEEE"",""I7DE3A14A84E6CC73""]]","[""exclude""]",not_included,0,Unassigned,,
doi:10.1109/cloudcom67567.2025.11331453,10.1109/cloudcom67567.2025.11331453,1,"[""IEEE""]","[[""IEEE"",""I1FD0228A6E06B89D""]]","[""exclude""]",not_included,0,Unassigned,,
doi:10.1109/cloudnet.2016.1,10.1109/cloudnet.2016.1,1,"[""IEEE""]","[[""IEEE"",""I80B9C203BE27DFA1""]]","[""exclude""]",not_included,0,Unassigned,,
doi:10.1109/cloudsummit68932.2026.00009,10.1109/cloudsummit68932.2026.00009,1,"[""IEEE""]","[[""IEEE"",""I60BA98295026A27F""]]","[""include""]",included,0,Unassigned,,
doi:10.1109/cloudsummit68932.2026.00010,10.1109/cloudsummit68932.2026.00010,1,"[""IEEE""]","[[""IEEE"",""I02FD9426249077A2""]]","[""include""]",included,0,Unassigned,,
doi:10.1109/cloudsummit68932.2026.00020,10.1109/cloudsummit68932.2026.00020,1,"[""IEEE""]","[[""IEEE"",""I8A7BCCB27B9EB3E0""]]","[""include""]",included,0,Unassigned,,
doi:10.1109/cloudsummit68932.2026.00028,10.1109/cloudsummit68932.2026.00028,1,"[""IEEE""]","[[""IEEE"",""IADB397D6B059C614""]]","[""include""]",included,0,Unassigned,,
doi:10.1109/cloudsummit68932.2026.00045,10.1109/cloudsummit68932.2026.00045,1,"[""IEEE""]","[[""IEEE"",""I27E47DFF0A8046DF""]]","[""exclude""]",not_included,0,Unassigned,,
doi:10.1109/clustr.2002.1137780,10.1109/clustr.2002.1137780,1,"[""IEEE""]","[[""IEEE"",""I568E947777EF3337""]]","[""include""]",included,0,Unassigned,,
doi:10.1109/cmpsac.1999.812675,10.1109/cmpsac.1999.812675,1,"[""IEEE""]","[[""IEEE"",""I5B51C931539E9AEC""]]","[""exclude""]",not_included,0,Unassigned,,
doi:10.1109/cmpsac.1999.812680,10.1109/cmpsac.1999.812680,1,"[""IEEE""]","[[""IEEE"",""I02B09568E9386491""]]","[""exclude""]",not_included,0,Unassigned,,
doi:10.1109/cmpsac.1999.814322,10.1109/cmpsac.1999.814322,1,"[""IEEE""]","[[""IEEE"",""IC3C9555EE9E283FD""]]","[""include""]",included,0,Unassigned,,
doi:10.1109/cmpsac.2000.884704,10.1109/cmpsac.2000.884704,1,"[""IEEE""]","[[""IEEE"",""I8C1CF6FC322CBD40""]]","[""include""]",included,0,Unassigned,,
doi:10.1109/cmpsac.2002.1044554,10.1109/cmpsac.2002.1044554,1,"[""IEEE""]","[[""IEEE"",""I42C60454538C0439""]]","[""include""]",included,0,Unassigned,,
doi:10.1109/cmpsac.2004.1342803,10.1109/cmpsac.2004.1342803,1,"[""IEEE""]","[[""IEEE"",""IB892124E483C3DA5""]]","[""include""]",included,0,Unassigned,,
doi:10.1109/cmpsac.2004.1342880,10.1109/cmpsac.2004.1342880,1,"[""IEEE""]","[[""IEEE"",""IA21FBA7866CF04C1""]]","[""exclude""]",not_included,0,Unassigned,,
doi:10.1109/cncit56797.2022.00017,10.1109/cncit56797.2022.00017,1,"[""IEEE""]","[[""IEEE"",""I63538F6CF9EDAD15""]]","[""include""]",included,0,Unassigned,,
doi:10.1109/cns56114.2022.9947268,10.1109/cns56114.2022.9947268,1,"[""IEEE""]","[[""IEEE"",""I160868FDF6FAE8B4""]]","[""exclude""]",not_included,0,Unassigned,,
doi:10.1109/coase.2006.326957,10.1109/coase.2006.326957,1,"[""IEEE""]","[[""IEEE"",""I0C4CF1FE3E46A9AC""]]","[""pending""]",not_included,1,Unassigned,,
doi:10.1109/coase.2008.4626517,10.1109/coase.2008.4626517,1,"[""IEEE""]","[[""IEEE"",""IAA0CF62C0BE5DF13""]]","[""exclude""]",not_included,0,Unassigned,,
doi:10.1109/coase.2010.5584129,10.1109/coase.2010.5584129,1,"[""IEEE""]","[[""IEEE"",""I45E5DF2A817FC03C""]]","[""exclude""]",not_included,0,Unassigned,,
doi:10.1109/coase.2015.7294070,10.1109/coase.2015.7294070,1,"[""IEEE""]","[[""IEEE"",""I3ADBBFBCFE2413B9""]]","[""include""]",included,0,Unassigned,,
doi:10.1109/coase.2017.8256139,10.1109/coase.2017.8256139,1,"[""IEEE""]","[[""IEEE"",""IED20F4A6AA8E21E1""]]","[""exclude""]",not_included,0,Unassigned,,
doi:10.1109/coase.2019.8843250,10.1109/coase.2019.8843250,1,"[""IEEE""]","[[""IEEE"",""IAB2CDA818A818293""]]","[""exclude""]",not_included,0,Unassigned,,
doi:10.1109/codit.2018.8394888,10.1109/codit.2018.8394888,1,"[""IEEE""]","[[""IEEE"",""IB5AAD2847252C3B9""]]","[""exclude""]",not_included,0,Unassigned,,
doi:10.1109/codit66093.2025.11321879,10.1109/codit66093.2025.11321879,1,"[""IEEE""]","[[""IEEE"",""IC696EE1D30F9D0CE""]]","[""include""]",included,0,Unassigned,,
doi:10.1109/codit70676.2026.11631113,10.1109/codit70676.2026.11631113,1,"[""IEEE""]","[[""IEEE"",""I9FD5DA708809AB54""]]","[""exclude""]",not_included,0,Unassigned,,
doi:10.1109/coec.2003.1210225,10.1109/coec.2003.1210225,1,"[""IEEE""]","[[""IEEE"",""IFEC3AE0EAD8DF3AF""]]","[""include""]",included,0,Unassigned,,
doi:10.1109/coec.2003.1210238,10.1109/coec.2003.1210238,1,"[""IEEE""]","[[""IEEE"",""I5B08B9CF96416FDC""]]","[""include""]",included,0,Unassigned,,
doi:10.1109/coec.2003.1210245,10.1109/coec.2003.1210245,1,"[""IEEE""]","[[""IEEE"",""I88ED9E1013126F44""]]","[""include""]",included,0,Unassigned,,
doi:10.1109/coec.2003.1210248,10.1109/coec.2003.1210248,1,"[""IEEE""]","[[""IEEE"",""I8720727C9CE62863""]]","[""exclude""]",not_included,0,Unassigned,,
doi:10.1109/coec.2003.1210263,10.1109/coec.2003.1210263,1,"[""IEEE""]","[[""IEEE"",""I63D36326BDD6F521""]]","[""include""]",included,0,Unassigned,,
doi:10.1109/coec.2003.1210272,10.1109/coec.2003.1210272,1,"[""IEEE""]","[[""IEEE"",""IC9F1CA0CD1E686C7""]]","[""pending""]",not_included,1,Unassigned,,
doi:10.1109/coginf.2006.365673,10.1109/coginf.2006.365673,1,"[""IEEE""]","[[""IEEE"",""I1ADE22A27FBE9697""]]","[""include""]",included,0,Unassigned,,
doi:10.1109/coginf.2009.5250678,10.1109/coginf.2009.5250678,1,"[""IEEE""]","[[""IEEE"",""I3A3767F3CD957DA3""]]","[""include""]",included,0,Unassigned,,
doi:10.1109/cogmi67134.2025.00067,10.1109/cogmi67134.2025.00067,1,"[""IEEE""]","[[""IEEE"",""I9A8824EB5E0141C2""]]","[""include""]",included,0,Unassigned,,
doi:10.1109/colcaci71483.2026.11691279,10.1109/colcaci71483.2026.11691279,1,"[""IEEE""]","[[""IEEE"",""I36951B6432B03F21""]]","[""exclude""]",not_included,0,Unassigned,,
doi:10.1109/comm48946.2020.9141962,10.1109/comm48946.2020.9141962,1,"[""IEEE""]","[[""IEEE"",""I15740D65899920A8""]]","[""exclude""]",not_included,0,Unassigned,,
doi:10.1109/comm54429.2022.9817251,10.1109/comm54429.2022.9817251,1,"[""IEEE""]","[[""IEEE"",""IAB79A5250A7D75B4""]]","[""exclude""]",not_included,0,Unassigned,,
doi:10.1109/compeng.2012.6242961,10.1109/compeng.2012.6242961,1,"[""IEEE""]","[[""IEEE"",""I372265C87C387A75""]]","[""include""]",included,0,Unassigned,,
doi:10.1109/compsac.2006.157,10.1109/compsac.2006.157,1,"[""IEEE""]","[[""IEEE"",""IE80454AD50A1FE29""]]","[""include""]",included,0,Unassigned,,
doi:10.1109/compsac.2007.70,10.1109/compsac.2007.70,1,"[""IEEE""]","[[""IEEE"",""I2F06B80CF97854C7""]]","[""exclude""]",not_included,0,Unassigned,,
doi:10.1109/compsac.2009.112,10.1109/compsac.2009.112,1,"[""IEEE""]","[[""IEEE"",""I827C4D78D0D7216E""]]","[""include""]",included,0,Unassigned,,
doi:10.1109/compsac.2010.22,10.1109/compsac.2010.22,1,"[""IEEE""]","[[""IEEE"",""IABB005CB55319ED4""]]","[""include""]",included,0,Unassigned,,
doi:10.1109/compsac.2012.90,10.1109/compsac.2012.90,1,"[""IEEE""]","[[""IEEE"",""I1B36FBB46B14DF4B""]]","[""include""]",included,0,Unassigned,,
doi:10.1109/compsac.2019.10262,10.1109/compsac.2019.10262,1,"[""IEEE""]","[[""IEEE"",""I7F32F14116D7F8E7""]]","[""exclude""]",not_included,0,Unassigned,,
doi:10.1109/compsacw.2013.100,10.1109/compsacw.2013.100,1,"[""IEEE""]","[[""IEEE"",""I4FC83772DD8466F3""]]","[""exclude""]",not_included,0,Unassigned,,
doi:10.1109/compsacw.2014.76,10.1109/compsacw.2014.76,1,"[""IEEE""]","[[""IEEE"",""I722E73FDC096D213""]]","[""exclude""]",not_included,0,Unassigned,,
doi:10.1109/computingcon64838.2025.11377974,10.1109/computingcon64838.2025.11377974,1,"[""IEEE""]","[[""IEEE"",""I63276D94ED494AD4""]]","[""exclude""]",not_included,0,Unassigned,,
doi:10.1109/comsnets.2013.6465595,10.1109/comsnets.2013.6465595,1,"[""IEEE""]","[[""IEEE"",""I61D714E632662E5F""]]","[""include""]",included,0,Unassigned,,
doi:10.1109/comsnets67989.2026.11418101,10.1109/comsnets67989.2026.11418101,1,"[""IEEE""]","[[""IEEE"",""IF084223AAA676AAF""]]","[""exclude""]",not_included,0,Unassigned,,
doi:10.1109/comsnets67989.2026.11418261,10.1109/comsnets67989.2026.11418261,1,"[""IEEE""]","[[""IEEE"",""I5B31FDADF42EE551""]]","[""include""]",included,0,Unassigned,,
doi:10.1109/conecct68978.2026.11700693,10.1109/conecct68978.2026.11700693,1,"[""IEEE""]","[[""IEEE"",""I75796A8E394BDE48""]]","[""exclude""]",not_included,0,Unassigned,,
doi:10.1109/coopis.1999.792146,10.1109/coopis.1999.792146,1,"[""IEEE""]","[[""IEEE"",""I0EFA3DBE53685F7D""]]","[""include""]",included,0,Unassigned,,
doi:10.1109/crcsit.2017.7965546,10.1109/crcsit.2017.7965546,1,"[""IEEE""]","[[""IEEE"",""I001B6C4D9252BDD8""]]","[""pending""]",not_included,1,Unassigned,,
doi:10.1109/cros69211.2026.11565627,10.1109/cros69211.2026.11565627,1,"[""IEEE""]","[[""IEEE"",""I289361320875825E""]]","[""exclude""]",not_included,0,Unassigned,,
doi:10.1109/crowncom.2007.4549838,10.1109/crowncom.2007.4549838,1,"[""IEEE""]","[[""IEEE"",""I134031DB80E78EAE""]]","[""pending""]",not_included,1,Unassigned,,
doi:10.1109/csc.2011.6138520,10.1109/csc.2011.6138520,1,"[""IEEE""]","[[""IEEE"",""IEFF015AA23B9432A""]]","[""exclude""]",not_included,0,Unassigned,,
doi:10.1109/csci49370.2019.00053,10.1109/csci49370.2019.00053,1,"[""IEEE""]","[[""IEEE"",""IB7553634D114D592""]]","[""exclude""]",not_included,0,Unassigned,,
doi:10.1109/cscwd.2006.253120,10.1109/cscwd.2006.253120,1,"[""IEEE""]","[[""IEEE"",""I7F607ADA8C3BB540""]]","[""exclude""]",not_included,0,Unassigned,,
doi:10.1109/cscwd.2006.253263,10.1109/cscwd.2006.253263,1,"[""IEEE""]","[[""IEEE"",""ID5EEB4B9E88A7439""]]","[""exclude""]",not_included,0,Unassigned,,
doi:10.1109/cscwd.2008.4537079,10.1109/cscwd.2008.4537079,1,"[""IEEE""]","[[""IEEE"",""I1F18F56B1AF4A9D0""]]","[""pending""]",not_included,1,Unassigned,,
doi:10.1109/cscwd.2009.4968064,10.1109/cscwd.2009.4968064,1,"[""IEEE""]","[[""IEEE"",""ICC75E4DE44FBF2DD""]]","[""exclude""]",not_included,0,Unassigned,,
doi:10.1109/cscwd.2014.6846869,10.1109/cscwd.2014.6846869,1,"[""IEEE""]","[[""IEEE"",""IC4A90DCA0F76EACC""]]","[""include""]",included,0,Unassigned,,
doi:10.1109/cscwd68734.2026.11581685,10.1109/cscwd68734.2026.11581685,1,"[""IEEE""]","[[""IEEE"",""I761A6B3D55C7C9B0""]]","[""exclude""]",not_included,0,Unassigned,,
doi:10.1109/cscwd68734.2026.11582512,10.1109/cscwd68734.2026.11582512,1,"[""IEEE""]","[[""IEEE"",""I95E406BDDC3111F7""]]","[""include""]",included,0,Unassigned,,
doi:10.1109/csf.2017.21,10.1109/csf.2017.21,1,"[""IEEE""]","[[""IEEE"",""I4A977F538B131F46""]]","[""exclude""]",not_included,0,Unassigned,,
doi:10.1109/csf57540.2023.00010,10.1109/csf57540.2023.00010,1,"[""IEEE""]","[[""IEEE"",""I45D2191960A8D06F""]]","[""include""]",included,0,Unassigned,,
doi:10.1109/csitss67709.2025.11294866,10.1109/csitss67709.2025.11294866,1,"[""IEEE""]","[[""IEEE"",""I33248566D6B1CD6D""]]","[""include""]",included,0,Unassigned,,
doi:10.1109/csmr.2012.25,10.1109/csmr.2012.25,1,"[""IEEE""]","[[""IEEE"",""I83514797AD7FCEAE""]]","[""exclude""]",not_included,0,Unassigned,,
doi:10.1109/csnt69054.2026.11502330,10.1109/csnt69054.2026.11502330,1,"[""IEEE""]","[[""IEEE"",""I63C811EB094B10E6""]]","[""exclude""]",not_included,0,Unassigned,,
doi:10.1109/cso.2011.122,10.1109/cso.2011.122,1,"[""IEEE""]","[[""IEEE"",""I83E92473E91BE758""]]","[""pending""]",not_included,1,Unassigned,,
doi:10.1109/csse.2008.807,10.1109/csse.2008.807,1,"[""IEEE""]","[[""IEEE"",""I67C8D03891E9C1D6""]]","[""exclude""]",not_included,0,Unassigned,,
doi:10.1109/csss.2011.5972186,10.1109/csss.2011.5972186,1,"[""IEEE""]","[[""IEEE"",""IB6F592229C68DACD""]]","[""include""]",included,0,Unassigned,,
doi:10.1109/cts.2010.5478498,10.1109/cts.2010.5478498,1,"[""IEEE""]","[[""IEEE"",""I244E6C296844CF3B""]]","[""exclude""]",not_included,0,Unassigned,,
doi:10.1109/cts.2012.6261030,10.1109/cts.2012.6261030,1,"[""IEEE""]","[[""IEEE"",""IDE41A6B4CD6809D3""]]","[""exclude""]",not_included,0,Unassigned,,
doi:10.1109/cts.2016.0088,10.1109/cts.2016.0088,1,"[""IEEE""]","[[""IEEE"",""IA7E2C15E39065AEF""]]","[""exclude""]",not_included,0,Unassigned,,
doi:10.1109/cvc65719.2025.00007,10.1109/cvc65719.2025.00007,1,"[""IEEE""]","[[""IEEE"",""IE3818C3721A2D75C""]]","[""exclude""]",not_included,0,Unassigned,,
doi:10.1109/cvidl70130.2026.11637752,10.1109/cvidl70130.2026.11637752,1,"[""IEEE""]","[[""IEEE"",""IE7ED9EABF9C16C99""]]","[""exclude""]",not_included,0,Unassigned,,
doi:10.1109/cw.2002.1180894,10.1109/cw.2002.1180894,1,"[""IEEE""]","[[""IEEE"",""I49BDC64C152B7C58""]]","[""include""]",included,0,Unassigned,,
doi:10.1109/cw.2007.20,10.1109/cw.2007.20,1,"[""IEEE""]","[[""IEEE"",""ICA66CAE6A09F88A0""]]","[""exclude""]",not_included,0,Unassigned,,
doi:10.1109/cyberc.2009.5342190,10.1109/cyberc.2009.5342190,1,"[""IEEE""]","[[""IEEE"",""ICF3832FC4B6CB6D7""]]","[""include""]",included,0,Unassigned,,
doi:10.1109/cyberscitech68397.2025.00061,10.1109/cyberscitech68397.2025.00061,1,"[""IEEE""]","[[""IEEE"",""IB33E8F3EB4BE33D8""]]","[""exclude""]",not_included,0,Unassigned,,
doi:10.1109/dasc-picom-datacom-cyberscitec.2016.35,10.1109/dasc-picom-datacom-cyberscitec.2016.35,1,"[""IEEE""]","[[""IEEE"",""I9C28984DF6FD4AF7""]]","[""include""]",included,0,Unassigned,,
doi:10.1109/dasc.2009.122,10.1109/dasc.2009.122,1,"[""IEEE""]","[[""IEEE"",""I38B150C613856133""]]","[""include""]",included,0,Unassigned,,
doi:10.1109/dasc.2014.75,10.1109/dasc.2014.75,1,"[""IEEE""]","[[""IEEE"",""IB13E5E92E3D97C85""]]","[""exclude""]",not_included,0,Unassigned,,
doi:10.1109/dasc/picom/datacom/cyberscitec.2018.00125,10.1109/dasc/picom/datacom/cyberscitec.2018.00125,1,"[""IEEE""]","[[""IEEE"",""IC55A01489F216934""]]","[""include""]",included,0,Unassigned,,
doi:10.1109/dbta.2009.136,10.1109/dbta.2009.136,1,"[""IEEE""]","[[""IEEE"",""I8855A1C136858BCE""]]","[""include""]",included,0,Unassigned,,
doi:10.1109/dcabes52998.2021.00019,10.1109/dcabes52998.2021.00019,1,"[""IEEE""]","[[""IEEE"",""IA437D8A2D49DEAC1""]]","[""exclude""]",not_included,0,Unassigned,,
doi:10.1109/dcoss-iot69657.2026.00161,10.1109/dcoss-iot69657.2026.00161,1,"[""IEEE""]","[[""IEEE"",""I3983033D2F98813D""]]","[""exclude""]",not_included,0,Unassigned,,
doi:10.1109/dcoss-iot69657.2026.00163,10.1109/dcoss-iot69657.2026.00163,1,"[""IEEE""]","[[""IEEE"",""I8EB76D1E6FD95071""]]","[""exclude""]",not_included,0,Unassigned,,
doi:10.1109/deec.2005.4,10.1109/deec.2005.4,1,"[""IEEE""]","[[""IEEE"",""I8F61061541AAB0DC""]]","[""exclude""]",not_included,0,Unassigned,,
doi:10.1109/deec.2005.6,10.1109/deec.2005.6,1,"[""IEEE""]","[[""IEEE"",""IAD3F08987FF034F3""]]","[""include""]",included,0,Unassigned,,
doi:10.1109/defi67526.2025.11551604,10.1109/defi67526.2025.11551604,1,"[""IEEE""]","[[""IEEE"",""I370E3EA799600152""]]","[""exclude""]",not_included,0,Unassigned,,
doi:10.1109/dest.2008.4635221,10.1109/dest.2008.4635221,1,"[""IEEE""]","[[""IEEE"",""I6A477B82A7399B8A""]]","[""pending""]",not_included,1,Unassigned,,
doi:10.1109/dexa.1999.795259,10.1109/dexa.1999.795259,1,"[""IEEE""]","[[""IEEE"",""I2475A9A2FFF99D7C""]]","[""exclude""]",not_included,0,Unassigned,,
doi:10.1109/dexa.1999.795295,10.1109/dexa.1999.795295,1,"[""IEEE""]","[[""IEEE"",""ID6EDCE08F33704E0""]]","[""include""]",included,0,Unassigned,,
doi:10.1109/dexa.2000.875042,10.1109/dexa.2000.875042,1,"[""IEEE""]","[[""IEEE"",""IA4CB9F5E9618566F""]]","[""exclude""]",not_included,0,Unassigned,,
doi:10.1109/dexa.2000.875063,10.1109/dexa.2000.875063,1,"[""IEEE""]","[[""IEEE"",""I762377FAEF2E6D0A""]]","[""include""]",included,0,Unassigned,,
doi:10.1109/dexa.2000.875151,10.1109/dexa.2000.875151,1,"[""IEEE""]","[[""IEEE"",""IFEF9D4663F7F477B""]]","[""include""]",included,0,Unassigned,,
doi:10.1109/dexa.2000.875153,10.1109/dexa.2000.875153,1,"[""IEEE""]","[[""IEEE"",""I264479FA906A86A8""]]","[""include""]",included,0,Unassigned,,
doi:10.1109/dexa.2001.953046,10.1109/dexa.2001.953046,1,"[""IEEE""]","[[""IEEE"",""I56B3081F27112095""]]","[""include""]",included,0,Unassigned,,
doi:10.1109/dexa.2001.953134,10.1109/dexa.2001.953134,1,"[""IEEE""]","[[""IEEE"",""ID3BAC9A3B17A296E""]]","[""include""]",included,0,Unassigned,,
doi:10.1109/dexa.2001.953140,10.1109/dexa.2001.953140,1,"[""IEEE""]","[[""IEEE"",""I9D0C251814AB41AD""]]","[""include""]",included,0,Unassigned,,
doi:10.1109/dexa.2001.953141,10.1109/dexa.2001.953141,1,"[""IEEE""]","[[""IEEE"",""I4AE5AC85D8AD99E3""]]","[""pending""]",not_included,1,Unassigned,,
doi:10.1109/dexa.2001.953142,10.1109/dexa.2001.953142,1,"[""IEEE""]","[[""IEEE"",""IB9C4916A92BF569D""]]","[""include""]",included,0,Unassigned,,
doi:10.1109/dexa.2002.1045885,10.1109/dexa.2002.1045885,1,"[""IEEE""]","[[""IEEE"",""I1F1D9A6C1E91FBE2""]]","[""exclude""]",not_included,0,Unassigned,,
doi:10.1109/dexa.2002.1045945,10.1109/dexa.2002.1045945,1,"[""IEEE""]","[[""IEEE"",""I4FC6A118AF242071""]]","[""exclude""]",not_included,0,Unassigned,,
doi:10.1109/dexa.2002.1045947,10.1109/dexa.2002.1045947,1,"[""IEEE""]","[[""IEEE"",""IFAD41A61B643AF81""]]","[""include""]",included,0,Unassigned,,
doi:10.1109/dexa.2002.1045995,10.1109/dexa.2002.1045995,1,"[""IEEE""]","[[""IEEE"",""I2ECFBC5723D8A053""]]","[""exclude""]",not_included,0,Unassigned,,
doi:10.1109/dexa.2003.1231988,10.1109/dexa.2003.1231988,1,"[""IEEE""]","[[""IEEE"",""IB476A95B4772BDC3""]]","[""exclude""]",not_included,0,Unassigned,,
doi:10.1109/dexa.2005.61,10.1109/dexa.2005.61,1,"[""IEEE""]","[[""IEEE"",""I481E4610A1CF74B8""]]","[""include""]",included,0,Unassigned,,
doi:10.1109/dexa.2006.126,10.1109/dexa.2006.126,1,"[""IEEE""]","[[""IEEE"",""ID06B43EC5BB85C1F""]]","[""include""]",included,0,Unassigned,,
doi:10.1109/dfma.2006.296903,10.1109/dfma.2006.296903,1,"[""IEEE""]","[[""IEEE"",""I5F4F91B3E19D4B87""]]","[""exclude""]",not_included,0,Unassigned,,
doi:10.1109/dis.2006.25,10.1109/dis.2006.25,1,"[""IEEE""]","[[""IEEE"",""IED5A0EFCA5130948""]]","[""include""]",included,0,Unassigned,,
doi:10.1109/disrta.1999.807734,10.1109/disrta.1999.807734,1,"[""IEEE""]","[[""IEEE"",""I0984AEE84AFD26C5""]]","[""exclude""]",not_included,0,Unassigned,,
doi:10.1109/drpt.2000.855713,10.1109/drpt.2000.855713,1,"[""IEEE""]","[[""IEEE"",""IB667925F69E55C1B""]]","[""pending""]",not_included,1,Unassigned,,
doi:10.1109/drpt.2004.1338471,10.1109/drpt.2004.1338471,1,"[""IEEE""]","[[""IEEE"",""I6BFD8937CA2B8D70""]]","[""include""]",included,0,Unassigned,,
doi:10.1109/drpt.2008.4523472,10.1109/drpt.2008.4523472,1,"[""IEEE""]","[[""IEEE"",""ID0DECDBFEBDBCD6A""]]","[""exclude""]",not_included,0,Unassigned,,
doi:10.1109/ds-rt.2008.50,10.1109/ds-rt.2008.50,1,"[""IEEE""]","[[""IEEE"",""IF8BF8240201C7F86""]]","[""exclude""]",not_included,0,Unassigned,,
doi:10.1109/dsn-s70715.2026.00036,10.1109/dsn-s70715.2026.00036,1,"[""IEEE""]","[[""IEEE"",""I3CA4BEC18BCED5EA""]]","[""include""]",included,0,Unassigned,,
doi:10.1109/dsn-s70715.2026.00052,10.1109/dsn-s70715.2026.00052,1,"[""IEEE""]","[[""IEEE"",""IC9912A85462B5674""]]","[""exclude""]",not_included,0,Unassigned,,
doi:10.1109/dsn69566.2026.00046,10.1109/dsn69566.2026.00046,1,"[""IEEE""]","[[""IEEE"",""IE5D15A7C9B0C76BF""]]","[""include""]",included,0,Unassigned,,
doi:10.1109/dtpi61353.2024.10778859,10.1109/dtpi61353.2024.10778859,1,"[""IEEE""]","[[""IEEE"",""I3AB00DC8B51EBF56""]]","[""exclude""]",not_included,0,Unassigned,,
doi:10.1109/dyspan.2007.66,10.1109/dyspan.2007.66,1,"[""IEEE""]","[[""IEEE"",""IDEACA956981111C1""]]","[""include""]",included,0,Unassigned,,
doi:10.1109/dyspan.2008.95,10.1109/dyspan.2008.95,1,"[""IEEE""]","[[""IEEE"",""IA51C3289F4CDB6D9""]]","[""include""]",included,0,Unassigned,,
doi:10.1109/dyspan.2010.5457849,10.1109/dyspan.2010.5457849,1,"[""IEEE""]","[[""IEEE"",""IDA4DB865FF63C237""]]","[""include""]",included,0,Unassigned,,
doi:10.1109/e-science.2006.261164,10.1109/e-science.2006.261164,1,"[""IEEE""]","[[""IEEE"",""I09C93E017B2F2850""]]","[""include""]",included,0,Unassigned,,
doi:10.1109/ea.2009.5071582,10.1109/ea.2009.5071582,2,"[""ACM"",""IEEE""]","[[""ACM"",""N42763C2CE5B15442""],[""IEEE"",""I42763C2CE5B15442""]]","[""exclude""]",not_included,0,Unassigned,,
doi:10.1109/ebiss.2009.5138018,10.1109/ebiss.2009.5138018,1,"[""IEEE""]","[[""IEEE"",""I9E81B84E57D57E00""]]","[""include""]",included,0,Unassigned,,
doi:10.1109/ebiss.2009.5138041,10.1109/ebiss.2009.5138041,1,"[""IEEE""]","[[""IEEE"",""ID3303E93D32D8FC7""]]","[""exclude""]",not_included,0,Unassigned,,
doi:10.1109/ebiss.2009.5138050,10.1109/ebiss.2009.5138050,1,"[""IEEE""]","[[""IEEE"",""IA6EF55836907CDF8""]]","[""exclude""]",not_included,0,Unassigned,,
doi:10.1109/ebiss.2009.5138100,10.1109/ebiss.2009.5138100,1,"[""IEEE""]","[[""IEEE"",""IF85B61B7EC719F6D""]]","[""exclude""]",not_included,0,Unassigned,,
doi:10.1109/ebiss.2009.5138109,10.1109/ebiss.2009.5138109,1,"[""IEEE""]","[[""IEEE"",""IE3A5269A02794835""]]","[""exclude""]",not_included,0,Unassigned,,
doi:10.1109/ecai.2018.8679045,10.1109/ecai.2018.8679045,1,"[""IEEE""]","[[""IEEE"",""I24C642BFF88927C5""]]","[""pending""]",not_included,1,Unassigned,,
doi:10.1109/ecai69016.2026.11613632,10.1109/ecai69016.2026.11613632,1,"[""IEEE""]","[[""IEEE"",""I053E98BE78DA284A""]]","[""include""]",included,0,Unassigned,,
doi:10.1109/ecbs.2002.999849,10.1109/ecbs.2002.999849,1,"[""IEEE""]","[[""IEEE"",""I0BF906BD8A0375B0""]]","[""include""]",included,0,Unassigned,,
doi:10.1109/ecc.2015.7331047,10.1109/ecc.2015.7331047,1,"[""IEEE""]","[[""IEEE"",""I7DF6D94227623DA1""]]","[""exclude""]",not_included,0,Unassigned,,
doi:10.1109/ecce55643.2024.10860868,10.1109/ecce55643.2024.10860868,1,"[""IEEE""]","[[""IEEE"",""IAB15349707FCE246""]]","[""pending""]",not_included,1,Unassigned,,
doi:10.1109/ecdc.2013.6556740,10.1109/ecdc.2013.6556740,1,"[""IEEE""]","[[""IEEE"",""I2D4C763BC3C9109C""]]","[""exclude""]",not_included,0,Unassigned,,
doi:10.1109/ecdc.2014.6836766,10.1109/ecdc.2014.6836766,1,"[""IEEE""]","[[""IEEE"",""IFC72DB60DDECFFBD""]]","[""include""]",included,0,Unassigned,,
doi:10.1109/ecdc.2016.7492977,10.1109/ecdc.2016.7492977,1,"[""IEEE""]","[[""IEEE"",""I8FC27A1315318C6E""]]","[""pending""]",not_included,1,Unassigned,,
doi:10.1109/ecmdd.1999.776412,10.1109/ecmdd.1999.776412,1,"[""IEEE""]","[[""IEEE"",""ID4EF4939DE3C1448""]]","[""include""]",included,0,Unassigned,,
doi:10.1109/ecmdd.1999.776415,10.1109/ecmdd.1999.776415,1,"[""IEEE""]","[[""IEEE"",""I7DD7CDCD640A2484""]]","[""include""]",included,0,Unassigned,,
doi:10.1109/ecmi68341.2026.11603178,10.1109/ecmi68341.2026.11603178,1,"[""IEEE""]","[[""IEEE"",""ID9C2C9CFE83C26EA""]]","[""exclude""]",not_included,0,Unassigned,,
doi:10.1109/ecmr59166.2023.10256388,10.1109/ecmr59166.2023.10256388,1,"[""IEEE""]","[[""IEEE"",""ICAEB27BF01B5298A""]]","[""exclude""]",not_included,0,Unassigned,,
doi:10.1109/ecmr65884.2025.11163336,10.1109/ecmr65884.2025.11163336,1,"[""IEEE""]","[[""IEEE"",""I04B0264B7093F150""]]","[""exclude""]",not_included,0,Unassigned,,
doi:10.1109/ecrime.2014.6963162,10.1109/ecrime.2014.6963162,1,"[""IEEE""]","[[""IEEE"",""I68C9C2FEF03C88FB""]]","[""exclude""]",not_included,0,Unassigned,,
doi:10.1109/ecrts.2012.25,10.1109/ecrts.2012.25,1,"[""IEEE""]","[[""IEEE"",""IF03A8BA776B8DD9D""]]","[""exclude""]",not_included,0,Unassigned,,
doi:10.1109/edge60047.2023.00027,10.1109/edge60047.2023.00027,1,"[""IEEE""]","[[""IEEE"",""IAD0FDB801C10E950""]]","[""exclude""]",not_included,0,Unassigned,,
doi:10.1109/edgecom66327.2025.00032,10.1109/edgecom66327.2025.00032,1,"[""IEEE""]","[[""IEEE"",""IF0C6EA6AE94FC06E""]]","[""include""]",included,0,Unassigned,,
doi:10.1109/edm69524.2026.11632014,10.1109/edm69524.2026.11632014,1,"[""IEEE""]","[[""IEEE"",""I16F393C2C920D7FE""]]","[""exclude""]",not_included,0,Unassigned,,
doi:10.1109/edoc.1997.628376,10.1109/edoc.1997.628376,1,"[""IEEE""]","[[""IEEE"",""IC2CCE07CDEB48C76""]]","[""include""]",included,0,Unassigned,,
doi:10.1109/eebda60612.2024.10485852,10.1109/eebda60612.2024.10485852,1,"[""IEEE""]","[[""IEEE"",""IEC4D8DE7775D1018""]]","[""exclude""]",not_included,0,Unassigned,,
doi:10.1109/eee.2004.1287332,10.1109/eee.2004.1287332,1,"[""IEEE""]","[[""IEEE"",""I34F906627910EE1A""]]","[""exclude""]",not_included,0,Unassigned,,
doi:10.1109/eee.2004.1287341,10.1109/eee.2004.1287341,1,"[""IEEE""]","[[""IEEE"",""IC405F50F99BA6199""]]","[""include""]",included,0,Unassigned,,
doi:10.1109/eee.2005.23,10.1109/eee.2005.23,1,"[""IEEE""]","[[""IEEE"",""I247BC9A9BD53E85D""]]","[""exclude""]",not_included,0,Unassigned,,
doi:10.1109/eee.2005.29,10.1109/eee.2005.29,1,"[""IEEE""]","[[""IEEE"",""I8DFC1F4E8BFEB64F""]]","[""include""]",included,0,Unassigned,,
doi:10.1109/eee.2005.38,10.1109/eee.2005.38,1,"[""IEEE""]","[[""IEEE"",""I7BAD50365BECA21C""]]","[""include""]",included,0,Unassigned,,
doi:10.1109/eee.2005.6,10.1109/eee.2005.6,1,"[""IEEE""]","[[""IEEE"",""I7086052FCCCDF3D8""]]","[""include""]",included,0,Unassigned,,
doi:10.1109/eee.2005.90,10.1109/eee.2005.90,1,"[""IEEE""]","[[""IEEE"",""I3E3AD853861A97BF""]]","[""include""]",included,0,Unassigned,,
doi:10.1109/eee.2005.91,10.1109/eee.2005.91,1,"[""IEEE""]","[[""IEEE"",""I4ED34761A5801950""]]","[""include""]",included,0,Unassigned,,
doi:10.1109/eee.2005.92,10.1109/eee.2005.92,1,"[""IEEE""]","[[""IEEE"",""IDE927E72E4421D5B""]]","[""include""]",included,0,Unassigned,,
doi:10.1109/eeeic.2018.8494458,10.1109/eeeic.2018.8494458,1,"[""IEEE""]","[[""IEEE"",""I7F67F8A5B0557C92""]]","[""include""]",included,0,Unassigned,,
doi:10.1109/eeeic.2019.8783521,10.1109/eeeic.2019.8783521,1,"[""IEEE""]","[[""IEEE"",""I85D09C15393C93AB""]]","[""include""]",included,0,Unassigned,,
doi:10.1109/eei70303.2026.11640682,10.1109/eei70303.2026.11640682,1,"[""IEEE""]","[[""IEEE"",""IEB09501EFC345870""]]","[""exclude""]",not_included,0,Unassigned,,
doi:10.1109/eem.2008.4579015,10.1109/eem.2008.4579015,1,"[""IEEE""]","[[""IEEE"",""I4DD80E8AD4B31A9D""]]","[""exclude""]",not_included,0,Unassigned,,
doi:10.1109/eem.2010.5558675,10.1109/eem.2010.5558675,1,"[""IEEE""]","[[""IEEE"",""I02795E14635543A5""]]","[""include""]",included,0,Unassigned,,
doi:10.1109/eem.2012.6254704,10.1109/eem.2012.6254704,1,"[""IEEE""]","[[""IEEE"",""IC550EE4FE1AF6D93""]]","[""include""]",included,0,Unassigned,,
doi:10.1109/eem.2012.6254715,10.1109/eem.2012.6254715,1,"[""IEEE""]","[[""IEEE"",""I59DE675E000A43D2""]]","[""include""]",included,0,Unassigned,,
doi:10.1109/eem.2012.6254792,10.1109/eem.2012.6254792,1,"[""IEEE""]","[[""IEEE"",""IE9CCD3DF7DCEBA14""]]","[""exclude""]",not_included,0,Unassigned,,
doi:10.1109/eem.2015.7216765,10.1109/eem.2015.7216765,1,"[""IEEE""]","[[""IEEE"",""I3018C40413BE4103""]]","[""exclude""]",not_included,0,Unassigned,,
doi:10.1109/eem.2016.7521243,10.1109/eem.2016.7521243,1,"[""IEEE""]","[[""IEEE"",""I1E05E25B8A6EA114""]]","[""include""]",included,0,Unassigned,,
doi:10.1109/eem49802.2020.9221966,10.1109/eem49802.2020.9221966,1,"[""IEEE""]","[[""IEEE"",""I1A17CAEF22658FCD""]]","[""exclude""]",not_included,0,Unassigned,,
doi:10.1109/eem54602.2022.9921108,10.1109/eem54602.2022.9921108,1,"[""IEEE""]","[[""IEEE"",""IED0C6DC590AB257B""]]","[""exclude""]",not_included,0,Unassigned,,
doi:10.1109/eem60825.2024.10608854,10.1109/eem60825.2024.10608854,1,"[""IEEE""]","[[""IEEE"",""IBA23AC750026CCA2""]]","[""exclude""]",not_included,0,Unassigned,,
doi:10.1109/eem68581.2026.11589751,10.1109/eem68581.2026.11589751,1,"[""IEEE""]","[[""IEEE"",""IACA544C37FBA6B64""]]","[""exclude""]",not_included,0,Unassigned,,
doi:10.1109/eem68581.2026.11589842,10.1109/eem68581.2026.11589842,1,"[""IEEE""]","[[""IEEE"",""IE981F011F1CB7D46""]]","[""include""]",included,0,Unassigned,,
doi:10.1109/eespe68405.2026.11648328,10.1109/eespe68405.2026.11648328,1,"[""IEEE""]","[[""IEEE"",""I311A9AC866EF1F1B""]]","[""exclude""]",not_included,0,Unassigned,,
doi:10.1109/eespe68405.2026.11649193,10.1109/eespe68405.2026.11649193,1,"[""IEEE""]","[[""IEEE"",""I4E6760FF0A576BD1""]]","[""include""]",included,0,Unassigned,,
doi:10.1109/ei268505.2025.11425142,10.1109/ei268505.2025.11425142,1,"[""IEEE""]","[[""IEEE"",""I658E518DAAE3B66F""]]","[""pending""]",not_included,1,Unassigned,,
doi:10.1109/eibdct69742.2026.11566899,10.1109/eibdct69742.2026.11566899,1,"[""IEEE""]","[[""IEEE"",""I50EC4A87B06B1D41""]]","[""exclude""]",not_included,0,Unassigned,,
doi:10.1109/eicars68214.2025.11320232,10.1109/eicars68214.2025.11320232,1,"[""IEEE""]","[[""IEEE"",""ID2D80CB28D0AAE24""]]","[""exclude""]",not_included,0,Unassigned,,
doi:10.1109/eit.2010.5612121,10.1109/eit.2010.5612121,1,"[""IEEE""]","[[""IEEE"",""I0269551E834CD399""]]","[""include""]",included,0,Unassigned,,
doi:10.1109/eit.2018.8500212,10.1109/eit.2018.8500212,1,"[""IEEE""]","[[""IEEE"",""I24AC0AC3DCD72DF9""]]","[""pending""]",not_included,1,Unassigned,,
doi:10.1109/eitce70137.2026.11634494,10.1109/eitce70137.2026.11634494,1,"[""IEEE""]","[[""IEEE"",""I7795A837E6F9AA29""]]","[""exclude""]",not_included,0,Unassigned,,
doi:10.1109/eitce70137.2026.11634613,10.1109/eitce70137.2026.11634613,1,"[""IEEE""]","[[""IEEE"",""IFBCD6CBFEFAD9722""]]","[""exclude""]",not_included,0,Unassigned,,
doi:10.1109/eleco64362.2024.10847247,10.1109/eleco64362.2024.10847247,1,"[""IEEE""]","[[""IEEE"",""IFBAC64BA854C02D4""]]","[""exclude""]",not_included,0,Unassigned,,
doi:10.1109/eleco69582.2025.11329273,10.1109/eleco69582.2025.11329273,1,"[""IEEE""]","[[""IEEE"",""IC785B609CCF84F72""]]","[""include""]",included,0,Unassigned,,
doi:10.1109/elecsym.2019.8901575,10.1109/elecsym.2019.8901575,1,"[""IEEE""]","[[""IEEE"",""I98EE7493F14A899C""]]","[""exclude""]",not_included,0,Unassigned,,
doi:10.1109/electronics.2017.7995226,10.1109/electronics.2017.7995226,1,"[""IEEE""]","[[""IEEE"",""I46602E1095E62C3C""]]","[""exclude""]",not_included,0,Unassigned,,
doi:10.1109/embc46164.2021.9630744,10.1109/embc46164.2021.9630744,1,"[""IEEE""]","[[""IEEE"",""I244C31C6AC2BCCEF""]]","[""exclude""]",not_included,0,Unassigned,,
doi:10.1109/emc68537.2026.11441952,10.1109/emc68537.2026.11441952,1,"[""IEEE""]","[[""IEEE"",""ICF84D45CA38BE7F4""]]","[""exclude""]",not_included,0,Unassigned,,
doi:10.1109/emergin67762.2025.11450575,10.1109/emergin67762.2025.11450575,1,"[""IEEE""]","[[""IEEE"",""I2203E2C1F5DCBCA6""]]","[""exclude""]",not_included,0,Unassigned,,
doi:10.1109/enabl.1997.630821,10.1109/enabl.1997.630821,1,"[""IEEE""]","[[""IEEE"",""IC29A6B144FA85C95""]]","[""exclude""]",not_included,0,Unassigned,,
doi:10.1109/enabl.2000.883741,10.1109/enabl.2000.883741,1,"[""IEEE""]","[[""IEEE"",""I5CC5894EAB36258F""]]","[""pending""]",not_included,1,Unassigned,,
doi:10.1109/enabl.2001.953383,10.1109/enabl.2001.953383,1,"[""IEEE""]","[[""IEEE"",""I2CE46730A4993AC8""]]","[""include""]",included,0,Unassigned,,
doi:10.1109/enabl.2001.953427,10.1109/enabl.2001.953427,1,"[""IEEE""]","[[""IEEE"",""I19AD5127EB4323C1""]]","[""exclude""]",not_included,0,Unassigned,,
doi:10.1109/enabl.2003.1231378,10.1109/enabl.2003.1231378,1,"[""IEEE""]","[[""IEEE"",""I51EB63064D277712""]]","[""pending""]",not_included,1,Unassigned,,
doi:10.1109/enc.2004.1342594,10.1109/enc.2004.1342594,1,"[""IEEE""]","[[""IEEE"",""IC307235BB0ABC2F3""]]","[""exclude""]",not_included,0,Unassigned,,
doi:10.1109/entnet.2001.981988,10.1109/entnet.2001.981988,1,"[""IEEE""]","[[""IEEE"",""IDA29764D94E3A959""]]","[""exclude""]",not_included,0,Unassigned,,
doi:10.1109/epdc56235.2022.9817339,10.1109/epdc56235.2022.9817339,1,"[""IEEE""]","[[""IEEE"",""I4CACCFF42AB87259""]]","[""include""]",included,0,Unassigned,,
doi:10.1109/epdmc67535.2026.11496541,10.1109/epdmc67535.2026.11496541,1,"[""IEEE""]","[[""IEEE"",""I6FB781BB9968F03E""]]","[""exclude""]",not_included,0,Unassigned,,
doi:10.1109/epec48502.2020.9320017,10.1109/epec48502.2020.9320017,1,"[""IEEE""]","[[""IEEE"",""I3292D6B5FABB29D3""]]","[""pending""]",not_included,1,Unassigned,,
doi:10.1109/es2de.2017.8015336,10.1109/es2de.2017.8015336,1,"[""IEEE""]","[[""IEEE"",""I9C4C14B59907399E""]]","[""exclude""]",not_included,0,Unassigned,,
doi:10.1109/escience65000.2025.00093,10.1109/escience65000.2025.00093,1,"[""IEEE""]","[[""IEEE"",""I41992F89D92A288A""]]","[""exclude""]",not_included,0,Unassigned,,
doi:10.1109/esiat.2009.525,10.1109/esiat.2009.525,1,"[""IEEE""]","[[""IEEE"",""I83028D617E8DC3B7""]]","[""include""]",included,0,Unassigned,,
doi:10.1109/et66806.2025.11204166,10.1109/et66806.2025.11204166,1,"[""IEEE""]","[[""IEEE"",""I6AD6444BA7666538""]]","[""exclude""]",not_included,0,Unassigned,,
doi:10.1109/etae69474.2026.11496186,10.1109/etae69474.2026.11496186,1,"[""IEEE""]","[[""IEEE"",""I75840CBB029DACF1""]]","[""pending""]",not_included,1,Unassigned,,
doi:10.1109/etai68332.2026.11485335,10.1109/etai68332.2026.11485335,1,"[""IEEE""]","[[""IEEE"",""ID70EEAD9D20C85F3""]]","[""exclude""]",not_included,0,Unassigned,,
doi:10.1109/etcc69750.2026.11681964,10.1109/etcc69750.2026.11681964,1,"[""IEEE""]","[[""IEEE"",""I1321B26F8D842FA2""]]","[""include""]",included,0,Unassigned,,
doi:10.1109/etcs.2009.22,10.1109/etcs.2009.22,1,"[""IEEE""]","[[""IEEE"",""IB493B1786AD754EB""]]","[""exclude""]",not_included,0,Unassigned,,
doi:10.1109/etee66180.2025.11192970,10.1109/etee66180.2025.11192970,1,"[""IEEE""]","[[""IEEE"",""I75A37ECA2A55734E""]]","[""pending""]",not_included,1,Unassigned,,
doi:10.1109/etfa.2001.997722,10.1109/etfa.2001.997722,1,"[""IEEE""]","[[""IEEE"",""I9756473E41140A9F""]]","[""exclude""]",not_included,0,Unassigned,,
doi:10.1109/etfa.2011.6059081,10.1109/etfa.2011.6059081,1,"[""IEEE""]","[[""IEEE"",""IEFFEE86051DEC09E""]]","[""exclude""]",not_included,0,Unassigned,,
doi:10.1109/etfa.2015.7301528,10.1109/etfa.2015.7301528,1,"[""IEEE""]","[[""IEEE"",""I1994868AF34044E6""]]","[""include""]",included,0,Unassigned,,
doi:10.1109/etfa52439.2022.9921501,10.1109/etfa52439.2022.9921501,1,"[""IEEE""]","[[""IEEE"",""I7AAAE651D247D4B2""]]","[""exclude""]",not_included,0,Unassigned,,
doi:10.1109/etfa65518.2025.11205601,10.1109/etfa65518.2025.11205601,1,"[""IEEE""]","[[""IEEE"",""I8D252C36B8D5A7A3""]]","[""exclude""]",not_included,0,Unassigned,,
doi:10.1109/etfa65518.2025.11205691,10.1109/etfa65518.2025.11205691,1,"[""IEEE""]","[[""IEEE"",""I481C1278D2F379B0""]]","[""exclude""]",not_included,0,Unassigned,,
doi:10.1109/etis64005.2025.10961724,10.1109/etis64005.2025.10961724,1,"[""IEEE""]","[[""IEEE"",""IC2C833AF472A6E0C""]]","[""include""]",included,0,Unassigned,,
doi:10.1109/euc.2008.26,10.1109/euc.2008.26,1,"[""IEEE""]","[[""IEEE"",""I204B56355257E4F4""]]","[""exclude""]",not_included,0,Unassigned,,
doi:10.1109/eucnc/6gsummit68295.2026.11577551,10.1109/eucnc/6gsummit68295.2026.11577551,1,"[""IEEE""]","[[""IEEE"",""ID9C82AE9211BF22E""]]","[""include""]",included,0,Unassigned,,
doi:10.1109/eurcon.2001.937783,10.1109/eurcon.2001.937783,1,"[""IEEE""]","[[""IEEE"",""I49FB514260D18D2D""]]","[""include""]",included,0,Unassigned,,
doi:10.1109/eurocon.2011.5929230,10.1109/eurocon.2011.5929230,1,"[""IEEE""]","[[""IEEE"",""ID6F07D82D3998E77""]]","[""include""]",included,0,Unassigned,,
doi:10.1109/eurosp48549.2020.00014,10.1109/eurosp48549.2020.00014,1,"[""IEEE""]","[[""IEEE"",""I4D8A2AF1999C414A""]]","[""exclude""]",not_included,0,Unassigned,,
doi:10.1109/fcc.2009.23,10.1109/fcc.2009.23,1,"[""IEEE""]","[[""IEEE"",""IC9DE6FBEBFD158F8""]]","[""include""]",included,0,Unassigned,,
doi:10.1109/fes57669.2023.10182437,10.1109/fes57669.2023.10182437,1,"[""IEEE""]","[[""IEEE"",""I044144ABEF407077""]]","[""include""]",included,0,Unassigned,,
doi:10.1109/fet68771.2026.11601527,10.1109/fet68771.2026.11601527,1,"[""IEEE""]","[[""IEEE"",""I2864977F24919F54""]]","[""include""]",included,0,Unassigned,,
doi:10.1109/fgcn.2008.116,10.1109/fgcn.2008.116,1,"[""IEEE""]","[[""IEEE"",""I1EF2C8301A91FF50""]]","[""exclude""]",not_included,0,Unassigned,,
doi:10.1109/fit53504.2021.00060,10.1109/fit53504.2021.00060,1,"[""IEEE""]","[[""IEEE"",""I842444BD92368F40""]]","[""exclude""]",not_included,0,Unassigned,,
doi:10.1109/fitme.2009.141,10.1109/fitme.2009.141,1,"[""IEEE""]","[[""IEEE"",""I9DFE85724D5AB058""]]","[""include""]",included,0,Unassigned,,
doi:10.1109/fitme.2010.5654876,10.1109/fitme.2010.5654876,1,"[""IEEE""]","[[""IEEE"",""I352DB47B2DC6DACC""]]","[""exclude""]",not_included,0,Unassigned,,
doi:10.1109/fllm67465.2025.11391050,10.1109/fllm67465.2025.11391050,1,"[""IEEE""]","[[""IEEE"",""IA748C6535C792432""]]","[""include""]",included,0,Unassigned,,
doi:10.1109/fmlds67896.2025.00135,10.1109/fmlds67896.2025.00135,1,"[""IEEE""]","[[""IEEE"",""I992F96FBF5CF7F4C""]]","[""exclude""]",not_included,0,Unassigned,,
doi:10.1109/foci.2007.372189,10.1109/foci.2007.372189,1,"[""IEEE""]","[[""IEEE"",""I4C79D2A77F28CE73""]]","[""include""]",included,0,Unassigned,,
doi:10.1109/focs.2007.66,10.1109/focs.2007.66,1,"[""IEEE""]","[[""IEEE"",""IBBE5BEDF6BEC98F8""]]","[""exclude""]",not_included,0,Unassigned,,
doi:10.1109/focs.2008.47,10.1109/focs.2008.47,1,"[""IEEE""]","[[""IEEE"",""I76203ABCE53B69C3""]]","[""exclude""]",not_included,0,Unassigned,,
doi:10.1109/focs.2010.76,10.1109/focs.2010.76,1,"[""IEEE""]","[[""IEEE"",""IEBB6DD8CF62F0342""]]","[""exclude""]",not_included,0,Unassigned,,
doi:10.1109/focs.2010.77,10.1109/focs.2010.77,1,"[""IEEE""]","[[""IEEE"",""I54A4A7D7FA063695""]]","[""exclude""]",not_included,0,Unassigned,,
doi:10.1109/focs.2013.73,10.1109/focs.2013.73,1,"[""IEEE""]","[[""IEEE"",""IC770E86E894764C7""]]","[""exclude""]",not_included,0,Unassigned,,
doi:10.1109/focs.2015.91,10.1109/focs.2015.91,1,"[""IEEE""]","[[""IEEE"",""I105DEEB9C2DC84F3""]]","[""exclude""]",not_included,0,Unassigned,,
doi:10.1109/focs.2015.92,10.1109/focs.2015.92,1,"[""IEEE""]","[[""IEEE"",""I86B5795BCE24D673""]]","[""exclude""]",not_included,0,Unassigned,,
doi:10.1109/focs.2015.95,10.1109/focs.2015.95,1,"[""IEEE""]","[[""IEEE"",""ID22FE4FB72E19078""]]","[""exclude""]",not_included,0,Unassigned,,
doi:10.1109/focs.2018.00046,10.1109/focs.2018.00046,1,"[""IEEE""]","[[""IEEE"",""IB0CFA59CD5E616B5""]]","[""exclude""]",not_included,0,Unassigned,,
doi:10.1109/focs46700.2020.00037,10.1109/focs46700.2020.00037,1,"[""IEEE""]","[[""IEEE"",""IA402A1AB531211AE""]]","[""exclude""]",not_included,0,Unassigned,,
doi:10.1109/focs52979.2021.00084,10.1109/focs52979.2021.00084,1,"[""IEEE""]","[[""IEEE"",""I9DB31089D9116479""]]","[""exclude""]",not_included,0,Unassigned,,
doi:10.1109/fskd.2008.124,10.1109/fskd.2008.124,1,"[""IEEE""]","[[""IEEE"",""ICD8924A6E297D504""]]","[""exclude""]",not_included,0,Unassigned,,
doi:10.1109/fskd.2008.368,10.1109/fskd.2008.368,1,"[""IEEE""]","[[""IEEE"",""ICF78A5F9E4C10D9E""]]","[""include""]",included,0,Unassigned,,
doi:10.1109/fskd.2008.533,10.1109/fskd.2008.533,1,"[""IEEE""]","[[""IEEE"",""I0C08D0BC4C780007""]]","[""exclude""]",not_included,0,Unassigned,,
doi:10.1109/fskd.2010.5569483,10.1109/fskd.2010.5569483,1,"[""IEEE""]","[[""IEEE"",""I8198D6D29BDFF423""]]","[""exclude""]",not_included,0,Unassigned,,
doi:10.1109/fskd.2017.8393301,10.1109/fskd.2017.8393301,1,"[""IEEE""]","[[""IEEE"",""I20AAA125DE9CF4BB""]]","[""exclude""]",not_included,0,Unassigned,,
doi:10.1109/ftdcs.1997.644704,10.1109/ftdcs.1997.644704,1,"[""IEEE""]","[[""IEEE"",""I1331D573E7811F46""]]","[""include""]",included,0,Unassigned,,
doi:10.1109/ftdcs.1999.818777,10.1109/ftdcs.1999.818777,1,"[""IEEE""]","[[""IEEE"",""I013A93F527D40AA7""]]","[""pending""]",not_included,1,Unassigned,,
doi:10.1109/ftdcs.1999.818797,10.1109/ftdcs.1999.818797,1,"[""IEEE""]","[[""IEEE"",""I40187523157C5C9F""]]","[""include""]",included,0,Unassigned,,
doi:10.1109/fuzz-ieee.2013.6622317,10.1109/fuzz-ieee.2013.6622317,1,"[""IEEE""]","[[""IEEE"",""I88B1E90E12FE5260""]]","[""include""]",included,0,Unassigned,,
doi:10.1109/fuzz-ieee.2014.6891664,10.1109/fuzz-ieee.2014.6891664,1,"[""IEEE""]","[[""IEEE"",""I79A11DB7F3B984AE""]]","[""include""]",included,0,Unassigned,,
doi:10.1109/fuzz.2001.1009021,10.1109/fuzz.2001.1009021,1,"[""IEEE""]","[[""IEEE"",""IC36E0E3AC30D913B""]]","[""exclude""]",not_included,0,Unassigned,,
doi:10.1109/fuzzy.1995.409907,10.1109/fuzzy.1995.409907,1,"[""IEEE""]","[[""IEEE"",""IFE115CDDC598B5BF""]]","[""exclude""]",not_included,0,Unassigned,,
doi:10.1109/fuzzy.1999.793258,10.1109/fuzzy.1999.793258,1,"[""IEEE""]","[[""IEEE"",""IA0A1309E985C4C48""]]","[""exclude""]",not_included,0,Unassigned,,
doi:10.1109/fuzzy.1999.793259,10.1109/fuzzy.1999.793259,1,"[""IEEE""]","[[""IEEE"",""I5AAA97EC277855EE""]]","[""exclude""]",not_included,0,Unassigned,,
doi:10.1109/fuzzy.2004.1375400,10.1109/fuzzy.2004.1375400,1,"[""IEEE""]","[[""IEEE"",""I513419134DB1A1D0""]]","[""include""]",included,0,Unassigned,,
doi:10.1109/fuzzy.2004.1375515,10.1109/fuzzy.2004.1375515,1,"[""IEEE""]","[[""IEEE"",""I1D3628BBE0A969E9""]]","[""include""]",included,0,Unassigned,,
doi:10.1109/fuzzy.2007.4295334,10.1109/fuzzy.2007.4295334,1,"[""IEEE""]","[[""IEEE"",""I59154D3AF8CA0C96""]]","[""include""]",included,0,Unassigned,,
doi:10.1109/fuzzy.2010.5584680,10.1109/fuzzy.2010.5584680,1,"[""IEEE""]","[[""IEEE"",""I6EF418CC8F6303B3""]]","[""include""]",included,0,Unassigned,,
doi:10.1109/gamenets.2009.5137402,10.1109/gamenets.2009.5137402,1,"[""IEEE""]","[[""IEEE"",""I3DBC7F7D5BC715E8""]]","[""exclude""]",not_included,0,Unassigned,,
doi:10.1109/gamenets.2009.5137410,10.1109/gamenets.2009.5137410,1,"[""IEEE""]","[[""IEEE"",""I3FCAFB7C506284E7""]]","[""pending""]",not_included,1,Unassigned,,
doi:10.1109/gast67799.2026.11523345,10.1109/gast67799.2026.11523345,1,"[""IEEE""]","[[""IEEE"",""IF1AA085D81C985FF""]]","[""include""]",included,0,Unassigned,,
doi:10.1109/gcce.2016.7800492,10.1109/gcce.2016.7800492,1,"[""IEEE""]","[[""IEEE"",""I2D0BF7A7BAB331BB""]]","[""pending""]",not_included,1,Unassigned,,
doi:10.1109/gccw.2006.18,10.1109/gccw.2006.18,1,"[""IEEE""]","[[""IEEE"",""I5632FF5D80938796""]]","[""exclude""]",not_included,0,Unassigned,,
doi:10.1109/gcis.2010.176,10.1109/gcis.2010.176,1,"[""IEEE""]","[[""IEEE"",""I90BE20BBBCB4E886""]]","[""include""]",included,0,Unassigned,,
doi:10.1109/gefs.2008.4484567,10.1109/gefs.2008.4484567,1,"[""IEEE""]","[[""IEEE"",""I79187BA83669C0BC""]]","[""include""]",included,0,Unassigned,,
doi:10.1109/get.2016.7916676,10.1109/get.2016.7916676,1,"[""IEEE""]","[[""IEEE"",""I8125A5AF34C50414""]]","[""exclude""]",not_included,0,Unassigned,,
doi:10.1109/globecom54140.2023.10437967,10.1109/globecom54140.2023.10437967,1,"[""IEEE""]","[[""IEEE"",""I93A92A068192A051""]]","[""include""]",included,0,Unassigned,,
doi:10.1109/globecom59602.2025.11431660,10.1109/globecom59602.2025.11431660,1,"[""IEEE""]","[[""IEEE"",""I22555AF6C69420BC""]]","[""include""]",included,0,Unassigned,,
doi:10.1109/globecom59602.2025.11431757,10.1109/globecom59602.2025.11431757,1,"[""IEEE""]","[[""IEEE"",""I51FAC98A76347147""]]","[""exclude""]",not_included,0,Unassigned,,
doi:10.1109/globecom59602.2025.11431960,10.1109/globecom59602.2025.11431960,1,"[""IEEE""]","[[""IEEE"",""I8BD4F111C848D25E""]]","[""include""]",included,0,Unassigned,,
doi:10.1109/glocom.2004.1378882,10.1109/glocom.2004.1378882,1,"[""IEEE""]","[[""IEEE"",""I379E9D06954F0675""]]","[""include""]",included,0,Unassigned,,
doi:10.1109/glocom.2016.7842170,10.1109/glocom.2016.7842170,1,"[""IEEE""]","[[""IEEE"",""IBDDC7B0AA93FC62C""]]","[""pending""]",not_included,1,Unassigned,,
doi:10.1109/glocom.2016.7842222,10.1109/glocom.2016.7842222,1,"[""IEEE""]","[[""IEEE"",""I8DC41031F824AB31""]]","[""exclude""]",not_included,0,Unassigned,,
doi:10.1109/glocom.2017.8254668,10.1109/glocom.2017.8254668,1,"[""IEEE""]","[[""IEEE"",""I6EBA7201CC8EFC16""]]","[""pending""]",not_included,1,Unassigned,,
doi:10.1109/glocomw.2014.7063637,10.1109/glocomw.2014.7063637,1,"[""IEEE""]","[[""IEEE"",""IACBE22DEE1EA0FA9""]]","[""exclude""]",not_included,0,Unassigned,,
doi:10.1109/glocomw.2018.8644407,10.1109/glocomw.2018.8644407,1,"[""IEEE""]","[[""IEEE"",""IDDD530DDBF4851F4""]]","[""include""]",included,0,Unassigned,,
doi:10.1109/grc.2013.6740442,10.1109/grc.2013.6740442,1,"[""IEEE""]","[[""IEEE"",""I00B9181336AD33CD""]]","[""exclude""]",not_included,0,Unassigned,,
doi:10.1109/greentech58819.2024.10520613,10.1109/greentech58819.2024.10520613,1,"[""IEEE""]","[[""IEEE"",""IA501E45A8FE56190""]]","[""exclude""]",not_included,0,Unassigned,,
doi:10.1109/greentech68285.2026.11471555,10.1109/greentech68285.2026.11471555,1,"[""IEEE""]","[[""IEEE"",""IC3D9153FEB9D869A""]]","[""exclude""]",not_included,0,Unassigned,,
doi:10.1109/grid.2004.27,10.1109/grid.2004.27,1,"[""ACM""]","[[""ACM"",""NB059A47289F24DBA""]]","[""exclude""]",not_included,0,Unassigned,,
doi:10.1109/grid.2004.31,10.1109/grid.2004.31,1,"[""ACM""]","[[""ACM"",""N0A00963BCE856D5C""]]","[""exclude""]",not_included,0,Unassigned,,
doi:10.1109/gridedge61154.2025.10887526,10.1109/gridedge61154.2025.10887526,1,"[""IEEE""]","[[""IEEE"",""I9CC7C7848FA25B7F""]]","[""include""]",included,0,Unassigned,,
doi:10.1109/gsis.2007.4443528,10.1109/gsis.2007.4443528,1,"[""IEEE""]","[[""IEEE"",""I4C686D747E012907""]]","[""include""]",included,0,Unassigned,,
doi:10.1109/gsis.2009.5408117,10.1109/gsis.2009.5408117,1,"[""IEEE""]","[[""IEEE"",""I6C58A16C1C0B012D""]]","[""include""]",included,0,Unassigned,,
doi:10.1109/hase.2002.1173110,10.1109/hase.2002.1173110,1,"[""IEEE""]","[[""IEEE"",""I2D9BA00C784D1766""]]","[""include""]",included,0,Unassigned,,
doi:10.1109/hase.2004.1281732,10.1109/hase.2004.1281732,1,"[""IEEE""]","[[""IEEE"",""IE129ACF768899599""]]","[""exclude""]",not_included,0,Unassigned,,
doi:10.1109/hase.2008.31,10.1109/hase.2008.31,1,"[""IEEE""]","[[""IEEE"",""I2317E0801372E222""]]","[""exclude""]",not_included,0,Unassigned,,
doi:10.1109/hicss.1996.495355,10.1109/hicss.1996.495355,1,"[""IEEE""]","[[""IEEE"",""I1174B9A4E45ED8F8""]]","[""include""]",included,0,Unassigned,,
doi:10.1109/hicss.1997.663394,10.1109/hicss.1997.663394,1,"[""IEEE""]","[[""IEEE"",""ID61DEDA26AE78A80""]]","[""include""]",included,0,Unassigned,,
doi:10.1109/hicss.1997.663420,10.1109/hicss.1997.663420,1,"[""IEEE""]","[[""IEEE"",""I6D55E87542F8CF89""]]","[""include""]",included,0,Unassigned,,
doi:10.1109/hicss.1997.663423,10.1109/hicss.1997.663423,1,"[""IEEE""]","[[""IEEE"",""IF501433A116BF043""]]","[""pending""]",not_included,1,Unassigned,,
doi:10.1109/hicss.1998.651684,10.1109/hicss.1998.651684,1,"[""IEEE""]","[[""IEEE"",""I1553A2943369BB4D""]]","[""include""]",included,0,Unassigned,,
doi:10.1109/hicss.1999.772765,10.1109/hicss.1999.772765,1,"[""IEEE""]","[[""IEEE"",""I132C43E824513EDF""]]","[""include""]",included,0,Unassigned,,
doi:10.1109/hicss.1999.772909,10.1109/hicss.1999.772909,1,"[""IEEE""]","[[""IEEE"",""IB929988814815CDE""]]","[""exclude""]",not_included,0,Unassigned,,
doi:10.1109/hicss.1999.772918,10.1109/hicss.1999.772918,1,"[""IEEE""]","[[""IEEE"",""I784EF6195BE4ABB2""]]","[""include""]",included,0,Unassigned,,
doi:10.1109/hicss.1999.773047,10.1109/hicss.1999.773047,1,"[""IEEE""]","[[""IEEE"",""I3C95AE78F878F236""]]","[""exclude""]",not_included,0,Unassigned,,
doi:10.1109/hicss.1999.773059,10.1109/hicss.1999.773059,1,"[""IEEE""]","[[""IEEE"",""ICBAA473AD481CBD0""]]","[""exclude""]",not_included,0,Unassigned,,
doi:10.1109/hicss.2000.926813,10.1109/hicss.2000.926813,1,"[""IEEE""]","[[""IEEE"",""IA60CD234F3472110""]]","[""pending""]",not_included,1,Unassigned,,
doi:10.1109/hicss.2000.926817,10.1109/hicss.2000.926817,1,"[""IEEE""]","[[""IEEE"",""I0D56CD7298FE4796""]]","[""exclude""]",not_included,0,Unassigned,,
doi:10.1109/hicss.2000.926842,10.1109/hicss.2000.926842,1,"[""IEEE""]","[[""IEEE"",""IBD4CBBEA1FCABECD""]]","[""pending""]",not_included,1,Unassigned,,
doi:10.1109/hicss.2000.926879,10.1109/hicss.2000.926879,1,"[""IEEE""]","[[""IEEE"",""I1122B6D42097EF9C""]]","[""include""]",included,0,Unassigned,,
doi:10.1109/hicss.2000.926913,10.1109/hicss.2000.926913,1,"[""IEEE""]","[[""IEEE"",""IB7EE0F33FCC8C509""]]","[""exclude""]",not_included,0,Unassigned,,
doi:10.1109/hicss.2000.926995,10.1109/hicss.2000.926995,1,"[""IEEE""]","[[""IEEE"",""I0AEAA1FACA0DBA93""]]","[""include""]",included,0,Unassigned,,
doi:10.1109/hicss.2001.926222,10.1109/hicss.2001.926222,1,"[""IEEE""]","[[""IEEE"",""I4483E650730CB4AD""]]","[""include""]",included,0,Unassigned,,
doi:10.1109/hicss.2001.927036,10.1109/hicss.2001.927036,1,"[""IEEE""]","[[""IEEE"",""I79E6D74E0D8BC8B9""]]","[""exclude""]",not_included,0,Unassigned,,
doi:10.1109/hicss.2001.927039,10.1109/hicss.2001.927039,1,"[""IEEE""]","[[""IEEE"",""I56FD2ECEA3FB2E1E""]]","[""include""]",included,0,Unassigned,,
doi:10.1109/hicss.2001.927106,10.1109/hicss.2001.927106,1,"[""IEEE""]","[[""IEEE"",""IF14C7B336D72F089""]]","[""exclude""]",not_included,0,Unassigned,,
doi:10.1109/hicss.2001.927145,10.1109/hicss.2001.927145,1,"[""IEEE""]","[[""IEEE"",""I793317127B0E8FE7""]]","[""pending""]",not_included,1,Unassigned,,
doi:10.1109/hicss.2001.927211,10.1109/hicss.2001.927211,1,"[""IEEE""]","[[""IEEE"",""IEDC1160E3ED9A7DB""]]","[""include""]",included,0,Unassigned,,
doi:10.1109/hicss.2002.993889,10.1109/hicss.2002.993889,1,"[""IEEE""]","[[""IEEE"",""IA64890184F059ED5""]]","[""pending""]",not_included,1,Unassigned,,
doi:10.1109/hicss.2002.994534,10.1109/hicss.2002.994534,1,"[""IEEE""]","[[""IEEE"",""IE8290A31B33BF06E""]]","[""include""]",included,0,Unassigned,,
doi:10.1109/hicss.2003.1173682,10.1109/hicss.2003.1173682,1,"[""IEEE""]","[[""IEEE"",""IACBD5058538F05C2""]]","[""include""]",included,0,Unassigned,,
doi:10.1109/hicss.2003.1173685,10.1109/hicss.2003.1173685,1,"[""IEEE""]","[[""IEEE"",""ID6BA6C0FECE0E9E3""]]","[""exclude""]",not_included,0,Unassigned,,
doi:10.1109/hicss.2003.1173869,10.1109/hicss.2003.1173869,1,"[""IEEE""]","[[""IEEE"",""I1584E178327DEDB2""]]","[""include""]",included,0,Unassigned,,
doi:10.1109/hicss.2003.1174563,10.1109/hicss.2003.1174563,1,"[""IEEE""]","[[""IEEE"",""I3EECDCE56EB7BC5F""]]","[""exclude""]",not_included,0,Unassigned,,
doi:10.1109/hicss.2003.1174815,10.1109/hicss.2003.1174815,1,"[""IEEE""]","[[""IEEE"",""IA801260A256C2571""]]","[""include""]",included,0,Unassigned,,
doi:10.1109/hicss.2004.1265099,10.1109/hicss.2004.1265099,1,"[""IEEE""]","[[""IEEE"",""ID4E2F498918B8E14""]]","[""include""]",included,0,Unassigned,,
doi:10.1109/hicss.2004.1265173,10.1109/hicss.2004.1265173,1,"[""IEEE""]","[[""IEEE"",""ID07615024016B03E""]]","[""include""]",included,0,Unassigned,,
doi:10.1109/hicss.2004.1265401,10.1109/hicss.2004.1265401,1,"[""IEEE""]","[[""IEEE"",""IDAE6BDCED2E865CB""]]","[""include""]",included,0,Unassigned,,
doi:10.1109/hicss.2004.1265403,10.1109/hicss.2004.1265403,1,"[""IEEE""]","[[""IEEE"",""I62ADB2A1CAF59668""]]","[""include""]",included,0,Unassigned,,
doi:10.1109/hicss.2004.1265405,10.1109/hicss.2004.1265405,1,"[""IEEE""]","[[""IEEE"",""IFF056BB2E97EA60C""]]","[""include""]",included,0,Unassigned,,
doi:10.1109/hicss.2004.1265431,10.1109/hicss.2004.1265431,1,"[""IEEE""]","[[""IEEE"",""I0689726A31476331""]]","[""pending""]",not_included,1,Unassigned,,
doi:10.1109/hicss.2004.1265673,10.1109/hicss.2004.1265673,1,"[""IEEE""]","[[""IEEE"",""IFDBD063D83A0110B""]]","[""exclude""]",not_included,0,Unassigned,,
doi:10.1109/hicss.2005.30,10.1109/hicss.2005.30,1,"[""IEEE""]","[[""IEEE"",""I374135482A704995""]]","[""include""]",included,0,Unassigned,,
doi:10.1109/hicss.2005.583,10.1109/hicss.2005.583,1,"[""IEEE""]","[[""IEEE"",""IFF865F8671E64BBE""]]","[""include""]",included,0,Unassigned,,
doi:10.1109/hicss.2005.59,10.1109/hicss.2005.59,1,"[""IEEE""]","[[""IEEE"",""I55C4039A7743C861""]]","[""include""]",included,0,Unassigned,,
doi:10.1109/hicss.2006.142,10.1109/hicss.2006.142,1,"[""IEEE""]","[[""IEEE"",""I570CC8602FE1A13D""]]","[""include""]",included,0,Unassigned,,
doi:10.1109/hicss.2007.595,10.1109/hicss.2007.595,1,"[""IEEE""]","[[""IEEE"",""I2D9714FA6AE4C29B""]]","[""include""]",included,0,Unassigned,,
doi:10.1109/hicss.2008.15,10.1109/hicss.2008.15,1,"[""IEEE""]","[[""IEEE"",""I5CE7431C569F4EFE""]]","[""exclude""]",not_included,0,Unassigned,,
doi:10.1109/hicss.2008.24,10.1109/hicss.2008.24,1,"[""IEEE""]","[[""IEEE"",""ID946EC6CDA8D4174""]]","[""include""]",included,0,Unassigned,,
doi:10.1109/hicss.2008.435,10.1109/hicss.2008.435,1,"[""IEEE""]","[[""IEEE"",""IB296BCCB48FFC23E""]]","[""exclude""]",not_included,0,Unassigned,,
doi:10.1109/hicss.2009.151,10.1109/hicss.2009.151,1,"[""IEEE""]","[[""IEEE"",""I8B149ABEF2A9EDA4""]]","[""include""]",included,0,Unassigned,,
doi:10.1109/hicss.2009.170,10.1109/hicss.2009.170,1,"[""IEEE""]","[[""IEEE"",""IF65FDFEA1B3F01ED""]]","[""include""]",included,0,Unassigned,,
doi:10.1109/hicss.2009.306,10.1109/hicss.2009.306,1,"[""IEEE""]","[[""IEEE"",""I6FC2BFC255F3B582""]]","[""include""]",included,0,Unassigned,,
doi:10.1109/hicss.2011.396,10.1109/hicss.2011.396,1,"[""IEEE""]","[[""IEEE"",""I70C5A6FFABE243A0""]]","[""include""]",included,0,Unassigned,,
doi:10.1109/hicss.2014.40,10.1109/hicss.2014.40,1,"[""IEEE""]","[[""IEEE"",""I111B6B0CA0079393""]]","[""include""]",included,0,Unassigned,,
doi:10.1109/hicss.2015.649,10.1109/hicss.2015.649,1,"[""IEEE""]","[[""IEEE"",""I43114B7E76D3E46F""]]","[""exclude""]",not_included,0,Unassigned,,
doi:10.1109/hicss.2016.52,10.1109/hicss.2016.52,1,"[""IEEE""]","[[""IEEE"",""ICFC945DF74DB510B""]]","[""include""]",included,0,Unassigned,,
doi:10.1109/his.2011.6122076,10.1109/his.2011.6122076,1,"[""IEEE""]","[[""IEEE"",""IA1BBE988459418FD""]]","[""include""]",included,0,Unassigned,,
doi:10.1109/hnicem60674.2023.10589012,10.1109/hnicem60674.2023.10589012,1,"[""IEEE""]","[[""IEEE"",""I652ACE15ACC37539""]]","[""exclude""]",not_included,0,Unassigned,,
doi:10.1109/hoticn50779.2020.9350841,10.1109/hoticn50779.2020.9350841,1,"[""IEEE""]","[[""IEEE"",""I0B48E960E9CEE621""]]","[""include""]",included,0,Unassigned,,
doi:10.1109/hpcsim.2011.5999843,10.1109/hpcsim.2011.5999843,1,"[""IEEE""]","[[""IEEE"",""I4D9F764719093C0E""]]","[""exclude""]",not_included,0,Unassigned,,
doi:10.1109/hpdc.2005.1520974,10.1109/hpdc.2005.1520974,1,"[""IEEE""]","[[""IEEE"",""ID2AD6F79243F4631""]]","[""exclude""]",not_included,0,Unassigned,,
doi:10.1109/hpec67600.2025.11196565,10.1109/hpec67600.2025.11196565,1,"[""IEEE""]","[[""IEEE"",""I2248A71EB4741EC8""]]","[""exclude""]",not_included,0,Unassigned,,
doi:10.1109/hpsr68369.2026.11615184,10.1109/hpsr68369.2026.11615184,1,"[""IEEE""]","[[""IEEE"",""I790DF84E06EF758B""]]","[""exclude""]",not_included,0,Unassigned,,
doi:10.1109/i-pact58649.2023.10434846,10.1109/i-pact58649.2023.10434846,1,"[""IEEE""]","[[""IEEE"",""I5EEE89604BE65511""]]","[""exclude""]",not_included,0,Unassigned,,
doi:10.1109/i-smac65734.2025.11597641,10.1109/i-smac65734.2025.11597641,1,"[""IEEE""]","[[""IEEE"",""I2C135505EE647E1D""]]","[""exclude""]",not_included,0,Unassigned,,
doi:10.1109/i2ct.2018.8529503,10.1109/i2ct.2018.8529503,1,"[""IEEE""]","[[""IEEE"",""IA661AC2E3DB11DC6""]]","[""exclude""]",not_included,0,Unassigned,,
doi:10.1109/i2mtc.2013.6555385,10.1109/i2mtc.2013.6555385,1,"[""IEEE""]","[[""IEEE"",""IC54CBB69723F2F9C""]]","[""exclude""]",not_included,0,Unassigned,,
doi:10.1109/ia.2009.4927505,10.1109/ia.2009.4927505,1,"[""IEEE""]","[[""IEEE"",""I14A80FF8E38559AA""]]","[""exclude""]",not_included,0,Unassigned,,
doi:10.1109/ia.2011.5953610,10.1109/ia.2011.5953610,1,"[""IEEE""]","[[""IEEE"",""I901C365B762C0A00""]]","[""include""]",included,0,Unassigned,,
doi:10.1109/ia.2013.6595190,10.1109/ia.2013.6595190,1,"[""IEEE""]","[[""IEEE"",""IFA26EC91444667DC""]]","[""exclude""]",not_included,0,Unassigned,,
doi:10.1109/ia.2014.7009456,10.1109/ia.2014.7009456,1,"[""IEEE""]","[[""IEEE"",""I46141BE08B20F6C3""]]","[""include""]",included,0,Unassigned,,
doi:10.1109/iacsit-sc.2009.131,10.1109/iacsit-sc.2009.131,1,"[""IEEE""]","[[""IEEE"",""I62A12695D879D894""]]","[""include""]",included,0,Unassigned,,
doi:10.1109/iadcc.2010.5422937,10.1109/iadcc.2010.5422937,1,"[""IEEE""]","[[""IEEE"",""IA0DBB12AC41350F6""]]","[""exclude""]",not_included,0,Unassigned,,
doi:10.1109/iadcc.2014.6779439,10.1109/iadcc.2014.6779439,1,"[""IEEE""]","[[""IEEE"",""I1CFE43C66576318B""]]","[""exclude""]",not_included,0,Unassigned,,
doi:10.1109/iama.2009.5228054,10.1109/iama.2009.5228054,1,"[""IEEE""]","[[""IEEE"",""I5BC51B9E1BC584C5""]]","[""exclude""]",not_included,0,Unassigned,,
doi:10.1109/iama.2009.5228084,10.1109/iama.2009.5228084,1,"[""IEEE""]","[[""IEEE"",""I5CFD322D322E0C60""]]","[""exclude""]",not_included,0,Unassigned,,
doi:10.1109/ias.2007.1,10.1109/ias.2007.1,1,"[""IEEE""]","[[""IEEE"",""I23F8D41D0F76B17E""]]","[""exclude""]",not_included,0,Unassigned,,
doi:10.1109/ias.2007.34,10.1109/ias.2007.34,1,"[""IEEE""]","[[""IEEE"",""I8EF8C9716E24E72F""]]","[""exclude""]",not_included,0,Unassigned,,
doi:10.1109/ias.2017.8101788,10.1109/ias.2017.8101788,1,"[""IEEE""]","[[""IEEE"",""IC66D65EA077790B5""]]","[""include""]",included,0,Unassigned,,
doi:10.1109/iat.2003.1241102,10.1109/iat.2003.1241102,1,"[""IEEE""]","[[""IEEE"",""IAD9E7201FAF97EF6""]]","[""include""]",included,0,Unassigned,,
doi:10.1109/iat.2003.1241109,10.1109/iat.2003.1241109,1,"[""IEEE""]","[[""IEEE"",""I629FAEE7132410B4""]]","[""include""]",included,0,Unassigned,,
doi:10.1109/iat.2003.1241133,10.1109/iat.2003.1241133,1,"[""IEEE""]","[[""IEEE"",""I664EB71B6653D0A8""]]","[""include""]",included,0,Unassigned,,
doi:10.1109/iat.2003.1241152,10.1109/iat.2003.1241152,1,"[""IEEE""]","[[""IEEE"",""I83D6CA6CB966471A""]]","[""include""]",included,0,Unassigned,,
doi:10.1109/iat.2004.1342917,10.1109/iat.2004.1342917,1,"[""IEEE""]","[[""IEEE"",""I4CB7E766D67F37CC""]]","[""exclude""]",not_included,0,Unassigned,,
doi:10.1109/iat.2004.1342943,10.1109/iat.2004.1342943,1,"[""IEEE""]","[[""IEEE"",""IEC11C84FFC94E226""]]","[""include""]",included,0,Unassigned,,
doi:10.1109/iat.2004.1342990,10.1109/iat.2004.1342990,1,"[""IEEE""]","[[""IEEE"",""IEB8A5B9AA77FEA0C""]]","[""include""]",included,0,Unassigned,,
doi:10.1109/iat.2005.10,10.1109/iat.2005.10,1,"[""IEEE""]","[[""IEEE"",""I71EB8D0803224AB9""]]","[""include""]",included,0,Unassigned,,
doi:10.1109/iat.2005.114,10.1109/iat.2005.114,1,"[""IEEE""]","[[""IEEE"",""I357796DB339BD3F2""]]","[""exclude""]",not_included,0,Unassigned,,
doi:10.1109/iat.2005.13,10.1109/iat.2005.13,1,"[""IEEE""]","[[""IEEE"",""I94D722C3D49E2DBC""]]","[""include""]",included,0,Unassigned,,
doi:10.1109/iat.2005.135,10.1109/iat.2005.135,1,"[""IEEE""]","[[""IEEE"",""ICB7994B9CCBA21D3""]]","[""include""]",included,0,Unassigned,,
doi:10.1109/iat.2005.146,10.1109/iat.2005.146,1,"[""IEEE""]","[[""IEEE"",""IF1F6284BCD32E111""]]","[""exclude""]",not_included,0,Unassigned,,
doi:10.1109/iat.2005.26,10.1109/iat.2005.26,1,"[""IEEE""]","[[""IEEE"",""I1DDB4DE2D5522C17""]]","[""include""]",included,0,Unassigned,,
doi:10.1109/iat.2005.30,10.1109/iat.2005.30,1,"[""IEEE""]","[[""IEEE"",""I605F3E3565C5343F""]]","[""include""]",included,0,Unassigned,,
doi:10.1109/iat.2005.33,10.1109/iat.2005.33,1,"[""IEEE""]","[[""IEEE"",""IDDA3B877453F10B8""]]","[""exclude""]",not_included,0,Unassigned,,
doi:10.1109/iat.2005.70,10.1109/iat.2005.70,1,"[""IEEE""]","[[""IEEE"",""I4653481DCC97FF56""]]","[""include""]",included,0,Unassigned,,
doi:10.1109/iat.2005.90,10.1109/iat.2005.90,1,"[""IEEE""]","[[""IEEE"",""ICC848CC05844019C""]]","[""exclude""]",not_included,0,Unassigned,,
doi:10.1109/iat.2006.106,10.1109/iat.2006.106,2,"[""ACM"",""IEEE""]","[[""ACM"",""N8229176B1C933212""],[""IEEE"",""I8229176B1C933212""]]","[""exclude"",""include""]",included,0,Unassigned,,
doi:10.1109/iat.2006.13,10.1109/iat.2006.13,2,"[""ACM"",""IEEE""]","[[""ACM"",""NC74F646B808B05F6""],[""IEEE"",""IC74F646B808B05F6""]]","[""exclude""]",not_included,0,Unassigned,,
doi:10.1109/iat.2006.32,10.1109/iat.2006.32,2,"[""ACM"",""IEEE""]","[[""ACM"",""N587BD53F8E2F5E53""],[""IEEE"",""I587BD53F8E2F5E53""]]","[""include""]",included,0,Unassigned,,
doi:10.1109/iat.2006.43,10.1109/iat.2006.43,2,"[""ACM"",""IEEE""]","[[""ACM"",""NCFBCB62F555D37D8""],[""IEEE"",""ICFBCB62F555D37D8""]]","[""exclude""]",not_included,0,Unassigned,,
doi:10.1109/iat.2006.60,10.1109/iat.2006.60,2,"[""ACM"",""IEEE""]","[[""ACM"",""NCF04B89D6D23236A""],[""IEEE"",""ICF04B89D6D23236A""]]","[""include""]",included,0,Unassigned,,
doi:10.1109/iat.2006.64,10.1109/iat.2006.64,2,"[""ACM"",""IEEE""]","[[""ACM"",""N125B7678816553A3""],[""IEEE"",""I125B7678816553A3""]]","[""include""]",included,0,Unassigned,,
doi:10.1109/iat.2006.78,10.1109/iat.2006.78,1,"[""IEEE""]","[[""IEEE"",""I5C53848A9956E968""]]","[""exclude""]",not_included,0,Unassigned,,
doi:10.1109/iat.2007.102,10.1109/iat.2007.102,1,"[""IEEE""]","[[""IEEE"",""ID4FAD9EC2F75BEF9""]]","[""exclude""]",not_included,0,Unassigned,,
doi:10.1109/iat.2007.35,10.1109/iat.2007.35,1,"[""IEEE""]","[[""IEEE"",""I95D60F869EFCD2DE""]]","[""pending""]",not_included,1,Unassigned,,
doi:10.1109/iat.2007.41,10.1109/iat.2007.41,1,"[""IEEE""]","[[""IEEE"",""IB64E4A930961188F""]]","[""pending""]",not_included,1,Unassigned,,
doi:10.1109/iat.2007.42,10.1109/iat.2007.42,1,"[""ACM""]","[[""ACM"",""NEEFB909BB8817FAB""]]","[""exclude""]",not_included,0,Unassigned,,
doi:10.1109/iat.2007.66,10.1109/iat.2007.66,1,"[""ACM""]","[[""ACM"",""N5B31EE9B8F0FCF36""]]","[""exclude""]",not_included,0,Unassigned,,
doi:10.1109/iat.2007.71,10.1109/iat.2007.71,1,"[""ACM""]","[[""ACM"",""N876B17A25324405D""]]","[""exclude""]",not_included,0,Unassigned,,
doi:10.1109/iat.2007.72,10.1109/iat.2007.72,1,"[""ACM""]","[[""ACM"",""NC34141E266157C99""]]","[""exclude""]",not_included,0,Unassigned,,
doi:10.1109/iat.2007.78,10.1109/iat.2007.78,1,"[""IEEE""]","[[""IEEE"",""I6FD683768727B01D""]]","[""include""]",included,0,Unassigned,,
doi:10.1109/iat.2007.80,10.1109/iat.2007.80,1,"[""ACM""]","[[""ACM"",""N15A093FE20F930EB""]]","[""exclude""]",not_included,0,Unassigned,,
doi:10.1109/iatmsi68868.2026.11465473,10.1109/iatmsi68868.2026.11465473,1,"[""IEEE""]","[[""IEEE"",""IA1BC4D381B02BF3B""]]","[""exclude""]",not_included,0,Unassigned,,
doi:10.1109/ibdap69915.2026.11677753,10.1109/ibdap69915.2026.11677753,1,"[""IEEE""]","[[""IEEE"",""IC832805F93AEDA22""]]","[""include""]",included,0,Unassigned,,
doi:10.1109/ibica.2011.56,10.1109/ibica.2011.56,1,"[""IEEE""]","[[""IEEE"",""I219454ED4F4301F7""]]","[""exclude""]",not_included,0,Unassigned,,
doi:10.1109/ic-aida68291.2026.11564443,10.1109/ic-aida68291.2026.11564443,1,"[""IEEE""]","[[""IEEE"",""I31FB84223B585AF4""]]","[""exclude""]",not_included,0,Unassigned,,
doi:10.1109/ic-eeta66496.2025.11548304,10.1109/ic-eeta66496.2025.11548304,1,"[""IEEE""]","[[""IEEE"",""ICD2C66505AD88A35""]]","[""exclude""]",not_included,0,Unassigned,,
doi:10.1109/ic-nidc67200.2025.11390349,10.1109/ic-nidc67200.2025.11390349,1,"[""IEEE""]","[[""IEEE"",""I387081BD43B81361""]]","[""exclude""]",not_included,0,Unassigned,,
doi:10.1109/ic2nc67409.2025.11376027,10.1109/ic2nc67409.2025.11376027,1,"[""IEEE""]","[[""IEEE"",""IE7E9C1212964B860""]]","[""exclude""]",not_included,0,Unassigned,,
doi:10.1109/ic2pct68894.2026.11584290,10.1109/ic2pct68894.2026.11584290,1,"[""IEEE""]","[[""IEEE"",""I027847BCF05C0536""]]","[""exclude""]",not_included,0,Unassigned,,
doi:10.1109/ic3et64989.2026.11467206,10.1109/ic3et64989.2026.11467206,1,"[""IEEE""]","[[""IEEE"",""IF263E70C6E3B1CCC""]]","[""exclude""]",not_included,0,Unassigned,,
doi:10.1109/ic3et64989.2026.11467510,10.1109/ic3et64989.2026.11467510,1,"[""IEEE""]","[[""IEEE"",""IC2C96B7F325F251E""]]","[""exclude""]",not_included,0,Unassigned,,
doi:10.1109/ic3ina48034.2019.8949579,10.1109/ic3ina48034.2019.8949579,1,"[""IEEE""]","[[""IEEE"",""I3A6650A22C8B8EC2""]]","[""exclude""]",not_included,0,Unassigned,,
doi:10.1109/ic3sis69949.2026.11608312,10.1109/ic3sis69949.2026.11608312,1,"[""IEEE""]","[[""IEEE"",""IDBAEE7F000178D99""]]","[""include""]",included,0,Unassigned,,
doi:10.1109/ic4e.2010.29,10.1109/ic4e.2010.29,1,"[""IEEE""]","[[""IEEE"",""I1FBAEAB698807192""]]","[""exclude""]",not_included,0,Unassigned,,
doi:10.1109/ic4e.2010.36,10.1109/ic4e.2010.36,1,"[""IEEE""]","[[""IEEE"",""I375BC6CC5B93B1FD""]]","[""exclude""]",not_included,0,Unassigned,,
doi:10.1109/ic4e69618.2026.11631371,10.1109/ic4e69618.2026.11631371,1,"[""IEEE""]","[[""IEEE"",""I00794B6553F0C343""]]","[""exclude""]",not_included,0,Unassigned,,
doi:10.1109/ic4e69618.2026.11631428,10.1109/ic4e69618.2026.11631428,1,"[""IEEE""]","[[""IEEE"",""IE3209A8DC7416407""]]","[""exclude""]",not_included,0,Unassigned,,
doi:10.1109/ica.2016.019,10.1109/ica.2016.019,1,"[""IEEE""]","[[""IEEE"",""I120FC94A165BDFB4""]]","[""exclude""]",not_included,0,Unassigned,,
doi:10.1109/ica.2016.023,10.1109/ica.2016.023,1,"[""IEEE""]","[[""IEEE"",""I3A55E9D3AEA783D0""]]","[""include""]",included,0,Unassigned,,
doi:10.1109/ica63002.2024.00012,10.1109/ica63002.2024.00012,1,"[""IEEE""]","[[""IEEE"",""IE3464636B6165F78""]]","[""exclude""]",not_included,0,Unassigned,,
doi:10.1109/ica63002.2024.00015,10.1109/ica63002.2024.00015,1,"[""IEEE""]","[[""IEEE"",""IE09F166C862CDB0F""]]","[""exclude""]",not_included,0,Unassigned,,
doi:10.1109/ica67499.2025.00015,10.1109/ica67499.2025.00015,1,"[""IEEE""]","[[""IEEE"",""IEBC8B69B55B891B8""]]","[""include""]",included,0,Unassigned,,
doi:10.1109/ica67499.2025.00024,10.1109/ica67499.2025.00024,1,"[""IEEE""]","[[""IEEE"",""IF88A7962D905CBDF""]]","[""exclude""]",not_included,0,Unassigned,,
doi:10.1109/icaace69793.2026.11509103,10.1109/icaace69793.2026.11509103,1,"[""IEEE""]","[[""IEEE"",""IDDF4E41FD9DA0096""]]","[""include""]",included,0,Unassigned,,
doi:10.1109/icaaic56838.2023.10140756,10.1109/icaaic56838.2023.10140756,1,"[""IEEE""]","[[""IEEE"",""IABC999380D3BFD93""]]","[""exclude""]",not_included,0,Unassigned,,
doi:10.1109/icaaic64647.2025.11330626,10.1109/icaaic64647.2025.11330626,1,"[""IEEE""]","[[""IEEE"",""I78582F2BBA41204E""]]","[""exclude""]",not_included,0,Unassigned,,
doi:10.1109/icacc.2011.6016379,10.1109/icacc.2011.6016379,1,"[""IEEE""]","[[""IEEE"",""I864C5AAB9371EA5F""]]","[""pending""]",not_included,1,Unassigned,,
doi:10.1109/icacci.2016.7732476,10.1109/icacci.2016.7732476,1,"[""IEEE""]","[[""IEEE"",""I92CE4EBF4ACD52D5""]]","[""exclude""]",not_included,0,Unassigned,,
doi:10.1109/icaccs.2016.7586387,10.1109/icaccs.2016.7586387,1,"[""IEEE""]","[[""IEEE"",""I98974C271A9EF189""]]","[""exclude""]",not_included,0,Unassigned,,
doi:10.1109/icacit66767.2025.11369686,10.1109/icacit66767.2025.11369686,1,"[""IEEE""]","[[""IEEE"",""I4F9480B454164C3A""]]","[""exclude""]",not_included,0,Unassigned,,
doi:10.1109/icacite57410.2023.10182548,10.1109/icacite57410.2023.10182548,1,"[""IEEE""]","[[""IEEE"",""I3EBB3593FB234E69""]]","[""exclude""]",not_included,0,Unassigned,,
doi:10.1109/icacrs67045.2025.11324324,10.1109/icacrs67045.2025.11324324,1,"[""IEEE""]","[[""IEEE"",""IADD03F2D5A07E701""]]","[""exclude""]",not_included,0,Unassigned,,
doi:10.1109/icact67549.2025.11351425,10.1109/icact67549.2025.11351425,1,"[""IEEE""]","[[""IEEE"",""I461A346ED923DC66""]]","[""exclude""]",not_included,0,Unassigned,,
doi:10.1109/icacte.2008.20,10.1109/icacte.2008.20,1,"[""IEEE""]","[[""IEEE"",""I7D1AD44DF4008678""]]","[""exclude""]",not_included,0,Unassigned,,
doi:10.1109/icacte.2008.75,10.1109/icacte.2008.75,1,"[""IEEE""]","[[""IEEE"",""IF128A8B0BEC91479""]]","[""include""]",included,0,Unassigned,,
doi:10.1109/icad69378.2026.11608881,10.1109/icad69378.2026.11608881,1,"[""IEEE""]","[[""IEEE"",""I76F9606CDA28BA51""]]","[""exclude""]",not_included,0,Unassigned,,
doi:10.1109/icad69378.2026.11608918,10.1109/icad69378.2026.11608918,1,"[""IEEE""]","[[""IEEE"",""I13C946A62BAFA293""]]","[""include""]",included,0,Unassigned,,
doi:10.1109/icadvc.2009.5378276,10.1109/icadvc.2009.5378276,1,"[""IEEE""]","[[""IEEE"",""I6D7710EFF6A17D5B""]]","[""exclude""]",not_included,0,Unassigned,,
doi:10.1109/icaibd.2019.8837024,10.1109/icaibd.2019.8837024,1,"[""IEEE""]","[[""IEEE"",""I9CAF9C09C745D7A1""]]","[""exclude""]",not_included,0,Unassigned,,
doi:10.1109/icaic67076.2026.11395673,10.1109/icaic67076.2026.11395673,1,"[""IEEE""]","[[""IEEE"",""I40956562F8D6862F""]]","[""exclude""]",not_included,0,Unassigned,,
doi:10.1109/icaic67076.2026.11395698,10.1109/icaic67076.2026.11395698,1,"[""IEEE""]","[[""IEEE"",""I922F96C0C4F502FD""]]","[""exclude""]",not_included,0,Unassigned,,
doi:10.1109/icaic67076.2026.11395723,10.1109/icaic67076.2026.11395723,1,"[""IEEE""]","[[""IEEE"",""I7988FAC6C9F1C0A8""]]","[""include""]",included,0,Unassigned,,
doi:10.1109/icaic67076.2026.11395747,10.1109/icaic67076.2026.11395747,1,"[""IEEE""]","[[""IEEE"",""IFAEE8DF548DC2AC6""]]","[""exclude""]",not_included,0,Unassigned,,
doi:10.1109/icaic67076.2026.11395757,10.1109/icaic67076.2026.11395757,1,"[""IEEE""]","[[""IEEE"",""I5FEBB16E158F1373""]]","[""include""]",included,0,Unassigned,,
doi:10.1109/icaic67076.2026.11395759,10.1109/icaic67076.2026.11395759,1,"[""IEEE""]","[[""IEEE"",""IB6C3CBB50CA9243C""]]","[""include""]",included,0,Unassigned,,
doi:10.1109/icaic67076.2026.11395813,10.1109/icaic67076.2026.11395813,1,"[""IEEE""]","[[""IEEE"",""I6B04BCBDC685FECE""]]","[""include""]",included,0,Unassigned,,
doi:10.1109/icaic67076.2026.11395848,10.1109/icaic67076.2026.11395848,1,"[""IEEE""]","[[""IEEE"",""IFED59CD32870B038""]]","[""include""]",included,0,Unassigned,,
doi:10.1109/icaiccit64383.2024.10912330,10.1109/icaiccit64383.2024.10912330,1,"[""IEEE""]","[[""IEEE"",""I994A5C65402672B0""]]","[""exclude""]",not_included,0,Unassigned,,
doi:10.1109/icaicta53211.2021.9640258,10.1109/icaicta53211.2021.9640258,1,"[""IEEE""]","[[""IEEE"",""I0BB49C812EF6EE46""]]","[""exclude""]",not_included,0,Unassigned,,
doi:10.1109/icaicta67604.2025.11335112,10.1109/icaicta67604.2025.11335112,1,"[""IEEE""]","[[""IEEE"",""IC1933E4C418B2F30""]]","[""exclude""]",not_included,0,Unassigned,,
doi:10.1109/icaide65466.2025.11189623,10.1109/icaide65466.2025.11189623,1,"[""IEEE""]","[[""IEEE"",""I9AAF8C9E98615ACE""]]","[""include""]",included,0,Unassigned,,
doi:10.1109/icaisc58445.2023.10199934,10.1109/icaisc58445.2023.10199934,1,"[""IEEE""]","[[""IEEE"",""I6FC335E4EC8E0593""]]","[""exclude""]",not_included,0,Unassigned,,
doi:10.1109/icaiset66439.2026.11541321,10.1109/icaiset66439.2026.11541321,1,"[""IEEE""]","[[""IEEE"",""IA7DF7F7734680938""]]","[""include""]",included,0,Unassigned,,
doi:10.1109/icaiset66439.2026.11541711,10.1109/icaiset66439.2026.11541711,1,"[""IEEE""]","[[""IEEE"",""I82736C12B10875A7""]]","[""include""]",included,0,Unassigned,,
doi:10.1109/icaiset66439.2026.11541769,10.1109/icaiset66439.2026.11541769,1,"[""IEEE""]","[[""IEEE"",""I2282704AE5EA8AFA""]]","[""include""]",included,0,Unassigned,,
doi:10.1109/icaiset66439.2026.11541974,10.1109/icaiset66439.2026.11541974,1,"[""IEEE""]","[[""IEEE"",""IA07628B9C7B8CC7F""]]","[""include""]",included,0,Unassigned,,
doi:10.1109/icait61638.2024.10690316,10.1109/icait61638.2024.10690316,1,"[""IEEE""]","[[""IEEE"",""IC2A48351B7E89CBA""]]","[""pending""]",not_included,1,Unassigned,,
doi:10.1109/ical.2007.4339069,10.1109/ical.2007.4339069,1,"[""IEEE""]","[[""IEEE"",""ID4D9D710F49FFAA7""]]","[""include""]",included,0,Unassigned,,
doi:10.1109/ical.2012.6308175,10.1109/ical.2012.6308175,1,"[""IEEE""]","[[""IEEE"",""ICE54DC824E095205""]]","[""exclude""]",not_included,0,Unassigned,,
doi:10.1109/icalt.2005.247,10.1109/icalt.2005.247,1,"[""IEEE""]","[[""IEEE"",""IBEA1AFFD1049FBFC""]]","[""include""]",included,0,Unassigned,,
doi:10.1109/icalt.2006.1652471,10.1109/icalt.2006.1652471,1,"[""IEEE""]","[[""IEEE"",""I4330FF6B9007FE89""]]","[""exclude""]",not_included,0,Unassigned,,
doi:10.1109/icar53236.2021.9659364,10.1109/icar53236.2021.9659364,1,"[""IEEE""]","[[""IEEE"",""I54125A1EA8AD0B2E""]]","[""exclude""]",not_included,0,Unassigned,,
doi:10.1109/icara69401.2026.11480372,10.1109/icara69401.2026.11480372,1,"[""IEEE""]","[[""IEEE"",""I4C4D4462B49A1F8A""]]","[""exclude""]",not_included,0,Unassigned,,
doi:10.1109/icarai70085.2026.11635361,10.1109/icarai70085.2026.11635361,1,"[""IEEE""]","[[""IEEE"",""I2F470BC36D71F84B""]]","[""include""]",included,0,Unassigned,,
doi:10.1109/icarc68737.2026.11453821,10.1109/icarc68737.2026.11453821,1,"[""IEEE""]","[[""IEEE"",""IBD901367D5660BE8""]]","[""exclude""]",not_included,0,Unassigned,,
doi:10.1109/icarcv.2008.4795838,10.1109/icarcv.2008.4795838,1,"[""IEEE""]","[[""IEEE"",""IE86D1BDF4A3F2903""]]","[""exclude""]",not_included,0,Unassigned,,
doi:10.1109/icassp.2017.7953278,10.1109/icassp.2017.7953278,1,"[""IEEE""]","[[""IEEE"",""IF300386F184A59FE""]]","[""pending""]",not_included,1,Unassigned,,
doi:10.1109/icassp43922.2022.9747757,10.1109/icassp43922.2022.9747757,1,"[""IEEE""]","[[""IEEE"",""IF86316C230EB57D4""]]","[""exclude""]",not_included,0,Unassigned,,
doi:10.1109/icassp49357.2023.10096816,10.1109/icassp49357.2023.10096816,1,"[""IEEE""]","[[""IEEE"",""IE4D330D5A29E9FA2""]]","[""exclude""]",not_included,0,Unassigned,,
doi:10.1109/icast52759.2021.9682051,10.1109/icast52759.2021.9682051,1,"[""IEEE""]","[[""IEEE"",""IB3FA99BEAB5D60B1""]]","[""exclude""]",not_included,0,Unassigned,,
doi:10.1109/icat57854.2023.10171284,10.1109/icat57854.2023.10171284,1,"[""IEEE""]","[[""IEEE"",""I6683FD52FF3CCE14""]]","[""include""]",included,0,Unassigned,,
doi:10.1109/icatc68823.2025.11407503,10.1109/icatc68823.2025.11407503,1,"[""IEEE""]","[[""IEEE"",""I04678087CE250433""]]","[""exclude""]",not_included,0,Unassigned,,
doi:10.1109/icatc68823.2025.11407841,10.1109/icatc68823.2025.11407841,1,"[""IEEE""]","[[""IEEE"",""I5D330A0C284AD131""]]","[""exclude""]",not_included,0,Unassigned,,
doi:10.1109/icbaie49996.2020.00088,10.1109/icbaie49996.2020.00088,1,"[""IEEE""]","[[""IEEE"",""I12ADBE43B4E6C3EE""]]","[""include""]",included,0,Unassigned,,
doi:10.1109/icbaie56435.2022.9985897,10.1109/icbaie56435.2022.9985897,1,"[""IEEE""]","[[""IEEE"",""I4FB4E80D8C3FF774""]]","[""exclude""]",not_included,0,Unassigned,,
doi:10.1109/icbase70763.2026.11619388,10.1109/icbase70763.2026.11619388,1,"[""IEEE""]","[[""IEEE"",""IBB1392AD103CA031""]]","[""exclude""]",not_included,0,Unassigned,,
doi:10.1109/icbase70763.2026.11619466,10.1109/icbase70763.2026.11619466,1,"[""IEEE""]","[[""IEEE"",""I87456171006FF953""]]","[""exclude""]",not_included,0,Unassigned,,
doi:10.1109/icbc51069.2021.9461112,10.1109/icbc51069.2021.9461112,1,"[""IEEE""]","[[""IEEE"",""I5A9599B8E8C53D56""]]","[""include""]",included,0,Unassigned,,
doi:10.1109/icbc64466.2025.11114626,10.1109/icbc64466.2025.11114626,1,"[""IEEE""]","[[""IEEE"",""I7EE13002C4756C8D""]]","[""include""]",included,0,Unassigned,,
doi:10.1109/icbc64466.2025.11114671,10.1109/icbc64466.2025.11114671,1,"[""IEEE""]","[[""IEEE"",""ICF9ECCCB86678890""]]","[""include""]",included,0,Unassigned,,
doi:10.1109/icbc67748.2026.11575532,10.1109/icbc67748.2026.11575532,1,"[""IEEE""]","[[""IEEE"",""ICE1CD1A2F1F2B83E""]]","[""include""]",included,0,Unassigned,,
doi:10.1109/icbc67748.2026.11575546,10.1109/icbc67748.2026.11575546,1,"[""IEEE""]","[[""IEEE"",""I30751309E811925C""]]","[""exclude""]",not_included,0,Unassigned,,
doi:10.1109/icbds58040.2023.10346458,10.1109/icbds58040.2023.10346458,1,"[""IEEE""]","[[""IEEE"",""IF79F0D32A9AB720D""]]","[""exclude""]",not_included,0,Unassigned,,
doi:10.1109/icbdse70225.2026.11635327,10.1109/icbdse70225.2026.11635327,1,"[""IEEE""]","[[""IEEE"",""IF2B0B8ACE49D626E""]]","[""exclude""]",not_included,0,Unassigned,,
doi:10.1109/icbdse70225.2026.11635740,10.1109/icbdse70225.2026.11635740,1,"[""IEEE""]","[[""IEEE"",""I2FFBC4C05401923B""]]","[""exclude""]",not_included,0,Unassigned,,
doi:10.1109/icbir52339.2021.9465859,10.1109/icbir52339.2021.9465859,1,"[""IEEE""]","[[""IEEE"",""I6FC52BD320CC3FB5""]]","[""exclude""]",not_included,0,Unassigned,,
doi:10.1109/icbmei.2011.5916972,10.1109/icbmei.2011.5916972,1,"[""IEEE""]","[[""IEEE"",""I384812D9D3D32019""]]","[""include""]",included,0,Unassigned,,
doi:10.1109/icc.2003.1203870,10.1109/icc.2003.1203870,1,"[""IEEE""]","[[""IEEE"",""I8DEE93ACAC268B4C""]]","[""exclude""]",not_included,0,Unassigned,,
doi:10.1109/icc.2005.1494993,10.1109/icc.2005.1494993,1,"[""IEEE""]","[[""IEEE"",""I370C55A17A00F197""]]","[""exclude""]",not_included,0,Unassigned,,
doi:10.1109/icc.2017.7997242,10.1109/icc.2017.7997242,1,"[""IEEE""]","[[""IEEE"",""I2511281FE6BD3098""]]","[""include""]",included,0,Unassigned,,
doi:10.1109/icc45041.2023.10279659,10.1109/icc45041.2023.10279659,1,"[""IEEE""]","[[""IEEE"",""I85D9DA3C94FD88A9""]]","[""include""]",included,0,Unassigned,,
doi:10.1109/icc59461.2026.11587323,10.1109/icc59461.2026.11587323,1,"[""IEEE""]","[[""IEEE"",""I28366CEDAC4C2415""]]","[""exclude""]",not_included,0,Unassigned,,
doi:10.1109/icc59461.2026.11587361,10.1109/icc59461.2026.11587361,1,"[""IEEE""]","[[""IEEE"",""IC81203F9D840C23D""]]","[""exclude""]",not_included,0,Unassigned,,
doi:10.1109/icc59461.2026.11587766,10.1109/icc59461.2026.11587766,1,"[""IEEE""]","[[""IEEE"",""IA327782D1D2C1892""]]","[""exclude""]",not_included,0,Unassigned,,
doi:10.1109/icc59461.2026.11587771,10.1109/icc59461.2026.11587771,1,"[""IEEE""]","[[""IEEE"",""I48DBA6A56A161678""]]","[""include""]",included,0,Unassigned,,
doi:10.1109/icca.2007.4376665,10.1109/icca.2007.4376665,1,"[""IEEE""]","[[""IEEE"",""I9DD55201FEE44482""]]","[""include""]",included,0,Unassigned,,
doi:10.1109/icca.2010.5524255,10.1109/icca.2010.5524255,1,"[""IEEE""]","[[""IEEE"",""I5BF1B48C28DCCF13""]]","[""exclude""]",not_included,0,Unassigned,,
doi:10.1109/icca.2014.6870890,10.1109/icca.2014.6870890,1,"[""IEEE""]","[[""IEEE"",""I67B59E8372F0C19E""]]","[""exclude""]",not_included,0,Unassigned,,
doi:10.1109/icca62789.2024.10591804,10.1109/icca62789.2024.10591804,1,"[""IEEE""]","[[""IEEE"",""I5CD1376F540C48EC""]]","[""exclude""]",not_included,0,Unassigned,,
doi:10.1109/icca66035.2025.11430865,10.1109/icca66035.2025.11430865,1,"[""IEEE""]","[[""IEEE"",""IBDE612B90B0CB79D""]]","[""exclude""]",not_included,0,Unassigned,,
doi:10.1109/icca66035.2025.11430893,10.1109/icca66035.2025.11430893,1,"[""IEEE""]","[[""IEEE"",""I0AE22374A49138C2""]]","[""exclude""]",not_included,0,Unassigned,,
doi:10.1109/icca66035.2025.11430968,10.1109/icca66035.2025.11430968,1,"[""IEEE""]","[[""IEEE"",""I6FA72179023A9FBF""]]","[""pending""]",not_included,1,Unassigned,,
doi:10.1109/icca66035.2025.11431093,10.1109/icca66035.2025.11431093,1,"[""IEEE""]","[[""IEEE"",""ICF14C7F707E52DBE""]]","[""include""]",included,0,Unassigned,,
doi:10.1109/iccad66269.2025.11240675,10.1109/iccad66269.2025.11240675,1,"[""IEEE""]","[[""IEEE"",""I7D91A4997FE1F425""]]","[""exclude""]",not_included,0,Unassigned,,
doi:10.1109/iccar69571.2026.11549721,10.1109/iccar69571.2026.11549721,1,"[""IEEE""]","[[""IEEE"",""I6305D32C48CE26B8""]]","[""include""]",included,0,Unassigned,,
doi:10.1109/iccas.2007.4406808,10.1109/iccas.2007.4406808,1,"[""IEEE""]","[[""IEEE"",""I2C4A5B39153D5C49""]]","[""exclude""]",not_included,0,Unassigned,,
doi:10.1109/iccas.2010.5669785,10.1109/iccas.2010.5669785,1,"[""IEEE""]","[[""IEEE"",""IEBFF828B555D3C8D""]]","[""exclude""]",not_included,0,Unassigned,,
doi:10.1109/iccas.2010.5669938,10.1109/iccas.2010.5669938,1,"[""IEEE""]","[[""IEEE"",""I3715D824F2ECF632""]]","[""exclude""]",not_included,0,Unassigned,,
doi:10.1109/iccasit66611.2025.11348693,10.1109/iccasit66611.2025.11348693,1,"[""IEEE""]","[[""IEEE"",""IAA20C57040707B3C""]]","[""exclude""]",not_included,0,Unassigned,,
doi:10.1109/iccasm.2010.5622569,10.1109/iccasm.2010.5622569,1,"[""IEEE""]","[[""IEEE"",""I3950212D55BFC948""]]","[""include""]",included,0,Unassigned,,
doi:10.1109/iccbi68589.2026.11619741,10.1109/iccbi68589.2026.11619741,1,"[""IEEE""]","[[""IEEE"",""I6BBD20F3548F9D03""]]","[""include""]",included,0,Unassigned,,
doi:10.1109/icccas.2006.284988,10.1109/icccas.2006.284988,1,"[""IEEE""]","[[""IEEE"",""I9FCCEB42DC370B34""]]","[""pending""]",not_included,1,Unassigned,,
doi:10.1109/icccbda69573.2026.11676572,10.1109/icccbda69573.2026.11676572,1,"[""IEEE""]","[[""IEEE"",""I608932DEA09B099F""]]","[""exclude""]",not_included,0,Unassigned,,
doi:10.1109/icccbda69573.2026.11676588,10.1109/icccbda69573.2026.11676588,1,"[""IEEE""]","[[""IEEE"",""ICFE6AFB35791BBDD""]]","[""exclude""]",not_included,0,Unassigned,,
doi:10.1109/iccci70321.2026.11666528,10.1109/iccci70321.2026.11666528,1,"[""IEEE""]","[[""IEEE"",""I38976FE1EB5E2433""]]","[""include""]",included,0,Unassigned,,
doi:10.1109/iccci70321.2026.11666544,10.1109/iccci70321.2026.11666544,1,"[""IEEE""]","[[""IEEE"",""I29C87A49B8F22021""]]","[""exclude""]",not_included,0,Unassigned,,
doi:10.1109/icccmla58983.2023.10346735,10.1109/icccmla58983.2023.10346735,1,"[""IEEE""]","[[""IEEE"",""I8A2B43F683B841F9""]]","[""exclude""]",not_included,0,Unassigned,,
doi:10.1109/icccmla66092.2025.11580659,10.1109/icccmla66092.2025.11580659,1,"[""IEEE""]","[[""IEEE"",""I4739D7D7323AED6E""]]","[""exclude""]",not_included,0,Unassigned,,
doi:10.1109/icccnt.2013.6726503,10.1109/icccnt.2013.6726503,1,"[""IEEE""]","[[""IEEE"",""I7D7409571FE030F5""]]","[""include""]",included,0,Unassigned,,
doi:10.1109/icccnt61001.2024.10725071,10.1109/icccnt61001.2024.10725071,1,"[""IEEE""]","[[""IEEE"",""I9A1070399DB61B5E""]]","[""include""]",included,0,Unassigned,,
doi:10.1109/iccct.2011.6075208,10.1109/iccct.2011.6075208,1,"[""IEEE""]","[[""IEEE"",""I04E1F8537D714974""]]","[""exclude""]",not_included,0,Unassigned,,
doi:10.1109/iccct.2012.65,10.1109/iccct.2012.65,1,"[""IEEE""]","[[""IEEE"",""IA8E2B10271C8F430""]]","[""include""]",included,0,Unassigned,,
doi:10.1109/icccworkshops67136.2025.11148145,10.1109/icccworkshops67136.2025.11148145,1,"[""IEEE""]","[[""IEEE"",""I63EAE956C0930ED2""]]","[""exclude""]",not_included,0,Unassigned,,
doi:10.1109/iccda.2010.5541088,10.1109/iccda.2010.5541088,1,"[""IEEE""]","[[""IEEE"",""I3F97D63F7F05795C""]]","[""include""]",included,0,Unassigned,,
doi:10.1109/iccda.2010.5541211,10.1109/iccda.2010.5541211,1,"[""IEEE""]","[[""IEEE"",""IB93FC718820285FD""]]","[""exclude""]",not_included,0,Unassigned,,
doi:10.1109/iccds64403.2025.11209174,10.1109/iccds64403.2025.11209174,1,"[""IEEE""]","[[""IEEE"",""IE308FE48FE226C9E""]]","[""exclude""]",not_included,0,Unassigned,,
doi:10.1109/icce.2000.854521,10.1109/icce.2000.854521,1,"[""IEEE""]","[[""IEEE"",""I3D24CC77C407F512""]]","[""include""]",included,0,Unassigned,,
doi:10.1109/icce.2000.854522,10.1109/icce.2000.854522,1,"[""IEEE""]","[[""IEEE"",""IA6EEF7EAAE4C5089""]]","[""include""]",included,0,Unassigned,,
doi:10.1109/icce.2001.935305,10.1109/icce.2001.935305,1,"[""IEEE""]","[[""IEEE"",""I4ABCD0C66586C011""]]","[""pending""]",not_included,1,Unassigned,,
doi:10.1109/icce67443.2026.11449867,10.1109/icce67443.2026.11449867,1,"[""IEEE""]","[[""IEEE"",""I43706F8EC52CF1A5""]]","[""include""]",included,0,Unassigned,,
doi:10.1109/iccece69169.2026.11399824,10.1109/iccece69169.2026.11399824,1,"[""IEEE""]","[[""IEEE"",""I10E28F518F669A47""]]","[""exclude""]",not_included,0,Unassigned,,
doi:10.1109/iccece69169.2026.11399829,10.1109/iccece69169.2026.11399829,1,"[""IEEE""]","[[""IEEE"",""I9E52849F82AC7806""]]","[""exclude""]",not_included,0,Unassigned,,
doi:10.1109/iccece69715.2026.11493023,10.1109/iccece69715.2026.11493023,1,"[""IEEE""]","[[""IEEE"",""I154ED778466C90C1""]]","[""include""]",included,0,Unassigned,,
doi:10.1109/icces.2007.4447027,10.1109/icces.2007.4447027,1,"[""IEEE""]","[[""IEEE"",""I61550650FB2F2C89""]]","[""include""]",included,0,Unassigned,,
doi:10.1109/icces.2012.6408525,10.1109/icces.2012.6408525,1,"[""IEEE""]","[[""IEEE"",""I3707AF54551DD654""]]","[""include""]",included,0,Unassigned,,
doi:10.1109/icces.2012.6408526,10.1109/icces.2012.6408526,1,"[""IEEE""]","[[""IEEE"",""IE0654751B85A5788""]]","[""include""]",included,0,Unassigned,,
doi:10.1109/iccet.2009.192,10.1109/iccet.2009.192,1,"[""IEEE""]","[[""IEEE"",""IFBF051100F2C38D3""]]","[""exclude""]",not_included,0,Unassigned,,
doi:10.1109/iccet.2010.5485560,10.1109/iccet.2010.5485560,1,"[""IEEE""]","[[""IEEE"",""I4D0FF10B59636AF1""]]","[""include""]",included,0,Unassigned,,
doi:10.1109/iccet70051.2026.11659006,10.1109/iccet70051.2026.11659006,1,"[""IEEE""]","[[""IEEE"",""IC24A8898A00950A4""]]","[""exclude""]",not_included,0,Unassigned,,
doi:10.1109/iccgi.2008.32,10.1109/iccgi.2008.32,1,"[""IEEE""]","[[""IEEE"",""I91EA4A93272F0CC2""]]","[""include""]",included,0,Unassigned,,
doi:10.1109/iccias.2006.294197,10.1109/iccias.2006.294197,1,"[""IEEE""]","[[""IEEE"",""I27DF2530F1033BD5""]]","[""exclude""]",not_included,0,Unassigned,,
doi:10.1109/iccias.2006.294261,10.1109/iccias.2006.294261,1,"[""IEEE""]","[[""IEEE"",""I7CF11B57F013FD18""]]","[""include""]",included,0,Unassigned,,
doi:10.1109/iccicc53683.2021.9811317,10.1109/iccicc53683.2021.9811317,1,"[""IEEE""]","[[""IEEE"",""IE6570D877B5CD347""]]","[""pending""]",not_included,1,Unassigned,,
doi:10.1109/iccids69108.2026.11407594,10.1109/iccids69108.2026.11407594,1,"[""IEEE""]","[[""IEEE"",""I006ECF6739784B42""]]","[""exclude""]",not_included,0,Unassigned,,
doi:10.1109/iccie.2009.5223973,10.1109/iccie.2009.5223973,1,"[""IEEE""]","[[""IEEE"",""I66F0519A1B13863F""]]","[""exclude""]",not_included,0,Unassigned,,
doi:10.1109/iccima.2003.1238127,10.1109/iccima.2003.1238127,1,"[""IEEE""]","[[""IEEE"",""I52C5E880D8378086""]]","[""include""]",included,0,Unassigned,,
doi:10.1109/iccima.2007.374,10.1109/iccima.2007.374,1,"[""IEEE""]","[[""IEEE"",""IC6B0FCF729F063F3""]]","[""include""]",included,0,Unassigned,,
doi:10.1109/iccis.2004.1460738,10.1109/iccis.2004.1460738,1,"[""IEEE""]","[[""IEEE"",""I705295F805AE2B18""]]","[""include""]",included,0,Unassigned,,
doi:10.1109/iccis.2004.1460757,10.1109/iccis.2004.1460757,1,"[""IEEE""]","[[""IEEE"",""I1AB98DE35D496837""]]","[""include""]",included,0,Unassigned,,
doi:10.1109/iccit.2007.343,10.1109/iccit.2007.343,1,"[""IEEE""]","[[""IEEE"",""I2A2CF5C6679791E0""]]","[""include""]",included,0,Unassigned,,
doi:10.1109/iccit.2009.156,10.1109/iccit.2009.156,1,"[""IEEE""]","[[""IEEE"",""I53E0795ADBE25970""]]","[""include""]",included,0,Unassigned,,
doi:10.1109/iccit.2010.5711027,10.1109/iccit.2010.5711027,1,"[""IEEE""]","[[""IEEE"",""I03EA670DF0C94DF2""]]","[""exclude""]",not_included,0,Unassigned,,
doi:10.1109/iccitechn.2011.6164829,10.1109/iccitechn.2011.6164829,1,"[""IEEE""]","[[""IEEE"",""IDE6C93F8257A4318""]]","[""exclude""]",not_included,0,Unassigned,,
doi:10.1109/iccitechnol.2012.6285811,10.1109/iccitechnol.2012.6285811,1,"[""IEEE""]","[[""IEEE"",""I2376DCFD02524F31""]]","[""pending""]",not_included,1,Unassigned,,
doi:10.1109/iccke.2014.6993342,10.1109/iccke.2014.6993342,1,"[""IEEE""]","[[""IEEE"",""I88788E00E2BC47D9""]]","[""include""]",included,0,Unassigned,,
doi:10.1109/iccma54375.2021.9646189,10.1109/iccma54375.2021.9646189,1,"[""IEEE""]","[[""IEEE"",""ICEA78BF6499411D5""]]","[""exclude""]",not_included,0,Unassigned,,
doi:10.1109/iccmc69250.2026.11624701,10.1109/iccmc69250.2026.11624701,1,"[""IEEE""]","[[""IEEE"",""I8DEEEEA1A8FCB7FB""]]","[""exclude""]",not_included,0,Unassigned,,
doi:10.1109/iccmc69250.2026.11625080,10.1109/iccmc69250.2026.11625080,1,"[""IEEE""]","[[""IEEE"",""I9DB93A52E66081D4""]]","[""exclude""]",not_included,0,Unassigned,,
doi:10.1109/iccms69991.2026.11642771,10.1109/iccms69991.2026.11642771,1,"[""IEEE""]","[[""IEEE"",""I0FC439F8C66079A8""]]","[""exclude""]",not_included,0,Unassigned,,
doi:10.1109/iccnmc.2003.1243042,10.1109/iccnmc.2003.1243042,1,"[""IEEE""]","[[""IEEE"",""IE18481C4D88F13F0""]]","[""exclude""]",not_included,0,Unassigned,,
doi:10.1109/iccoins.2016.7783287,10.1109/iccoins.2016.7783287,1,"[""IEEE""]","[[""IEEE"",""IC527AF7162648384""]]","[""include""]",included,0,Unassigned,,
doi:10.1109/iccp.2007.4352137,10.1109/iccp.2007.4352137,1,"[""IEEE""]","[[""IEEE"",""IDB08886C6706F4BF""]]","[""include""]",included,0,Unassigned,,
doi:10.1109/iccp.2009.5284787,10.1109/iccp.2009.5284787,1,"[""IEEE""]","[[""IEEE"",""I0EE6BC9C599DE2FE""]]","[""exclude""]",not_included,0,Unassigned,,
doi:10.1109/iccp.2011.6047853,10.1109/iccp.2011.6047853,1,"[""IEEE""]","[[""IEEE"",""I13AFC99742EEF041""]]","[""pending""]",not_included,1,Unassigned,,
doi:10.1109/iccp.2012.6356202,10.1109/iccp.2012.6356202,1,"[""IEEE""]","[[""IEEE"",""IE8EC42063E964CA6""]]","[""include""]",included,0,Unassigned,,
doi:10.1109/iccpct70290.2026.11654904,10.1109/iccpct70290.2026.11654904,1,"[""IEEE""]","[[""IEEE"",""I246B07B1989F65BB""]]","[""pending""]",not_included,1,Unassigned,,
doi:10.1109/iccps.2012.12,10.1109/iccps.2012.12,1,"[""ACM""]","[[""ACM"",""N3B408AFBE7E01E44""]]","[""exclude""]",not_included,0,Unassigned,,
doi:10.1109/iccps.2018.00016,10.1109/iccps.2018.00016,1,"[""ACM""]","[[""ACM"",""N8445CE100A050B5D""]]","[""exclude""]",not_included,0,Unassigned,,
doi:10.1109/iccrtee68719.2026.11566356,10.1109/iccrtee68719.2026.11566356,1,"[""IEEE""]","[[""IEEE"",""I7B342E290E326DA2""]]","[""exclude""]",not_included,0,Unassigned,,
doi:10.1109/iccrtee68719.2026.11566386,10.1109/iccrtee68719.2026.11566386,1,"[""IEEE""]","[[""IEEE"",""I18663DDA6ABB4093""]]","[""exclude""]",not_included,0,Unassigned,,
doi:10.1109/iccsai64074.2025.11064164,10.1109/iccsai64074.2025.11064164,1,"[""IEEE""]","[[""IEEE"",""I6C7786D959D98F42""]]","[""pending""]",not_included,1,Unassigned,,
doi:10.1109/iccsie55183.2023.10175239,10.1109/iccsie55183.2023.10175239,1,"[""IEEE""]","[[""IEEE"",""ID433CE6CF01C1111""]]","[""include""]",included,0,Unassigned,,
doi:10.1109/iccsit.2010.5563704,10.1109/iccsit.2010.5563704,1,"[""IEEE""]","[[""IEEE"",""I8C64CE2119443758""]]","[""include""]",included,0,Unassigned,,
doi:10.1109/iccsit.2010.5564953,10.1109/iccsit.2010.5564953,1,"[""IEEE""]","[[""IEEE"",""I70B44DC96DAC07A4""]]","[""include""]",included,0,Unassigned,,
doi:10.1109/iccsmt54525.2021.00101,10.1109/iccsmt54525.2021.00101,1,"[""IEEE""]","[[""IEEE"",""I285AB25F2F125575""]]","[""include""]",included,0,Unassigned,,
doi:10.1109/iccsmt54525.2021.00122,10.1109/iccsmt54525.2021.00122,1,"[""IEEE""]","[[""IEEE"",""ICB8B302AD3BD650E""]]","[""include""]",included,0,Unassigned,,
doi:10.1109/iccsn.2010.63,10.1109/iccsn.2010.63,1,"[""IEEE""]","[[""IEEE"",""I0B008DED55250B46""]]","[""include""]",included,0,Unassigned,,
doi:10.1109/iccsn.2011.6014969,10.1109/iccsn.2011.6014969,1,"[""IEEE""]","[[""IEEE"",""I5C993C7A4C07B7F5""]]","[""exclude""]",not_included,0,Unassigned,,
doi:10.1109/iccsna.2010.5588801,10.1109/iccsna.2010.5588801,1,"[""IEEE""]","[[""IEEE"",""IEBE469B84C8657C4""]]","[""exclude""]",not_included,0,Unassigned,,
doi:10.1109/iccsna.2010.5588930,10.1109/iccsna.2010.5588930,1,"[""IEEE""]","[[""IEEE"",""I26CCA1F595EAA0F3""]]","[""include""]",included,0,Unassigned,,
doi:10.1109/iccsnt.2011.6182186,10.1109/iccsnt.2011.6182186,1,"[""IEEE""]","[[""IEEE"",""I5BF54F44E744F990""]]","[""include""]",included,0,Unassigned,,
doi:10.1109/iccsnt.2011.6182274,10.1109/iccsnt.2011.6182274,1,"[""IEEE""]","[[""IEEE"",""IBBA7646807A19ED1""]]","[""include""]",included,0,Unassigned,,
doi:10.1109/iccsp68173.2026.11539403,10.1109/iccsp68173.2026.11539403,1,"[""IEEE""]","[[""IEEE"",""I02D510BC76D72B51""]]","[""exclude""]",not_included,0,Unassigned,,
doi:10.1109/iccta70480.2026.11706414,10.1109/iccta70480.2026.11706414,1,"[""IEEE""]","[[""IEEE"",""I8D30E1CAF9689746""]]","[""exclude""]",not_included,0,Unassigned,,
doi:10.1109/iccta70480.2026.11706453,10.1109/iccta70480.2026.11706453,1,"[""IEEE""]","[[""IEEE"",""I14A6192D7FA9AAAE""]]","[""exclude""]",not_included,0,Unassigned,,
doi:10.1109/icctd.2010.5646424,10.1109/icctd.2010.5646424,1,"[""IEEE""]","[[""IEEE"",""I144512443D888183""]]","[""exclude""]",not_included,0,Unassigned,,
doi:10.1109/icctwc68241.2026.11583567,10.1109/icctwc68241.2026.11583567,1,"[""IEEE""]","[[""IEEE"",""IE6BC88D6065A3337""]]","[""exclude""]",not_included,0,Unassigned,,
doi:10.1109/iccubea69821.2026.11702006,10.1109/iccubea69821.2026.11702006,1,"[""IEEE""]","[[""IEEE"",""I3B941747CB1EC611""]]","[""exclude""]",not_included,0,Unassigned,,
doi:10.1109/iccv51070.2023.00752,10.1109/iccv51070.2023.00752,1,"[""IEEE""]","[[""IEEE"",""IC8DFB7E5371F1005""]]","[""exclude""]",not_included,0,Unassigned,,
doi:10.1109/iccvbic71195.2026.11689544,10.1109/iccvbic71195.2026.11689544,1,"[""IEEE""]","[[""IEEE"",""I7623A06F607F7B2C""]]","[""exclude""]",not_included,0,Unassigned,,
doi:10.1109/iccwamtip68645.2025.11352645,10.1109/iccwamtip68645.2025.11352645,1,"[""IEEE""]","[[""IEEE"",""I042D1CBB8F9E3E56""]]","[""include""]",included,0,Unassigned,,
doi:10.1109/iccworkshops63917.2026.11586749,10.1109/iccworkshops63917.2026.11586749,1,"[""IEEE""]","[[""IEEE"",""I6B6EADF547D3EA12""]]","[""include""]",included,0,Unassigned,,
doi:10.1109/icdcs.1997.598062,10.1109/icdcs.1997.598062,1,"[""IEEE""]","[[""IEEE"",""I7867974EFE71AD57""]]","[""pending""]",not_included,1,Unassigned,,
doi:10.1109/icdcs.1998.679732,10.1109/icdcs.1998.679732,1,"[""IEEE""]","[[""IEEE"",""I5915A3EE163A8E24""]]","[""include""]",included,0,Unassigned,,
doi:10.1109/icdcs.2000.840903,10.1109/icdcs.2000.840903,1,"[""IEEE""]","[[""IEEE"",""ID468517A6B1EC987""]]","[""include""]",included,0,Unassigned,,
doi:10.1109/icdcs.2000.840916,10.1109/icdcs.2000.840916,1,"[""IEEE""]","[[""IEEE"",""I7B849D60DAEB7EDB""]]","[""exclude""]",not_included,0,Unassigned,,
doi:10.1109/icdcs.2016.12,10.1109/icdcs.2016.12,1,"[""IEEE""]","[[""IEEE"",""ID6E32C3C65642BA5""]]","[""exclude""]",not_included,0,Unassigned,,
doi:10.1109/icdcs51616.2021.00128,10.1109/icdcs51616.2021.00128,1,"[""IEEE""]","[[""IEEE"",""I7759E0C6DE7EE307""]]","[""include""]",included,0,Unassigned,,
doi:10.1109/icdcsw.2003.1203623,10.1109/icdcsw.2003.1203623,1,"[""IEEE""]","[[""IEEE"",""I0CE0EC1A46C594B4""]]","[""include""]",included,0,Unassigned,,
doi:10.1109/icdcsw.2004.1284034,10.1109/icdcsw.2004.1284034,1,"[""IEEE""]","[[""IEEE"",""IB8ABB9EB2D9D0117""]]","[""exclude""]",not_included,0,Unassigned,,
doi:10.1109/icdcsw.2004.1284036,10.1109/icdcsw.2004.1284036,1,"[""IEEE""]","[[""IEEE"",""I107B0A9D7C133953""]]","[""exclude""]",not_included,0,Unassigned,,
doi:10.1109/icdcsw.2006.55,10.1109/icdcsw.2006.55,1,"[""IEEE""]","[[""IEEE"",""IF0206A95E91A6985""]]","[""include""]",included,0,Unassigned,,
doi:10.1109/icdcsw.2015.15,10.1109/icdcsw.2015.15,1,"[""IEEE""]","[[""IEEE"",""I2FD3EFDB8A69F931""]]","[""exclude""]",not_included,0,Unassigned,,
doi:10.1109/icde.2001.914836,10.1109/icde.2001.914836,1,"[""IEEE""]","[[""IEEE"",""I4C81903981271C54""]]","[""include""]",included,0,Unassigned,,
doi:10.1109/icdh72779.2026.00045,10.1109/icdh72779.2026.00045,1,"[""IEEE""]","[[""IEEE"",""I9EC2E6448D497005""]]","[""exclude""]",not_included,0,Unassigned,,
doi:10.1109/icdim.2016.7829758,10.1109/icdim.2016.7829758,1,"[""IEEE""]","[[""IEEE"",""IF4A13248257C04D4""]]","[""exclude""]",not_included,0,Unassigned,,
doi:10.1109/icdlt66400.2025.11466602,10.1109/icdlt66400.2025.11466602,1,"[""IEEE""]","[[""IEEE"",""IA34E571879CCC31A""]]","[""include""]",included,0,Unassigned,,
doi:10.1109/icdlt66400.2025.11466653,10.1109/icdlt66400.2025.11466653,1,"[""IEEE""]","[[""IEEE"",""I954996DB542D118B""]]","[""include""]",included,0,Unassigned,,
doi:10.1109/icdm51629.2021.00086,10.1109/icdm51629.2021.00086,1,"[""IEEE""]","[[""IEEE"",""IF83770BDBBD7599B""]]","[""include""]",included,0,Unassigned,,
doi:10.1109/icdma.2011.38,10.1109/icdma.2011.38,1,"[""IEEE""]","[[""IEEE"",""I97D188EA9D6F6ADA""]]","[""include""]",included,0,Unassigned,,
doi:10.1109/icdmw.2012.34,10.1109/icdmw.2012.34,1,"[""IEEE""]","[[""IEEE"",""IB07DD64076CB0343""]]","[""include""]",included,0,Unassigned,,
doi:10.1109/icdmw.2019.00141,10.1109/icdmw.2019.00141,1,"[""IEEE""]","[[""IEEE"",""I4CB310950E0B3623""]]","[""include""]",included,0,Unassigned,,
doi:10.1109/icdmw69685.2025.00147,10.1109/icdmw69685.2025.00147,1,"[""IEEE""]","[[""IEEE"",""IB03E05A63936A9B6""]]","[""exclude""]",not_included,0,Unassigned,,
doi:10.1109/icdmw69685.2025.00206,10.1109/icdmw69685.2025.00206,1,"[""IEEE""]","[[""IEEE"",""IC159DBE5BFA97B00""]]","[""exclude""]",not_included,0,Unassigned,,
doi:10.1109/icdp.1996.864209,10.1109/icdp.1996.864209,1,"[""IEEE""]","[[""IEEE"",""IA6E6B9EAD90D240D""]]","[""pending""]",not_included,1,Unassigned,,
doi:10.1109/icdsbs69077.2026.11634997,10.1109/icdsbs69077.2026.11634997,1,"[""IEEE""]","[[""IEEE"",""I563943104A1E3D55""]]","[""exclude""]",not_included,0,Unassigned,,
doi:10.1109/icdsc.2001.918933,10.1109/icdsc.2001.918933,1,"[""IEEE""]","[[""IEEE"",""IE451A2DB25BD13CA""]]","[""exclude""]",not_included,0,Unassigned,,
doi:10.1109/icdsc.2001.918935,10.1109/icdsc.2001.918935,1,"[""IEEE""]","[[""IEEE"",""I3B4FCA033F863E41""]]","[""exclude""]",not_included,0,Unassigned,,
doi:10.1109/icdsc.2001.918942,10.1109/icdsc.2001.918942,1,"[""IEEE""]","[[""IEEE"",""I38EE3C89F11FCD20""]]","[""include""]",included,0,Unassigned,,
doi:10.1109/icdscnc62492.2024.10939862,10.1109/icdscnc62492.2024.10939862,1,"[""IEEE""]","[[""IEEE"",""I37F594829AB96658""]]","[""include""]",included,0,Unassigned,,
doi:10.1109/icdsis65355.2025.11071087,10.1109/icdsis65355.2025.11071087,1,"[""IEEE""]","[[""IEEE"",""I2A8072B94FA38B71""]]","[""exclude""]",not_included,0,Unassigned,,
doi:10.1109/icdxa61007.2024.10470915,10.1109/icdxa61007.2024.10470915,1,"[""IEEE""]","[[""IEEE"",""I2F228A323D0E4C17""]]","[""exclude""]",not_included,0,Unassigned,,
doi:10.1109/iceace63551.2024.10898588,10.1109/iceace63551.2024.10898588,1,"[""IEEE""]","[[""IEEE"",""IEDD3AE5579A8FF08""]]","[""include""]",included,0,Unassigned,,
doi:10.1109/icebe.2005.105,10.1109/icebe.2005.105,1,"[""IEEE""]","[[""IEEE"",""IE546D150392E3CDA""]]","[""include""]",included,0,Unassigned,,
doi:10.1109/icebe.2005.122,10.1109/icebe.2005.122,1,"[""IEEE""]","[[""IEEE"",""I2386FBE0A57379CE""]]","[""include""]",included,0,Unassigned,,
doi:10.1109/icebe.2005.75,10.1109/icebe.2005.75,1,"[""IEEE""]","[[""IEEE"",""I2AD05D7B4EF0E536""]]","[""exclude""]",not_included,0,Unassigned,,
doi:10.1109/icebe.2005.83,10.1109/icebe.2005.83,1,"[""IEEE""]","[[""IEEE"",""ID97010C8DBDCCDB7""]]","[""include""]",included,0,Unassigned,,
doi:10.1109/icebe.2007.129,10.1109/icebe.2007.129,1,"[""IEEE""]","[[""IEEE"",""IA2FA1B011A6153FE""]]","[""exclude""]",not_included,0,Unassigned,,
doi:10.1109/icebe.2007.89,10.1109/icebe.2007.89,1,"[""IEEE""]","[[""IEEE"",""I76AD12C080559862""]]","[""pending""]",not_included,1,Unassigned,,
doi:10.1109/icebe.2007.93,10.1109/icebe.2007.93,1,"[""IEEE""]","[[""IEEE"",""IA56B9001DE48972A""]]","[""exclude""]",not_included,0,Unassigned,,
doi:10.1109/icebe.2008.67,10.1109/icebe.2008.67,1,"[""IEEE""]","[[""IEEE"",""ID031AD468E7A4992""]]","[""exclude""]",not_included,0,Unassigned,,
doi:10.1109/icebe.2008.85,10.1109/icebe.2008.85,1,"[""IEEE""]","[[""IEEE"",""IB0BF2132346A7CAD""]]","[""pending""]",not_included,1,Unassigned,,
doi:10.1109/icebe.2009.17,10.1109/icebe.2009.17,1,"[""IEEE""]","[[""IEEE"",""ID87CBE44CFE6D249""]]","[""include""]",included,0,Unassigned,,
doi:10.1109/icebe.2009.18,10.1109/icebe.2009.18,1,"[""IEEE""]","[[""IEEE"",""I23C5F6121A815B05""]]","[""include""]",included,0,Unassigned,,
doi:10.1109/icebe.2009.58,10.1109/icebe.2009.58,1,"[""IEEE""]","[[""IEEE"",""IACF7F244D5113D3C""]]","[""include""]",included,0,Unassigned,,
doi:10.1109/icebe.2009.87,10.1109/icebe.2009.87,1,"[""IEEE""]","[[""IEEE"",""I548F4827B9734014""]]","[""exclude""]",not_included,0,Unassigned,,
doi:10.1109/icebe.2013.3,10.1109/icebe.2013.3,1,"[""IEEE""]","[[""IEEE"",""IF9DDDFDEC5122B76""]]","[""exclude""]",not_included,0,Unassigned,,
doi:10.1109/icebe.2013.44,10.1109/icebe.2013.44,1,"[""IEEE""]","[[""IEEE"",""IE49EC2435AE24D0F""]]","[""exclude""]",not_included,0,Unassigned,,
doi:10.1109/icebe.2013.8,10.1109/icebe.2013.8,1,"[""IEEE""]","[[""IEEE"",""I2B4E212F32D71614""]]","[""include""]",included,0,Unassigned,,
doi:10.1109/icebe.2017.4,10.1109/icebe.2017.4,1,"[""IEEE""]","[[""IEEE"",""IDF8E6A674E1572B0""]]","[""exclude""]",not_included,0,Unassigned,,
doi:10.1109/icebeg.2011.5881340,10.1109/icebeg.2011.5881340,1,"[""IEEE""]","[[""IEEE"",""IB4273115AD0A4A12""]]","[""include""]",included,0,Unassigned,,
doi:10.1109/icebeg.2011.5881656,10.1109/icebeg.2011.5881656,1,"[""IEEE""]","[[""IEEE"",""I6AAF978B8A0F3284""]]","[""exclude""]",not_included,0,Unassigned,,
doi:10.1109/icebeg.2011.5887227,10.1109/icebeg.2011.5887227,1,"[""IEEE""]","[[""IEEE"",""I118E7D19007F2AA9""]]","[""exclude""]",not_included,0,Unassigned,,
doi:10.1109/icecer65523.2025.11401133,10.1109/icecer65523.2025.11401133,1,"[""IEEE""]","[[""IEEE"",""I924B6000B6DE6427""]]","[""include""]",included,0,Unassigned,,
doi:10.1109/icecet65726.2026.11632299,10.1109/icecet65726.2026.11632299,1,"[""IEEE""]","[[""IEEE"",""IC14BA8F7C88AFBC2""]]","[""include""]",included,0,Unassigned,,
doi:10.1109/icecet65726.2026.11633116,10.1109/icecet65726.2026.11633116,1,"[""IEEE""]","[[""IEEE"",""ID20043E4652D15C5""]]","[""include""]",included,0,Unassigned,,
doi:10.1109/icect.2004.1319715,10.1109/icect.2004.1319715,1,"[""IEEE""]","[[""IEEE"",""I1C9E07CA1535E92D""]]","[""exclude""]",not_included,0,Unassigned,,
doi:10.1109/icect.2004.1319724,10.1109/icect.2004.1319724,1,"[""IEEE""]","[[""IEEE"",""IB54073B97CB67DBF""]]","[""exclude""]",not_included,0,Unassigned,,
doi:10.1109/icect.2004.1319735,10.1109/icect.2004.1319735,1,"[""IEEE""]","[[""IEEE"",""IF875BE91D9AB9A80""]]","[""pending""]",not_included,1,Unassigned,,
doi:10.1109/icect.2004.1319737,10.1109/icect.2004.1319737,1,"[""IEEE""]","[[""IEEE"",""IC4A87072ACB404B7""]]","[""include""]",included,0,Unassigned,,
doi:10.1109/icect.2004.1319738,10.1109/icect.2004.1319738,1,"[""IEEE""]","[[""IEEE"",""I9F33F7568C50A2ED""]]","[""include""]",included,0,Unassigned,,
doi:10.1109/icect.2004.1319740,10.1109/icect.2004.1319740,1,"[""IEEE""]","[[""IEEE"",""IB0D40D42705BD512""]]","[""include""]",included,0,Unassigned,,
doi:10.1109/icect.2005.15,10.1109/icect.2005.15,1,"[""IEEE""]","[[""IEEE"",""ICF2D8A25CA8BB2A4""]]","[""include""]",included,0,Unassigned,,
doi:10.1109/icect.2005.77,10.1109/icect.2005.77,1,"[""IEEE""]","[[""IEEE"",""I8C8A49545FB108AE""]]","[""exclude""]",not_included,0,Unassigned,,
doi:10.1109/icect.2005.96,10.1109/icect.2005.96,1,"[""IEEE""]","[[""IEEE"",""I466E91A8416FF12E""]]","[""include""]",included,0,Unassigned,,
doi:10.1109/icect.2009.78,10.1109/icect.2009.78,1,"[""IEEE""]","[[""IEEE"",""I3319291D85CDA1B0""]]","[""include""]",included,0,Unassigned,,
doi:10.1109/icee.2010.104,10.1109/icee.2010.104,1,"[""IEEE""]","[[""IEEE"",""I976751BAB540501C""]]","[""include""]",included,0,Unassigned,,
doi:10.1109/icee.2010.529,10.1109/icee.2010.529,1,"[""IEEE""]","[[""IEEE"",""I79843B4421E98EEA""]]","[""include""]",included,0,Unassigned,,
doi:10.1109/icee.2010.548,10.1109/icee.2010.548,1,"[""IEEE""]","[[""IEEE"",""IB4B14BB2DD600EB3""]]","[""exclude""]",not_included,0,Unassigned,,
doi:10.1109/icee.2010.640,10.1109/icee.2010.640,1,"[""IEEE""]","[[""IEEE"",""I4AD5EFB55B1D9A63""]]","[""include""]",included,0,Unassigned,,
doi:10.1109/icee.2010.880,10.1109/icee.2010.880,1,"[""IEEE""]","[[""IEEE"",""I8C94D558772FFFC0""]]","[""exclude""]",not_included,0,Unassigned,,
doi:10.1109/icee52715.2021.9544467,10.1109/icee52715.2021.9544467,1,"[""IEEE""]","[[""IEEE"",""I18803E73741C2F7C""]]","[""include""]",included,0,Unassigned,,
doi:10.1109/icee59167.2023.10334752,10.1109/icee59167.2023.10334752,1,"[""IEEE""]","[[""IEEE"",""I59067E78CEC879B0""]]","[""include""]",included,0,Unassigned,,
doi:10.1109/iceee.2010.5661111,10.1109/iceee.2010.5661111,1,"[""IEEE""]","[[""IEEE"",""ICD7D86B721D2F6A7""]]","[""exclude""]",not_included,0,Unassigned,,
doi:10.1109/iceei.2009.5254723,10.1109/iceei.2009.5254723,1,"[""IEEE""]","[[""IEEE"",""I651F7297BE113616""]]","[""include""]",included,0,Unassigned,,
doi:10.1109/iceei.2011.6021624,10.1109/iceei.2011.6021624,1,"[""IEEE""]","[[""IEEE"",""I1CC553F734B81711""]]","[""include""]",included,0,Unassigned,,
doi:10.1109/iceeps70377.2026.11662725,10.1109/iceeps70377.2026.11662725,1,"[""IEEE""]","[[""IEEE"",""I826E49AB3D3A9713""]]","[""exclude""]",not_included,0,Unassigned,,
doi:10.1109/icei.2017.57,10.1109/icei.2017.57,1,"[""IEEE""]","[[""IEEE"",""IEBC16E05BA0CDBDA""]]","[""exclude""]",not_included,0,Unassigned,,
doi:10.1109/iceie.2010.5559883,10.1109/iceie.2010.5559883,1,"[""IEEE""]","[[""IEEE"",""IAD0E5B02F52B9935""]]","[""exclude""]",not_included,0,Unassigned,,
doi:10.1109/icemcsi67638.2026.11603148,10.1109/icemcsi67638.2026.11603148,1,"[""IEEE""]","[[""IEEE"",""I8571A9BEEB21EE89""]]","[""exclude""]",not_included,0,Unassigned,,
doi:10.1109/icemcsi67638.2026.11603224,10.1109/icemcsi67638.2026.11603224,1,"[""IEEE""]","[[""IEEE"",""I9E2BD70BFEB1BA4E""]]","[""exclude""]",not_included,0,Unassigned,,
doi:10.1109/icemis.2016.7745371,10.1109/icemis.2016.7745371,1,"[""IEEE""]","[[""IEEE"",""I18D07CEB3A97513C""]]","[""exclude""]",not_included,0,Unassigned,,
doi:10.1109/icesic67389.2026.11496512,10.1109/icesic67389.2026.11496512,1,"[""IEEE""]","[[""IEEE"",""ICCD0AF17025D27CE""]]","[""include""]",included,0,Unassigned,,
doi:10.1109/icest71230.2026.11623576,10.1109/icest71230.2026.11623576,1,"[""IEEE""]","[[""IEEE"",""I619F926E7F27B2BA""]]","[""exclude""]",not_included,0,Unassigned,,
doi:10.1109/icet.2006.336009,10.1109/icet.2006.336009,1,"[""IEEE""]","[[""IEEE"",""I337C5CBA770408DE""]]","[""exclude""]",not_included,0,Unassigned,,
doi:10.1109/icet63392.2024.10935187,10.1109/icet63392.2024.10935187,1,"[""IEEE""]","[[""IEEE"",""IF2403F8519D55AEC""]]","[""exclude""]",not_included,0,Unassigned,,
doi:10.1109/iceta.2012.6418298,10.1109/iceta.2012.6418298,1,"[""IEEE""]","[[""IEEE"",""IB6B8250ABC0A603F""]]","[""include""]",included,0,Unassigned,,
doi:10.1109/icetc.2010.5529293,10.1109/icetc.2010.5529293,1,"[""IEEE""]","[[""IEEE"",""I562EB885D94EE6B0""]]","[""include""]",included,0,Unassigned,,
doi:10.1109/icetc.2010.5529654,10.1109/icetc.2010.5529654,1,"[""IEEE""]","[[""IEEE"",""IF38CEC634DE794FD""]]","[""exclude""]",not_included,0,Unassigned,,
doi:10.1109/iceteeem.2012.6494504,10.1109/iceteeem.2012.6494504,1,"[""IEEE""]","[[""IEEE"",""I7096C16CC6A450CD""]]","[""exclude""]",not_included,0,Unassigned,,
doi:10.1109/icetets.2016.7603011,10.1109/icetets.2016.7603011,1,"[""IEEE""]","[[""IEEE"",""I3AE5E6AA72A4A971""]]","[""include""]",included,0,Unassigned,,
doi:10.1109/icetics69505.2026.11651315,10.1109/icetics69505.2026.11651315,1,"[""IEEE""]","[[""IEEE"",""I9F0589ACD5FB1494""]]","[""include""]",included,0,Unassigned,,
doi:10.1109/icetis70504.2026.11633376,10.1109/icetis70504.2026.11633376,1,"[""IEEE""]","[[""IEEE"",""I9F72978390A86B2D""]]","[""exclude""]",not_included,0,Unassigned,,
doi:10.1109/icfcc.2010.5497365,10.1109/icfcc.2010.5497365,1,"[""IEEE""]","[[""IEEE"",""IF6F3BDF06CB08BA4""]]","[""include""]",included,0,Unassigned,,
doi:10.1109/icfem.1998.730570,10.1109/icfem.1998.730570,1,"[""IEEE""]","[[""IEEE"",""I9281586BA2622F96""]]","[""exclude""]",not_included,0,Unassigned,,
doi:10.1109/icgec.2010.111,10.1109/icgec.2010.111,1,"[""IEEE""]","[[""IEEE"",""I3259268DCDD5CBBE""]]","[""include""]",included,0,Unassigned,,
doi:10.1109/ichis.2004.43,10.1109/ichis.2004.43,1,"[""IEEE""]","[[""IEEE"",""I59E3F60209C9558A""]]","[""exclude""]",not_included,0,Unassigned,,
doi:10.1109/ichit.2006.253494,10.1109/ichit.2006.253494,1,"[""IEEE""]","[[""IEEE"",""I560B753A0E24F0A2""]]","[""exclude""]",not_included,0,Unassigned,,
doi:10.1109/ichit.2006.253518,10.1109/ichit.2006.253518,1,"[""IEEE""]","[[""IEEE"",""I0B59B73218921826""]]","[""exclude""]",not_included,0,Unassigned,,
doi:10.1109/ichms59971.2024.10555716,10.1109/ichms59971.2024.10555716,1,"[""IEEE""]","[[""IEEE"",""I5EBC7C20268D1F78""]]","[""exclude""]",not_included,0,Unassigned,,
doi:10.1109/ichms69701.2026.11602360,10.1109/ichms69701.2026.11602360,1,"[""IEEE""]","[[""IEEE"",""IF70F966D14F48FFD""]]","[""exclude""]",not_included,0,Unassigned,,
doi:10.1109/ichora65333.2025.11017052,10.1109/ichora65333.2025.11017052,1,"[""IEEE""]","[[""IEEE"",""IBCAF666CB865FC3F""]]","[""include""]",included,0,Unassigned,,
doi:10.1109/ichora69329.2026.11537091,10.1109/ichora69329.2026.11537091,1,"[""IEEE""]","[[""IEEE"",""IA1F959923972A953""]]","[""exclude""]",not_included,0,Unassigned,,
doi:10.1109/iciba50161.2020.9277188,10.1109/iciba50161.2020.9277188,1,"[""IEEE""]","[[""IEEE"",""ICE2E4C3D9C253543""]]","[""exclude""]",not_included,0,Unassigned,,
doi:10.1109/iciba68339.2026.11651809,10.1109/iciba68339.2026.11651809,1,"[""IEEE""]","[[""IEEE"",""IBBD81A8917DC379B""]]","[""exclude""]",not_included,0,Unassigned,,
doi:10.1109/icic68258.2025.11413209,10.1109/icic68258.2025.11413209,1,"[""IEEE""]","[[""IEEE"",""I8A469BEC00DBB755""]]","[""include""]",included,0,Unassigned,,
doi:10.1109/icicacs68679.2026.11578909,10.1109/icicacs68679.2026.11578909,1,"[""IEEE""]","[[""IEEE"",""I6714B1398A850D28""]]","[""exclude""]",not_included,0,Unassigned,,
doi:10.1109/iciccs67901.2026.11502805,10.1109/iciccs67901.2026.11502805,1,"[""IEEE""]","[[""IEEE"",""IF2B2F3186C507F5D""]]","[""exclude""]",not_included,0,Unassigned,,
doi:10.1109/icicds70526.2026.11604962,10.1109/icicds70526.2026.11604962,1,"[""IEEE""]","[[""IEEE"",""ID73A9807D6648D2B""]]","[""include""]",included,0,Unassigned,,
doi:10.1109/icices.2014.7033963,10.1109/icices.2014.7033963,1,"[""IEEE""]","[[""IEEE"",""I169F19EAF7BA552E""]]","[""exclude""]",not_included,0,Unassigned,,
doi:10.1109/icici65870.2025.11069802,10.1109/icici65870.2025.11069802,1,"[""IEEE""]","[[""IEEE"",""ICDC35176D9A12212""]]","[""exclude""]",not_included,0,Unassigned,,
doi:10.1109/icici68773.2026.11580474,10.1109/icici68773.2026.11580474,1,"[""IEEE""]","[[""IEEE"",""I3E8F14F840378A7D""]]","[""include""]",included,0,Unassigned,,
doi:10.1109/icici68867.2026.11564919,10.1109/icici68867.2026.11564919,1,"[""IEEE""]","[[""IEEE"",""I3323018BC1513E4F""]]","[""exclude""]",not_included,0,Unassigned,,
doi:10.1109/icicic.2007.122,10.1109/icicic.2007.122,1,"[""IEEE""]","[[""IEEE"",""I4BE8E4D2563F2E92""]]","[""include""]",included,0,Unassigned,,
doi:10.1109/icicic.2007.509,10.1109/icicic.2007.509,1,"[""IEEE""]","[[""IEEE"",""I0DD176153D71C532""]]","[""exclude""]",not_included,0,Unassigned,,
doi:10.1109/icicip.2010.5564316,10.1109/icicip.2010.5564316,1,"[""IEEE""]","[[""IEEE"",""I00B8D85D3DD83177""]]","[""exclude""]",not_included,0,Unassigned,,
doi:10.1109/icicip.2012.6391559,10.1109/icicip.2012.6391559,1,"[""IEEE""]","[[""IEEE"",""I060545B474B58399""]]","[""include""]",included,0,Unassigned,,
doi:10.1109/icicisys.2009.5357949,10.1109/icicisys.2009.5357949,1,"[""IEEE""]","[[""IEEE"",""IE09C2630C65AEC98""]]","[""exclude""]",not_included,0,Unassigned,,
doi:10.1109/icicisys.2009.5358035,10.1109/icicisys.2009.5358035,1,"[""IEEE""]","[[""IEEE"",""IB78EEB265336AFA7""]]","[""include""]",included,0,Unassigned,,
doi:10.1109/icicnis66685.2025.11315747,10.1109/icicnis66685.2025.11315747,1,"[""IEEE""]","[[""IEEE"",""I1823957CD6C67B5B""]]","[""exclude""]",not_included,0,Unassigned,,
doi:10.1109/icicse58435.2023.10212072,10.1109/icicse58435.2023.10212072,1,"[""IEEE""]","[[""IEEE"",""IA274B3B6F4C4C463""]]","[""exclude""]",not_included,0,Unassigned,,
doi:10.1109/icicta.2008.483,10.1109/icicta.2008.483,1,"[""IEEE""]","[[""IEEE"",""IDC13F09F6727CABA""]]","[""exclude""]",not_included,0,Unassigned,,
doi:10.1109/icicta.2008.96,10.1109/icicta.2008.96,1,"[""IEEE""]","[[""IEEE"",""I2E7C48C545C94E76""]]","[""exclude""]",not_included,0,Unassigned,,
doi:10.1109/icicta.2009.713,10.1109/icicta.2009.713,1,"[""IEEE""]","[[""IEEE"",""I6C7C1F62705AD21D""]]","[""include""]",included,0,Unassigned,,
doi:10.1109/icicta.2014.125,10.1109/icicta.2014.125,1,"[""IEEE""]","[[""IEEE"",""I991D106C55DCB229""]]","[""include""]",included,0,Unassigned,,
doi:10.1109/icicta49267.2019.00121,10.1109/icicta49267.2019.00121,1,"[""IEEE""]","[[""IEEE"",""I2D81091FBF0226CD""]]","[""exclude""]",not_included,0,Unassigned,,
doi:10.1109/icidml69845.2025.00031,10.1109/icidml69845.2025.00031,1,"[""IEEE""]","[[""IEEE"",""IA21AF882852A9A28""]]","[""exclude""]",not_included,0,Unassigned,,
doi:10.1109/icie.2009.65,10.1109/icie.2009.65,1,"[""IEEE""]","[[""IEEE"",""I43DC504D7473AA61""]]","[""exclude""]",not_included,0,Unassigned,,
doi:10.1109/iciea.2006.257325,10.1109/iciea.2006.257325,1,"[""IEEE""]","[[""IEEE"",""I419EFCBC72907ECB""]]","[""exclude""]",not_included,0,Unassigned,,
doi:10.1109/iciea.2007.4318837,10.1109/iciea.2007.4318837,1,"[""IEEE""]","[[""IEEE"",""IDDD45C04BD73F729""]]","[""exclude""]",not_included,0,Unassigned,,
doi:10.1109/iciea.2007.4318860,10.1109/iciea.2007.4318860,1,"[""IEEE""]","[[""IEEE"",""I2DDA934B1B2EC657""]]","[""exclude""]",not_included,0,Unassigned,,
doi:10.1109/iciea.2009.5138539,10.1109/iciea.2009.5138539,1,"[""IEEE""]","[[""IEEE"",""IEC076D5E2B25DC0F""]]","[""exclude""]",not_included,0,Unassigned,,
doi:10.1109/iciea.2013.6566347,10.1109/iciea.2013.6566347,1,"[""IEEE""]","[[""IEEE"",""I16180A0E45728AA2""]]","[""exclude""]",not_included,0,Unassigned,,
doi:10.1109/iciea54703.2022.10006023,10.1109/iciea54703.2022.10006023,1,"[""IEEE""]","[[""IEEE"",""I137D57C6BEB1D34B""]]","[""exclude""]",not_included,0,Unassigned,,
doi:10.1109/icieem.2009.5344275,10.1109/icieem.2009.5344275,1,"[""IEEE""]","[[""IEEE"",""IDEE00431072ED15F""]]","[""include""]",included,0,Unassigned,,
doi:10.1109/iciev.2016.7760170,10.1109/iciev.2016.7760170,1,"[""IEEE""]","[[""IEEE"",""I23E8934EEE371713""]]","[""include""]",included,0,Unassigned,,
doi:10.1109/icife.2009.43,10.1109/icife.2009.43,1,"[""IEEE""]","[[""IEEE"",""IC7ADE3241B484DBA""]]","[""exclude""]",not_included,0,Unassigned,,
doi:10.1109/icife.2010.5609456,10.1109/icife.2010.5609456,1,"[""IEEE""]","[[""IEEE"",""I86948566E9634F8D""]]","[""include""]",included,0,Unassigned,,
doi:10.1109/icih67754.2025.11608523,10.1109/icih67754.2025.11608523,1,"[""IEEE""]","[[""IEEE"",""I9EEF885081CB8EFA""]]","[""include""]",included,0,Unassigned,,
doi:10.1109/icii.2001.982997,10.1109/icii.2001.982997,1,"[""IEEE""]","[[""IEEE"",""I9E5CF5B3D914EA4B""]]","[""include""]",included,0,Unassigned,,
doi:10.1109/icii.2001.983062,10.1109/icii.2001.983062,1,"[""IEEE""]","[[""IEEE"",""I75771A63C0DC6203""]]","[""include""]",included,0,Unassigned,,
doi:10.1109/icii.2001.983520,10.1109/icii.2001.983520,1,"[""IEEE""]","[[""IEEE"",""I83CC6FC62E76DA26""]]","[""include""]",included,0,Unassigned,,
doi:10.1109/icii.2001.983524,10.1109/icii.2001.983524,1,"[""IEEE""]","[[""IEEE"",""IC7E58BA9ED69FE4D""]]","[""include""]",included,0,Unassigned,,
doi:10.1109/iciice69672.2026.11565502,10.1109/iciice69672.2026.11565502,1,"[""IEEE""]","[[""IEEE"",""IAD47AEF91F7A77E7""]]","[""include""]",included,0,Unassigned,,
doi:10.1109/iciics63763.2024.10859369,10.1109/iciics63763.2024.10859369,1,"[""IEEE""]","[[""IEEE"",""I4D79BDCBC5D00DCC""]]","[""include""]",included,0,Unassigned,,
doi:10.1109/iciics67880.2026.11483580,10.1109/iciics67880.2026.11483580,1,"[""IEEE""]","[[""IEEE"",""ID5E58A3D641C23CA""]]","[""exclude""]",not_included,0,Unassigned,,
doi:10.1109/iciii.2009.460,10.1109/iciii.2009.460,1,"[""IEEE""]","[[""IEEE"",""IA8FB17893F05DF16""]]","[""exclude""]",not_included,0,Unassigned,,
doi:10.1109/iciii.2010.298,10.1109/iciii.2010.298,1,"[""IEEE""]","[[""IEEE"",""I896D4C035022AB65""]]","[""exclude""]",not_included,0,Unassigned,,
doi:10.1109/iciii.2010.574,10.1109/iciii.2010.574,1,"[""IEEE""]","[[""IEEE"",""I40131F6ABD31B15B""]]","[""exclude""]",not_included,0,Unassigned,,
doi:10.1109/iciii.2011.122,10.1109/iciii.2011.122,1,"[""IEEE""]","[[""IEEE"",""IA30F6CA951680F15""]]","[""include""]",included,0,Unassigned,,
doi:10.1109/iciii.2012.6339842,10.1109/iciii.2012.6339842,1,"[""IEEE""]","[[""IEEE"",""IBBDE8A9DE2D50536""]]","[""exclude""]",not_included,0,Unassigned,,
doi:10.1109/icime.2009.77,10.1109/icime.2009.77,1,"[""IEEE""]","[[""IEEE"",""I98B8E04AF5BCECA0""]]","[""include""]",included,0,Unassigned,,
doi:10.1109/icime.2010.5477873,10.1109/icime.2010.5477873,1,"[""IEEE""]","[[""IEEE"",""IFF7458A1534CECDD""]]","[""include""]",included,0,Unassigned,,
doi:10.1109/icimia67127.2025.11200892,10.1109/icimia67127.2025.11200892,1,"[""IEEE""]","[[""IEEE"",""I3AE2B61B5CA2DCB1""]]","[""exclude""]",not_included,0,Unassigned,,
doi:10.1109/icimp.2007.36,10.1109/icimp.2007.36,1,"[""IEEE""]","[[""IEEE"",""I974A59DCCAFB5B9A""]]","[""pending""]",not_included,1,Unassigned,,
doi:10.1109/icimtech.2016.7930343,10.1109/icimtech.2016.7930343,1,"[""IEEE""]","[[""IEEE"",""I1AB478F8A6BF4D1C""]]","[""exclude""]",not_included,0,Unassigned,,
doi:10.1109/icimtech202671078.2026.11699008,10.1109/icimtech202671078.2026.11699008,1,"[""IEEE""]","[[""IEEE"",""I0FF1C08E7B70FCC9""]]","[""exclude""]",not_included,0,Unassigned,,
doi:10.1109/icimtech55957.2022.9915179,10.1109/icimtech55957.2022.9915179,1,"[""IEEE""]","[[""IEEE"",""I8FD4D4D1B339C59C""]]","[""exclude""]",not_included,0,Unassigned,,
doi:10.1109/icin69025.2026.11481799,10.1109/icin69025.2026.11481799,1,"[""IEEE""]","[[""IEEE"",""I3E2C0F51F779F74B""]]","[""exclude""]",not_included,0,Unassigned,,
doi:10.1109/icin69025.2026.11481801,10.1109/icin69025.2026.11481801,1,"[""IEEE""]","[[""IEEE"",""I16A5608A132967F2""]]","[""include""]",included,0,Unassigned,,
doi:10.1109/icin69025.2026.11481802,10.1109/icin69025.2026.11481802,1,"[""IEEE""]","[[""IEEE"",""I566BF9759AACF850""]]","[""exclude""]",not_included,0,Unassigned,,
doi:10.1109/icipcn67432.2026.11438950,10.1109/icipcn67432.2026.11438950,1,"[""IEEE""]","[[""IEEE"",""I667A97024A562E18""]]","[""exclude""]",not_included,0,Unassigned,,
doi:10.1109/iciptm59628.2024.10563528,10.1109/iciptm59628.2024.10563528,1,"[""IEEE""]","[[""IEEE"",""ID80379C32D862CCB""]]","[""exclude""]",not_included,0,Unassigned,,
doi:10.1109/icir70631.2026.11628389,10.1109/icir70631.2026.11628389,1,"[""IEEE""]","[[""IEEE"",""I2DED5232B6EF8E4D""]]","[""exclude""]",not_included,0,Unassigned,,
doi:10.1109/icirca69024.2026.11570293,10.1109/icirca69024.2026.11570293,1,"[""IEEE""]","[[""IEEE"",""IF778BBE016909BCF""]]","[""exclude""]",not_included,0,Unassigned,,
doi:10.1109/icis-comsar.2006.84,10.1109/icis-comsar.2006.84,1,"[""IEEE""]","[[""IEEE"",""IDA17F413E05173F5""]]","[""include""]",included,0,Unassigned,,
doi:10.1109/icis.2005.65,10.1109/icis.2005.65,1,"[""IEEE""]","[[""IEEE"",""I5D2F42A60C79D836""]]","[""exclude""]",not_included,0,Unassigned,,
doi:10.1109/icis.2007.6,10.1109/icis.2007.6,1,"[""IEEE""]","[[""IEEE"",""I75BEB8C15DF1F463""]]","[""exclude""]",not_included,0,Unassigned,,
doi:10.1109/icis.2007.90,10.1109/icis.2007.90,1,"[""IEEE""]","[[""IEEE"",""I01C905453A57DBA5""]]","[""pending""]",not_included,1,Unassigned,,
doi:10.1109/icis.2008.120,10.1109/icis.2008.120,1,"[""IEEE""]","[[""IEEE"",""IBCA8B53E7D0FACC8""]]","[""exclude""]",not_included,0,Unassigned,,
doi:10.1109/icis.2010.1,10.1109/icis.2010.1,1,"[""IEEE""]","[[""IEEE"",""IE48CB4C2003CAFAD""]]","[""exclude""]",not_included,0,Unassigned,,
doi:10.1109/icis.2010.106,10.1109/icis.2010.106,1,"[""IEEE""]","[[""IEEE"",""I31C0CB76605D7608""]]","[""include""]",included,0,Unassigned,,
doi:10.1109/icis.2011.32,10.1109/icis.2011.32,1,"[""IEEE""]","[[""IEEE"",""IA1F472D32DEC0ABB""]]","[""include""]",included,0,Unassigned,,
doi:10.1109/icis.2015.7166554,10.1109/icis.2015.7166554,1,"[""IEEE""]","[[""IEEE"",""I00A44255124CAE7C""]]","[""exclude""]",not_included,0,Unassigned,,
doi:10.1109/icisa.2011.5772356,10.1109/icisa.2011.5772356,1,"[""IEEE""]","[[""IEEE"",""IF64EEC2251239CAF""]]","[""include""]",included,0,Unassigned,,
doi:10.1109/icisct49550.2020.9080024,10.1109/icisct49550.2020.9080024,1,"[""IEEE""]","[[""IEEE"",""I3A21F26D7AE0A189""]]","[""exclude""]",not_included,0,Unassigned,,
doi:10.1109/icise.2009.437,10.1109/icise.2009.437,1,"[""IEEE""]","[[""IEEE"",""IC7DFFF7C0448D38A""]]","[""include""]",included,0,Unassigned,,
doi:10.1109/icise.2009.525,10.1109/icise.2009.525,1,"[""IEEE""]","[[""IEEE"",""IAFA0C5444C4268D5""]]","[""include""]",included,0,Unassigned,,
doi:10.1109/icise.2010.5688986,10.1109/icise.2010.5688986,1,"[""IEEE""]","[[""IEEE"",""IC97ADFAB7A99CFF1""]]","[""exclude""]",not_included,0,Unassigned,,
doi:10.1109/iciss63372.2025.11076372,10.1109/iciss63372.2025.11076372,1,"[""IEEE""]","[[""IEEE"",""I4B9B5491B1F35306""]]","[""exclude""]",not_included,0,Unassigned,,
doi:10.1109/iciss66954.2025.11389277,10.1109/iciss66954.2025.11389277,1,"[""IEEE""]","[[""IEEE"",""I268B2AA9AAF56678""]]","[""exclude""]",not_included,0,Unassigned,,
doi:10.1109/icit.2007.11,10.1109/icit.2007.11,1,"[""IEEE""]","[[""IEEE"",""I522E073DFA5E0006""]]","[""include""]",included,0,Unassigned,,
doi:10.1109/icit.2007.31,10.1109/icit.2007.31,1,"[""IEEE""]","[[""IEEE"",""ICFD98C70751B630C""]]","[""exclude""]",not_included,0,Unassigned,,
doi:10.1109/icit.2018.8352331,10.1109/icit.2018.8352331,1,"[""IEEE""]","[[""IEEE"",""IB356F7BFFA8427DC""]]","[""exclude""]",not_included,0,Unassigned,,
doi:10.1109/icit64950.2025.11049241,10.1109/icit64950.2025.11049241,1,"[""IEEE""]","[[""IEEE"",""IDBFF42E84848F80E""]]","[""exclude""]",not_included,0,Unassigned,,
doi:10.1109/icita.2005.248,10.1109/icita.2005.248,1,"[""IEEE""]","[[""IEEE"",""I0E72164ABF7534F9""]]","[""exclude""]",not_included,0,Unassigned,,
doi:10.1109/icitbs.2018.00105,10.1109/icitbs.2018.00105,1,"[""IEEE""]","[[""IEEE"",""I53741D7FFEC5E3F2""]]","[""include""]",included,0,Unassigned,,
doi:10.1109/icitcs.2014.7021731,10.1109/icitcs.2014.7021731,1,"[""IEEE""]","[[""IEEE"",""ID806213CA0117C76""]]","[""include""]",included,0,Unassigned,,
doi:10.1109/icite.2016.7581306,10.1109/icite.2016.7581306,1,"[""IEEE""]","[[""IEEE"",""IDE8A838CC7CAD1AD""]]","[""exclude""]",not_included,0,Unassigned,,
doi:10.1109/iciteics64870.2025.11341179,10.1109/iciteics64870.2025.11341179,1,"[""IEEE""]","[[""IEEE"",""IE33B27D12D7FE9A5""]]","[""exclude""]",not_included,0,Unassigned,,
doi:10.1109/icitiit68860.2026.11499660,10.1109/icitiit68860.2026.11499660,1,"[""IEEE""]","[[""IEEE"",""ID09761B26A176738""]]","[""exclude""]",not_included,0,Unassigned,,
doi:10.1109/iciw.2007.52,10.1109/iciw.2007.52,1,"[""IEEE""]","[[""IEEE"",""I3F5954328B1D3152""]]","[""pending""]",not_included,1,Unassigned,,
doi:10.1109/ickea.2017.8169932,10.1109/ickea.2017.8169932,1,"[""IEEE""]","[[""IEEE"",""I40002E9006AA5D50""]]","[""exclude""]",not_included,0,Unassigned,,
doi:10.1109/ickecs70176.2026.11527947,10.1109/ickecs70176.2026.11527947,1,"[""IEEE""]","[[""IEEE"",""I4F3F60DDEF30D00B""]]","[""exclude""]",not_included,0,Unassigned,,
doi:10.1109/icma69663.2026.11647594,10.1109/icma69663.2026.11647594,1,"[""IEEE""]","[[""IEEE"",""I20AFD7849C9A3731""]]","[""exclude""]",not_included,0,Unassigned,,
doi:10.1109/icmas.1998.699024,10.1109/icmas.1998.699024,1,"[""IEEE""]","[[""IEEE"",""I57385C9D1920C652""]]","[""include""]",included,0,Unassigned,,
doi:10.1109/icmas.1998.699042,10.1109/icmas.1998.699042,1,"[""IEEE""]","[[""IEEE"",""I6F7D87547B7BAF48""]]","[""include""]",included,0,Unassigned,,
doi:10.1109/icmas.1998.699054,10.1109/icmas.1998.699054,1,"[""IEEE""]","[[""IEEE"",""I931B80A34063CCAE""]]","[""include""]",included,0,Unassigned,,
doi:10.1109/icmas.1998.699077,10.1109/icmas.1998.699077,1,"[""IEEE""]","[[""IEEE"",""I02A0C9ECE4B45BAF""]]","[""include""]",included,0,Unassigned,,
doi:10.1109/icmas.1998.699229,10.1109/icmas.1998.699229,1,"[""IEEE""]","[[""IEEE"",""I3440E7BE769C0715""]]","[""exclude""]",not_included,0,Unassigned,,
doi:10.1109/icmas.1998.699247,10.1109/icmas.1998.699247,1,"[""IEEE""]","[[""IEEE"",""IDEFED7F31914F0D9""]]","[""include""]",included,0,Unassigned,,
doi:10.1109/icmas.1998.699296,10.1109/icmas.1998.699296,1,"[""IEEE""]","[[""IEEE"",""I0EC58DE1A220A45D""]]","[""exclude""]",not_included,0,Unassigned,,
doi:10.1109/icmas.2000.858433,10.1109/icmas.2000.858433,1,"[""IEEE""]","[[""IEEE"",""IF8F8FA8D28FD8983""]]","[""exclude""]",not_included,0,Unassigned,,
doi:10.1109/icmas.2000.858447,10.1109/icmas.2000.858447,1,"[""IEEE""]","[[""IEEE"",""I28CAA535C16790AC""]]","[""pending""]",not_included,1,Unassigned,,
doi:10.1109/icmas.2000.858468,10.1109/icmas.2000.858468,1,"[""IEEE""]","[[""IEEE"",""IFFB8739C9C1F09D5""]]","[""exclude""]",not_included,0,Unassigned,,
doi:10.1109/icmas.2000.858494,10.1109/icmas.2000.858494,1,"[""IEEE""]","[[""IEEE"",""IC9E28CB55E04127F""]]","[""include""]",included,0,Unassigned,,
doi:10.1109/icmas.2000.858520,10.1109/icmas.2000.858520,1,"[""IEEE""]","[[""IEEE"",""ID38343A43A2076D8""]]","[""include""]",included,0,Unassigned,,
doi:10.1109/icmb-gmr.2010.60,10.1109/icmb-gmr.2010.60,1,"[""IEEE""]","[[""IEEE"",""ID3A01F302E0A5211""]]","[""pending""]",not_included,1,Unassigned,,
doi:10.1109/icmb.2005.51,10.1109/icmb.2005.51,1,"[""IEEE""]","[[""IEEE"",""I3F324DBAD31F9D1D""]]","[""exclude""]",not_included,0,Unassigned,,
doi:10.1109/icmcce.2017.51,10.1109/icmcce.2017.51,1,"[""IEEE""]","[[""IEEE"",""I1EB4E5B4B4DB842A""]]","[""exclude""]",not_included,0,Unassigned,,
doi:10.1109/icmcs.2012.6320112,10.1109/icmcs.2012.6320112,1,"[""IEEE""]","[[""IEEE"",""I08B09A03E885D709""]]","[""exclude""]",not_included,0,Unassigned,,
doi:10.1109/icmcs.2016.7905515,10.1109/icmcs.2016.7905515,1,"[""IEEE""]","[[""IEEE"",""I6B3FC7F800322C06""]]","[""exclude""]",not_included,0,Unassigned,,
doi:10.1109/icmcsi67283.2026.11412741,10.1109/icmcsi67283.2026.11412741,1,"[""IEEE""]","[[""IEEE"",""I5633E4723EEDD876""]]","[""include""]",included,0,Unassigned,,
doi:10.1109/icme.2000.869549,10.1109/icme.2000.869549,1,"[""IEEE""]","[[""IEEE"",""I326ACAEF08BF9D60""]]","[""exclude""]",not_included,0,Unassigned,,
doi:10.1109/icme57554.2024.10687797,10.1109/icme57554.2024.10687797,1,"[""IEEE""]","[[""IEEE"",""I67CF45E4F22779AB""]]","[""pending""]",not_included,1,Unassigned,,
doi:10.1109/icmecg.2008.18,10.1109/icmecg.2008.18,1,"[""IEEE""]","[[""IEEE"",""I32A0DC48C3E92EFF""]]","[""include""]",included,0,Unassigned,,
doi:10.1109/icmecg.2008.70,10.1109/icmecg.2008.70,1,"[""IEEE""]","[[""IEEE"",""I84FD4CF5F940EAC6""]]","[""include""]",included,0,Unassigned,,
doi:10.1109/icmecg.2009.11,10.1109/icmecg.2009.11,1,"[""IEEE""]","[[""IEEE"",""I6066ABAB999D21DB""]]","[""exclude""]",not_included,0,Unassigned,,
doi:10.1109/icmecg.2009.95,10.1109/icmecg.2009.95,1,"[""IEEE""]","[[""IEEE"",""IC88A61A7F7A3F072""]]","[""include""]",included,0,Unassigned,,
doi:10.1109/icmecg.2010.15,10.1109/icmecg.2010.15,1,"[""IEEE""]","[[""IEEE"",""I2E0126D94FD1FD71""]]","[""include""]",included,0,Unassigned,,
doi:10.1109/icmech.2006.252570,10.1109/icmech.2006.252570,1,"[""IEEE""]","[[""IEEE"",""I681A7DBFA82E3237""]]","[""exclude""]",not_included,0,Unassigned,,
doi:10.1109/icmi68585.2026.11539805,10.1109/icmi68585.2026.11539805,1,"[""IEEE""]","[[""IEEE"",""I794F8E0711227CF5""]]","[""exclude""]",not_included,0,Unassigned,,
doi:10.1109/icmit.2008.4654443,10.1109/icmit.2008.4654443,1,"[""IEEE""]","[[""IEEE"",""IC68A3C27A3E56726""]]","[""include""]",included,0,Unassigned,,
doi:10.1109/icmla.2006.34,10.1109/icmla.2006.34,1,"[""IEEE""]","[[""IEEE"",""I2B9062CB58949AEC""]]","[""include""]",included,0,Unassigned,,
doi:10.1109/icmla66185.2025.00220,10.1109/icmla66185.2025.00220,1,"[""IEEE""]","[[""IEEE"",""ID4AB72BD8603B826""]]","[""pending""]",not_included,1,Unassigned,,
doi:10.1109/icmlc.2002.1176753,10.1109/icmlc.2002.1176753,1,"[""IEEE""]","[[""IEEE"",""IC96866A69128B83D""]]","[""exclude""]",not_included,0,Unassigned,,
doi:10.1109/icmlc.2003.1259801,10.1109/icmlc.2003.1259801,1,"[""IEEE""]","[[""IEEE"",""IE85E2988291D5F69""]]","[""include""]",included,0,Unassigned,,
doi:10.1109/icmlc.2003.1264525,10.1109/icmlc.2003.1264525,1,"[""IEEE""]","[[""IEEE"",""I32D8A9757C93EFE4""]]","[""include""]",included,0,Unassigned,,
doi:10.1109/icmlc.2004.1380617,10.1109/icmlc.2004.1380617,1,"[""IEEE""]","[[""IEEE"",""I8DC46495D856186F""]]","[""include""]",included,0,Unassigned,,
doi:10.1109/icmlc.2004.1380646,10.1109/icmlc.2004.1380646,1,"[""IEEE""]","[[""IEEE"",""IEB954878864E2A2D""]]","[""include""]",included,0,Unassigned,,
doi:10.1109/icmlc.2004.1380683,10.1109/icmlc.2004.1380683,1,"[""IEEE""]","[[""IEEE"",""I553A9428AD9BB304""]]","[""include""]",included,0,Unassigned,,
doi:10.1109/icmlc.2004.1380753,10.1109/icmlc.2004.1380753,1,"[""IEEE""]","[[""IEEE"",""I19497A8AA4C09450""]]","[""exclude""]",not_included,0,Unassigned,,
doi:10.1109/icmlc.2004.1382075,10.1109/icmlc.2004.1382075,1,"[""IEEE""]","[[""IEEE"",""I09F3FD1501C07359""]]","[""include""]",included,0,Unassigned,,
doi:10.1109/icmlc.2005.1526935,10.1109/icmlc.2005.1526935,1,"[""IEEE""]","[[""IEEE"",""I769756C4A8F3C66D""]]","[""include""]",included,0,Unassigned,,
doi:10.1109/icmlc.2005.1526940,10.1109/icmlc.2005.1526940,1,"[""IEEE""]","[[""IEEE"",""I1E865CB0FB2C7435""]]","[""include""]",included,0,Unassigned,,
doi:10.1109/icmlc.2005.1526941,10.1109/icmlc.2005.1526941,1,"[""IEEE""]","[[""IEEE"",""I345E3BBAFBF3508E""]]","[""pending""]",not_included,1,Unassigned,,
doi:10.1109/icmlc.2005.1526950,10.1109/icmlc.2005.1526950,1,"[""IEEE""]","[[""IEEE"",""ICD7CD68D8DFB8113""]]","[""include""]",included,0,Unassigned,,
doi:10.1109/icmlc.2005.1526954,10.1109/icmlc.2005.1526954,1,"[""IEEE""]","[[""IEEE"",""I2FCFC6C06779A4CA""]]","[""include""]",included,0,Unassigned,,
doi:10.1109/icmlc.2007.4370271,10.1109/icmlc.2007.4370271,1,"[""IEEE""]","[[""IEEE"",""I01A257027B4A7275""]]","[""include""]",included,0,Unassigned,,
doi:10.1109/icmlc.2007.4370699,10.1109/icmlc.2007.4370699,1,"[""IEEE""]","[[""IEEE"",""I4DCC97379DE43080""]]","[""include""]",included,0,Unassigned,,
doi:10.1109/icmlc.2008.4620531,10.1109/icmlc.2008.4620531,1,"[""IEEE""]","[[""IEEE"",""IE9D7FE127B92112E""]]","[""include""]",included,0,Unassigned,,
doi:10.1109/icmlc.2008.4620532,10.1109/icmlc.2008.4620532,1,"[""IEEE""]","[[""IEEE"",""I9E48EEFE5A40B857""]]","[""exclude""]",not_included,0,Unassigned,,
doi:10.1109/icmlc.2009.5212303,10.1109/icmlc.2009.5212303,1,"[""IEEE""]","[[""IEEE"",""IE554E7433BB19A2A""]]","[""include""]",included,0,Unassigned,,
doi:10.1109/icmlc.2009.5212335,10.1109/icmlc.2009.5212335,1,"[""IEEE""]","[[""IEEE"",""IE1C33F9AE8F780C2""]]","[""include""]",included,0,Unassigned,,
doi:10.1109/icmlc.2010.5580520,10.1109/icmlc.2010.5580520,1,"[""IEEE""]","[[""IEEE"",""I3ACC489FEF69C7AA""]]","[""exclude""]",not_included,0,Unassigned,,
doi:10.1109/icmlt69916.2026.11688337,10.1109/icmlt69916.2026.11688337,1,"[""IEEE""]","[[""IEEE"",""I2FB1CE0C09512DE8""]]","[""exclude""]",not_included,0,Unassigned,,
doi:10.1109/icmse.2006.313852,10.1109/icmse.2006.313852,1,"[""IEEE""]","[[""IEEE"",""I3615E22356CFC308""]]","[""include""]",included,0,Unassigned,,
doi:10.1109/icmse.2006.313895,10.1109/icmse.2006.313895,1,"[""IEEE""]","[[""IEEE"",""I106701AF989A1F4E""]]","[""include""]",included,0,Unassigned,,
doi:10.1109/icmse.2007.4421842,10.1109/icmse.2007.4421842,1,"[""IEEE""]","[[""IEEE"",""ID016518E62445D79""]]","[""include""]",included,0,Unassigned,,
doi:10.1109/icmse.2007.4422132,10.1109/icmse.2007.4422132,1,"[""IEEE""]","[[""IEEE"",""I3ECD0BE7A214804E""]]","[""exclude""]",not_included,0,Unassigned,,
doi:10.1109/icmse.2008.4668974,10.1109/icmse.2008.4668974,1,"[""IEEE""]","[[""IEEE"",""I33EA005468CB86C1""]]","[""exclude""]",not_included,0,Unassigned,,
doi:10.1109/icmse.2009.5318015,10.1109/icmse.2009.5318015,1,"[""IEEE""]","[[""IEEE"",""I174F5DCBF02A1972""]]","[""include""]",included,0,Unassigned,,
doi:10.1109/icmse.2010.5719945,10.1109/icmse.2010.5719945,1,"[""IEEE""]","[[""IEEE"",""I05CFBC7DE55BC3A9""]]","[""include""]",included,0,Unassigned,,
doi:10.1109/icmse.2012.6414157,10.1109/icmse.2012.6414157,1,"[""IEEE""]","[[""IEEE"",""IF78B773F9FE63D8C""]]","[""exclude""]",not_included,0,Unassigned,,
doi:10.1109/icmss.2009.5301239,10.1109/icmss.2009.5301239,1,"[""IEEE""]","[[""IEEE"",""I520350B521A4CDC8""]]","[""exclude""]",not_included,0,Unassigned,,
doi:10.1109/icmss.2009.5303304,10.1109/icmss.2009.5303304,1,"[""IEEE""]","[[""IEEE"",""I63DCBBF5982E488D""]]","[""include""]",included,0,Unassigned,,
doi:10.1109/icmss.2009.5305567,10.1109/icmss.2009.5305567,1,"[""IEEE""]","[[""IEEE"",""I96FA6A9E8C8C9F74""]]","[""include""]",included,0,Unassigned,,
doi:10.1109/icmss.2010.5577249,10.1109/icmss.2010.5577249,1,"[""IEEE""]","[[""IEEE"",""I6E764D73AA7A64EA""]]","[""exclude""]",not_included,0,Unassigned,,
doi:10.1109/icmss.2010.5577617,10.1109/icmss.2010.5577617,1,"[""IEEE""]","[[""IEEE"",""I3B997C811ED6BF8A""]]","[""exclude""]",not_included,0,Unassigned,,
doi:10.1109/icmss.2011.5998707,10.1109/icmss.2011.5998707,1,"[""IEEE""]","[[""IEEE"",""IA2EABA0E2B9198DD""]]","[""exclude""]",not_included,0,Unassigned,,
doi:10.1109/icmt56556.2022.9997618,10.1109/icmt56556.2022.9997618,1,"[""IEEE""]","[[""IEEE"",""I9C27D7D4AFF8736A""]]","[""exclude""]",not_included,0,Unassigned,,
doi:10.1109/icmtma.2010.140,10.1109/icmtma.2010.140,1,"[""IEEE""]","[[""IEEE"",""IEBC035702F22822E""]]","[""pending""]",not_included,1,Unassigned,,
doi:10.1109/icn68016.2025.11384066,10.1109/icn68016.2025.11384066,1,"[""IEEE""]","[[""IEEE"",""IAC9AAF64DC5D4433""]]","[""exclude""]",not_included,0,Unassigned,,
doi:10.1109/icnc.2007.715,10.1109/icnc.2007.715,1,"[""IEEE""]","[[""IEEE"",""I21B67FA23C95459F""]]","[""exclude""]",not_included,0,Unassigned,,
doi:10.1109/icnds.2010.5479133,10.1109/icnds.2010.5479133,1,"[""IEEE""]","[[""IEEE"",""IB9DA419891EE9ED7""]]","[""exclude""]",not_included,0,Unassigned,,
doi:10.1109/icnds.2010.5479440,10.1109/icnds.2010.5479440,1,"[""IEEE""]","[[""IEEE"",""I47BB13B178D77D93""]]","[""pending""]",not_included,1,Unassigned,,
doi:10.1109/icndsa68777.2026.11652271,10.1109/icndsa68777.2026.11652271,1,"[""IEEE""]","[[""IEEE"",""IC7EFADFDD060EFC4""]]","[""exclude""]",not_included,0,Unassigned,,
doi:10.1109/icnnb.2005.1614592,10.1109/icnnb.2005.1614592,1,"[""IEEE""]","[[""IEEE"",""IB4B965D523F9E7C9""]]","[""include""]",included,0,Unassigned,,
doi:10.1109/icnp65844.2025.11192362,10.1109/icnp65844.2025.11192362,1,"[""IEEE""]","[[""IEEE"",""I459CFA8B6B0C01A5""]]","[""exclude""]",not_included,0,Unassigned,,
doi:10.1109/icnsc.2004.1297447,10.1109/icnsc.2004.1297447,1,"[""IEEE""]","[[""IEEE"",""IE0E1505205637BAB""]]","[""include""]",included,0,Unassigned,,
doi:10.1109/icnsc.2005.1461162,10.1109/icnsc.2005.1461162,1,"[""IEEE""]","[[""IEEE"",""I32E1C34C977F41AA""]]","[""exclude""]",not_included,0,Unassigned,,
doi:10.1109/icnsc.2017.8000098,10.1109/icnsc.2017.8000098,1,"[""IEEE""]","[[""IEEE"",""I0C5DF677F4235D65""]]","[""include""]",included,0,Unassigned,,
doi:10.1109/icnsc.2018.8361317,10.1109/icnsc.2018.8361317,1,"[""IEEE""]","[[""IEEE"",""I678295DE3725860D""]]","[""exclude""]",not_included,0,Unassigned,,
doi:10.1109/icnsc66229.2025.00079,10.1109/icnsc66229.2025.00079,1,"[""IEEE""]","[[""IEEE"",""ID02547FB21D95748""]]","[""exclude""]",not_included,0,Unassigned,,
doi:10.1109/icoa66896.2025.11236877,10.1109/icoa66896.2025.11236877,1,"[""IEEE""]","[[""IEEE"",""IA4DAAE95C4D679F5""]]","[""include""]",included,0,Unassigned,,
doi:10.1109/icoac.2011.6165206,10.1109/icoac.2011.6165206,1,"[""IEEE""]","[[""IEEE"",""I4510EE09D25EFCE9""]]","[""exclude""]",not_included,0,Unassigned,,
doi:10.1109/icoac.2014.7229706,10.1109/icoac.2014.7229706,1,"[""IEEE""]","[[""IEEE"",""I374FCD243BF188B1""]]","[""exclude""]",not_included,0,Unassigned,,
doi:10.1109/icoait67446.2025.11308830,10.1109/icoait67446.2025.11308830,1,"[""IEEE""]","[[""IEEE"",""I25A0D18596FBC301""]]","[""include""]",included,0,Unassigned,,
doi:10.1109/icocn70692.2026.11656233,10.1109/icocn70692.2026.11656233,1,"[""IEEE""]","[[""IEEE"",""IED718490E5701C57""]]","[""exclude""]",not_included,0,Unassigned,,
doi:10.1109/icoco67189.2025.11334130,10.1109/icoco67189.2025.11334130,1,"[""IEEE""]","[[""IEEE"",""I17F4D580551658C2""]]","[""include""]",included,0,Unassigned,,
doi:10.1109/icoco67189.2025.11334152,10.1109/icoco67189.2025.11334152,1,"[""IEEE""]","[[""IEEE"",""ID9A935705406FB1B""]]","[""exclude""]",not_included,0,Unassigned,,
doi:10.1109/icocs.2012.6458610,10.1109/icocs.2012.6458610,1,"[""IEEE""]","[[""IEEE"",""IEA68CC157FCFD40C""]]","[""pending""]",not_included,1,Unassigned,,
doi:10.1109/icoecit68303.2026.11496721,10.1109/icoecit68303.2026.11496721,1,"[""IEEE""]","[[""IEEE"",""I399279726C85064A""]]","[""exclude""]",not_included,0,Unassigned,,
doi:10.1109/icoeit63558.2025.11211513,10.1109/icoeit63558.2025.11211513,1,"[""IEEE""]","[[""IEEE"",""ID42799AC9BDA30A9""]]","[""exclude""]",not_included,0,Unassigned,,
doi:10.1109/icoici65217.2025.11253199,10.1109/icoici65217.2025.11253199,1,"[""IEEE""]","[[""IEEE"",""I42CDA5F8BC7F5AAD""]]","[""exclude""]",not_included,0,Unassigned,,
doi:10.1109/icoict.2014.6914084,10.1109/icoict.2014.6914084,1,"[""IEEE""]","[[""IEEE"",""IB69250BCC085F9AB""]]","[""include""]",included,0,Unassigned,,
doi:10.1109/icoin.1998.648393,10.1109/icoin.1998.648393,1,"[""IEEE""]","[[""IEEE"",""I65F2145B2BA68966""]]","[""include""]",included,0,Unassigned,,
doi:10.1109/icoin.1998.648406,10.1109/icoin.1998.648406,1,"[""IEEE""]","[[""IEEE"",""I3B54E2F87DE2BB9E""]]","[""include""]",included,0,Unassigned,,
doi:10.1109/icoin.2014.6799688,10.1109/icoin.2014.6799688,1,"[""IEEE""]","[[""IEEE"",""I45D8559E0D439576""]]","[""include""]",included,0,Unassigned,,
doi:10.1109/icoin68469.2026.11480580,10.1109/icoin68469.2026.11480580,1,"[""IEEE""]","[[""IEEE"",""IBBF521C88D95C37F""]]","[""exclude""]",not_included,0,Unassigned,,
doi:10.1109/icon.2012.6506598,10.1109/icon.2012.6506598,1,"[""IEEE""]","[[""IEEE"",""I3A32A4CD248D648D""]]","[""include""]",included,0,Unassigned,,
doi:10.1109/iconat66879.2025.11362367,10.1109/iconat66879.2025.11362367,1,"[""IEEE""]","[[""IEEE"",""I23973E386BE7EFC4""]]","[""exclude""]",not_included,0,Unassigned,,
doi:10.1109/iconat66879.2025.11362839,10.1109/iconat66879.2025.11362839,1,"[""IEEE""]","[[""IEEE"",""I886E26581DB57C2B""]]","[""exclude""]",not_included,0,Unassigned,,
doi:10.1109/iconstem60960.2024.10568607,10.1109/iconstem60960.2024.10568607,1,"[""IEEE""]","[[""IEEE"",""I1CACE636EFF73338""]]","[""pending""]",not_included,1,Unassigned,,
doi:10.1109/iconstem60960.2024.10568790,10.1109/iconstem60960.2024.10568790,1,"[""IEEE""]","[[""IEEE"",""IDDFF15A7FB58971C""]]","[""exclude""]",not_included,0,Unassigned,,
doi:10.1109/icosci66700.2026.11447632,10.1109/icosci66700.2026.11447632,1,"[""IEEE""]","[[""IEEE"",""IC54296F740E8E534""]]","[""exclude""]",not_included,0,Unassigned,,
doi:10.1109/icoseit55604.2022.10030021,10.1109/icoseit55604.2022.10030021,1,"[""IEEE""]","[[""IEEE"",""IB8B3CC6605A7A62C""]]","[""exclude""]",not_included,0,Unassigned,,
doi:10.1109/icot68409.2025.11425588,10.1109/icot68409.2025.11425588,1,"[""IEEE""]","[[""IEEE"",""IEAE213B40C1C1E59""]]","[""exclude""]",not_included,0,Unassigned,,
doi:10.1109/icot68409.2025.11425595,10.1109/icot68409.2025.11425595,1,"[""IEEE""]","[[""IEEE"",""I7E3ABF2B9320B83D""]]","[""exclude""]",not_included,0,Unassigned,,
doi:10.1109/icpads.1997.652560,10.1109/icpads.1997.652560,1,"[""IEEE""]","[[""IEEE"",""I4F0CE66F54BE9ED7""]]","[""include""]",included,0,Unassigned,,
doi:10.1109/icpads.1997.652611,10.1109/icpads.1997.652611,1,"[""IEEE""]","[[""IEEE"",""IE164172CE498376F""]]","[""include""]",included,0,Unassigned,,
doi:10.1109/icpads.2000.857737,10.1109/icpads.2000.857737,1,"[""IEEE""]","[[""IEEE"",""IDCDAF8484C670F0D""]]","[""exclude""]",not_included,0,Unassigned,,
doi:10.1109/icpads.2005.197,10.1109/icpads.2005.197,1,"[""IEEE""]","[[""IEEE"",""I1CEE646974C2FF9F""]]","[""include""]",included,0,Unassigned,,
doi:10.1109/icpads.2005.210,10.1109/icpads.2005.210,1,"[""IEEE""]","[[""IEEE"",""I406788A10DC9CEEB""]]","[""include""]",included,0,Unassigned,,
doi:10.1109/icpads.2006.104,10.1109/icpads.2006.104,1,"[""IEEE""]","[[""IEEE"",""I6D4C3294163C3305""]]","[""exclude""]",not_included,0,Unassigned,,
doi:10.1109/icpc2t63847.2025.10958609,10.1109/icpc2t63847.2025.10958609,1,"[""IEEE""]","[[""IEEE"",""I06D7234A3AD8991F""]]","[""exclude""]",not_included,0,Unassigned,,
doi:10.1109/icpca.2007.4365444,10.1109/icpca.2007.4365444,1,"[""IEEE""]","[[""IEEE"",""I01CC8A5A834EC456""]]","[""include""]",included,0,Unassigned,,
doi:10.1109/icpca.2007.4365460,10.1109/icpca.2007.4365460,1,"[""IEEE""]","[[""IEEE"",""I615B55B42CD678BF""]]","[""include""]",included,0,Unassigned,,
doi:10.1109/icpcsn58827.2023.00009,10.1109/icpcsn58827.2023.00009,1,"[""IEEE""]","[[""IEEE"",""I307A6F59AC1019AA""]]","[""exclude""]",not_included,0,Unassigned,,
doi:10.1109/icpcsn68523.2026.11543892,10.1109/icpcsn68523.2026.11543892,1,"[""IEEE""]","[[""IEEE"",""IC7DC38E7BB1C2E97""]]","[""exclude""]",not_included,0,Unassigned,,
doi:10.1109/icpee65973.2025.11410900,10.1109/icpee65973.2025.11410900,1,"[""IEEE""]","[[""IEEE"",""I391EB50B3AA3DF84""]]","[""exclude""]",not_included,0,Unassigned,,
doi:10.1109/icppw.1998.721882,10.1109/icppw.1998.721882,1,"[""IEEE""]","[[""IEEE"",""I945F3DA9146B17D0""]]","[""exclude""]",not_included,0,Unassigned,,
doi:10.1109/icppw.1999.800090,10.1109/icppw.1999.800090,1,"[""IEEE""]","[[""IEEE"",""IE1276143AC33281C""]]","[""exclude""]",not_included,0,Unassigned,,
doi:10.1109/icpre59655.2023.10353625,10.1109/icpre59655.2023.10353625,1,"[""IEEE""]","[[""IEEE"",""I1EDAC822E144E40C""]]","[""include""]",included,0,Unassigned,,
doi:10.1109/icps49255.2021.9468154,10.1109/icps49255.2021.9468154,1,"[""IEEE""]","[[""IEEE"",""I52B846645F2A0BDA""]]","[""exclude""]",not_included,0,Unassigned,,
doi:10.1109/icpsasia58343.2023.10294402,10.1109/icpsasia58343.2023.10294402,1,"[""IEEE""]","[[""IEEE"",""IB076C034F816C539""]]","[""exclude""]",not_included,0,Unassigned,,
doi:10.1109/icpsasia70813.2026.11692102,10.1109/icpsasia70813.2026.11692102,1,"[""IEEE""]","[[""IEEE"",""IBB0DF1C55B4ED61D""]]","[""exclude""]",not_included,0,Unassigned,,
doi:10.1109/icpsasia70813.2026.11692285,10.1109/icpsasia70813.2026.11692285,1,"[""IEEE""]","[[""IEEE"",""I043230AC22C933C1""]]","[""exclude""]",not_included,0,Unassigned,,
doi:10.1109/icpst.2000.897139,10.1109/icpst.2000.897139,1,"[""IEEE""]","[[""IEEE"",""I472269D9EF2F57CE""]]","[""include""]",included,0,Unassigned,,
doi:10.1109/icra.2012.6224917,10.1109/icra.2012.6224917,1,"[""IEEE""]","[[""IEEE"",""IA0DA7C275F2103A8""]]","[""exclude""]",not_included,0,Unassigned,,
doi:10.1109/icra.2014.6907157,10.1109/icra.2014.6907157,1,"[""IEEE""]","[[""IEEE"",""I160059756AF5EAE6""]]","[""exclude""]",not_included,0,Unassigned,,
doi:10.1109/icrais66073.2025.11234726,10.1109/icrais66073.2025.11234726,1,"[""IEEE""]","[[""IEEE"",""IA4984BBD2D867B93""]]","[""exclude""]",not_included,0,Unassigned,,
doi:10.1109/icras52289.2021.9476537,10.1109/icras52289.2021.9476537,1,"[""IEEE""]","[[""IEEE"",""IA8ED8224457EA02C""]]","[""exclude""]",not_included,0,Unassigned,,
doi:10.1109/icrera.2013.6749823,10.1109/icrera.2013.6749823,1,"[""IEEE""]","[[""IEEE"",""I2B91185C13826566""]]","[""include""]",included,0,Unassigned,,
doi:10.1109/icrera.2015.7418485,10.1109/icrera.2015.7418485,1,"[""IEEE""]","[[""IEEE"",""I9E6D839639116B5A""]]","[""exclude""]",not_included,0,Unassigned,,
doi:10.1109/icriis.2011.6125665,10.1109/icriis.2011.6125665,1,"[""IEEE""]","[[""IEEE"",""IB01F0C881E7FE9A4""]]","[""exclude""]",not_included,0,Unassigned,,
doi:10.1109/icriis.2011.6125667,10.1109/icriis.2011.6125667,1,"[""IEEE""]","[[""IEEE"",""I927807E2E8CD73AC""]]","[""exclude""]",not_included,0,Unassigned,,
doi:10.1109/icriis48246.2019.9073486,10.1109/icriis48246.2019.9073486,1,"[""IEEE""]","[[""IEEE"",""IBCD0DC3D7C85BFF0""]]","[""exclude""]",not_included,0,Unassigned,,
doi:10.1109/icris.2019.00100,10.1109/icris.2019.00100,1,"[""IEEE""]","[[""IEEE"",""I330EF538796CF110""]]","[""exclude""]",not_included,0,Unassigned,,
doi:10.1109/icriset64803.2025.11254804,10.1109/icriset64803.2025.11254804,1,"[""IEEE""]","[[""IEEE"",""IC0E9B75ED8150F6C""]]","[""include""]",included,0,Unassigned,,
doi:10.1109/icsc63108.2024.10895185,10.1109/icsc63108.2024.10895185,1,"[""IEEE""]","[[""IEEE"",""IF54CB9C55855C32E""]]","[""exclude""]",not_included,0,Unassigned,,
doi:10.1109/icsc67292.2026.00035,10.1109/icsc67292.2026.00035,1,"[""IEEE""]","[[""IEEE"",""I6A3936AC47F0D959""]]","[""include""]",included,0,Unassigned,,
doi:10.1109/icscai68849.2026.11648257,10.1109/icscai68849.2026.11648257,1,"[""IEEE""]","[[""IEEE"",""I1C29A631C56C2AAB""]]","[""exclude""]",not_included,0,Unassigned,,
doi:10.1109/icscai68849.2026.11648959,10.1109/icscai68849.2026.11648959,1,"[""IEEE""]","[[""IEEE"",""IC944338A822A7BFF""]]","[""exclude""]",not_included,0,Unassigned,,
doi:10.1109/icscai68849.2026.11649246,10.1109/icscai68849.2026.11649246,1,"[""IEEE""]","[[""IEEE"",""I698D697CB8991CD2""]]","[""exclude""]",not_included,0,Unassigned,,
doi:10.1109/icscan66520.2026.11588515,10.1109/icscan66520.2026.11588515,1,"[""IEEE""]","[[""IEEE"",""I6E4D9D3517B1D4AA""]]","[""include""]",included,0,Unassigned,,
doi:10.1109/icsccc69031.2026.11600052,10.1109/icsccc69031.2026.11600052,1,"[""IEEE""]","[[""IEEE"",""IF06230A19F90B688""]]","[""exclude""]",not_included,0,Unassigned,,
doi:10.1109/icsccc69031.2026.11600150,10.1109/icsccc69031.2026.11600150,1,"[""IEEE""]","[[""IEEE"",""IAED60BCD60A76BA9""]]","[""include""]",included,0,Unassigned,,
doi:10.1109/icscds65426.2025.11167282,10.1109/icscds65426.2025.11167282,1,"[""IEEE""]","[[""IEEE"",""I8023488B957C05FD""]]","[""exclude""]",not_included,0,Unassigned,,
doi:10.1109/icscsa66339.2025.11170747,10.1109/icscsa66339.2025.11170747,1,"[""IEEE""]","[[""IEEE"",""I753940AE6D84F273""]]","[""exclude""]",not_included,0,Unassigned,,
doi:10.1109/icscss64956.2025.11500924,10.1109/icscss64956.2025.11500924,1,"[""IEEE""]","[[""IEEE"",""ID0F95E11A4E7B6C0""]]","[""exclude""]",not_included,0,Unassigned,,
doi:10.1109/icscst70031.2026.11709836,10.1109/icscst70031.2026.11709836,1,"[""IEEE""]","[[""IEEE"",""IC54201D7BE4D58FF""]]","[""exclude""]",not_included,0,Unassigned,,
doi:10.1109/icse-nier52604.2021.00011,10.1109/icse-nier52604.2021.00011,1,"[""ACM""]","[[""ACM"",""N09217374B560BB77""]]","[""exclude""]",not_included,0,Unassigned,,
doi:10.1109/icse.2009.5070550,10.1109/icse.2009.5070550,1,"[""ACM""]","[[""ACM"",""N5012173BED07D4A3""]]","[""exclude""]",not_included,0,Unassigned,,
doi:10.1109/icse48619.2023.00067,10.1109/icse48619.2023.00067,1,"[""ACM""]","[[""ACM"",""N9FCEAB022B3E6818""]]","[""exclude""]",not_included,0,Unassigned,,
doi:10.1109/icseng.2008.56,10.1109/icseng.2008.56,1,"[""IEEE""]","[[""IEEE"",""I11AA38A0DB7E15FB""]]","[""exclude""]",not_included,0,Unassigned,,
doi:10.1109/icsens.2015.7370652,10.1109/icsens.2015.7370652,1,"[""IEEE""]","[[""IEEE"",""I0E9EF2DB5750ABF1""]]","[""exclude""]",not_included,0,Unassigned,,
doi:10.1109/icsess.2010.5552272,10.1109/icsess.2010.5552272,1,"[""IEEE""]","[[""IEEE"",""I0E5028309066889C""]]","[""exclude""]",not_included,0,Unassigned,,
doi:10.1109/icsess.2010.5552355,10.1109/icsess.2010.5552355,1,"[""IEEE""]","[[""IEEE"",""IDB6767AF4F115831""]]","[""pending""]",not_included,1,Unassigned,,
doi:10.1109/icsmc.1998.727617,10.1109/icsmc.1998.727617,1,"[""IEEE""]","[[""IEEE"",""I1DB1913FC292BD7D""]]","[""exclude""]",not_included,0,Unassigned,,
doi:10.1109/icsmc.1999.815536,10.1109/icsmc.1999.815536,1,"[""IEEE""]","[[""IEEE"",""IA1F9CB772BF80244""]]","[""exclude""]",not_included,0,Unassigned,,
doi:10.1109/icsmc.2000.885946,10.1109/icsmc.2000.885946,1,"[""IEEE""]","[[""IEEE"",""I933AAAA2C8A78DCF""]]","[""exclude""]",not_included,0,Unassigned,,
doi:10.1109/icsmc.2001.969868,10.1109/icsmc.2001.969868,1,"[""IEEE""]","[[""IEEE"",""IE41A4E3DADB63F9E""]]","[""exclude""]",not_included,0,Unassigned,,
doi:10.1109/icsmc.2001.969876,10.1109/icsmc.2001.969876,1,"[""IEEE""]","[[""IEEE"",""IA0486153C35F13D2""]]","[""include""]",included,0,Unassigned,,
doi:10.1109/icsmc.2001.971952,10.1109/icsmc.2001.971952,1,"[""IEEE""]","[[""IEEE"",""I450B99984D7997F8""]]","[""exclude""]",not_included,0,Unassigned,,
doi:10.1109/icsmc.2001.972028,10.1109/icsmc.2001.972028,1,"[""IEEE""]","[[""IEEE"",""I46B89372F807A676""]]","[""exclude""]",not_included,0,Unassigned,,
doi:10.1109/icsmc.2002.1176097,10.1109/icsmc.2002.1176097,1,"[""IEEE""]","[[""IEEE"",""IA12B5741AFB5B97E""]]","[""include""]",included,0,Unassigned,,
doi:10.1109/icsmc.2003.1244346,10.1109/icsmc.2003.1244346,1,"[""IEEE""]","[[""IEEE"",""I8A34E771D022304A""]]","[""exclude""]",not_included,0,Unassigned,,
doi:10.1109/icsmc.2003.1244509,10.1109/icsmc.2003.1244509,1,"[""IEEE""]","[[""IEEE"",""I6E675824B99F9E4C""]]","[""include""]",included,0,Unassigned,,
doi:10.1109/icsmc.2003.1244513,10.1109/icsmc.2003.1244513,1,"[""IEEE""]","[[""IEEE"",""I261F677D969B7825""]]","[""exclude""]",not_included,0,Unassigned,,
doi:10.1109/icsmc.2003.1245656,10.1109/icsmc.2003.1245656,1,"[""IEEE""]","[[""IEEE"",""IEDF57C2AB320E7D8""]]","[""include""]",included,0,Unassigned,,
doi:10.1109/icsmc.2003.1245664,10.1109/icsmc.2003.1245664,1,"[""IEEE""]","[[""IEEE"",""IFBC921B2C601B8E5""]]","[""include""]",included,0,Unassigned,,
doi:10.1109/icsmc.2004.1400803,10.1109/icsmc.2004.1400803,1,"[""IEEE""]","[[""IEEE"",""I17CE4CE252D103E2""]]","[""exclude""]",not_included,0,Unassigned,,
doi:10.1109/icsmc.2004.1401174,10.1109/icsmc.2004.1401174,1,"[""IEEE""]","[[""IEEE"",""I45E883B02CC64D8B""]]","[""include""]",included,0,Unassigned,,
doi:10.1109/icsmc.2006.384885,10.1109/icsmc.2006.384885,1,"[""IEEE""]","[[""IEEE"",""I46184CFCA3D8147F""]]","[""pending""]",not_included,1,Unassigned,,
doi:10.1109/icsmc.2008.4811801,10.1109/icsmc.2008.4811801,1,"[""IEEE""]","[[""IEEE"",""I8EC17DE974D98234""]]","[""exclude""]",not_included,0,Unassigned,,
doi:10.1109/icsmc.2009.5346096,10.1109/icsmc.2009.5346096,1,"[""IEEE""]","[[""IEEE"",""I6D5471B1A568C079""]]","[""include""]",included,0,Unassigned,,
doi:10.1109/icsmc.2009.5346098,10.1109/icsmc.2009.5346098,1,"[""IEEE""]","[[""IEEE"",""I01D107EEE8EA8070""]]","[""exclude""]",not_included,0,Unassigned,,
doi:10.1109/icsmc.2009.5346278,10.1109/icsmc.2009.5346278,1,"[""IEEE""]","[[""IEEE"",""ICD93D491BF4AFF00""]]","[""include""]",included,0,Unassigned,,
doi:10.1109/icsmc.2009.5346558,10.1109/icsmc.2009.5346558,1,"[""IEEE""]","[[""IEEE"",""I08694AB18FAF63C9""]]","[""exclude""]",not_included,0,Unassigned,,
doi:10.1109/icsmc.2009.5346670,10.1109/icsmc.2009.5346670,1,"[""IEEE""]","[[""IEEE"",""I3F74870C734A0193""]]","[""exclude""]",not_included,0,Unassigned,,
doi:10.1109/icsmc.2010.5641740,10.1109/icsmc.2010.5641740,1,"[""IEEE""]","[[""IEEE"",""I616A7CB833BE5CEF""]]","[""include""]",included,0,Unassigned,,
doi:10.1109/icsmc.2010.5641906,10.1109/icsmc.2010.5641906,1,"[""IEEE""]","[[""IEEE"",""I6A348E254785459A""]]","[""include""]",included,0,Unassigned,,
doi:10.1109/icsmc.2010.5642224,10.1109/icsmc.2010.5642224,1,"[""IEEE""]","[[""IEEE"",""IC9B4275C39493FFF""]]","[""exclude""]",not_included,0,Unassigned,,
doi:10.1109/icsmc.2011.6083657,10.1109/icsmc.2011.6083657,1,"[""IEEE""]","[[""IEEE"",""IDFA2B17402D36F6F""]]","[""include""]",included,0,Unassigned,,
doi:10.1109/icsmc.2012.6378015,10.1109/icsmc.2012.6378015,1,"[""IEEE""]","[[""IEEE"",""IA9812A906835A1DB""]]","[""include""]",included,0,Unassigned,,
doi:10.1109/icsmc.2012.6378019,10.1109/icsmc.2012.6378019,1,"[""IEEE""]","[[""IEEE"",""I3C7B9885970A19CD""]]","[""include""]",included,0,Unassigned,,
doi:10.1109/icsmech69390.2026.11647116,10.1109/icsmech69390.2026.11647116,1,"[""IEEE""]","[[""IEEE"",""I75088C56D68F70D9""]]","[""exclude""]",not_included,0,Unassigned,,
doi:10.1109/icsp69961.2026.11540973,10.1109/icsp69961.2026.11540973,1,"[""IEEE""]","[[""IEEE"",""IE623E86D5CCBEB4D""]]","[""exclude""]",not_included,0,Unassigned,,
doi:10.1109/icspc59664.2023.10420022,10.1109/icspc59664.2023.10420022,1,"[""IEEE""]","[[""IEEE"",""I5224BAB54AC0F769""]]","[""exclude""]",not_included,0,Unassigned,,
doi:10.1109/icsses64899.2025.11009613,10.1109/icsses64899.2025.11009613,1,"[""IEEE""]","[[""IEEE"",""IC3F72FE7FACE5481""]]","[""include""]",included,0,Unassigned,,
doi:10.1109/icssi.2013.42,10.1109/icssi.2013.42,1,"[""IEEE""]","[[""IEEE"",""IEB8855D5C73DC514""]]","[""include""]",included,0,Unassigned,,
doi:10.1109/icsssm.2005.1500114,10.1109/icsssm.2005.1500114,1,"[""IEEE""]","[[""IEEE"",""IC1097CC7BD4C8CB2""]]","[""include""]",included,0,Unassigned,,
doi:10.1109/icsssm.2005.1500131,10.1109/icsssm.2005.1500131,1,"[""IEEE""]","[[""IEEE"",""I1C06F6FA7782966C""]]","[""exclude""]",not_included,0,Unassigned,,
doi:10.1109/icsssm.2005.1500140,10.1109/icsssm.2005.1500140,1,"[""IEEE""]","[[""IEEE"",""IF113A20CAA912F45""]]","[""exclude""]",not_included,0,Unassigned,,
doi:10.1109/icsssm.2005.1500141,10.1109/icsssm.2005.1500141,1,"[""IEEE""]","[[""IEEE"",""ID3B33DBC353A9503""]]","[""exclude""]",not_included,0,Unassigned,,
doi:10.1109/icsssm.2005.1500212,10.1109/icsssm.2005.1500212,1,"[""IEEE""]","[[""IEEE"",""I64D64E39FC54AC48""]]","[""include""]",included,0,Unassigned,,
doi:10.1109/icsssm.2006.320567,10.1109/icsssm.2006.320567,1,"[""IEEE""]","[[""IEEE"",""I22CC8315A93DEEEE""]]","[""include""]",included,0,Unassigned,,
doi:10.1109/icsssm.2007.4280297,10.1109/icsssm.2007.4280297,1,"[""IEEE""]","[[""IEEE"",""I0FE02D0E8E9C60D4""]]","[""exclude""]",not_included,0,Unassigned,,
doi:10.1109/icsssm.2008.4598451,10.1109/icsssm.2008.4598451,1,"[""IEEE""]","[[""IEEE"",""I64C98152B32363E2""]]","[""exclude""]",not_included,0,Unassigned,,
doi:10.1109/icsssm.2009.5174886,10.1109/icsssm.2009.5174886,1,"[""IEEE""]","[[""IEEE"",""I56DAAB7C060B6F1B""]]","[""pending""]",not_included,1,Unassigned,,
doi:10.1109/icsssm.2010.5530224,10.1109/icsssm.2010.5530224,1,"[""IEEE""]","[[""IEEE"",""I243C3CEE703B6834""]]","[""include""]",included,0,Unassigned,,
doi:10.1109/icsssm.2011.5959523,10.1109/icsssm.2011.5959523,1,"[""IEEE""]","[[""IEEE"",""I7F6414359304466F""]]","[""include""]",included,0,Unassigned,,
doi:10.1109/icsssm.2013.6602584,10.1109/icsssm.2013.6602584,1,"[""IEEE""]","[[""IEEE"",""IFB7C8D0153302E10""]]","[""include""]",included,0,Unassigned,,
doi:10.1109/icsssm.2019.8887651,10.1109/icsssm.2019.8887651,1,"[""IEEE""]","[[""IEEE"",""IF09A5C0AF6D2B616""]]","[""include""]",included,0,Unassigned,,
doi:10.1109/icst62969.2025.10989038,10.1109/icst62969.2025.10989038,1,"[""IEEE""]","[[""IEEE"",""I3F54493F95CDF41C""]]","[""exclude""]",not_included,0,Unassigned,,
doi:10.1109/icstcc.2015.7321275,10.1109/icstcc.2015.7321275,1,"[""IEEE""]","[[""IEEE"",""I85DA2747D8F5D58E""]]","[""exclude""]",not_included,0,Unassigned,,
doi:10.1109/ictai.2005.27,10.1109/ictai.2005.27,1,"[""IEEE""]","[[""IEEE"",""IF6B2F188AF25A541""]]","[""include""]",included,0,Unassigned,,
doi:10.1109/ictai.2007.101,10.1109/ictai.2007.101,1,"[""IEEE""]","[[""IEEE"",""I146E0175DCCFABE8""]]","[""include""]",included,0,Unassigned,,
doi:10.1109/ictai.2012.131,10.1109/ictai.2012.131,1,"[""IEEE""]","[[""IEEE"",""I072341D39969241C""]]","[""exclude""]",not_included,0,Unassigned,,
doi:10.1109/ictai62512.2024.00100,10.1109/ictai62512.2024.00100,1,"[""IEEE""]","[[""IEEE"",""I39374D4FEC1DB60C""]]","[""include""]",included,0,Unassigned,,
doi:10.1109/ictai66417.2025.00070,10.1109/ictai66417.2025.00070,1,"[""IEEE""]","[[""IEEE"",""I30818CB3746D89E2""]]","[""exclude""]",not_included,0,Unassigned,,
doi:10.1109/ictas64866.2025.11155406,10.1109/ictas64866.2025.11155406,1,"[""IEEE""]","[[""IEEE"",""I50FBBE7ABD2CC90E""]]","[""exclude""]",not_included,0,Unassigned,,
doi:10.1109/ictbig68706.2025.11323974,10.1109/ictbig68706.2025.11323974,1,"[""IEEE""]","[[""IEEE"",""I3B172732B8206DB5""]]","[""exclude""]",not_included,0,Unassigned,,
doi:10.1109/ictd.2006.301867,10.1109/ictd.2006.301867,1,"[""IEEE""]","[[""IEEE"",""IBFE8B89F885FA086""]]","[""exclude""]",not_included,0,Unassigned,,
doi:10.1109/icteched69022.2026.11682855,10.1109/icteched69022.2026.11682855,1,"[""IEEE""]","[[""IEEE"",""I975B1E6B11EB7FB2""]]","[""pending""]",not_included,1,Unassigned,,
doi:10.1109/ictmim68190.2026.11506811,10.1109/ictmim68190.2026.11506811,1,"[""IEEE""]","[[""IEEE"",""I77FD62A975A47ECB""]]","[""exclude""]",not_included,0,Unassigned,,
doi:10.1109/ictmim68190.2026.11507472,10.1109/ictmim68190.2026.11507472,1,"[""IEEE""]","[[""IEEE"",""I3D4B1C6975410C26""]]","[""exclude""]",not_included,0,Unassigned,,
doi:10.1109/ictmod55867.2022.10041878,10.1109/ictmod55867.2022.10041878,1,"[""IEEE""]","[[""IEEE"",""I649240F1001A55D0""]]","[""exclude""]",not_included,0,Unassigned,,
doi:10.1109/ictmod63116.2024.10878140,10.1109/ictmod63116.2024.10878140,1,"[""IEEE""]","[[""IEEE"",""IEF2B7E702623DAAA""]]","[""include""]",included,0,Unassigned,,
doi:10.1109/icton71309.2026.11705323,10.1109/icton71309.2026.11705323,1,"[""IEEE""]","[[""IEEE"",""IE5BB33377426611D""]]","[""exclude""]",not_included,0,Unassigned,,
doi:10.1109/ictta.2004.1307554,10.1109/ictta.2004.1307554,1,"[""IEEE""]","[[""IEEE"",""I3544BD9D395D1DC0""]]","[""exclude""]",not_included,0,Unassigned,,
doi:10.1109/ictta.2006.1684896,10.1109/ictta.2006.1684896,1,"[""IEEE""]","[[""IEEE"",""I5716B8E89FCCA2CF""]]","[""exclude""]",not_included,0,Unassigned,,
doi:10.1109/ictta.2006.1684904,10.1109/ictta.2006.1684904,1,"[""IEEE""]","[[""IEEE"",""I5E003787FAC5C781""]]","[""exclude""]",not_included,0,Unassigned,,
doi:10.1109/ictta.2006.1684948,10.1109/ictta.2006.1684948,1,"[""IEEE""]","[[""IEEE"",""I2D99E3262D216A84""]]","[""exclude""]",not_included,0,Unassigned,,
doi:10.1109/ictta.2006.1684949,10.1109/ictta.2006.1684949,1,"[""IEEE""]","[[""IEEE"",""IE6D5AD3E171CBAD4""]]","[""include""]",included,0,Unassigned,,
doi:10.1109/ictta.2006.1684958,10.1109/ictta.2006.1684958,1,"[""IEEE""]","[[""IEEE"",""ICFDA8DFF4400F020""]]","[""include""]",included,0,Unassigned,,
doi:10.1109/icuas.2017.7991447,10.1109/icuas.2017.7991447,1,"[""IEEE""]","[[""IEEE"",""IB77CB0CDE2D2BD8B""]]","[""exclude""]",not_included,0,Unassigned,,
doi:10.1109/icuas54217.2022.9836182,10.1109/icuas54217.2022.9836182,1,"[""IEEE""]","[[""IEEE"",""I42ACB737F681A68F""]]","[""exclude""]",not_included,0,Unassigned,,
doi:10.1109/icuas57906.2023.10155855,10.1109/icuas57906.2023.10155855,1,"[""IEEE""]","[[""IEEE"",""I2345E4BE653B190B""]]","[""exclude""]",not_included,0,Unassigned,,
doi:10.1109/icufn69619.2026.11628766,10.1109/icufn69619.2026.11628766,1,"[""IEEE""]","[[""IEEE"",""IA146D9CD656C8FED""]]","[""exclude""]",not_included,0,Unassigned,,
doi:10.1109/icuis67429.2025.11380629,10.1109/icuis67429.2025.11380629,1,"[""IEEE""]","[[""IEEE"",""I6B3660D125B59BE6""]]","[""exclude""]",not_included,0,Unassigned,,
doi:10.1109/icut.2009.5405728,10.1109/icut.2009.5405728,1,"[""IEEE""]","[[""IEEE"",""IA61AFE1256A808D0""]]","[""exclude""]",not_included,0,Unassigned,,
doi:10.1109/icvr70658.2026.11672410,10.1109/icvr70658.2026.11672410,1,"[""IEEE""]","[[""IEEE"",""I6E331E5FCEC8F044""]]","[""exclude""]",not_included,0,Unassigned,,
doi:10.1109/icws.2010.86,10.1109/icws.2010.86,1,"[""IEEE""]","[[""IEEE"",""I13F97B21B1EE6BCC""]]","[""exclude""]",not_included,0,Unassigned,,
doi:10.1109/icws72778.2026.00039,10.1109/icws72778.2026.00039,1,"[""IEEE""]","[[""IEEE"",""IE809EEFD8D72005B""]]","[""include""]",included,0,Unassigned,,
doi:10.1109/icws72778.2026.00165,10.1109/icws72778.2026.00165,1,"[""IEEE""]","[[""IEEE"",""IFEB11F279850D6F5""]]","[""include""]",included,0,Unassigned,,
doi:10.1109/icws72778.2026.00185,10.1109/icws72778.2026.00185,1,"[""IEEE""]","[[""IEEE"",""ICE44BC66F31B5A22""]]","[""exclude""]",not_included,0,Unassigned,,
doi:10.1109/icycs.2008.35,10.1109/icycs.2008.35,1,"[""IEEE""]","[[""IEEE"",""I260C97342F2E17C0""]]","[""include""]",included,0,Unassigned,,
doi:10.1109/ideas.2002.1029673,10.1109/ideas.2002.1029673,1,"[""IEEE""]","[[""IEEE"",""IF894869257A09DF6""]]","[""exclude""]",not_included,0,Unassigned,,
doi:10.1109/ideas.2004.1319784,10.1109/ideas.2004.1319784,1,"[""IEEE""]","[[""IEEE"",""ID9D5665D65AC4577""]]","[""exclude""]",not_included,0,Unassigned,,
doi:10.1109/ideas.2007.4318088,10.1109/ideas.2007.4318088,1,"[""IEEE""]","[[""IEEE"",""IECD6AFEE195E641F""]]","[""exclude""]",not_included,0,Unassigned,,
doi:10.1109/iecon.2000.972458,10.1109/iecon.2000.972458,1,"[""IEEE""]","[[""IEEE"",""I2024FAF0A3F1F3AD""]]","[""include""]",included,0,Unassigned,,
doi:10.1109/iecon.2000.973230,10.1109/iecon.2000.973230,1,"[""IEEE""]","[[""IEEE"",""IA5B711209D3D00ED""]]","[""include""]",included,0,Unassigned,,
doi:10.1109/iecon.2013.6700404,10.1109/iecon.2013.6700404,1,"[""IEEE""]","[[""IEEE"",""IF65C0FCDBB3D520D""]]","[""include""]",included,0,Unassigned,,
doi:10.1109/iecon.2014.7049026,10.1109/iecon.2014.7049026,1,"[""IEEE""]","[[""IEEE"",""I0A4005A1A338F8BD""]]","[""include""]",included,0,Unassigned,,
doi:10.1109/iecon51785.2023.10312584,10.1109/iecon51785.2023.10312584,1,"[""IEEE""]","[[""IEEE"",""I85EBB2655759736F""]]","[""exclude""]",not_included,0,Unassigned,,
doi:10.1109/ieec.2009.100,10.1109/ieec.2009.100,1,"[""IEEE""]","[[""IEEE"",""IA9A9FDBD884ADAF4""]]","[""exclude""]",not_included,0,Unassigned,,
doi:10.1109/ieec.2009.145,10.1109/ieec.2009.145,1,"[""IEEE""]","[[""IEEE"",""I46B92D85519DE25F""]]","[""exclude""]",not_included,0,Unassigned,,
doi:10.1109/ieeeconf67861.2026.11440781,10.1109/ieeeconf67861.2026.11440781,1,"[""IEEE""]","[[""IEEE"",""IDAF45F6DF4EE6574""]]","[""exclude""]",not_included,0,Unassigned,,
doi:10.1109/ieeestd.2020.9115946,10.1109/ieeestd.2020.9115946,1,"[""IEEE""]","[[""IEEE"",""I475C5F137CEC9159""]]","[""exclude""]",separate_standard_track,0,Unassigned,,
doi:10.1109/ieem.2008.4738042,10.1109/ieem.2008.4738042,1,"[""IEEE""]","[[""IEEE"",""I81FD9CB4450CF668""]]","[""include""]",included,0,Unassigned,,
doi:10.1109/ieem.2008.4738114,10.1109/ieem.2008.4738114,1,"[""IEEE""]","[[""IEEE"",""IE466DA1BB1CDF461""]]","[""exclude""]",not_included,0,Unassigned,,
doi:10.1109/ieem.2014.7058655,10.1109/ieem.2014.7058655,1,"[""IEEE""]","[[""IEEE"",""I221AC1EFBB9B6C7B""]]","[""exclude""]",not_included,0,Unassigned,,
doi:10.1109/ieem.2015.7385609,10.1109/ieem.2015.7385609,1,"[""IEEE""]","[[""IEEE"",""IF5BFB4E86207C14C""]]","[""include""]",included,0,Unassigned,,
doi:10.1109/ieem.2015.7385809,10.1109/ieem.2015.7385809,1,"[""IEEE""]","[[""IEEE"",""I31B6B4DD47DFBDF4""]]","[""exclude""]",not_included,0,Unassigned,,
doi:10.1109/ieem.2015.7385857,10.1109/ieem.2015.7385857,1,"[""IEEE""]","[[""IEEE"",""IDA5C207AD9B5B55B""]]","[""exclude""]",not_included,0,Unassigned,,
doi:10.1109/ieem.2015.7385958,10.1109/ieem.2015.7385958,1,"[""IEEE""]","[[""IEEE"",""I71DD198D17448DA6""]]","[""include""]",included,0,Unassigned,,
doi:10.1109/ieem.2016.7798095,10.1109/ieem.2016.7798095,1,"[""IEEE""]","[[""IEEE"",""I1DE4A14C5336156D""]]","[""exclude""]",not_included,0,Unassigned,,
doi:10.1109/ieem.2017.8289903,10.1109/ieem.2017.8289903,1,"[""IEEE""]","[[""IEEE"",""I28131CF9B2017F99""]]","[""include""]",included,0,Unassigned,,
doi:10.1109/ieem50564.2021.9672780,10.1109/ieem50564.2021.9672780,1,"[""IEEE""]","[[""IEEE"",""I6F87ADFBBC65A11A""]]","[""exclude""]",not_included,0,Unassigned,,
doi:10.1109/ieem62345.2024.10857206,10.1109/ieem62345.2024.10857206,1,"[""IEEE""]","[[""IEEE"",""I343C4E74E69025AF""]]","[""include""]",included,0,Unassigned,,
doi:10.1109/iemc.2002.1038371,10.1109/iemc.2002.1038371,1,"[""IEEE""]","[[""IEEE"",""IA2FB1F4BBA03BBE1""]]","[""exclude""]",not_included,0,Unassigned,,
doi:10.1109/iemc.2003.1252328,10.1109/iemc.2003.1252328,1,"[""IEEE""]","[[""IEEE"",""I9B9D8872B89E4A84""]]","[""exclude""]",not_included,0,Unassigned,,
doi:10.1109/iemecon53809.2021.9689170,10.1109/iemecon53809.2021.9689170,1,"[""IEEE""]","[[""IEEE"",""IB192B3F6940576F2""]]","[""exclude""]",not_included,0,Unassigned,,
doi:10.1109/ietc69527.2026.11568641,10.1109/ietc69527.2026.11568641,1,"[""IEEE""]","[[""IEEE"",""IA1DB8F8C84C4BFEE""]]","[""exclude""]",not_included,0,Unassigned,,
doi:10.1109/ietc69527.2026.11568651,10.1109/ietc69527.2026.11568651,1,"[""IEEE""]","[[""IEEE"",""IEF7B4701FC442F6D""]]","[""include""]",included,0,Unassigned,,
doi:10.1109/ifcsta.2009.320,10.1109/ifcsta.2009.320,1,"[""IEEE""]","[[""IEEE"",""IF912908682B7F29B""]]","[""exclude""]",not_included,0,Unassigned,,
doi:10.1109/igarss53475.2024.10640620,10.1109/igarss53475.2024.10640620,1,"[""IEEE""]","[[""IEEE"",""IE0EC05E0A3AFE025""]]","[""exclude""]",not_included,0,Unassigned,,
doi:10.1109/igeht.2017.8094100,10.1109/igeht.2017.8094100,1,"[""IEEE""]","[[""IEEE"",""IE025B0572A4399DC""]]","[""exclude""]",not_included,0,Unassigned,,
doi:10.1109/ignite69592.2026.11706178,10.1109/ignite69592.2026.11706178,1,"[""IEEE""]","[[""IEEE"",""I946BEF993A8B9925""]]","[""exclude""]",not_included,0,Unassigned,,
doi:10.1109/ihmsc.2009.17,10.1109/ihmsc.2009.17,1,"[""IEEE""]","[[""IEEE"",""IA38F708C9B0948FD""]]","[""include""]",included,0,Unassigned,,
doi:10.1109/ihmsc.2013.114,10.1109/ihmsc.2013.114,1,"[""IEEE""]","[[""IEEE"",""IEF5A33B8029E6225""]]","[""include""]",included,0,Unassigned,,
doi:10.1109/ihmsc.2016.177,10.1109/ihmsc.2016.177,1,"[""IEEE""]","[[""IEEE"",""I4BC9A605A487543A""]]","[""exclude""]",not_included,0,Unassigned,,
doi:10.1109/ihtc65087.2025.11216308,10.1109/ihtc65087.2025.11216308,1,"[""IEEE""]","[[""IEEE"",""I0623794DC30A598F""]]","[""exclude""]",not_included,0,Unassigned,,
doi:10.1109/iiai-aai.2014.4,10.1109/iiai-aai.2014.4,1,"[""IEEE""]","[[""IEEE"",""I1CC8493092B2B747""]]","[""exclude""]",not_included,0,Unassigned,,
doi:10.1109/iiai-aai.2014.91,10.1109/iiai-aai.2014.91,1,"[""IEEE""]","[[""IEEE"",""ID0166C343658741A""]]","[""exclude""]",not_included,0,Unassigned,,
doi:10.1109/iiai-aai.2016.57,10.1109/iiai-aai.2016.57,1,"[""IEEE""]","[[""IEEE"",""I8FE75D17536EA89E""]]","[""exclude""]",not_included,0,Unassigned,,
doi:10.1109/iiai-aai53430.2021.00062,10.1109/iiai-aai53430.2021.00062,1,"[""IEEE""]","[[""IEEE"",""IFAFC3A438E5E508E""]]","[""include""]",included,0,Unassigned,,
doi:10.1109/iiai-aai59060.2023.00092,10.1109/iiai-aai59060.2023.00092,1,"[""IEEE""]","[[""IEEE"",""I6199BA8877B258BB""]]","[""include""]",included,0,Unassigned,,
doi:10.1109/iicaiet67254.2025.11265236,10.1109/iicaiet67254.2025.11265236,1,"[""IEEE""]","[[""IEEE"",""I1FDE3FCB92542C98""]]","[""include""]",included,0,Unassigned,,
doi:10.1109/iih-msp.2007.242,10.1109/iih-msp.2007.242,1,"[""IEEE""]","[[""IEEE"",""I013BB89AFC7DD6C8""]]","[""exclude""]",not_included,0,Unassigned,,
doi:10.1109/iih-msp.2007.250,10.1109/iih-msp.2007.250,1,"[""IEEE""]","[[""IEEE"",""ID6BE46AD393F281E""]]","[""include""]",included,0,Unassigned,,
doi:10.1109/iih-msp.2009.262,10.1109/iih-msp.2009.262,1,"[""IEEE""]","[[""IEEE"",""I4DD7712BBD07E8A2""]]","[""include""]",included,0,Unassigned,,
doi:10.1109/iipem65914.2025.11548428,10.1109/iipem65914.2025.11548428,1,"[""IEEE""]","[[""IEEE"",""IE789B7BF7C846294""]]","[""exclude""]",not_included,0,Unassigned,,
doi:10.1109/iisa.2015.7388043,10.1109/iisa.2015.7388043,1,"[""IEEE""]","[[""IEEE"",""I74E9E331D1DC2059""]]","[""include""]",included,0,Unassigned,,
doi:10.1109/iisa66859.2025.11311255,10.1109/iisa66859.2025.11311255,1,"[""IEEE""]","[[""IEEE"",""IDEC47514BDD07BE0""]]","[""include""]",included,0,Unassigned,,
doi:10.1109/iisa71656.2026.11705452,10.1109/iisa71656.2026.11705452,1,"[""IEEE""]","[[""IEEE"",""I5C5B2012E4CC2E79""]]","[""exclude""]",not_included,0,Unassigned,,
doi:10.1109/iit.2007.4430512,10.1109/iit.2007.4430512,1,"[""IEEE""]","[[""IEEE"",""I4827F0720860304B""]]","[""exclude""]",not_included,0,Unassigned,,
doi:10.1109/iita.2008.153,10.1109/iita.2008.153,1,"[""IEEE""]","[[""IEEE"",""IB8DC3EDE3B9AFCD0""]]","[""pending""]",not_included,1,Unassigned,,
doi:10.1109/iita.2008.31,10.1109/iita.2008.31,1,"[""IEEE""]","[[""IEEE"",""I14B085609639A63F""]]","[""pending""]",not_included,1,Unassigned,,
doi:10.1109/iita.2009.158,10.1109/iita.2009.158,1,"[""IEEE""]","[[""IEEE"",""IADB9B62406FD56A2""]]","[""include""]",included,0,Unassigned,,
doi:10.1109/iita.2009.238,10.1109/iita.2009.238,1,"[""IEEE""]","[[""IEEE"",""I96A869E3C5E3DE31""]]","[""include""]",included,0,Unassigned,,
doi:10.1109/iita.2009.301,10.1109/iita.2009.301,1,"[""IEEE""]","[[""IEEE"",""ID5550D6DCF59DB0C""]]","[""include""]",included,0,Unassigned,,
doi:10.1109/iita.2009.404,10.1109/iita.2009.404,1,"[""IEEE""]","[[""IEEE"",""I4ABDDB563D0C3F88""]]","[""exclude""]",not_included,0,Unassigned,,
doi:10.1109/ijcnn.1999.833410,10.1109/ijcnn.1999.833410,1,"[""IEEE""]","[[""IEEE"",""I638C7FCCF286AF37""]]","[""exclude""]",not_included,0,Unassigned,,
doi:10.1109/ijcnn.2015.7280374,10.1109/ijcnn.2015.7280374,1,"[""IEEE""]","[[""IEEE"",""I299DDADF5465E705""]]","[""exclude""]",not_included,0,Unassigned,,
doi:10.1109/ijcnn52387.2021.9533817,10.1109/ijcnn52387.2021.9533817,1,"[""IEEE""]","[[""IEEE"",""IAB6F5C5526618B73""]]","[""include""]",included,0,Unassigned,,
doi:10.1109/ijcnn52387.2021.9534126,10.1109/ijcnn52387.2021.9534126,1,"[""IEEE""]","[[""IEEE"",""IA8AB6DBC0ED8D4D0""]]","[""include""]",included,0,Unassigned,,
doi:10.1109/ijcnn54540.2023.10191154,10.1109/ijcnn54540.2023.10191154,1,"[""IEEE""]","[[""IEEE"",""I418FFB831B4F2174""]]","[""exclude""]",not_included,0,Unassigned,,
doi:10.1109/imcec.2016.7867264,10.1109/imcec.2016.7867264,1,"[""IEEE""]","[[""IEEE"",""IC8D74D780A8C7BD1""]]","[""pending""]",not_included,1,Unassigned,,
doi:10.1109/imcsit.2010.5680077,10.1109/imcsit.2010.5680077,1,"[""IEEE""]","[[""IEEE"",""IFFFBC3BEDBBDE0B4""]]","[""exclude""]",not_included,0,Unassigned,,
doi:10.1109/imns67862.2026.11655291,10.1109/imns67862.2026.11655291,1,"[""IEEE""]","[[""IEEE"",""I0BB10FD89798C618""]]","[""include""]",included,0,Unassigned,,
doi:10.1109/imsaa.2011.6156371,10.1109/imsaa.2011.6156371,1,"[""IEEE""]","[[""IEEE"",""I114621F0AF5F1842""]]","[""exclude""]",not_included,0,Unassigned,,
doi:10.1109/incacct61598.2024.10551079,10.1109/incacct61598.2024.10551079,1,"[""IEEE""]","[[""IEEE"",""I57224EFFC7DDFC4D""]]","[""exclude""]",not_included,0,Unassigned,,
doi:10.1109/incet51464.2021.9456159,10.1109/incet51464.2021.9456159,1,"[""IEEE""]","[[""IEEE"",""IC7FC80E229A2376F""]]","[""exclude""]",not_included,0,Unassigned,,
doi:10.1109/incit66780.2025.11276064,10.1109/incit66780.2025.11276064,1,"[""IEEE""]","[[""IEEE"",""IA0946CD4AE4F222B""]]","[""exclude""]",not_included,0,Unassigned,,
doi:10.1109/incos.2015.17,10.1109/incos.2015.17,1,"[""IEEE""]","[[""IEEE"",""I9CE4342A4EB50C2A""]]","[""exclude""]",not_included,0,Unassigned,,
doi:10.1109/incosst69426.2026.11709604,10.1109/incosst69426.2026.11709604,1,"[""IEEE""]","[[""IEEE"",""I678CCBA4CE047C71""]]","[""exclude""]",not_included,0,Unassigned,,
doi:10.1109/indcon.2011.6139351,10.1109/indcon.2011.6139351,1,"[""IEEE""]","[[""IEEE"",""I23D2A40B1D94B5E5""]]","[""pending""]",not_included,1,Unassigned,,
doi:10.1109/indcon.2012.6420774,10.1109/indcon.2012.6420774,1,"[""IEEE""]","[[""IEEE"",""I2CD2525B474A13CD""]]","[""include""]",included,0,Unassigned,,
doi:10.1109/indin.2005.1560455,10.1109/indin.2005.1560455,1,"[""IEEE""]","[[""IEEE"",""I7538A41FF550350B""]]","[""exclude""]",not_included,0,Unassigned,,
doi:10.1109/indin.2005.1560476,10.1109/indin.2005.1560476,1,"[""IEEE""]","[[""IEEE"",""IE8A7530B0EDFC942""]]","[""include""]",included,0,Unassigned,,
doi:10.1109/indin.2010.5549616,10.1109/indin.2010.5549616,1,"[""IEEE""]","[[""IEEE"",""I780A82F50C53D267""]]","[""exclude""]",not_included,0,Unassigned,,
doi:10.1109/induscon58041.2023.10375030,10.1109/induscon58041.2023.10375030,1,"[""IEEE""]","[[""IEEE"",""ID1224DD5F951D5D6""]]","[""include""]",included,0,Unassigned,,
doi:10.1109/ines.2016.7555136,10.1109/ines.2016.7555136,1,"[""IEEE""]","[[""IEEE"",""I87A3F82BBB763BF7""]]","[""exclude""]",not_included,0,Unassigned,,
doi:10.1109/infcom.2005.1498565,10.1109/infcom.2005.1498565,1,"[""IEEE""]","[[""IEEE"",""I316254104A660FD3""]]","[""exclude""]",not_included,0,Unassigned,,
doi:10.1109/infcom.2012.6195804,10.1109/infcom.2012.6195804,1,"[""IEEE""]","[[""IEEE"",""I3EB57BB5B790EC9B""]]","[""exclude""]",not_included,0,Unassigned,,
doi:10.1109/infocom.2014.6847932,10.1109/infocom.2014.6847932,1,"[""IEEE""]","[[""IEEE"",""I621ECE9293047994""]]","[""exclude""]",not_included,0,Unassigned,,
doi:10.1109/infocom.2014.6848091,10.1109/infocom.2014.6848091,1,"[""IEEE""]","[[""IEEE"",""IF1D28DC58E52DACE""]]","[""include""]",included,0,Unassigned,,
doi:10.1109/infocom.2015.7218590,10.1109/infocom.2015.7218590,1,"[""IEEE""]","[[""IEEE"",""IF7B657FF9A3CC1B7""]]","[""include""]",included,0,Unassigned,,
doi:10.1109/infocom.2015.7218641,10.1109/infocom.2015.7218641,1,"[""IEEE""]","[[""IEEE"",""I1BE036EC8BD0551F""]]","[""pending""]",not_included,1,Unassigned,,
doi:10.1109/infocom59046.2026.11571455,10.1109/infocom59046.2026.11571455,1,"[""IEEE""]","[[""IEEE"",""IBF42216939C87CD5""]]","[""exclude""]",not_included,0,Unassigned,,
doi:10.1109/infocom59046.2026.11571532,10.1109/infocom59046.2026.11571532,1,"[""IEEE""]","[[""IEEE"",""I26441DE47BAF6858""]]","[""include""]",included,0,Unassigned,,
doi:10.1109/infocom59046.2026.11571677,10.1109/infocom59046.2026.11571677,1,"[""IEEE""]","[[""IEEE"",""I506741220D75189C""]]","[""include""]",included,0,Unassigned,,
doi:10.1109/infra.2008.5439688,10.1109/infra.2008.5439688,1,"[""IEEE""]","[[""IEEE"",""I3F9539E715AEF5B8""]]","[""include""]",included,0,Unassigned,,
doi:10.1109/inista55318.2022.9894050,10.1109/inista55318.2022.9894050,1,"[""IEEE""]","[[""IEEE"",""IDCBEF0A72F572D26""]]","[""include""]",included,0,Unassigned,,
doi:10.1109/instcon69741.2026.11691713,10.1109/instcon69741.2026.11691713,1,"[""IEEE""]","[[""IEEE"",""I3B7B838CCCCBF836""]]","[""exclude""]",not_included,0,Unassigned,,
doi:10.1109/iotaai66837.2025.11213046,10.1109/iotaai66837.2025.11213046,1,"[""IEEE""]","[[""IEEE"",""I89499F9BD03A1A30""]]","[""exclude""]",not_included,0,Unassigned,,
doi:10.1109/ipc.2007.18,10.1109/ipc.2007.18,1,"[""IEEE""]","[[""IEEE"",""IA248B185BF9CFA09""]]","[""include""]",included,0,Unassigned,,
doi:10.1109/ipc.2007.32,10.1109/ipc.2007.32,1,"[""IEEE""]","[[""IEEE"",""IEB2C79BAFBE34E7F""]]","[""include""]",included,0,Unassigned,,
doi:10.1109/ipdps.2001.924949,10.1109/ipdps.2001.924949,1,"[""IEEE""]","[[""IEEE"",""IBAC6001B9A693B75""]]","[""include""]",included,0,Unassigned,,
doi:10.1109/ipdps.2005.169,10.1109/ipdps.2005.169,1,"[""IEEE""]","[[""IEEE"",""IBC90C4BAA7F85E67""]]","[""include""]",included,0,Unassigned,,
doi:10.1109/ipdps.2005.58,10.1109/ipdps.2005.58,1,"[""IEEE""]","[[""IEEE"",""I5AEB002D7E753E02""]]","[""exclude""]",not_included,0,Unassigned,,
doi:10.1109/ipdps.2007.370279,10.1109/ipdps.2007.370279,1,"[""IEEE""]","[[""IEEE"",""I5FD2B94861AA07A7""]]","[""exclude""]",not_included,0,Unassigned,,
doi:10.1109/ipec54454.2022.9777573,10.1109/ipec54454.2022.9777573,1,"[""IEEE""]","[[""IEEE"",""I956D8F5D7AC6CD1F""]]","[""include""]",included,0,Unassigned,,
doi:10.1109/ipecon.2010.5696982,10.1109/ipecon.2010.5696982,1,"[""IEEE""]","[[""IEEE"",""IB27CACD74F699AF5""]]","[""include""]",included,0,Unassigned,,
doi:10.1109/iraniancee.2019.8786392,10.1109/iraniancee.2019.8786392,1,"[""IEEE""]","[[""IEEE"",""I036FE3103DDA4DF5""]]","[""include""]",included,0,Unassigned,,
doi:10.1109/iraset68627.2026.11538672,10.1109/iraset68627.2026.11538672,1,"[""IEEE""]","[[""IEEE"",""IEC4EA9BDEAC31638""]]","[""exclude""]",not_included,0,Unassigned,,
doi:10.1109/iraset68627.2026.11538795,10.1109/iraset68627.2026.11538795,1,"[""IEEE""]","[[""IEEE"",""IFF9E9DBC822E2EC8""]]","[""include""]",included,0,Unassigned,,
doi:10.1109/irec56325.2022.10001989,10.1109/irec56325.2022.10001989,1,"[""IEEE""]","[[""IEEE"",""IDF691205A01589C8""]]","[""include""]",included,0,Unassigned,,
doi:10.1109/iri.2012.6303009,10.1109/iri.2012.6303009,1,"[""IEEE""]","[[""IEEE"",""IE1447250C6787B23""]]","[""include""]",included,0,Unassigned,,
doi:10.1109/iri.2017.34,10.1109/iri.2017.34,1,"[""IEEE""]","[[""IEEE"",""IBDED2930446D5697""]]","[""exclude""]",not_included,0,Unassigned,,
doi:10.1109/iri69576.2026.00010,10.1109/iri69576.2026.00010,1,"[""IEEE""]","[[""IEEE"",""I0ADB7CF7C4F78E61""]]","[""exclude""]",not_included,0,Unassigned,,
doi:10.1109/iri69576.2026.00011,10.1109/iri69576.2026.00011,1,"[""IEEE""]","[[""IEEE"",""I6E3023C13D313AA4""]]","[""include""]",included,0,Unassigned,,
doi:10.1109/iros.2003.1248933,10.1109/iros.2003.1248933,1,"[""IEEE""]","[[""IEEE"",""ID4204897C436464D""]]","[""exclude""]",not_included,0,Unassigned,,
doi:10.1109/iros.2008.4650660,10.1109/iros.2008.4650660,1,"[""IEEE""]","[[""IEEE"",""I4924182F597EE780""]]","[""exclude""]",not_included,0,Unassigned,,
doi:10.1109/iros.2013.6697093,10.1109/iros.2013.6697093,1,"[""IEEE""]","[[""IEEE"",""I876A1951E1935E10""]]","[""exclude""]",not_included,0,Unassigned,,
doi:10.1109/iros58592.2024.10801900,10.1109/iros58592.2024.10801900,1,"[""IEEE""]","[[""IEEE"",""I6175973C7EB0F2EF""]]","[""exclude""]",not_included,0,Unassigned,,
doi:10.1109/irsec.2015.7455072,10.1109/irsec.2015.7455072,1,"[""IEEE""]","[[""IEEE"",""I483361F30025929A""]]","[""exclude""]",not_included,0,Unassigned,,
doi:10.1109/irtm54583.2022.9791523,10.1109/irtm54583.2022.9791523,1,"[""IEEE""]","[[""IEEE"",""I4224F3477501A6CD""]]","[""exclude""]",not_included,0,Unassigned,,
doi:10.1109/irtm54583.2022.9791598,10.1109/irtm54583.2022.9791598,1,"[""IEEE""]","[[""IEEE"",""I33BE4039CF9CA745""]]","[""exclude""]",not_included,0,Unassigned,,
doi:10.1109/is.2004.1344807,10.1109/is.2004.1344807,1,"[""IEEE""]","[[""IEEE"",""IED488BDA5C5519FF""]]","[""include""]",included,0,Unassigned,,
doi:10.1109/is.2018.8710454,10.1109/is.2018.8710454,1,"[""IEEE""]","[[""IEEE"",""IB14166D508B9A1FB""]]","[""include""]",included,0,Unassigned,,
doi:10.1109/is.2018.8710579,10.1109/is.2018.8710579,1,"[""IEEE""]","[[""IEEE"",""I589C2FC11685677F""]]","[""include""]",included,0,Unassigned,,
doi:10.1109/isa.2008.31,10.1109/isa.2008.31,1,"[""IEEE""]","[[""IEEE"",""I1F3132641432515B""]]","[""include""]",included,0,Unassigned,,
doi:10.1109/isads.1999.838444,10.1109/isads.1999.838444,1,"[""IEEE""]","[[""IEEE"",""I71914DFC6F12A1E2""]]","[""exclude""]",not_included,0,Unassigned,,
doi:10.1109/isads.2001.917390,10.1109/isads.2001.917390,1,"[""IEEE""]","[[""IEEE"",""IF3CF291293D0E693""]]","[""include""]",included,0,Unassigned,,
doi:10.1109/isads.2001.917392,10.1109/isads.2001.917392,1,"[""IEEE""]","[[""IEEE"",""I000A31B6CF512091""]]","[""include""]",included,0,Unassigned,,
doi:10.1109/isads.2001.917405,10.1109/isads.2001.917405,1,"[""IEEE""]","[[""IEEE"",""IE5C999AD9A02E12C""]]","[""exclude""]",not_included,0,Unassigned,,
doi:10.1109/isads.2001.917406,10.1109/isads.2001.917406,1,"[""IEEE""]","[[""IEEE"",""I0FEF980A944707C4""]]","[""pending""]",not_included,1,Unassigned,,
doi:10.1109/isads.2001.917407,10.1109/isads.2001.917407,1,"[""IEEE""]","[[""IEEE"",""ICDCB055AB92ABF49""]]","[""include""]",included,0,Unassigned,,
doi:10.1109/isads.2001.917408,10.1109/isads.2001.917408,1,"[""IEEE""]","[[""IEEE"",""IC2F274E058358E01""]]","[""include""]",included,0,Unassigned,,
doi:10.1109/isads.2001.917410,10.1109/isads.2001.917410,1,"[""IEEE""]","[[""IEEE"",""IFBEA0C6F73C9BB34""]]","[""include""]",included,0,Unassigned,,
doi:10.1109/isads.2001.917428,10.1109/isads.2001.917428,1,"[""IEEE""]","[[""IEEE"",""IE7D7F2C2834D7FD0""]]","[""include""]",included,0,Unassigned,,
doi:10.1109/isads.2001.917437,10.1109/isads.2001.917437,1,"[""IEEE""]","[[""IEEE"",""I63964B077051233F""]]","[""include""]",included,0,Unassigned,,
doi:10.1109/isads.2001.917449,10.1109/isads.2001.917449,1,"[""IEEE""]","[[""IEEE"",""I39A816F4C1E2552C""]]","[""exclude""]",not_included,0,Unassigned,,
doi:10.1109/isads.2003.1193929,10.1109/isads.2003.1193929,1,"[""IEEE""]","[[""IEEE"",""I82A468ECD25CF18E""]]","[""exclude""]",not_included,0,Unassigned,,
doi:10.1109/isads.2003.1193952,10.1109/isads.2003.1193952,1,"[""IEEE""]","[[""IEEE"",""IC009F07920C3161C""]]","[""exclude""]",not_included,0,Unassigned,,
doi:10.1109/isads.2005.1452068,10.1109/isads.2005.1452068,1,"[""IEEE""]","[[""IEEE"",""I02CD853F618E10EC""]]","[""include""]",included,0,Unassigned,,
doi:10.1109/isads.2005.1452183,10.1109/isads.2005.1452183,1,"[""IEEE""]","[[""IEEE"",""I1A81C537D348BDB9""]]","[""exclude""]",not_included,0,Unassigned,,
doi:10.1109/isads.2013.6513405,10.1109/isads.2013.6513405,1,"[""IEEE""]","[[""IEEE"",""I3248839DE3E2E89B""]]","[""exclude""]",not_included,0,Unassigned,,
doi:10.1109/isads66912.2025.00008,10.1109/isads66912.2025.00008,1,"[""IEEE""]","[[""IEEE"",""ID7796234A96A0D82""]]","[""include""]",included,0,Unassigned,,
doi:10.1109/isaect68904.2025.11318775,10.1109/isaect68904.2025.11318775,1,"[""IEEE""]","[[""IEEE"",""I447EF7967211EC1F""]]","[""exclude""]",not_included,0,Unassigned,,
doi:10.1109/isap.2005.1599310,10.1109/isap.2005.1599310,1,"[""IEEE""]","[[""IEEE"",""IED279A41FAD8C328""]]","[""include""]",included,0,Unassigned,,
doi:10.1109/isap.2007.4441606,10.1109/isap.2007.4441606,1,"[""IEEE""]","[[""IEEE"",""I76F4DA488D63798C""]]","[""include""]",included,0,Unassigned,,
doi:10.1109/isap.2009.5352855,10.1109/isap.2009.5352855,1,"[""IEEE""]","[[""IEEE"",""IFE95631F9D96344A""]]","[""include""]",included,0,Unassigned,,
doi:10.1109/isap.2017.8071410,10.1109/isap.2017.8071410,1,"[""IEEE""]","[[""IEEE"",""I919FF2A9A6B6C49D""]]","[""include""]",included,0,Unassigned,,
doi:10.1109/isbim.2008.236,10.1109/isbim.2008.236,1,"[""IEEE""]","[[""IEEE"",""I0DDCDDB5C21080BB""]]","[""include""]",included,0,Unassigned,,
doi:10.1109/isbim.2008.69,10.1109/isbim.2008.69,1,"[""IEEE""]","[[""IEEE"",""I6B666AF06D4214C6""]]","[""exclude""]",not_included,0,Unassigned,,
doi:10.1109/isc2.2015.7366182,10.1109/isc2.2015.7366182,1,"[""IEEE""]","[[""IEEE"",""I636CD7CA3AA4D02D""]]","[""exclude""]",not_included,0,Unassigned,,
doi:10.1109/isc2.2015.7366199,10.1109/isc2.2015.7366199,1,"[""IEEE""]","[[""IEEE"",""I5F93BE2E2329EEE7""]]","[""exclude""]",not_included,0,Unassigned,,
doi:10.1109/isc2.2015.7366213,10.1109/isc2.2015.7366213,1,"[""IEEE""]","[[""IEEE"",""ID1A6AE03F7561926""]]","[""include""]",included,0,Unassigned,,
doi:10.1109/isc246665.2019.9071651,10.1109/isc246665.2019.9071651,1,"[""IEEE""]","[[""IEEE"",""I1A9CEB67928ED3DB""]]","[""include""]",included,0,Unassigned,,
doi:10.1109/isc266238.2025.11293337,10.1109/isc266238.2025.11293337,1,"[""IEEE""]","[[""IEEE"",""I4636D840D003D7EB""]]","[""exclude""]",not_included,0,Unassigned,,
doi:10.1109/iscc.1998.702547,10.1109/iscc.1998.702547,1,"[""IEEE""]","[[""IEEE"",""IC0381DB921C065BC""]]","[""pending""]",not_included,1,Unassigned,,
doi:10.1109/iscc.2002.1021756,10.1109/iscc.2002.1021756,1,"[""IEEE""]","[[""IEEE"",""IAFC6E8C0065B8DAD""]]","[""include""]",included,0,Unassigned,,
doi:10.1109/iscc.2004.1358356,10.1109/iscc.2004.1358356,1,"[""IEEE""]","[[""IEEE"",""I22055BB6491D31F0""]]","[""exclude""]",not_included,0,Unassigned,,
doi:10.1109/iscc53001.2021.9631429,10.1109/iscc53001.2021.9631429,1,"[""IEEE""]","[[""IEEE"",""ID7E10F07CBC9959A""]]","[""exclude""]",not_included,0,Unassigned,,
doi:10.1109/iscc58397.2023.10218226,10.1109/iscc58397.2023.10218226,1,"[""IEEE""]","[[""IEEE"",""IE042A7A60B83E58D""]]","[""exclude""]",not_included,0,Unassigned,,
doi:10.1109/iscid.2008.7,10.1109/iscid.2008.7,1,"[""IEEE""]","[[""IEEE"",""ID980C17DB5DC85B3""]]","[""pending""]",not_included,1,Unassigned,,
doi:10.1109/iscis.2008.4717923,10.1109/iscis.2008.4717923,1,"[""IEEE""]","[[""IEEE"",""I8E8035FE2F96185D""]]","[""include""]",included,0,Unassigned,,
doi:10.1109/iscmi67495.2025.11358455,10.1109/iscmi67495.2025.11358455,1,"[""IEEE""]","[[""IEEE"",""I1089827EF6ED2CAE""]]","[""exclude""]",not_included,0,Unassigned,,
doi:10.1109/iscsct.2008.135,10.1109/iscsct.2008.135,1,"[""IEEE""]","[[""IEEE"",""I591D27D121D96349""]]","[""include""]",included,0,Unassigned,,
doi:10.1109/iscsct.2008.21,10.1109/iscsct.2008.21,1,"[""IEEE""]","[[""IEEE"",""IC6AD85401A9C08B9""]]","[""exclude""]",not_included,0,Unassigned,,
doi:10.1109/isda.2007.66,10.1109/isda.2007.66,1,"[""IEEE""]","[[""IEEE"",""IF19A1F1CDF55C3B0""]]","[""include""]",included,0,Unassigned,,
doi:10.1109/isda.2008.1,10.1109/isda.2008.1,1,"[""IEEE""]","[[""IEEE"",""I8C561B06C8564696""]]","[""exclude""]",not_included,0,Unassigned,,
doi:10.1109/isda.2008.138,10.1109/isda.2008.138,1,"[""IEEE""]","[[""IEEE"",""IF3123F6CA481F3F0""]]","[""include""]",included,0,Unassigned,,
doi:10.1109/isda.2008.303,10.1109/isda.2008.303,1,"[""IEEE""]","[[""IEEE"",""I7B51A0904A216E7D""]]","[""include""]",included,0,Unassigned,,
doi:10.1109/isda.2009.171,10.1109/isda.2009.171,1,"[""IEEE""]","[[""IEEE"",""IE1B8D55C95E67C6B""]]","[""exclude""]",not_included,0,Unassigned,,
doi:10.1109/isda.2009.48,10.1109/isda.2009.48,1,"[""IEEE""]","[[""IEEE"",""I796FF2231FD1837B""]]","[""include""]",included,0,Unassigned,,
doi:10.1109/isda.2015.7489164,10.1109/isda.2015.7489164,1,"[""IEEE""]","[[""IEEE"",""I5248FC3F990ADDE1""]]","[""include""]",included,0,Unassigned,,
doi:10.1109/isdfs69419.2026.11459101,10.1109/isdfs69419.2026.11459101,1,"[""IEEE""]","[[""IEEE"",""I68A6D553E50488B3""]]","[""exclude""]",not_included,0,Unassigned,,
doi:10.1109/isecs.2008.102,10.1109/isecs.2008.102,1,"[""IEEE""]","[[""IEEE"",""I27263C6815F7C42E""]]","[""include""]",included,0,Unassigned,,
doi:10.1109/isecs.2008.184,10.1109/isecs.2008.184,1,"[""IEEE""]","[[""IEEE"",""IDCDE5F4B2169E950""]]","[""include""]",included,0,Unassigned,,
doi:10.1109/isecs.2008.84,10.1109/isecs.2008.84,1,"[""IEEE""]","[[""IEEE"",""IB02C23920AD36DA8""]]","[""include""]",included,0,Unassigned,,
doi:10.1109/isecs.2009.241,10.1109/isecs.2009.241,1,"[""IEEE""]","[[""IEEE"",""I45E51B9684BB8AD6""]]","[""include""]",included,0,Unassigned,,
doi:10.1109/isecs.2009.26,10.1109/isecs.2009.26,1,"[""IEEE""]","[[""IEEE"",""IA21B98EE7A42F2E1""]]","[""include""]",included,0,Unassigned,,
doi:10.1109/ised67359.2025.11405153,10.1109/ised67359.2025.11405153,1,"[""IEEE""]","[[""IEEE"",""IFBB7AD6BB755E273""]]","[""include""]",included,0,Unassigned,,
doi:10.1109/isee.2008.4562873,10.1109/isee.2008.4562873,1,"[""IEEE""]","[[""IEEE"",""IB6BDEDCE76BFA328""]]","[""include""]",included,0,Unassigned,,
doi:10.1109/isemantic50169.2020.9234258,10.1109/isemantic50169.2020.9234258,1,"[""IEEE""]","[[""IEEE"",""IC25A7E7A541D52AC""]]","[""exclude""]",not_included,0,Unassigned,,
doi:10.1109/isemantic55962.2022.9920434,10.1109/isemantic55962.2022.9920434,1,"[""IEEE""]","[[""IEEE"",""IF367470BF74CD1A1""]]","[""exclude""]",not_included,0,Unassigned,,
doi:10.1109/isgt-la.2017.8126751,10.1109/isgt-la.2017.8126751,1,"[""IEEE""]","[[""IEEE"",""IDC300B85047C84F1""]]","[""exclude""]",not_included,0,Unassigned,,
doi:10.1109/isgt.2011.5759184,10.1109/isgt.2011.5759184,1,"[""IEEE""]","[[""IEEE"",""I8F01A072A6C41F5B""]]","[""exclude""]",not_included,0,Unassigned,,
doi:10.1109/isgt.2012.6175613,10.1109/isgt.2012.6175613,1,"[""IEEE""]","[[""IEEE"",""ICC9F6FB92B17B072""]]","[""include""]",included,0,Unassigned,,
doi:10.1109/isgt.2013.6497868,10.1109/isgt.2013.6497868,1,"[""IEEE""]","[[""IEEE"",""I9FE80C9C5912665D""]]","[""include""]",included,0,Unassigned,,
doi:10.1109/isgt.2017.8086092,10.1109/isgt.2017.8086092,1,"[""IEEE""]","[[""IEEE"",""I27C0684C86349D6F""]]","[""include""]",included,0,Unassigned,,
doi:10.1109/isgteurope.2013.6695436,10.1109/isgteurope.2013.6695436,1,"[""IEEE""]","[[""IEEE"",""ID912367B5496ECCC""]]","[""include""]",included,0,Unassigned,,
doi:10.1109/isgteurope.2019.8905714,10.1109/isgteurope.2019.8905714,1,"[""IEEE""]","[[""IEEE"",""I7B16A7BB9083E9B3""]]","[""pending""]",not_included,1,Unassigned,,
doi:10.1109/isgtmiddleeast65737.2025.11314322,10.1109/isgtmiddleeast65737.2025.11314322,1,"[""IEEE""]","[[""IEEE"",""I2CC6362A4C79A3A7""]]","[""exclude""]",not_included,0,Unassigned,,
doi:10.1109/isic.2003.1254708,10.1109/isic.2003.1254708,1,"[""IEEE""]","[[""IEEE"",""I1BF255F683BFE2D8""]]","[""exclude""]",not_included,0,Unassigned,,
doi:10.1109/isie.2016.7744970,10.1109/isie.2016.7744970,1,"[""IEEE""]","[[""IEEE"",""I4C861B9925F59C9F""]]","[""include""]",included,0,Unassigned,,
doi:10.1109/isip.2008.111,10.1109/isip.2008.111,1,"[""IEEE""]","[[""IEEE"",""IBB8E322B1FD60124""]]","[""include""]",included,0,Unassigned,,
doi:10.1109/isip.2008.53,10.1109/isip.2008.53,1,"[""IEEE""]","[[""IEEE"",""I8BEBC2B11928F064""]]","[""exclude""]",not_included,0,Unassigned,,
doi:10.1109/isise.2009.128,10.1109/isise.2009.128,1,"[""IEEE""]","[[""IEEE"",""I44D2D6A1993052D3""]]","[""exclude""]",not_included,0,Unassigned,,
doi:10.1109/isise.2009.132,10.1109/isise.2009.132,1,"[""IEEE""]","[[""IEEE"",""I466D1EF1FC16EF92""]]","[""include""]",included,0,Unassigned,,
doi:10.1109/isit.2018.8437640,10.1109/isit.2018.8437640,1,"[""IEEE""]","[[""IEEE"",""I404837F023049D9D""]]","[""exclude""]",not_included,0,Unassigned,,
doi:10.1109/isitdi62380.2024.10796541,10.1109/isitdi62380.2024.10796541,1,"[""IEEE""]","[[""IEEE"",""IB0E8EDEFE61D1B6D""]]","[""exclude""]",not_included,0,Unassigned,,
doi:10.1109/iske.2008.4730910,10.1109/iske.2008.4730910,1,"[""IEEE""]","[[""IEEE"",""IB60671432624C296""]]","[""include""]",included,0,Unassigned,,
doi:10.1109/isncc70543.2026.11693907,10.1109/isncc70543.2026.11693907,1,"[""IEEE""]","[[""IEEE"",""I92A4C4E0A44B0EF0""]]","[""exclude""]",not_included,0,Unassigned,,
doi:10.1109/isorcw.2012.11,10.1109/isorcw.2012.11,1,"[""IEEE""]","[[""IEEE"",""I240D5E602361E411""]]","[""exclude""]",not_included,0,Unassigned,,
doi:10.1109/isp.2003.1275812,10.1109/isp.2003.1275812,1,"[""IEEE""]","[[""IEEE"",""IDCB6F43C80B9FD38""]]","[""exclude""]",not_included,0,Unassigned,,
doi:10.1109/ispa-bdcloud-sustaincom-socialcom48970.2019.00013,10.1109/ispa-bdcloud-sustaincom-socialcom48970.2019.00013,1,"[""IEEE""]","[[""IEEE"",""IF923654AA51F843C""]]","[""exclude""]",not_included,0,Unassigned,,
doi:10.1109/ispa67752.2025.00215,10.1109/ispa67752.2025.00215,1,"[""IEEE""]","[[""IEEE"",""IF2DE84808BC62730""]]","[""exclude""]",not_included,0,Unassigned,,
doi:10.1109/ispan.2005.72,10.1109/ispan.2005.72,1,"[""IEEE""]","[[""IEEE"",""I6FAFD4D736EB3C1A""]]","[""exclude""]",not_included,0,Unassigned,,
doi:10.1109/ispdc.2006.32,10.1109/ispdc.2006.32,1,"[""IEEE""]","[[""IEEE"",""I6D59A696FEC2531C""]]","[""include""]",included,0,Unassigned,,
doi:10.1109/ispec50848.2020.9351129,10.1109/ispec50848.2020.9351129,1,"[""IEEE""]","[[""IEEE"",""IECCD37E4FA6DF72C""]]","[""include""]",included,0,Unassigned,,
doi:10.1109/isra.2012.6219238,10.1109/isra.2012.6219238,1,"[""IEEE""]","[[""IEEE"",""IB8A7B8CEDF7D8B16""]]","[""include""]",included,0,Unassigned,,
doi:10.1109/issi.2018.8538253,10.1109/issi.2018.8538253,1,"[""IEEE""]","[[""IEEE"",""I9FAFF8D604BA2E77""]]","[""include""]",included,0,Unassigned,,
doi:10.1109/isspit.2007.4458205,10.1109/isspit.2007.4458205,1,"[""IEEE""]","[[""IEEE"",""IF595E6A3E2056053""]]","[""include""]",included,0,Unassigned,,
doi:10.1109/issre.1998.730880,10.1109/issre.1998.730880,1,"[""IEEE""]","[[""IEEE"",""IFF0CD4E5E742C6D8""]]","[""pending""]",not_included,1,Unassigned,,
doi:10.1109/istel.2010.5734168,10.1109/istel.2010.5734168,1,"[""IEEE""]","[[""IEEE"",""I00B70A41C482DAC1""]]","[""include""]",included,0,Unassigned,,
doi:10.1109/itaic.2011.6030367,10.1109/itaic.2011.6030367,1,"[""IEEE""]","[[""IEEE"",""I4CBBDE9B337A54BF""]]","[""pending""]",not_included,1,Unassigned,,
doi:10.1109/itapp.2010.5566198,10.1109/itapp.2010.5566198,1,"[""IEEE""]","[[""IEEE"",""I49CF7B0B43166D6F""]]","[""include""]",included,0,Unassigned,,
doi:10.1109/itcc.2004.1286427,10.1109/itcc.2004.1286427,1,"[""IEEE""]","[[""IEEE"",""I7FA63DF9098D0F3B""]]","[""include""]",included,0,Unassigned,,
doi:10.1109/itcc.2005.66,10.1109/itcc.2005.66,1,"[""IEEE""]","[[""IEEE"",""I4FB04AE1F2B556DF""]]","[""include""]",included,0,Unassigned,,
doi:10.1109/itcc.2005.95,10.1109/itcc.2005.95,1,"[""IEEE""]","[[""IEEE"",""IB74EC87D7F544347""]]","[""exclude""]",not_included,0,Unassigned,,
doi:10.1109/itcs.2009.281,10.1109/itcs.2009.281,1,"[""IEEE""]","[[""IEEE"",""IDA26F8C29E0CAF41""]]","[""include""]",included,0,Unassigned,,
doi:10.1109/iti.2002.1024698,10.1109/iti.2002.1024698,1,"[""IEEE""]","[[""IEEE"",""I6FF37D93FD79A507""]]","[""exclude""]",not_included,0,Unassigned,,
doi:10.1109/iti.2003.1225311,10.1109/iti.2003.1225311,1,"[""IEEE""]","[[""IEEE"",""I8966AB29C598E4CD""]]","[""exclude""]",not_included,0,Unassigned,,
doi:10.1109/iti.2006.1708430,10.1109/iti.2006.1708430,1,"[""IEEE""]","[[""IEEE"",""I06F0C956AE8A9179""]]","[""exclude""]",not_included,0,Unassigned,,
doi:10.1109/iti.2006.1708511,10.1109/iti.2006.1708511,1,"[""IEEE""]","[[""IEEE"",""IF0B9F37EC2EAAB16""]]","[""include""]",included,0,Unassigned,,
doi:10.1109/iti.2007.4283721,10.1109/iti.2007.4283721,1,"[""IEEE""]","[[""IEEE"",""IB9123233FD3955DA""]]","[""exclude""]",not_included,0,Unassigned,,
doi:10.1109/itict.2005.1609642,10.1109/itict.2005.1609642,1,"[""IEEE""]","[[""IEEE"",""I60343C7F914048D1""]]","[""include""]",included,0,Unassigned,,
doi:10.1109/itict.2005.1609657,10.1109/itict.2005.1609657,1,"[""IEEE""]","[[""IEEE"",""I560D4F855F71E9D4""]]","[""include""]",included,0,Unassigned,,
doi:10.1109/itng.2007.20,10.1109/itng.2007.20,1,"[""IEEE""]","[[""IEEE"",""IB8B54B01279D2730""]]","[""include""]",included,0,Unassigned,,
doi:10.1109/itng.2008.22,10.1109/itng.2008.22,1,"[""IEEE""]","[[""IEEE"",""I5A365CAF8362F5F2""]]","[""include""]",included,0,Unassigned,,
doi:10.1109/itng.2009.29,10.1109/itng.2009.29,1,"[""IEEE""]","[[""IEEE"",""I63D12CF0F0245E04""]]","[""include""]",included,0,Unassigned,,
doi:10.1109/itre.2006.381576,10.1109/itre.2006.381576,1,"[""IEEE""]","[[""IEEE"",""ICFA80F9A9CDDCA85""]]","[""exclude""]",not_included,0,Unassigned,,
doi:10.1109/itsc.2013.6728285,10.1109/itsc.2013.6728285,1,"[""IEEE""]","[[""IEEE"",""I3D850091A537BA7C""]]","[""include""]",included,0,Unassigned,,
doi:10.1109/itsc.2015.477,10.1109/itsc.2015.477,1,"[""IEEE""]","[[""IEEE"",""I4490AA9B9531F25E""]]","[""include""]",included,0,Unassigned,,
doi:10.1109/itsc.2016.7795753,10.1109/itsc.2016.7795753,1,"[""IEEE""]","[[""IEEE"",""IF458EBB7358708BA""]]","[""exclude""]",not_included,0,Unassigned,,
doi:10.1109/itsc.2017.8317671,10.1109/itsc.2017.8317671,1,"[""IEEE""]","[[""IEEE"",""IAD36035379D757E7""]]","[""exclude""]",not_included,0,Unassigned,,
doi:10.1109/itsc55140.2022.9921968,10.1109/itsc55140.2022.9921968,1,"[""IEEE""]","[[""IEEE"",""IC66823FB569957EF""]]","[""exclude""]",not_included,0,Unassigned,,
doi:10.1109/itsc57777.2023.10422423,10.1109/itsc57777.2023.10422423,1,"[""IEEE""]","[[""IEEE"",""I27361F20C97D7E03""]]","[""exclude""]",not_included,0,Unassigned,,
doi:10.1109/itsim.2008.4632049,10.1109/itsim.2008.4632049,1,"[""IEEE""]","[[""IEEE"",""I6BD950658AB9D33D""]]","[""include""]",included,0,Unassigned,,
doi:10.1109/itsim.2010.5561578,10.1109/itsim.2010.5561578,1,"[""IEEE""]","[[""IEEE"",""I140717E65682F7C0""]]","[""exclude""]",not_included,0,Unassigned,,
doi:10.1109/iuce.2009.108,10.1109/iuce.2009.108,1,"[""IEEE""]","[[""IEEE"",""I286B79786DB4D5A5""]]","[""include""]",included,0,Unassigned,,
doi:10.1109/ivs.2000.898381,10.1109/ivs.2000.898381,1,"[""IEEE""]","[[""IEEE"",""I3F2DB7A8E6AA85B1""]]","[""include""]",included,0,Unassigned,,
doi:10.1109/ivs.2019.8814122,10.1109/ivs.2019.8814122,1,"[""IEEE""]","[[""IEEE"",""IA51DECD52D4014EF""]]","[""exclude""]",not_included,0,Unassigned,,
doi:10.1109/iwads.2000.880878,10.1109/iwads.2000.880878,1,"[""IEEE""]","[[""IEEE"",""IC30161AF55EC4F5B""]]","[""exclude""]",not_included,0,Unassigned,,
doi:10.1109/iwads.2002.1194644,10.1109/iwads.2002.1194644,1,"[""IEEE""]","[[""IEEE"",""I7AB77AB6CF61E318""]]","[""exclude""]",not_included,0,Unassigned,,
doi:10.1109/iwaise.2008.16,10.1109/iwaise.2008.16,1,"[""IEEE""]","[[""IEEE"",""IB6FD63B589EADE05""]]","[""exclude""]",not_included,0,Unassigned,,
doi:10.1109/iwalt.2000.890554,10.1109/iwalt.2000.890554,1,"[""IEEE""]","[[""IEEE"",""I5D5145BCCF08A0AB""]]","[""exclude""]",not_included,0,Unassigned,,
doi:10.1109/iwcmc69287.2026.11580069,10.1109/iwcmc69287.2026.11580069,1,"[""IEEE""]","[[""IEEE"",""I7390CB51C1545D5A""]]","[""include""]",included,0,Unassigned,,
doi:10.1109/iwcmc69287.2026.11580103,10.1109/iwcmc69287.2026.11580103,1,"[""IEEE""]","[[""IEEE"",""I4F592216B11A26E5""]]","[""exclude""]",not_included,0,Unassigned,,
doi:10.1109/iwies.2013.6698573,10.1109/iwies.2013.6698573,1,"[""IEEE""]","[[""IEEE"",""I4FC82A244D150031""]]","[""include""]",included,0,Unassigned,,
doi:10.1109/iwisa.2010.5473511,10.1109/iwisa.2010.5473511,1,"[""IEEE""]","[[""IEEE"",""I27AA12E36D421DBF""]]","[""include""]",included,0,Unassigned,,
doi:10.1109/iwisa.2010.5473530,10.1109/iwisa.2010.5473530,1,"[""IEEE""]","[[""IEEE"",""I3D5E86F4A53EBD7F""]]","[""exclude""]",not_included,0,Unassigned,,
doi:10.1109/iwqos61813.2024.10682849,10.1109/iwqos61813.2024.10682849,1,"[""IEEE""]","[[""IEEE"",""IFB40D008AC40BBEA""]]","[""include""]",included,0,Unassigned,,
doi:10.1109/iwqos70441.2026.11661137,10.1109/iwqos70441.2026.11661137,1,"[""IEEE""]","[[""IEEE"",""I0F8050A062FF9E16""]]","[""exclude""]",not_included,0,Unassigned,,
doi:10.1109/jas.2023.123321,10.1109/jas.2023.123321,1,"[""IEEE""]","[[""IEEE"",""IC79D2E594F92BFBB""]]","[""exclude""]",not_included,0,Unassigned,,
doi:10.1109/jcdl.2003.1204930,10.1109/jcdl.2003.1204930,1,"[""IEEE""]","[[""IEEE"",""IAD07A9ECBFB747F7""]]","[""pending""]",not_included,1,Unassigned,,
doi:10.1109/jcpc.2009.5420062,10.1109/jcpc.2009.5420062,1,"[""IEEE""]","[[""IEEE"",""I73EEE8672488FB2B""]]","[""exclude""]",not_included,0,Unassigned,,
doi:10.1109/jcsse.2012.6261928,10.1109/jcsse.2012.6261928,1,"[""IEEE""]","[[""IEEE"",""I57D9E2A46AE0BC06""]]","[""include""]",included,0,Unassigned,,
doi:10.1109/jcsse68839.2026.11596758,10.1109/jcsse68839.2026.11596758,1,"[""IEEE""]","[[""IEEE"",""I40DB1615CEB7C69B""]]","[""exclude""]",not_included,0,Unassigned,,
doi:10.1109/jcsse68839.2026.11597085,10.1109/jcsse68839.2026.11597085,1,"[""IEEE""]","[[""IEEE"",""I96CF8107809CDF5D""]]","[""exclude""]",not_included,0,Unassigned,,
doi:10.1109/jiot.2019.2953108,10.1109/jiot.2019.2953108,1,"[""IEEE""]","[[""IEEE"",""I02919A12460B99BC""]]","[""include""]",included,0,Unassigned,,
doi:10.1109/jiot.2021.3063494,10.1109/jiot.2021.3063494,1,"[""IEEE""]","[[""IEEE"",""IB9DE6F65BCC0FCF7""]]","[""exclude""]",not_included,0,Unassigned,,
doi:10.1109/jiot.2021.3082769,10.1109/jiot.2021.3082769,1,"[""IEEE""]","[[""IEEE"",""IC8F4AE19A16E05F1""]]","[""include""]",included,0,Unassigned,,
doi:10.1109/jiot.2023.3277553,10.1109/jiot.2023.3277553,1,"[""IEEE""]","[[""IEEE"",""I8A74D7A9AD48827E""]]","[""include""]",included,0,Unassigned,,
doi:10.1109/jiot.2023.3312260,10.1109/jiot.2023.3312260,1,"[""IEEE""]","[[""IEEE"",""I9B480F4189815D50""]]","[""exclude""]",not_included,0,Unassigned,,
doi:10.1109/jiot.2024.3397893,10.1109/jiot.2024.3397893,1,"[""IEEE""]","[[""IEEE"",""I6A507728C6608108""]]","[""include""]",included,0,Unassigned,,
doi:10.1109/jiot.2024.3402274,10.1109/jiot.2024.3402274,1,"[""IEEE""]","[[""IEEE"",""I5991748D38947E68""]]","[""exclude""]",not_included,0,Unassigned,,
doi:10.1109/jiot.2025.3553519,10.1109/jiot.2025.3553519,1,"[""IEEE""]","[[""IEEE"",""I913D26260FF552E9""]]","[""include""]",included,0,Unassigned,,
doi:10.1109/jiot.2025.3574003,10.1109/jiot.2025.3574003,1,"[""IEEE""]","[[""IEEE"",""IE737FFCBBCB258D0""]]","[""include""]",included,0,Unassigned,,
doi:10.1109/jiot.2025.3578087,10.1109/jiot.2025.3578087,1,"[""IEEE""]","[[""IEEE"",""IA05929ADB1304DDE""]]","[""include""]",included,0,Unassigned,,
doi:10.1109/jiot.2025.3648858,10.1109/jiot.2025.3648858,1,"[""IEEE""]","[[""IEEE"",""I125C96C8443AC072""]]","[""exclude""]",not_included,0,Unassigned,,
doi:10.1109/jiot.2026.3695126,10.1109/jiot.2026.3695126,1,"[""IEEE""]","[[""IEEE"",""IF3A4D20F78A4FE82""]]","[""include""]",included,0,Unassigned,,
doi:10.1109/jiot.2026.3696135,10.1109/jiot.2026.3696135,1,"[""IEEE""]","[[""IEEE"",""I485CBEABE3F3B294""]]","[""include""]",included,0,Unassigned,,
doi:10.1109/jiot.2026.3696316,10.1109/jiot.2026.3696316,1,"[""IEEE""]","[[""IEEE"",""IB8AE8A326141CA4E""]]","[""exclude""]",not_included,0,Unassigned,,
doi:10.1109/jiot.2026.3699696,10.1109/jiot.2026.3699696,1,"[""IEEE""]","[[""IEEE"",""I4CBFD5373CC49977""]]","[""exclude""]",not_included,0,Unassigned,,
doi:10.1109/jiot.2026.3715365,10.1109/jiot.2026.3715365,1,"[""IEEE""]","[[""IEEE"",""IEB63D96B33AEA7AF""]]","[""exclude""]",not_included,0,Unassigned,,
doi:10.1109/jiot.2026.3721774,10.1109/jiot.2026.3721774,1,"[""IEEE""]","[[""IEEE"",""IFA6C92DEF77BA614""]]","[""include""]",included,0,Unassigned,,
doi:10.1109/jiot.2026.3725405,10.1109/jiot.2026.3725405,1,"[""IEEE""]","[[""IEEE"",""IC4045F8BDF9DC702""]]","[""include""]",included,0,Unassigned,,
doi:10.1109/jsac.2002.806133,10.1109/jsac.2002.806133,1,"[""IEEE""]","[[""IEEE"",""I6E7269524F184345""]]","[""exclude""]",not_included,0,Unassigned,,
doi:10.1109/jsac.2006.872885,10.1109/jsac.2006.872885,1,"[""IEEE""]","[[""IEEE"",""I38F05047AF3390F7""]]","[""exclude""]",not_included,0,Unassigned,,
doi:10.1109/jsac.2006.872888,10.1109/jsac.2006.872888,1,"[""IEEE""]","[[""IEEE"",""IFBE228433AB18AF2""]]","[""exclude""]",not_included,0,Unassigned,,
doi:10.1109/jsac.2010.100110,10.1109/jsac.2010.100110,1,"[""IEEE""]","[[""IEEE"",""I6B251BC44F8F856E""]]","[""include""]",included,0,Unassigned,,
doi:10.1109/jsac.2010.100502,10.1109/jsac.2010.100502,1,"[""IEEE""]","[[""IEEE"",""I5040CFD1BFC2CAC7""]]","[""exclude""]",not_included,0,Unassigned,,
doi:10.1109/jsac.2012.121212,10.1109/jsac.2012.121212,1,"[""IEEE""]","[[""IEEE"",""I425D1DFB07F875A3""]]","[""exclude""]",not_included,0,Unassigned,,
doi:10.1109/jsac.2017.2659061,10.1109/jsac.2017.2659061,1,"[""IEEE""]","[[""IEEE"",""I8D8F9273D8855304""]]","[""exclude""]",not_included,0,Unassigned,,
doi:10.1109/jsac.2021.3118423,10.1109/jsac.2021.3118423,1,"[""IEEE""]","[[""IEEE"",""I4E2514CB009B433E""]]","[""include""]",included,0,Unassigned,,
doi:10.1109/jsac.2022.3213333,10.1109/jsac.2022.3213333,1,"[""IEEE""]","[[""IEEE"",""I9AEA8BFDE51BCCA4""]]","[""include""]",included,0,Unassigned,,
doi:10.1109/jsyst.2010.2059110,10.1109/jsyst.2010.2059110,1,"[""IEEE""]","[[""IEEE"",""IAB8290C2D7E55AA3""]]","[""include""]",included,0,Unassigned,,
doi:10.1109/jsyst.2013.2258737,10.1109/jsyst.2013.2258737,1,"[""IEEE""]","[[""IEEE"",""IA03F279F140A4F5D""]]","[""include""]",included,0,Unassigned,,
doi:10.1109/jsyst.2020.3043327,10.1109/jsyst.2020.3043327,1,"[""IEEE""]","[[""IEEE"",""IDC2F8060924870BF""]]","[""include""]",included,0,Unassigned,,
doi:10.1109/jsyst.2021.3059000,10.1109/jsyst.2021.3059000,1,"[""IEEE""]","[[""IEEE"",""I255351C9C8B2AA82""]]","[""include""]",included,0,Unassigned,,
doi:10.1109/kes.2000.885825,10.1109/kes.2000.885825,1,"[""IEEE""]","[[""IEEE"",""I1940776F961AB9E4""]]","[""pending""]",not_included,1,Unassigned,,
doi:10.1109/kimas.2005.1427101,10.1109/kimas.2005.1427101,1,"[""IEEE""]","[[""IEEE"",""I62AEB98B756DCB8E""]]","[""exclude""]",not_included,0,Unassigned,,
doi:10.1109/kimas.2005.1427117,10.1109/kimas.2005.1427117,1,"[""IEEE""]","[[""IEEE"",""I4E303826952221A1""]]","[""include""]",included,0,Unassigned,,
doi:10.1109/kimas.2007.369790,10.1109/kimas.2007.369790,1,"[""IEEE""]","[[""IEEE"",""I3C2C9E98B01322C5""]]","[""exclude""]",not_included,0,Unassigned,,
doi:10.1109/korus.2001.975076,10.1109/korus.2001.975076,1,"[""IEEE""]","[[""IEEE"",""IADE69817967B764B""]]","[""include""]",included,0,Unassigned,,
doi:10.1109/korus.2002.1027980,10.1109/korus.2002.1027980,1,"[""IEEE""]","[[""IEEE"",""I684A7343B9038093""]]","[""pending""]",not_included,1,Unassigned,,
doi:10.1109/kse68178.2025.11309460,10.1109/kse68178.2025.11309460,1,"[""IEEE""]","[[""IEEE"",""IE20A9FB294D8F4D0""]]","[""exclude""]",not_included,0,Unassigned,,
doi:10.1109/lcn.2004.23,10.1109/lcn.2004.23,1,"[""IEEE""]","[[""IEEE"",""ICAB90903C7EE4D94""]]","[""include""]",included,0,Unassigned,,
doi:10.1109/lcomm.2024.3360477,10.1109/lcomm.2024.3360477,1,"[""IEEE""]","[[""IEEE"",""I98A935CFA2B15A93""]]","[""include""]",included,0,Unassigned,,
doi:10.1109/lcsys.2023.3335315,10.1109/lcsys.2023.3335315,1,"[""IEEE""]","[[""IEEE"",""IA0ADCD97AC9000D9""]]","[""exclude""]",not_included,0,Unassigned,,
doi:10.1109/lescdt66758.2025.00027,10.1109/lescdt66758.2025.00027,1,"[""IEEE""]","[[""IEEE"",""IAA7DCF3EADF0F3F0""]]","[""exclude""]",not_included,0,Unassigned,,
doi:10.1109/lescdt66758.2025.00032,10.1109/lescdt66758.2025.00032,1,"[""IEEE""]","[[""IEEE"",""I512FDE56B785E5F4""]]","[""exclude""]",not_included,0,Unassigned,,
doi:10.1109/lics.2007.4,10.1109/lics.2007.4,1,"[""IEEE""]","[[""IEEE"",""IEBF2542C7AD91DE6""]]","[""exclude""]",not_included,0,Unassigned,,
doi:10.1109/lics.2013.32,10.1109/lics.2013.32,1,"[""ACM""]","[[""ACM"",""NC8C9FA5BB104E43F""]]","[""exclude""]",not_included,0,Unassigned,,
doi:10.1109/liss.2016.7854342,10.1109/liss.2016.7854342,1,"[""IEEE""]","[[""IEEE"",""IED873A7E47520343""]]","[""exclude""]",not_included,0,Unassigned,,
doi:10.1109/locs.2019.2906156,10.1109/locs.2019.2906156,1,"[""IEEE""]","[[""IEEE"",""IFF09C066BBA1C692""]]","[""include""]",included,0,Unassigned,,
doi:10.1109/lra.2018.2869999,10.1109/lra.2018.2869999,1,"[""IEEE""]","[[""IEEE"",""I5AB63BECC35AACD0""]]","[""exclude""]",not_included,0,Unassigned,,
doi:10.1109/lra.2021.3065286,10.1109/lra.2021.3065286,1,"[""IEEE""]","[[""IEEE"",""I68A622A19F741EC7""]]","[""exclude""]",not_included,0,Unassigned,,
doi:10.1109/lra.2022.3144516,10.1109/lra.2022.3144516,1,"[""IEEE""]","[[""IEEE"",""ICA9233DD5B5ACDF0""]]","[""exclude""]",not_included,0,Unassigned,,
doi:10.1109/lsp.2022.3163691,10.1109/lsp.2022.3163691,1,"[""IEEE""]","[[""IEEE"",""I0B9BE18057E928BE""]]","[""exclude""]",not_included,0,Unassigned,,
doi:10.1109/m-ra.2007.914920,10.1109/m-ra.2007.914920,1,"[""IEEE""]","[[""IEEE"",""I947C872E3283543F""]]","[""exclude""]",not_included,0,Unassigned,,
doi:10.1109/mapr72750.2026.11685704,10.1109/mapr72750.2026.11685704,1,"[""IEEE""]","[[""IEEE"",""I77E6E1AA685313B0""]]","[""include""]",included,0,Unassigned,,
doi:10.1109/mass.2012.6502545,10.1109/mass.2012.6502545,1,"[""IEEE""]","[[""IEEE"",""I473741D36E9F0A04""]]","[""pending""]",not_included,1,Unassigned,,
doi:10.1109/mass66014.2025.00025,10.1109/mass66014.2025.00025,1,"[""IEEE""]","[[""IEEE"",""IBBD6E3569D4E8F7E""]]","[""exclude""]",not_included,0,Unassigned,,
doi:10.1109/mass66014.2025.00090,10.1109/mass66014.2025.00090,1,"[""IEEE""]","[[""IEEE"",""IA0E746E85F43A75B""]]","[""include""]",included,0,Unassigned,,
doi:10.1109/massur.2004.1368419,10.1109/massur.2004.1368419,1,"[""IEEE""]","[[""IEEE"",""I9C0BA92981F7AFE0""]]","[""include""]",included,0,Unassigned,,
doi:10.1109/mc.2002.1046974,10.1109/mc.2002.1046974,1,"[""IEEE""]","[[""IEEE"",""IC13BD299EADB2BC2""]]","[""include""]",included,0,Unassigned,,
doi:10.1109/mcdm.2007.369116,10.1109/mcdm.2007.369116,1,"[""IEEE""]","[[""IEEE"",""IF9ECDCEA776910B3""]]","[""exclude""]",not_included,0,Unassigned,,
doi:10.1109/mcom.2002.1024416,10.1109/mcom.2002.1024416,1,"[""IEEE""]","[[""IEEE"",""I95C062F1DA48088D""]]","[""pending""]",not_included,1,Unassigned,,
doi:10.1109/mcom.2017.1600568cm,10.1109/mcom.2017.1600568cm,1,"[""IEEE""]","[[""IEEE"",""IF09E9B4B27D4627D""]]","[""exclude""]",not_included,0,Unassigned,,
doi:10.1109/mcs.2026.3687280,10.1109/mcs.2026.3687280,1,"[""IEEE""]","[[""IEEE"",""IBC9AC37689485D2D""]]","[""pending""]",not_included,1,Unassigned,,
doi:10.1109/med61351.2024.10566142,10.1109/med61351.2024.10566142,1,"[""IEEE""]","[[""IEEE"",""I3C9BF7B8FFBD9A2C""]]","[""exclude""]",not_included,0,Unassigned,,
doi:10.1109/melcon.2004.1347005,10.1109/melcon.2004.1347005,1,"[""IEEE""]","[[""IEEE"",""I2075666BEFD98186""]]","[""include""]",included,0,Unassigned,,
doi:10.1109/metacom65502.2025.00070,10.1109/metacom65502.2025.00070,1,"[""IEEE""]","[[""IEEE"",""ID0D9B5C0F5C4A4A4""]]","[""exclude""]",not_included,0,Unassigned,,
doi:10.1109/metroaerospace69299.2026.11646644,10.1109/metroaerospace69299.2026.11646644,1,"[""IEEE""]","[[""IEEE"",""IFA9F5AC962695172""]]","[""exclude""]",not_included,0,Unassigned,,
doi:10.1109/mic.2002.1067736,10.1109/mic.2002.1067736,1,"[""IEEE""]","[[""IEEE"",""I0FAB76F772C1B95B""]]","[""exclude""]",not_included,0,Unassigned,,
doi:10.1109/mic.2003.1215666,10.1109/mic.2003.1215666,1,"[""IEEE""]","[[""IEEE"",""IB7A2E27EB01785C3""]]","[""pending""]",not_included,1,Unassigned,,
doi:10.1109/mic.2007.45,10.1109/mic.2007.45,1,"[""IEEE""]","[[""IEEE"",""I8BD7F629C51E67DD""]]","[""exclude""]",not_included,0,Unassigned,,
doi:10.1109/micai.2011.11,10.1109/micai.2011.11,1,"[""IEEE""]","[[""IEEE"",""IFF9DDA907EF4CCE2""]]","[""include""]",included,0,Unassigned,,
doi:10.1109/micc.2009.5431395,10.1109/micc.2009.5431395,1,"[""IEEE""]","[[""IEEE"",""I571AFC494009AA3D""]]","[""exclude""]",not_included,0,Unassigned,,
doi:10.1109/miccis66057.2025.00065,10.1109/miccis66057.2025.00065,1,"[""IEEE""]","[[""IEEE"",""I2F40E1AC7336FB5A""]]","[""exclude""]",not_included,0,Unassigned,,
doi:10.1109/milcom.2004.1493286,10.1109/milcom.2004.1493286,1,"[""IEEE""]","[[""IEEE"",""I9CE3D74B3F37E509""]]","[""exclude""]",not_included,0,Unassigned,,
doi:10.1109/milcom.2006.302009,10.1109/milcom.2006.302009,1,"[""IEEE""]","[[""IEEE"",""I9F7DE9100A1399A2""]]","[""exclude""]",not_included,0,Unassigned,,
doi:10.1109/milcom64451.2025.11310417,10.1109/milcom64451.2025.11310417,1,"[""IEEE""]","[[""IEEE"",""IFEAA895BD19AE7EF""]]","[""exclude""]",not_included,0,Unassigned,,
doi:10.1109/miot.2025.3615709,10.1109/miot.2025.3615709,1,"[""IEEE""]","[[""IEEE"",""I90945B8890D71EA5""]]","[""include""]",included,0,Unassigned,,
doi:10.1109/miot.2026.3703027,10.1109/miot.2026.3703027,1,"[""IEEE""]","[[""IEEE"",""I60B342D2B91A8FC9""]]","[""exclude""]",not_included,0,Unassigned,,
doi:10.1109/miot.2026.3729398,10.1109/miot.2026.3729398,1,"[""IEEE""]","[[""IEEE"",""I0B5653A46A7CC2EE""]]","[""exclude""]",not_included,0,Unassigned,,
doi:10.1109/mipro.2015.7160512,10.1109/mipro.2015.7160512,1,"[""IEEE""]","[[""IEEE"",""I4E2FC2CC27D8FD8F""]]","[""exclude""]",not_included,0,Unassigned,,
doi:10.1109/mipro70003.2026.11592002,10.1109/mipro70003.2026.11592002,1,"[""IEEE""]","[[""IEEE"",""I938EA3E1EE18DBE7""]]","[""exclude""]",not_included,0,Unassigned,,
doi:10.1109/mis.2001.1183337,10.1109/mis.2001.1183337,1,"[""IEEE""]","[[""IEEE"",""I4ED074F163726C1C""]]","[""exclude""]",not_included,0,Unassigned,,
doi:10.1109/mis.2006.4,10.1109/mis.2006.4,1,"[""IEEE""]","[[""IEEE"",""I69C33FCC95B8C7A5""]]","[""exclude""]",not_included,0,Unassigned,,
doi:10.1109/mis.2006.62,10.1109/mis.2006.62,1,"[""IEEE""]","[[""IEEE"",""I1108D199E5539A72""]]","[""exclude""]",not_included,0,Unassigned,,
doi:10.1109/mis.2008.106,10.1109/mis.2008.106,1,"[""IEEE""]","[[""IEEE"",""IF36D7567EBD86E08""]]","[""exclude""]",not_included,0,Unassigned,,
doi:10.1109/mis.2008.76,10.1109/mis.2008.76,1,"[""IEEE""]","[[""IEEE"",""IF6EDFC1D47EA4B46""]]","[""exclude""]",not_included,0,Unassigned,,
doi:10.1109/mis.2017.2,10.1109/mis.2017.2,1,"[""IEEE""]","[[""IEEE"",""I3A9C99DD68EE7AD0""]]","[""exclude""]",not_included,0,Unassigned,,
doi:10.1109/mis.2023.3252919,10.1109/mis.2023.3252919,1,"[""IEEE""]","[[""IEEE"",""I4C4928CADE522DD4""]]","[""exclude""]",not_included,0,Unassigned,,
doi:10.1109/mitp.2026.3653141,10.1109/mitp.2026.3653141,1,"[""IEEE""]","[[""IEEE"",""IBB9EA6D972ED5938""]]","[""include""]",included,0,Unassigned,,
doi:10.1109/mits.2019.2953524,10.1109/mits.2019.2953524,1,"[""IEEE""]","[[""IEEE"",""ICA31C110C636BD89""]]","[""include""]",included,0,Unassigned,,
doi:10.1109/mits.2022.3203573,10.1109/mits.2022.3203573,1,"[""IEEE""]","[[""IEEE"",""IB061A793D121ED75""]]","[""include""]",included,0,Unassigned,,
doi:10.1109/mlise70044.2026.11607489,10.1109/mlise70044.2026.11607489,1,"[""IEEE""]","[[""IEEE"",""I5D20767E00B9387A""]]","[""exclude""]",not_included,0,Unassigned,,
doi:10.1109/mlsd.2017.8109685,10.1109/mlsd.2017.8109685,1,"[""IEEE""]","[[""IEEE"",""I38AF5E01457DC904""]]","[""exclude""]",not_included,0,Unassigned,,
doi:10.1109/mlsd.2018.8551877,10.1109/mlsd.2018.8551877,1,"[""IEEE""]","[[""IEEE"",""I43B8B4C8AB65761B""]]","[""exclude""]",not_included,0,Unassigned,,
doi:10.1109/mlsd.2019.8911107,10.1109/mlsd.2019.8911107,1,"[""IEEE""]","[[""IEEE"",""I3D5485826333ECCB""]]","[""exclude""]",not_included,0,Unassigned,,
doi:10.1109/mmit.2008.109,10.1109/mmit.2008.109,1,"[""IEEE""]","[[""IEEE"",""I2396F0845DB93AD0""]]","[""include""]",included,0,Unassigned,,
doi:10.1109/mmse.2000.897242,10.1109/mmse.2000.897242,1,"[""IEEE""]","[[""IEEE"",""I9FC49B660954A7DF""]]","[""include""]",included,0,Unassigned,,
doi:10.1109/mmse.2002.1181625,10.1109/mmse.2002.1181625,1,"[""IEEE""]","[[""IEEE"",""I3C67A49256F2DAD7""]]","[""exclude""]",not_included,0,Unassigned,,
doi:10.1109/mnc69143.2026.11680796,10.1109/mnc69143.2026.11680796,1,"[""IEEE""]","[[""IEEE"",""IFE9744E95DC8012C""]]","[""exclude""]",not_included,0,Unassigned,,
doi:10.1109/mnet.2026.3657581,10.1109/mnet.2026.3657581,1,"[""IEEE""]","[[""IEEE"",""I9BE1C34DD5CCCE4C""]]","[""exclude""]",not_included,0,Unassigned,,
doi:10.1109/mnet.2026.3660124,10.1109/mnet.2026.3660124,1,"[""IEEE""]","[[""IEEE"",""ID025B4A1B0553CF4""]]","[""exclude""]",not_included,0,Unassigned,,
doi:10.1109/mnet.2026.3699359,10.1109/mnet.2026.3699359,1,"[""IEEE""]","[[""IEEE"",""ID1242EE6CE4FB184""]]","[""exclude""]",not_included,0,Unassigned,,
doi:10.1109/mnet.2026.3718532,10.1109/mnet.2026.3718532,1,"[""IEEE""]","[[""IEEE"",""I15ACF76224FCFCE8""]]","[""pending""]",not_included,1,Unassigned,,
doi:10.1109/mnet.2026.3721788,10.1109/mnet.2026.3721788,1,"[""IEEE""]","[[""IEEE"",""I2B65515C49002345""]]","[""exclude""]",not_included,0,Unassigned,,
doi:10.1109/mobiq.2004.1331733,10.1109/mobiq.2004.1331733,1,"[""IEEE""]","[[""IEEE"",""IBE5AFA3A00C60766""]]","[""pending""]",not_included,1,Unassigned,,
doi:10.1109/models-c.2019.00101,10.1109/models-c.2019.00101,1,"[""ACM""]","[[""ACM"",""ND9E354C4DC0B666B""]]","[""exclude""]",not_included,0,Unassigned,,
doi:10.1109/momuc.1999.819486,10.1109/momuc.1999.819486,1,"[""IEEE""]","[[""IEEE"",""I161C259EAFACC914""]]","[""include""]",included,0,Unassigned,,
doi:10.1109/morse48060.2019.8998726,10.1109/morse48060.2019.8998726,1,"[""IEEE""]","[[""IEEE"",""I4AA001396576A54C""]]","[""exclude""]",not_included,0,Unassigned,,
doi:10.1109/mosicom67153.2025.11398213,10.1109/mosicom67153.2025.11398213,1,"[""IEEE""]","[[""IEEE"",""ID98F5D5D2BC46F0B""]]","[""exclude""]",not_included,0,Unassigned,,
doi:10.1109/mpcon69668.2026.11508542,10.1109/mpcon69668.2026.11508542,1,"[""IEEE""]","[[""IEEE"",""I0FB9219071E97B0D""]]","[""exclude""]",not_included,0,Unassigned,,
doi:10.1109/mper.2002.4312209,10.1109/mper.2002.4312209,1,"[""IEEE""]","[[""IEEE"",""IE7530630FF153F3C""]]","[""exclude""]",not_included,0,Unassigned,,
doi:10.1109/mrs66243.2025.11357249,10.1109/mrs66243.2025.11357249,1,"[""IEEE""]","[[""IEEE"",""I8F19D88807CD4BB3""]]","[""exclude""]",not_included,0,Unassigned,,
doi:10.1109/mrs66243.2025.11357252,10.1109/mrs66243.2025.11357252,1,"[""IEEE""]","[[""IEEE"",""IC7008B9DBD776A87""]]","[""exclude""]",not_included,0,Unassigned,,
doi:10.1109/msn.2009.16,10.1109/msn.2009.16,1,"[""IEEE""]","[[""IEEE"",""IA5079BE468F9DF52""]]","[""exclude""]",not_included,0,Unassigned,,
doi:10.1109/mue.2007.20,10.1109/mue.2007.20,1,"[""IEEE""]","[[""IEEE"",""IC0F8B0EEA7FBE860""]]","[""pending""]",not_included,1,Unassigned,,
doi:10.1109/mue.2009.43,10.1109/mue.2009.43,1,"[""IEEE""]","[[""IEEE"",""I04D4E01875B1E407""]]","[""exclude""]",not_included,0,Unassigned,,
doi:10.1109/mue.2009.73,10.1109/mue.2009.73,1,"[""IEEE""]","[[""IEEE"",""IC95645DC74E51582""]]","[""exclude""]",not_included,0,Unassigned,,
doi:10.1109/mwc.016.2300600,10.1109/mwc.016.2300600,1,"[""IEEE""]","[[""IEEE"",""IF21192D1BA0ADDB5""]]","[""exclude""]",not_included,0,Unassigned,,
doi:10.1109/naecon.2018.8556721,10.1109/naecon.2018.8556721,1,"[""IEEE""]","[[""IEEE"",""I1F9028A094715941""]]","[""exclude""]",not_included,0,Unassigned,,
doi:10.1109/nafips-wconsc.2015.7284200,10.1109/nafips-wconsc.2015.7284200,1,"[""IEEE""]","[[""IEEE"",""I4381B127258A459B""]]","[""pending""]",not_included,1,Unassigned,,
doi:10.1109/nafips.1999.781641,10.1109/nafips.1999.781641,1,"[""IEEE""]","[[""IEEE"",""I4DFE64E9BB2CA4C7""]]","[""exclude""]",not_included,0,Unassigned,,
doi:10.1109/nafips.2002.1018036,10.1109/nafips.2002.1018036,1,"[""IEEE""]","[[""IEEE"",""IF4D7126E4D0568C3""]]","[""pending""]",not_included,1,Unassigned,,
doi:10.1109/nafips.2009.5156377,10.1109/nafips.2009.5156377,1,"[""IEEE""]","[[""IEEE"",""I6E42AC3C47BBF51E""]]","[""exclude""]",not_included,0,Unassigned,,
doi:10.1109/nafips.2009.5156455,10.1109/nafips.2009.5156455,1,"[""IEEE""]","[[""IEEE"",""I9DC87DC247E8A6E5""]]","[""exclude""]",not_included,0,Unassigned,,
doi:10.1109/nca.2004.1347810,10.1109/nca.2004.1347810,1,"[""IEEE""]","[[""IEEE"",""IC8561570E645D982""]]","[""exclude""]",not_included,0,Unassigned,,
doi:10.1109/ncis.2011.103,10.1109/ncis.2011.103,1,"[""IEEE""]","[[""IEEE"",""I22FCC253338BB390""]]","[""include""]",included,0,Unassigned,,
doi:10.1109/ncis.2011.50,10.1109/ncis.2011.50,1,"[""IEEE""]","[[""IEEE"",""I4FAE96F5F97D1F1D""]]","[""include""]",included,0,Unassigned,,
doi:10.1109/ncm.2009.397,10.1109/ncm.2009.397,1,"[""IEEE""]","[[""IEEE"",""I7A2E884852204AB3""]]","[""exclude""]",not_included,0,Unassigned,,
doi:10.1109/ncm.2009.89,10.1109/ncm.2009.89,1,"[""IEEE""]","[[""IEEE"",""ICA0571909BF0A9A1""]]","[""exclude""]",not_included,0,Unassigned,,
doi:10.1109/nctm.2017.7872831,10.1109/nctm.2017.7872831,1,"[""IEEE""]","[[""IEEE"",""IE307BFD052224AF0""]]","[""exclude""]",not_included,0,Unassigned,,
doi:10.1109/ne-iecce69680.2026.11666039,10.1109/ne-iecce69680.2026.11666039,1,"[""IEEE""]","[[""IEEE"",""I8596E824328BCCFA""]]","[""exclude""]",not_included,0,Unassigned,,
doi:10.1109/netsoft70012.2026.11603422,10.1109/netsoft70012.2026.11603422,1,"[""IEEE""]","[[""IEEE"",""I49590FA571013691""]]","[""include""]",included,0,Unassigned,,
doi:10.1109/netsoft70012.2026.11603455,10.1109/netsoft70012.2026.11603455,1,"[""IEEE""]","[[""IEEE"",""ID3EEAA91C0CF77CF""]]","[""exclude""]",not_included,0,Unassigned,,
doi:10.1109/nfc.2010.9,10.1109/nfc.2010.9,1,"[""IEEE""]","[[""IEEE"",""IACEDAFDDB7B05F14""]]","[""include""]",included,0,Unassigned,,
doi:10.1109/ngmast.2008.61,10.1109/ngmast.2008.61,1,"[""IEEE""]","[[""IEEE"",""I0B5D10B4C29F9898""]]","[""exclude""]",not_included,0,Unassigned,,
doi:10.1109/nlpke.2003.1275895,10.1109/nlpke.2003.1275895,1,"[""IEEE""]","[[""IEEE"",""I0686C4C28AE1A4FA""]]","[""include""]",included,0,Unassigned,,
doi:10.1109/nlpke.2005.1598730,10.1109/nlpke.2005.1598730,1,"[""IEEE""]","[[""IEEE"",""I439649936620F95B""]]","[""exclude""]",not_included,0,Unassigned,,
doi:10.1109/noms.2002.1015634,10.1109/noms.2002.1015634,1,"[""IEEE""]","[[""IEEE"",""IBDACC4BD593D9F19""]]","[""pending""]",not_included,1,Unassigned,,
doi:10.1109/noms.2012.6212034,10.1109/noms.2012.6212034,1,"[""IEEE""]","[[""IEEE"",""I7D97BBDEF121842C""]]","[""include""]",included,0,Unassigned,,
doi:10.1109/noms56928.2023.10154452,10.1109/noms56928.2023.10154452,1,"[""IEEE""]","[[""IEEE"",""IB3CA48B7EF30915C""]]","[""exclude""]",not_included,0,Unassigned,,
doi:10.1109/noms69089.2026.11668192,10.1109/noms69089.2026.11668192,1,"[""IEEE""]","[[""IEEE"",""IBA05D4F1B6B0068D""]]","[""exclude""]",not_included,0,Unassigned,,
doi:10.1109/noms69089.2026.11668221,10.1109/noms69089.2026.11668221,1,"[""IEEE""]","[[""IEEE"",""I3DC26D6DD234B017""]]","[""include""]",included,0,Unassigned,,
doi:10.1109/noms69089.2026.11668232,10.1109/noms69089.2026.11668232,1,"[""IEEE""]","[[""IEEE"",""I46D02CB937C1DA00""]]","[""exclude""]",not_included,0,Unassigned,,
doi:10.1109/noms69089.2026.11668275,10.1109/noms69089.2026.11668275,1,"[""IEEE""]","[[""IEEE"",""IF281E4EFB7D87297""]]","[""include""]",included,0,Unassigned,,
doi:10.1109/npsif68783.2025.11386322,10.1109/npsif68783.2025.11386322,1,"[""IEEE""]","[[""IEEE"",""IB6F575912201355C""]]","[""pending""]",not_included,1,Unassigned,,
doi:10.1109/nswctc.2009.195,10.1109/nswctc.2009.195,1,"[""IEEE""]","[[""IEEE"",""ID0E97108E5FC3D41""]]","[""pending""]",not_included,1,Unassigned,,
doi:10.1109/nswctc.2010.274,10.1109/nswctc.2010.274,1,"[""IEEE""]","[[""IEEE"",""I45918B083C508DA3""]]","[""exclude""]",not_included,0,Unassigned,,
doi:10.1109/nwesp.2008.24,10.1109/nwesp.2008.24,1,"[""IEEE""]","[[""IEEE"",""IA0798B0FE78BFB81""]]","[""exclude""]",not_included,0,Unassigned,,
doi:10.1109/nwesp.2009.1,10.1109/nwesp.2009.1,1,"[""IEEE""]","[[""IEEE"",""I7A3723FEEDD241FA""]]","[""exclude""]",not_included,0,Unassigned,,
doi:10.1109/nwesp.2009.13,10.1109/nwesp.2009.13,1,"[""IEEE""]","[[""IEEE"",""I9136C22D8C5256F3""]]","[""pending""]",not_included,1,Unassigned,,
doi:10.1109/nwesp.2009.16,10.1109/nwesp.2009.16,1,"[""IEEE""]","[[""IEEE"",""IF8589C04C86B74D6""]]","[""include""]",included,0,Unassigned,,
doi:10.1109/oajpe.2026.3721083,10.1109/oajpe.2026.3721083,1,"[""IEEE""]","[[""IEEE"",""I0E10C7BAE0FF5664""]]","[""exclude""]",not_included,0,Unassigned,,
doi:10.1109/oceans.2010.5664050,10.1109/oceans.2010.5664050,1,"[""IEEE""]","[[""IEEE"",""IAF62014F3EF32596""]]","[""exclude""]",not_included,0,Unassigned,,
doi:10.1109/oceanschennai45887.2022.9775505,10.1109/oceanschennai45887.2022.9775505,1,"[""IEEE""]","[[""IEEE"",""IFC997C81DB297D4C""]]","[""exclude""]",not_included,0,Unassigned,,
doi:10.1109/ocit66168.2025.11400090,10.1109/ocit66168.2025.11400090,1,"[""IEEE""]","[[""IEEE"",""IDAEE1C5AC3A9F7BF""]]","[""exclude""]",not_included,0,Unassigned,,
doi:10.1109/ojcs.2026.3664314,10.1109/ojcs.2026.3664314,1,"[""IEEE""]","[[""IEEE"",""I63DB10686652A786""]]","[""include""]",included,0,Unassigned,,
doi:10.1109/ojits.2026.3713296,10.1109/ojits.2026.3713296,1,"[""IEEE""]","[[""IEEE"",""I93E6CA02636D06FB""]]","[""include""]",included,0,Unassigned,,
doi:10.1109/otcon69332.2026.11629802,10.1109/otcon69332.2026.11629802,1,"[""IEEE""]","[[""IEEE"",""I4EB3DA99633A1E03""]]","[""exclude""]",not_included,0,Unassigned,,
doi:10.1109/paccs.2010.5627035,10.1109/paccs.2010.5627035,1,"[""IEEE""]","[[""IEEE"",""I13A935C4F274D770""]]","[""exclude""]",not_included,0,Unassigned,,
doi:10.1109/paccs.2011.5990103,10.1109/paccs.2011.5990103,1,"[""IEEE""]","[[""IEEE"",""IA04DD3D6BC968C2A""]]","[""exclude""]",not_included,0,Unassigned,,
doi:10.1109/pacificvis68791.2026.00024,10.1109/pacificvis68791.2026.00024,1,"[""IEEE""]","[[""IEEE"",""I613F36B20FDF9BD7""]]","[""exclude""]",not_included,0,Unassigned,,
doi:10.1109/paciia.2008.334,10.1109/paciia.2008.334,1,"[""IEEE""]","[[""IEEE"",""ID8DC0917C6BB6372""]]","[""include""]",included,0,Unassigned,,
doi:10.1109/pacrim.2001.953738,10.1109/pacrim.2001.953738,1,"[""IEEE""]","[[""IEEE"",""I79B0008EB32521CA""]]","[""include""]",included,0,Unassigned,,
doi:10.1109/pacrim.2011.6032900,10.1109/pacrim.2011.6032900,1,"[""IEEE""]","[[""IEEE"",""IF497FE392FC8D27D""]]","[""include""]",included,0,Unassigned,,
doi:10.1109/padsw.2000.884598,10.1109/padsw.2000.884598,1,"[""IEEE""]","[[""IEEE"",""I110CB19B86B2C3A4""]]","[""pending""]",not_included,1,Unassigned,,
doi:10.1109/padsw.2000.884605,10.1109/padsw.2000.884605,1,"[""IEEE""]","[[""IEEE"",""ID6E75AD324607B17""]]","[""exclude""]",not_included,0,Unassigned,,
doi:10.1109/padsw.2000.884658,10.1109/padsw.2000.884658,1,"[""IEEE""]","[[""IEEE"",""I6FB8D1B228FBFEF9""]]","[""exclude""]",not_included,0,Unassigned,,
doi:10.1109/pais56586.2022.9946661,10.1109/pais56586.2022.9946661,1,"[""IEEE""]","[[""IEEE"",""I636884730EF30D93""]]","[""exclude""]",not_included,0,Unassigned,,
doi:10.1109/passat/socialcom.2011.54,10.1109/passat/socialcom.2011.54,1,"[""IEEE""]","[[""IEEE"",""I333B45F412AC2A2C""]]","[""pending""]",not_included,1,Unassigned,,
doi:10.1109/pci.2009.39,10.1109/pci.2009.39,1,"[""IEEE""]","[[""IEEE"",""IFF1487D2B0848784""]]","[""include""]",included,0,Unassigned,,
doi:10.1109/pct.2007.4538442,10.1109/pct.2007.4538442,1,"[""IEEE""]","[[""IEEE"",""IF70EA050339DC5EA""]]","[""include""]",included,0,Unassigned,,
doi:10.1109/pdcat.2005.151,10.1109/pdcat.2005.151,1,"[""IEEE""]","[[""IEEE"",""I666ADA0827DA2531""]]","[""include""]",included,0,Unassigned,,
doi:10.1109/pdcat.2005.17,10.1109/pdcat.2005.17,1,"[""IEEE""]","[[""IEEE"",""I68BC04764F092FB6""]]","[""exclude""]",not_included,0,Unassigned,,
doi:10.1109/pdcat.2006.11,10.1109/pdcat.2006.11,1,"[""IEEE""]","[[""IEEE"",""ID0CEF50750263285""]]","[""exclude""]",not_included,0,Unassigned,,
doi:10.1109/pdcat.2006.16,10.1109/pdcat.2006.16,1,"[""IEEE""]","[[""IEEE"",""I91214B5ED513A662""]]","[""include""]",included,0,Unassigned,,
doi:10.1109/pedes.2016.7914491,10.1109/pedes.2016.7914491,1,"[""IEEE""]","[[""IEEE"",""ICE893EE9835EC0EB""]]","[""include""]",included,0,Unassigned,,
doi:10.1109/peds.2011.6147283,10.1109/peds.2011.6147283,1,"[""IEEE""]","[[""IEEE"",""I67ABC245A231ED66""]]","[""include""]",included,0,Unassigned,,
doi:10.1109/perser.2006.1652233,10.1109/perser.2006.1652233,1,"[""IEEE""]","[[""IEEE"",""I26D70539B2AE45B3""]]","[""exclude""]",not_included,0,Unassigned,,
doi:10.1109/pes.2005.1489399,10.1109/pes.2005.1489399,1,"[""IEEE""]","[[""IEEE"",""IDB0B5D20B9664FEF""]]","[""exclude""]",not_included,0,Unassigned,,
doi:10.1109/pes.2005.1489692,10.1109/pes.2005.1489692,1,"[""IEEE""]","[[""IEEE"",""I9B926B036A6FDB96""]]","[""include""]",included,0,Unassigned,,
doi:10.1109/pes.2006.1709327,10.1109/pes.2006.1709327,1,"[""IEEE""]","[[""IEEE"",""I89720078AA1252FF""]]","[""exclude""]",not_included,0,Unassigned,,
doi:10.1109/pes.2007.386140,10.1109/pes.2007.386140,1,"[""IEEE""]","[[""IEEE"",""I14A821E070F04352""]]","[""exclude""]",not_included,0,Unassigned,,
doi:10.1109/pes.2008.4596357,10.1109/pes.2008.4596357,1,"[""IEEE""]","[[""IEEE"",""I15CDB909DC623280""]]","[""pending""]",not_included,1,Unassigned,,
doi:10.1109/pes.2008.4596759,10.1109/pes.2008.4596759,1,"[""IEEE""]","[[""IEEE"",""I824764B063A7FF34""]]","[""exclude""]",not_included,0,Unassigned,,
doi:10.1109/pes.2009.5260230,10.1109/pes.2009.5260230,1,"[""IEEE""]","[[""IEEE"",""I98806F15A123778C""]]","[""exclude""]",not_included,0,Unassigned,,
doi:10.1109/pes.2009.5275336,10.1109/pes.2009.5275336,1,"[""IEEE""]","[[""IEEE"",""I976A3EF77D278CD4""]]","[""exclude""]",not_included,0,Unassigned,,
doi:10.1109/pes.2010.5589333,10.1109/pes.2010.5589333,1,"[""IEEE""]","[[""IEEE"",""IE5E19077617083BD""]]","[""include""]",included,0,Unassigned,,
doi:10.1109/pes.2010.5590161,10.1109/pes.2010.5590161,1,"[""IEEE""]","[[""IEEE"",""ID4ACEC591A9ED145""]]","[""exclude""]",not_included,0,Unassigned,,
doi:10.1109/pes.2011.6039772,10.1109/pes.2011.6039772,1,"[""IEEE""]","[[""IEEE"",""ID2DB9F63CB89B28D""]]","[""include""]",included,0,Unassigned,,
doi:10.1109/pes.2011.6039784,10.1109/pes.2011.6039784,1,"[""IEEE""]","[[""IEEE"",""IB4E46B889E6FA499""]]","[""include""]",included,0,Unassigned,,
doi:10.1109/pesgm.2012.6344924,10.1109/pesgm.2012.6344924,1,"[""IEEE""]","[[""IEEE"",""I20D5FD38371C0CB6""]]","[""include""]",included,0,Unassigned,,
doi:10.1109/pesgm.2012.6345194,10.1109/pesgm.2012.6345194,1,"[""IEEE""]","[[""IEEE"",""I672C631D65555E48""]]","[""include""]",included,0,Unassigned,,
doi:10.1109/pesgm.2015.7286235,10.1109/pesgm.2015.7286235,1,"[""IEEE""]","[[""IEEE"",""IE1219B3AED5AEE68""]]","[""exclude""]",not_included,0,Unassigned,,
doi:10.1109/pesgm.2016.7741074,10.1109/pesgm.2016.7741074,1,"[""IEEE""]","[[""IEEE"",""I51F2064561DDC64C""]]","[""include""]",included,0,Unassigned,,
doi:10.1109/pesgm.2016.7741973,10.1109/pesgm.2016.7741973,1,"[""IEEE""]","[[""IEEE"",""I6DF014E7F662BE23""]]","[""exclude""]",not_included,0,Unassigned,,
doi:10.1109/pesgm.2018.8586034,10.1109/pesgm.2018.8586034,1,"[""IEEE""]","[[""IEEE"",""I72D0B7673DC96241""]]","[""include""]",included,0,Unassigned,,
doi:10.1109/pesgm41954.2020.9282153,10.1109/pesgm41954.2020.9282153,1,"[""IEEE""]","[[""IEEE"",""I070A1A7C702614E4""]]","[""pending""]",not_included,1,Unassigned,,
doi:10.1109/pesgm48719.2022.9917181,10.1109/pesgm48719.2022.9917181,1,"[""IEEE""]","[[""IEEE"",""I0582AAEFC17C6F59""]]","[""exclude""]",not_included,0,Unassigned,,
doi:10.1109/pesgm52009.2025.11225740,10.1109/pesgm52009.2025.11225740,1,"[""IEEE""]","[[""IEEE"",""I9A391E067B77E5D1""]]","[""exclude""]",not_included,0,Unassigned,,
doi:10.1109/pesim67009.2026.11438861,10.1109/pesim67009.2026.11438861,1,"[""IEEE""]","[[""IEEE"",""ICF62BAD1CFB3C6E0""]]","[""exclude""]",not_included,0,Unassigned,,
doi:10.1109/pess.2002.1043645,10.1109/pess.2002.1043645,1,"[""IEEE""]","[[""IEEE"",""I9E2E2A564D0340E6""]]","[""include""]",included,0,Unassigned,,
doi:10.1109/pesw.2000.847603,10.1109/pesw.2000.847603,1,"[""IEEE""]","[[""IEEE"",""I047B319683D41A58""]]","[""exclude""]",not_included,0,Unassigned,,
doi:10.1109/pesw.2001.916862,10.1109/pesw.2001.916862,1,"[""IEEE""]","[[""IEEE"",""I2422998FDC4C57DF""]]","[""include""]",included,0,Unassigned,,
doi:10.1109/pesw.2002.984958,10.1109/pesw.2002.984958,1,"[""IEEE""]","[[""IEEE"",""IF876DCF4E02363F2""]]","[""include""]",included,0,Unassigned,,
doi:10.1109/pgsret.2018.8686004,10.1109/pgsret.2018.8686004,1,"[""IEEE""]","[[""IEEE"",""IC2AA612D38A9A85B""]]","[""include""]",included,0,Unassigned,,
doi:10.1109/phm-xian66756.2025.11427654,10.1109/phm-xian66756.2025.11427654,1,"[""IEEE""]","[[""IEEE"",""I2E29D20EAEF9382E""]]","[""exclude""]",not_included,0,Unassigned,,
doi:10.1109/pic.2010.5687966,10.1109/pic.2010.5687966,1,"[""IEEE""]","[[""IEEE"",""I4BB1EE42540A69FA""]]","[""include""]",included,0,Unassigned,,
doi:10.1109/picmet.1999.808367,10.1109/picmet.1999.808367,1,"[""IEEE""]","[[""IEEE"",""I9A6DC89839B9F9F6""]]","[""exclude""]",not_included,0,Unassigned,,
doi:10.1109/picmet.2001.951890,10.1109/picmet.2001.951890,1,"[""IEEE""]","[[""IEEE"",""I7E8FB08CA07B04C6""]]","[""exclude""]",not_included,0,Unassigned,,
doi:10.1109/picmet.2001.951899,10.1109/picmet.2001.951899,1,"[""IEEE""]","[[""IEEE"",""IA9D48D7318165E29""]]","[""exclude""]",not_included,0,Unassigned,,
doi:10.1109/picmet.2003.1222795,10.1109/picmet.2003.1222795,1,"[""IEEE""]","[[""IEEE"",""I54D416D8CFC201BC""]]","[""exclude""]",not_included,0,Unassigned,,
doi:10.1109/picmet.2006.296659,10.1109/picmet.2006.296659,1,"[""IEEE""]","[[""IEEE"",""I8BE9547DF96DE2D9""]]","[""exclude""]",not_included,0,Unassigned,,
doi:10.1109/picmet.2007.4349447,10.1109/picmet.2007.4349447,1,"[""IEEE""]","[[""IEEE"",""I1C3F9979202A3C1A""]]","[""include""]",included,0,Unassigned,,
doi:10.1109/picmet.2009.5261944,10.1109/picmet.2009.5261944,1,"[""IEEE""]","[[""IEEE"",""IA07112F5E0D68151""]]","[""exclude""]",not_included,0,Unassigned,,
doi:10.1109/picmet.2009.5261945,10.1109/picmet.2009.5261945,1,"[""IEEE""]","[[""IEEE"",""IF2AE266C6E511E36""]]","[""include""]",included,0,Unassigned,,
doi:10.1109/picmet.2016.7806645,10.1109/picmet.2016.7806645,1,"[""IEEE""]","[[""IEEE"",""IFA6355518E68B65B""]]","[""exclude""]",not_included,0,Unassigned,,
doi:10.1109/pimrc.2004.1368844,10.1109/pimrc.2004.1368844,1,"[""IEEE""]","[[""IEEE"",""I9638C84BEB7D703F""]]","[""exclude""]",not_included,0,Unassigned,,
doi:10.1109/pimrc.2010.5671682,10.1109/pimrc.2010.5671682,1,"[""IEEE""]","[[""IEEE"",""I0F69201CA2E5B844""]]","[""include""]",included,0,Unassigned,,
doi:10.1109/pimrc.2011.6140043,10.1109/pimrc.2011.6140043,1,"[""IEEE""]","[[""IEEE"",""ID238FE062AE9F70F""]]","[""include""]",included,0,Unassigned,,
doi:10.1109/pimrc.2013.6666639,10.1109/pimrc.2013.6666639,1,"[""IEEE""]","[[""IEEE"",""I870C756589F318F3""]]","[""exclude""]",not_included,0,Unassigned,,
doi:10.1109/pimrc50174.2021.9569644,10.1109/pimrc50174.2021.9569644,1,"[""IEEE""]","[[""IEEE"",""I1A5A62D6B679444B""]]","[""exclude""]",not_included,0,Unassigned,,
doi:10.1109/powercon53785.2021.9697851,10.1109/powercon53785.2021.9697851,1,"[""IEEE""]","[[""IEEE"",""IFB26D53EC2DAB267""]]","[""exclude""]",not_included,0,Unassigned,,
doi:10.1109/powereng.2011.6036418,10.1109/powereng.2011.6036418,1,"[""IEEE""]","[[""IEEE"",""I3F7BF559B2DA0E5E""]]","[""include""]",included,0,Unassigned,,
doi:10.1109/powereng.2013.6635866,10.1109/powereng.2013.6635866,1,"[""IEEE""]","[[""IEEE"",""IDFF8D2FDF51DCF83""]]","[""include""]",included,0,Unassigned,,
doi:10.1109/prdc63035.2024.00027,10.1109/prdc63035.2024.00027,1,"[""IEEE""]","[[""IEEE"",""I5C18B41765378827""]]","[""exclude""]",not_included,0,Unassigned,,
doi:10.1109/pscc.2014.7038379,10.1109/pscc.2014.7038379,1,"[""IEEE""]","[[""IEEE"",""ID8C4000D5CED06D9""]]","[""exclude""]",not_included,0,Unassigned,,
doi:10.1109/psgai68158.2025.11413511,10.1109/psgai68158.2025.11413511,1,"[""IEEE""]","[[""IEEE"",""IDD21C8DAB3431741""]]","[""exclude""]",not_included,0,Unassigned,,
doi:10.1109/pst65910.2025.11268859,10.1109/pst65910.2025.11268859,1,"[""IEEE""]","[[""IEEE"",""I6291E4CE8465617C""]]","[""include""]",included,0,Unassigned,,
doi:10.1109/ptc.2003.1304695,10.1109/ptc.2003.1304695,1,"[""IEEE""]","[[""IEEE"",""IC15E23A23D1E1715""]]","[""exclude""]",not_included,0,Unassigned,,
doi:10.1109/ptc.2009.5282209,10.1109/ptc.2009.5282209,1,"[""IEEE""]","[[""IEEE"",""I2F37DFF2A0308669""]]","[""exclude""]",not_included,0,Unassigned,,
doi:10.1109/ptc.2013.6652126,10.1109/ptc.2013.6652126,1,"[""IEEE""]","[[""IEEE"",""ID3E466F283BC264E""]]","[""exclude""]",not_included,0,Unassigned,,
doi:10.1109/qcnc69040.2026.00145,10.1109/qcnc69040.2026.00145,1,"[""IEEE""]","[[""IEEE"",""I93FCDBF5BE62D2CE""]]","[""include""]",included,0,Unassigned,,
doi:10.1109/qpain69676.2026.11546218,10.1109/qpain69676.2026.11546218,1,"[""IEEE""]","[[""IEEE"",""I18699AC7E6A5F4C7""]]","[""include""]",included,0,Unassigned,,
doi:10.1109/raai67517.2025.11423310,10.1109/raai67517.2025.11423310,1,"[""IEEE""]","[[""IEEE"",""IB39FD369E2B88AA1""]]","[""exclude""]",not_included,0,Unassigned,,
doi:10.1109/raai67517.2025.11423320,10.1109/raai67517.2025.11423320,1,"[""IEEE""]","[[""IEEE"",""IB7DF26811A708F5E""]]","[""exclude""]",not_included,0,Unassigned,,
doi:10.1109/radar.2011.5960652,10.1109/radar.2011.5960652,1,"[""IEEE""]","[[""IEEE"",""IB94C19B1DC464970""]]","[""exclude""]",not_included,0,Unassigned,,
doi:10.1109/rait.2012.6194597,10.1109/rait.2012.6194597,1,"[""IEEE""]","[[""IEEE"",""I3417E496A8DEF001""]]","[""include""]",included,0,Unassigned,,
doi:10.1109/rcar.2016.7784016,10.1109/rcar.2016.7784016,1,"[""IEEE""]","[[""IEEE"",""IB3BF7107C79DA979""]]","[""include""]",included,0,Unassigned,,
doi:10.1109/rcsm67767.2025.11507537,10.1109/rcsm67767.2025.11507537,1,"[""IEEE""]","[[""IEEE"",""ID7931E3DC7431A52""]]","[""exclude""]",not_included,0,Unassigned,,
doi:10.1109/reacs67479.2025.11413456,10.1109/reacs67479.2025.11413456,1,"[""IEEE""]","[[""IEEE"",""I248FECB07D6D217A""]]","[""exclude""]",not_included,0,Unassigned,,
doi:10.1109/reldis.1998.740480,10.1109/reldis.1998.740480,1,"[""IEEE""]","[[""IEEE"",""IEA518C2B4E6243DC""]]","[""include""]",included,0,Unassigned,,
doi:10.1109/reldis.1998.740495,10.1109/reldis.1998.740495,1,"[""IEEE""]","[[""IEEE"",""I3119C1961D589758""]]","[""include""]",included,0,Unassigned,,
doi:10.1109/reldis.1999.805127,10.1109/reldis.1999.805127,1,"[""IEEE""]","[[""IEEE"",""IB8E4E6ED584FE067""]]","[""pending""]",not_included,1,Unassigned,,
doi:10.1109/ride.1999.758601,10.1109/ride.1999.758601,1,"[""IEEE""]","[[""IEEE"",""I374FAA92B69000A0""]]","[""include""]",included,0,Unassigned,,
doi:10.1109/ride.1999.758628,10.1109/ride.1999.758628,1,"[""IEEE""]","[[""IEEE"",""I902B9636AF0AF833""]]","[""pending""]",not_included,1,Unassigned,,
doi:10.1109/ride.2002.995092,10.1109/ride.2002.995092,1,"[""IEEE""]","[[""IEEE"",""I75915868E9D83D0B""]]","[""exclude""]",not_included,0,Unassigned,,
doi:10.1109/ride.2002.995101,10.1109/ride.2002.995101,1,"[""IEEE""]","[[""IEEE"",""I295DB43BFD045624""]]","[""include""]",included,0,Unassigned,,
doi:10.1109/ride.2002.995110,10.1109/ride.2002.995110,1,"[""IEEE""]","[[""IEEE"",""I5C748DFD047D7BE1""]]","[""exclude""]",not_included,0,Unassigned,,
doi:10.1109/rita.2022.3149776,10.1109/rita.2022.3149776,1,"[""IEEE""]","[[""IEEE"",""IA280F296E188DEC8""]]","[""exclude""]",not_included,0,Unassigned,,
doi:10.1109/rivf68649.2025.11365175,10.1109/rivf68649.2025.11365175,1,"[""IEEE""]","[[""IEEE"",""I9FBB728A0A852058""]]","[""exclude""]",not_included,0,Unassigned,,
doi:10.1109/rivf68649.2025.11365188,10.1109/rivf68649.2025.11365188,1,"[""IEEE""]","[[""IEEE"",""I85D33DC1250DFE2C""]]","[""exclude""]",not_included,0,Unassigned,,
doi:10.1109/robot.2010.5509614,10.1109/robot.2010.5509614,1,"[""IEEE""]","[[""IEEE"",""I8406E244C108EED5""]]","[""exclude""]",not_included,0,Unassigned,,
doi:10.1109/roboticcc68732.2025.00025,10.1109/roboticcc68732.2025.00025,1,"[""IEEE""]","[[""IEEE"",""IFBD42C0BBCFF05F5""]]","[""include""]",included,0,Unassigned,,
doi:10.1109/rrs.2005.4,10.1109/rrs.2005.4,1,"[""IEEE""]","[[""IEEE"",""IFAF977A16E1C8ACC""]]","[""include""]",included,0,Unassigned,,
doi:10.1109/rsete.2011.5965205,10.1109/rsete.2011.5965205,1,"[""IEEE""]","[[""IEEE"",""I78425F1A5EE0C313""]]","[""exclude""]",not_included,0,Unassigned,,
doi:10.1109/rstscc.2010.5712857,10.1109/rstscc.2010.5712857,1,"[""IEEE""]","[[""IEEE"",""ID4A0A9309A5A1F6E""]]","[""include""]",included,0,Unassigned,,
doi:10.1109/saci51354.2021.9465561,10.1109/saci51354.2021.9465561,1,"[""IEEE""]","[[""IEEE"",""IFAF0FB058AB5D0F2""]]","[""exclude""]",not_included,0,Unassigned,,
doi:10.1109/saci58269.2023.10158649,10.1109/saci58269.2023.10158649,1,"[""IEEE""]","[[""IEEE"",""I57AD2B72DA3B5327""]]","[""exclude""]",not_included,0,Unassigned,,
doi:10.1109/sahcn.2014.6990327,10.1109/sahcn.2014.6990327,1,"[""IEEE""]","[[""IEEE"",""IA19DE7DC7B78A365""]]","[""exclude""]",not_included,0,Unassigned,,
doi:10.1109/sahcn.2016.7732996,10.1109/sahcn.2016.7732996,1,"[""IEEE""]","[[""IEEE"",""I3F7911208260E5E4""]]","[""pending""]",not_included,1,Unassigned,,
doi:10.1109/sahcn.2018.8397102,10.1109/sahcn.2018.8397102,1,"[""IEEE""]","[[""IEEE"",""I961B798D9573F643""]]","[""exclude""]",not_included,0,Unassigned,,
doi:10.1109/saint.2002.994447,10.1109/saint.2002.994447,1,"[""IEEE""]","[[""IEEE"",""I9EC89753AF4919F0""]]","[""exclude""]",not_included,0,Unassigned,,
doi:10.1109/saint.2002.994483,10.1109/saint.2002.994483,1,"[""IEEE""]","[[""IEEE"",""IEC77DCD8DA1E654B""]]","[""exclude""]",not_included,0,Unassigned,,
doi:10.1109/saint.2003.1183073,10.1109/saint.2003.1183073,1,"[""IEEE""]","[[""IEEE"",""IDBEBE7D738170D02""]]","[""exclude""]",not_included,0,Unassigned,,
doi:10.1109/saintw.2002.994570,10.1109/saintw.2002.994570,1,"[""IEEE""]","[[""IEEE"",""I0EDFDE5F6B811B20""]]","[""exclude""]",not_included,0,Unassigned,,
doi:10.1109/saintw.2003.1210141,10.1109/saintw.2003.1210141,1,"[""IEEE""]","[[""IEEE"",""I41217CE6D4410392""]]","[""exclude""]",not_included,0,Unassigned,,
doi:10.1109/saso.2007.58,10.1109/saso.2007.58,1,"[""IEEE""]","[[""IEEE"",""I941F74610E4AF601""]]","[""exclude""]",not_included,0,Unassigned,,
doi:10.1109/saso.2008.64,10.1109/saso.2008.64,1,"[""IEEE""]","[[""IEEE"",""IE65CA01793626955""]]","[""include""]",included,0,Unassigned,,
doi:10.1109/saso.2015.8,10.1109/saso.2015.8,1,"[""IEEE""]","[[""IEEE"",""I97A449FDFBE1499A""]]","[""exclude""]",not_included,0,Unassigned,,
doi:10.1109/sasow.2012.37,10.1109/sasow.2012.37,1,"[""IEEE""]","[[""IEEE"",""I7C33E8157ED3894D""]]","[""pending""]",not_included,1,Unassigned,,
doi:10.1109/scc.2004.1357971,10.1109/scc.2004.1357971,1,"[""IEEE""]","[[""IEEE"",""IC3600DFA67A30497""]]","[""exclude""]",not_included,0,Unassigned,,
doi:10.1109/scc.2004.1358038,10.1109/scc.2004.1358038,1,"[""IEEE""]","[[""IEEE"",""I96D62E8323299686""]]","[""exclude""]",not_included,0,Unassigned,,
doi:10.1109/scc.2004.1358078,10.1109/scc.2004.1358078,1,"[""IEEE""]","[[""IEEE"",""I7276CC990C079A45""]]","[""exclude""]",not_included,0,Unassigned,,
doi:10.1109/scc.2004.1358082,10.1109/scc.2004.1358082,1,"[""IEEE""]","[[""IEEE"",""I23131F17369181F6""]]","[""pending""]",not_included,1,Unassigned,,
doi:10.1109/scc.2008.83,10.1109/scc.2008.83,1,"[""IEEE""]","[[""IEEE"",""IF4C33EF4893C24CC""]]","[""exclude""]",not_included,0,Unassigned,,
doi:10.1109/scc.2010.81,10.1109/scc.2010.81,1,"[""IEEE""]","[[""IEEE"",""I1B4AFA211D6ECC86""]]","[""exclude""]",not_included,0,Unassigned,,
doi:10.1109/scc.2013.109,10.1109/scc.2013.109,1,"[""IEEE""]","[[""IEEE"",""I40ECF7CE16ED0D7E""]]","[""include""]",included,0,Unassigned,,
doi:10.1109/scc66964.2025.11424941,10.1109/scc66964.2025.11424941,1,"[""IEEE""]","[[""IEEE"",""IEE039D5C5139EC2C""]]","[""include""]",included,0,Unassigned,,
doi:10.1109/sccc.2001.972639,10.1109/sccc.2001.972639,1,"[""IEEE""]","[[""IEEE"",""I3972CFC61E39C88F""]]","[""pending""]",not_included,1,Unassigned,,
doi:10.1109/sceecs68810.2026.11430157,10.1109/sceecs68810.2026.11430157,1,"[""IEEE""]","[[""IEEE"",""I98013942D85EEFB7""]]","[""exclude""]",not_included,0,Unassigned,,
doi:10.1109/scems.2018.8624683,10.1109/scems.2018.8624683,1,"[""IEEE""]","[[""IEEE"",""I311A9DC01D1B260F""]]","[""include""]",included,0,Unassigned,,
doi:10.1109/sci68648.2025.11333875,10.1109/sci68648.2025.11333875,1,"[""IEEE""]","[[""IEEE"",""I6D6C2F941E02F171""]]","[""exclude""]",not_included,0,Unassigned,,
doi:10.1109/scis-isis.2012.6505020,10.1109/scis-isis.2012.6505020,1,"[""IEEE""]","[[""IEEE"",""I0644C5E8679EBE8E""]]","[""include""]",included,0,Unassigned,,
doi:10.1109/scis.2009.4927011,10.1109/scis.2009.4927011,1,"[""IEEE""]","[[""IEEE"",""I49A834F883BE013B""]]","[""include""]",included,0,Unassigned,,
doi:10.1109/scopes64467.2024.10991141,10.1109/scopes64467.2024.10991141,1,"[""IEEE""]","[[""IEEE"",""I1058BC9DFFEEFA43""]]","[""exclude""]",not_included,0,Unassigned,,
doi:10.1109/secon.2000.845577,10.1109/secon.2000.845577,1,"[""IEEE""]","[[""IEEE"",""I9A7C9C3B553C1909""]]","[""exclude""]",not_included,0,Unassigned,,
doi:10.1109/secon.2004.1287936,10.1109/secon.2004.1287936,1,"[""IEEE""]","[[""IEEE"",""I284C0E95DDC82D3C""]]","[""exclude""]",not_included,0,Unassigned,,
doi:10.1109/secon.2007.342847,10.1109/secon.2007.342847,1,"[""IEEE""]","[[""IEEE"",""I3CAE204C5DD671B2""]]","[""exclude""]",not_included,0,Unassigned,,
doi:10.1109/secon64284.2024.10934958,10.1109/secon64284.2024.10934958,1,"[""IEEE""]","[[""IEEE"",""I49F8229811D4391A""]]","[""include""]",included,0,Unassigned,,
doi:10.1109/sera.2006.56,10.1109/sera.2006.56,1,"[""IEEE""]","[[""IEEE"",""I5852781BD2CC36E5""]]","[""exclude""]",not_included,0,Unassigned,,
doi:10.1109/sera.2009.37,10.1109/sera.2009.37,1,"[""IEEE""]","[[""IEEE"",""I2D33F2A04104D1AE""]]","[""pending""]",not_included,1,Unassigned,,
doi:10.1109/sera.2009.41,10.1109/sera.2009.41,1,"[""IEEE""]","[[""IEEE"",""I255595E58B21B656""]]","[""exclude""]",not_included,0,Unassigned,,
doi:10.1109/services-2.2008.11,10.1109/services-2.2008.11,1,"[""IEEE""]","[[""IEEE"",""I24131DAC4DBA98A0""]]","[""include""]",included,0,Unassigned,,
doi:10.1109/sest61601.2024.10694581,10.1109/sest61601.2024.10694581,1,"[""IEEE""]","[[""IEEE"",""I06AFE24D49A56D7D""]]","[""exclude""]",not_included,0,Unassigned,,
doi:10.1109/setit.2012.6482040,10.1109/setit.2012.6482040,1,"[""IEEE""]","[[""IEEE"",""I00061521EFCB01BA""]]","[""exclude""]",not_included,0,Unassigned,,
doi:10.1109/sfcs.2001.959899,10.1109/sfcs.2001.959899,1,"[""IEEE""]","[[""IEEE"",""I08C99B2AC278D22C""]]","[""exclude""]",not_included,0,Unassigned,,
doi:10.1109/sfcs.2001.959924,10.1109/sfcs.2001.959924,1,"[""IEEE""]","[[""IEEE"",""IB3499057E112BDCF""]]","[""exclude""]",not_included,0,Unassigned,,
doi:10.1109/sfcs.2002.1181964,10.1109/sfcs.2002.1181964,1,"[""IEEE""]","[[""IEEE"",""I986FCED58D11ED4A""]]","[""exclude""]",not_included,0,Unassigned,,
doi:10.1109/sfcs.2002.1181966,10.1109/sfcs.2002.1181966,1,"[""IEEE""]","[[""IEEE"",""I4AD824638968021A""]]","[""exclude""]",not_included,0,Unassigned,,
doi:10.1109/sfcs.2005.25,10.1109/sfcs.2005.25,1,"[""IEEE""]","[[""IEEE"",""IA78B857A376C9936""]]","[""exclude""]",not_included,0,Unassigned,,
doi:10.1109/sg-tep.2012.6642375,10.1109/sg-tep.2012.6642375,1,"[""IEEE""]","[[""IEEE"",""IDB14821EDABD54C1""]]","[""include""]",included,0,Unassigned,,
doi:10.1109/sice.2002.1195377,10.1109/sice.2002.1195377,1,"[""IEEE""]","[[""IEEE"",""I3068FE40700DB7DD""]]","[""exclude""]",not_included,0,Unassigned,,
doi:10.1109/sieds.2016.7489300,10.1109/sieds.2016.7489300,1,"[""IEEE""]","[[""IEEE"",""IA83CB5541BB594FE""]]","[""exclude""]",not_included,0,Unassigned,,
doi:10.1109/siet.2017.8304128,10.1109/siet.2017.8304128,1,"[""IEEE""]","[[""IEEE"",""ID9110D0E11ED54C7""]]","[""exclude""]",not_included,0,Unassigned,,
doi:10.1109/siitme67657.2025.11293682,10.1109/siitme67657.2025.11293682,1,"[""IEEE""]","[[""IEEE"",""I717BCD0C54BDDC4C""]]","[""include""]",included,0,Unassigned,,
doi:10.1109/simul.2010.36,10.1109/simul.2010.36,1,"[""IEEE""]","[[""IEEE"",""IBFFF589B5D90B1BB""]]","[""exclude""]",not_included,0,Unassigned,,
doi:10.1109/sisy.2012.6339553,10.1109/sisy.2012.6339553,1,"[""IEEE""]","[[""IEEE"",""IAD89DB05D1502E17""]]","[""exclude""]",not_included,0,Unassigned,,
doi:10.1109/sitis.2016.55,10.1109/sitis.2016.55,1,"[""IEEE""]","[[""IEEE"",""I880FD451288E9EFF""]]","[""include""]",included,0,Unassigned,,
doi:10.1109/skg.2008.67,10.1109/skg.2008.67,1,"[""IEEE""]","[[""IEEE"",""I3636D3AE56C1A5A2""]]","[""include""]",included,0,Unassigned,,
doi:10.1109/slaai-icai63667.2024.10844986,10.1109/slaai-icai63667.2024.10844986,1,"[""IEEE""]","[[""IEEE"",""IC1925ADD0F55605E""]]","[""exclude""]",not_included,0,Unassigned,,
doi:10.1109/sm57895.2023.10112493,10.1109/sm57895.2023.10112493,1,"[""IEEE""]","[[""IEEE"",""I26193DF2C86601FF""]]","[""include""]",included,0,Unassigned,,
doi:10.1109/smart66937.2025.11389721,10.1109/smart66937.2025.11389721,1,"[""IEEE""]","[[""IEEE"",""I9511BEFCA6625EA8""]]","[""include""]",included,0,Unassigned,,
doi:10.1109/smartcomp-companion70724.2026.00044,10.1109/smartcomp-companion70724.2026.00044,1,"[""IEEE""]","[[""IEEE"",""I24B1502F8F799EC7""]]","[""include""]",included,0,Unassigned,,
doi:10.1109/smartcomp52413.2021.00041,10.1109/smartcomp52413.2021.00041,1,"[""IEEE""]","[[""IEEE"",""ID3D298BA019842E4""]]","[""exclude""]",not_included,0,Unassigned,,
doi:10.1109/smartcomp55677.2022.00073,10.1109/smartcomp55677.2022.00073,1,"[""IEEE""]","[[""IEEE"",""I049AC77941C3E9BD""]]","[""exclude""]",not_included,0,Unassigned,,
doi:10.1109/smartcomp65954.2025.00054,10.1109/smartcomp65954.2025.00054,1,"[""IEEE""]","[[""IEEE"",""I030CE256F841E5E5""]]","[""include""]",included,0,Unassigned,,
doi:10.1109/smartindustrycon68821.2026.11493149,10.1109/smartindustrycon68821.2026.11493149,1,"[""IEEE""]","[[""IEEE"",""I1D49256A5E1857AB""]]","[""include""]",included,0,Unassigned,,
doi:10.1109/smartiot70864.2026.00032,10.1109/smartiot70864.2026.00032,1,"[""IEEE""]","[[""IEEE"",""IDB1728EC92AC4B76""]]","[""include""]",included,0,Unassigned,,
doi:10.1109/smartiot70864.2026.00056,10.1109/smartiot70864.2026.00056,1,"[""IEEE""]","[[""IEEE"",""I08248E70CCF2AD2E""]]","[""include""]",included,0,Unassigned,,
doi:10.1109/smc.2013.464,10.1109/smc.2013.464,1,"[""IEEE""]","[[""IEEE"",""ID98F6297387764E5""]]","[""exclude""]",not_included,0,Unassigned,,
doi:10.1109/smc.2017.8122644,10.1109/smc.2017.8122644,1,"[""IEEE""]","[[""IEEE"",""I6E8DF484F4DF9DC4""]]","[""include""]",included,0,Unassigned,,
doi:10.1109/smc.2018.00170,10.1109/smc.2018.00170,1,"[""IEEE""]","[[""IEEE"",""IC56DEE627B551104""]]","[""include""]",included,0,Unassigned,,
doi:10.1109/smc58881.2025.11342454,10.1109/smc58881.2025.11342454,1,"[""IEEE""]","[[""IEEE"",""I628B35D55851F055""]]","[""exclude""]",not_included,0,Unassigned,,
doi:10.1109/snpd.2007.26,10.1109/snpd.2007.26,1,"[""IEEE""]","[[""IEEE"",""I0B49DD1348BBD48F""]]","[""include""]",included,0,Unassigned,,
doi:10.1109/snpd.2007.27,10.1109/snpd.2007.27,1,"[""IEEE""]","[[""IEEE"",""I4B50AEF0395FA95A""]]","[""include""]",included,0,Unassigned,,
doi:10.1109/snpd.2008.51,10.1109/snpd.2008.51,1,"[""IEEE""]","[[""IEEE"",""I848A709B0CE02012""]]","[""include""]",included,0,Unassigned,,
doi:10.1109/snpd.2013.63,10.1109/snpd.2013.63,1,"[""IEEE""]","[[""IEEE"",""IF85C51F7C6BA023B""]]","[""include""]",included,0,Unassigned,,
doi:10.1109/snpd65828.2025.11254174,10.1109/snpd65828.2025.11254174,1,"[""IEEE""]","[[""IEEE"",""I0880D1F49278DF1E""]]","[""exclude""]",not_included,0,Unassigned,,
doi:10.1109/soca.2012.6449426,10.1109/soca.2012.6449426,1,"[""IEEE""]","[[""IEEE"",""I6133B0E4CDDD5652""]]","[""include""]",included,0,Unassigned,,
doi:10.1109/socialinformatics.2012.55,10.1109/socialinformatics.2012.55,1,"[""IEEE""]","[[""IEEE"",""IA52DD2F59A37D6F5""]]","[""exclude""]",not_included,0,Unassigned,,
doi:10.1109/socpar.2009.106,10.1109/socpar.2009.106,1,"[""IEEE""]","[[""IEEE"",""IEB7A5F54BAB81DE4""]]","[""include""]",included,0,Unassigned,,
doi:10.1109/sofa.2009.5254869,10.1109/sofa.2009.5254869,1,"[""IEEE""]","[[""IEEE"",""I63562FBDC7BE9F4B""]]","[""exclude""]",not_included,0,Unassigned,,
doi:10.1109/sofa.2010.5565616,10.1109/sofa.2010.5565616,1,"[""IEEE""]","[[""IEEE"",""IA5A87C3715AE1491""]]","[""include""]",included,0,Unassigned,,
doi:10.1109/softt67007.2025.11213027,10.1109/softt67007.2025.11213027,1,"[""IEEE""]","[[""IEEE"",""ID1F69709F1791D8C""]]","[""pending""]",not_included,1,Unassigned,,
doi:10.1109/soli.2008.4686566,10.1109/soli.2008.4686566,1,"[""IEEE""]","[[""IEEE"",""IB64D13D98A1A9DBD""]]","[""exclude""]",not_included,0,Unassigned,,
doi:10.1109/soli.2008.4686623,10.1109/soli.2008.4686623,1,"[""IEEE""]","[[""IEEE"",""I1CF75B862E214709""]]","[""include""]",included,0,Unassigned,,
doi:10.1109/soli.2010.5551559,10.1109/soli.2010.5551559,1,"[""IEEE""]","[[""IEEE"",""IA755E6099C7A82A0""]]","[""exclude""]",not_included,0,Unassigned,,
doi:10.1109/soli.2017.8120980,10.1109/soli.2017.8120980,1,"[""IEEE""]","[[""IEEE"",""I1CBCB52376107559""]]","[""include""]",included,0,Unassigned,,
doi:10.1109/soli.2017.8120981,10.1109/soli.2017.8120981,1,"[""IEEE""]","[[""IEEE"",""I0E178C3A2C01F595""]]","[""exclude""]",not_included,0,Unassigned,,
doi:10.1109/sose.2008.15,10.1109/sose.2008.15,1,"[""IEEE""]","[[""IEEE"",""I705F8B597145196E""]]","[""exclude""]",not_included,0,Unassigned,,
doi:10.1109/sose.2011.6139090,10.1109/sose.2011.6139090,1,"[""IEEE""]","[[""IEEE"",""I7C7A8B59ABAD1EC9""]]","[""exclude""]",not_included,0,Unassigned,,
doi:10.1109/sose67019.2025.00013,10.1109/sose67019.2025.00013,1,"[""IEEE""]","[[""IEEE"",""I5E72A80A4AC2830E""]]","[""include""]",included,0,Unassigned,,
doi:10.1109/southeastcon56624.2025.10971563,10.1109/southeastcon56624.2025.10971563,1,"[""IEEE""]","[[""IEEE"",""I2599393317237880""]]","[""exclude""]",not_included,0,Unassigned,,
doi:10.1109/southeastcon63549.2026.11476074,10.1109/southeastcon63549.2026.11476074,1,"[""IEEE""]","[[""IEEE"",""IAC3D88F67AAEBEA4""]]","[""exclude""]",not_included,0,Unassigned,,
doi:10.1109/southeastcon63549.2026.11476087,10.1109/southeastcon63549.2026.11476087,1,"[""IEEE""]","[[""IEEE"",""I82947D9DE5756B37""]]","[""exclude""]",not_included,0,Unassigned,,
doi:10.1109/southeastcon63549.2026.11476134,10.1109/southeastcon63549.2026.11476134,1,"[""IEEE""]","[[""IEEE"",""I43DDC6CA8897442F""]]","[""exclude""]",not_included,0,Unassigned,,
doi:10.1109/southeastcon63549.2026.11476139,10.1109/southeastcon63549.2026.11476139,1,"[""IEEE""]","[[""IEEE"",""I08C5D6242DC3C546""]]","[""pending""]",not_included,1,Unassigned,,
doi:10.1109/southeastcon63549.2026.11476405,10.1109/southeastcon63549.2026.11476405,1,"[""IEEE""]","[[""IEEE"",""IE3DFC13FBCD01386""]]","[""include""]",included,0,Unassigned,,
doi:10.1109/southeastcon63549.2026.11476537,10.1109/southeastcon63549.2026.11476537,1,"[""IEEE""]","[[""IEEE"",""I11FAE49F0DB26BC5""]]","[""exclude""]",not_included,0,Unassigned,,
doi:10.1109/southeastcon63549.2026.11476668,10.1109/southeastcon63549.2026.11476668,1,"[""IEEE""]","[[""IEEE"",""I301A7E3E42064738""]]","[""exclude""]",not_included,0,Unassigned,,
doi:10.1109/sp63933.2026.00042,10.1109/sp63933.2026.00042,1,"[""IEEE""]","[[""IEEE"",""I8BEF064A21086126""]]","[""include""]",included,0,Unassigned,,
doi:10.1109/sp63933.2026.00154,10.1109/sp63933.2026.00154,1,"[""IEEE""]","[[""IEEE"",""I92501732888974D1""]]","[""include""]",included,0,Unassigned,,
doi:10.1109/spca.2006.297581,10.1109/spca.2006.297581,1,"[""IEEE""]","[[""IEEE"",""IDB7541F9DC795EF8""]]","[""include""]",included,0,Unassigned,,
doi:10.1109/spca.2006.297617,10.1109/spca.2006.297617,1,"[""IEEE""]","[[""IEEE"",""IEB68E2846BA37E34""]]","[""exclude""]",not_included,0,Unassigned,,
doi:10.1109/spw72489.2026.00012,10.1109/spw72489.2026.00012,1,"[""IEEE""]","[[""IEEE"",""IEAD20D7B7C82A592""]]","[""exclude""]",not_included,0,Unassigned,,
doi:10.1109/spw72489.2026.00047,10.1109/spw72489.2026.00047,1,"[""IEEE""]","[[""IEEE"",""I8CA01F58390DE8C3""]]","[""include""]",included,0,Unassigned,,
doi:10.1109/ssci.2018.8628638,10.1109/ssci.2018.8628638,1,"[""IEEE""]","[[""IEEE"",""IB67A18991651FBF5""]]","[""include""]",included,0,Unassigned,,
doi:10.1109/ssci50451.2021.9660121,10.1109/ssci50451.2021.9660121,1,"[""IEEE""]","[[""IEEE"",""I9A691E42FDBB4F27""]]","[""exclude""]",not_included,0,Unassigned,,
doi:10.1109/sse72781.2026.00038,10.1109/sse72781.2026.00038,1,"[""IEEE""]","[[""IEEE"",""IEB206FC9E08A2E05""]]","[""exclude""]",not_included,0,Unassigned,,
doi:10.1109/ssitcon66133.2025.11342192,10.1109/ssitcon66133.2025.11342192,1,"[""IEEE""]","[[""IEEE"",""I6118CB53D6E0F890""]]","[""include""]",included,0,Unassigned,,
doi:10.1109/ssme.2009.160,10.1109/ssme.2009.160,1,"[""IEEE""]","[[""IEEE"",""IF182C0FF8C4ABF5F""]]","[""include""]",included,0,Unassigned,,
doi:10.1109/ssrr.2011.6106772,10.1109/ssrr.2011.6106772,1,"[""IEEE""]","[[""IEEE"",""I8BDBD74CC8C2D169""]]","[""exclude""]",not_included,0,Unassigned,,
doi:10.1109/ssrr50563.2020.9292605,10.1109/ssrr50563.2020.9292605,1,"[""IEEE""]","[[""IEEE"",""I0073174929FAC273""]]","[""exclude""]",not_included,0,Unassigned,,
doi:10.1109/ssst.2003.1194530,10.1109/ssst.2003.1194530,1,"[""IEEE""]","[[""IEEE"",""I400903F8A93FD651""]]","[""include""]",included,0,Unassigned,,
doi:10.1109/summa60232.2023.10349455,10.1109/summa60232.2023.10349455,1,"[""IEEE""]","[[""IEEE"",""I04828D3EE39A3B3E""]]","[""exclude""]",not_included,0,Unassigned,,
doi:10.1109/svcc69905.2026.11642185,10.1109/svcc69905.2026.11642185,1,"[""IEEE""]","[[""IEEE"",""ICB8F749558718582""]]","[""pending""]",not_included,1,Unassigned,,
doi:10.1109/svcc69905.2026.11642241,10.1109/svcc69905.2026.11642241,1,"[""IEEE""]","[[""IEEE"",""ICF60F5EFB5629C55""]]","[""include""]",included,0,Unassigned,,
doi:10.1109/svcc69905.2026.11642248,10.1109/svcc69905.2026.11642248,1,"[""IEEE""]","[[""IEEE"",""I5AF2B947E2CB2D5C""]]","[""exclude""]",not_included,0,Unassigned,,
doi:10.1109/svcc69905.2026.11642294,10.1109/svcc69905.2026.11642294,1,"[""IEEE""]","[[""IEEE"",""I24E56E1F2920A009""]]","[""exclude""]",not_included,0,Unassigned,,
doi:10.1109/swste.2005.6,10.1109/swste.2005.6,1,"[""IEEE""]","[[""IEEE"",""I22F40A1D438F430C""]]","[""exclude""]",not_included,0,Unassigned,,
doi:10.1109/swste.2012.14,10.1109/swste.2012.14,1,"[""IEEE""]","[[""IEEE"",""ID1EE0CB16BCE54BC""]]","[""include""]",included,0,Unassigned,,
doi:10.1109/synasc.2005.12,10.1109/synasc.2005.12,1,"[""IEEE""]","[[""IEEE"",""IB96A6A6214D5CB20""]]","[""include""]",included,0,Unassigned,,
doi:10.1109/synasc.2005.44,10.1109/synasc.2005.44,1,"[""IEEE""]","[[""IEEE"",""IC721CF8BC7E8D4C9""]]","[""include""]",included,0,Unassigned,,
doi:10.1109/synasc.2006.1,10.1109/synasc.2006.1,1,"[""IEEE""]","[[""IEEE"",""I430FDADF5C37CAC6""]]","[""include""]",included,0,Unassigned,,
doi:10.1109/synasc.2006.28,10.1109/synasc.2006.28,1,"[""IEEE""]","[[""IEEE"",""I6723C84B9DE7A0C2""]]","[""include""]",included,0,Unassigned,,
doi:10.1109/synasc69064.2025.00051,10.1109/synasc69064.2025.00051,1,"[""IEEE""]","[[""IEEE"",""IB02B986B2ED467F5""]]","[""exclude""]",not_included,0,Unassigned,,
doi:10.1109/syscon.2019.8836798,10.1109/syscon.2019.8836798,1,"[""IEEE""]","[[""IEEE"",""I50C246311435BCF6""]]","[""include""]",included,0,Unassigned,,
doi:10.1109/syscon.2019.8836887,10.1109/syscon.2019.8836887,1,"[""IEEE""]","[[""IEEE"",""IEE23E16744BBB18A""]]","[""include""]",included,0,Unassigned,,
doi:10.1109/syscon66367.2026.11503513,10.1109/syscon66367.2026.11503513,1,"[""IEEE""]","[[""IEEE"",""I8EFCA49580914027""]]","[""include""]",included,0,Unassigned,,
doi:10.1109/sysose.2010.5543956,10.1109/sysose.2010.5543956,1,"[""IEEE""]","[[""IEEE"",""IF12B3B2F25A94F93""]]","[""exclude""]",not_included,0,Unassigned,,
doi:10.1109/sysose.2013.6575262,10.1109/sysose.2013.6575262,1,"[""IEEE""]","[[""IEEE"",""IF3249C47773D317E""]]","[""exclude""]",not_included,0,Unassigned,,
doi:10.1109/tac.2007.894545,10.1109/tac.2007.894545,1,"[""IEEE""]","[[""IEEE"",""ID6BF539C5C2FDD77""]]","[""exclude""]",not_included,0,Unassigned,,
doi:10.1109/tac.2012.2208319,10.1109/tac.2012.2208319,1,"[""IEEE""]","[[""IEEE"",""IE55E4C65D8D62634""]]","[""include""]",included,0,Unassigned,,
doi:10.1109/tac.2020.2987802,10.1109/tac.2020.2987802,1,"[""IEEE""]","[[""IEEE"",""IE4889B57D9B63EB0""]]","[""exclude""]",not_included,0,Unassigned,,
doi:10.1109/tac.2026.3725625,10.1109/tac.2026.3725625,1,"[""IEEE""]","[[""IEEE"",""IE4809932ABAD9937""]]","[""exclude""]",not_included,0,Unassigned,,
doi:10.1109/taes.2026.3703733,10.1109/taes.2026.3703733,1,"[""IEEE""]","[[""IEEE"",""I9E6564B660954092""]]","[""exclude""]",not_included,0,Unassigned,,
doi:10.1109/tai.2026.3731348,10.1109/tai.2026.3731348,1,"[""IEEE""]","[[""IEEE"",""I90B739B8F27D055D""]]","[""include""]",included,0,Unassigned,,
doi:10.1109/tase.2007.896902,10.1109/tase.2007.896902,1,"[""IEEE""]","[[""IEEE"",""I0CD1C19790BE8D34""]]","[""exclude""]",not_included,0,Unassigned,,
doi:10.1109/tase.2007.912717,10.1109/tase.2007.912717,1,"[""IEEE""]","[[""IEEE"",""I8BCAF55CB83C3767""]]","[""exclude""]",not_included,0,Unassigned,,
doi:10.1109/tase.2010.2102351,10.1109/tase.2010.2102351,1,"[""IEEE""]","[[""IEEE"",""ID9CD06ED63D15CD5""]]","[""exclude""]",not_included,0,Unassigned,,
doi:10.1109/tase.2011.2160536,10.1109/tase.2011.2160536,1,"[""IEEE""]","[[""IEEE"",""I9403756EA2545CD3""]]","[""exclude""]",not_included,0,Unassigned,,
doi:10.1109/tase.2017.2785241,10.1109/tase.2017.2785241,1,"[""IEEE""]","[[""IEEE"",""I30D094535D52FB15""]]","[""exclude""]",not_included,0,Unassigned,,
doi:10.1109/tase.2019.2956762,10.1109/tase.2019.2956762,1,"[""IEEE""]","[[""IEEE"",""I6EFE87FE8F4D3421""]]","[""exclude""]",not_included,0,Unassigned,,
doi:10.1109/tase.2021.3061757,10.1109/tase.2021.3061757,1,"[""IEEE""]","[[""IEEE"",""I4CCB77FB7F140E2A""]]","[""exclude""]",not_included,0,Unassigned,,
doi:10.1109/tase.2022.3221352,10.1109/tase.2022.3221352,1,"[""IEEE""]","[[""IEEE"",""I0F267E81DB6764AF""]]","[""exclude""]",not_included,0,Unassigned,,
doi:10.1109/tase.2023.3263005,10.1109/tase.2023.3263005,1,"[""IEEE""]","[[""IEEE"",""I8579DE65C4DE1EC5""]]","[""exclude""]",not_included,0,Unassigned,,
doi:10.1109/tase.2026.3734026,10.1109/tase.2026.3734026,1,"[""IEEE""]","[[""IEEE"",""I7C1449D5A143203A""]]","[""exclude""]",not_included,0,Unassigned,,
doi:10.1109/tase.2026.3736705,10.1109/tase.2026.3736705,1,"[""IEEE""]","[[""IEEE"",""I94BE75F380649E4C""]]","[""exclude""]",not_included,0,Unassigned,,
doi:10.1109/taslp.2019.2899517,10.1109/taslp.2019.2899517,1,"[""ACM""]","[[""ACM"",""ND6F090FDFBED18BD""]]","[""exclude""]",not_included,0,Unassigned,,
doi:10.1109/taslp.2019.2949925,10.1109/taslp.2019.2949925,1,"[""ACM""]","[[""ACM"",""N101EF2D5152F521D""]]","[""exclude""]",not_included,0,Unassigned,,
doi:10.1109/taslp.2023.3328289,10.1109/taslp.2023.3328289,1,"[""ACM""]","[[""ACM"",""NFA1E3DBB512D3066""]]","[""exclude""]",not_included,0,Unassigned,,
doi:10.1109/tc.2013.86,10.1109/tc.2013.86,1,"[""IEEE""]","[[""IEEE"",""IB2CA9BE5F45F35E5""]]","[""exclude""]",not_included,0,Unassigned,,
doi:10.1109/tcbb.2021.3103280,10.1109/tcbb.2021.3103280,1,"[""ACM""]","[[""ACM"",""NC63F4806CF20DA7C""]]","[""exclude""]",not_included,0,Unassigned,,
doi:10.1109/tcc.2019.2896225,10.1109/tcc.2019.2896225,1,"[""IEEE""]","[[""IEEE"",""IDF761B82233A8B19""]]","[""exclude""]",not_included,0,Unassigned,,
doi:10.1109/tcc.2021.3117956,10.1109/tcc.2021.3117956,1,"[""IEEE""]","[[""IEEE"",""I7BDC6B342E32458E""]]","[""include""]",included,0,Unassigned,,
doi:10.1109/tcc.2022.3231249,10.1109/tcc.2022.3231249,1,"[""IEEE""]","[[""IEEE"",""IE2590FB037284A15""]]","[""include""]",included,0,Unassigned,,
doi:10.1109/tccn.2019.2950242,10.1109/tccn.2019.2950242,1,"[""IEEE""]","[[""IEEE"",""I9C5CDCE4B70880CC""]]","[""include""]",included,0,Unassigned,,
doi:10.1109/tccn.2024.3499342,10.1109/tccn.2024.3499342,1,"[""IEEE""]","[[""IEEE"",""IAC0D23FDC595B2BE""]]","[""include""]",included,0,Unassigned,,
doi:10.1109/tccn.2025.3641588,10.1109/tccn.2025.3641588,1,"[""IEEE""]","[[""IEEE"",""IC5EDE819E31924C2""]]","[""exclude""]",not_included,0,Unassigned,,
doi:10.1109/tccn.2026.3714063,10.1109/tccn.2026.3714063,1,"[""IEEE""]","[[""IEEE"",""I8FB08B2B841F7B39""]]","[""include""]",included,0,Unassigned,,
doi:10.1109/tciaig.2012.2222406,10.1109/tciaig.2012.2222406,1,"[""IEEE""]","[[""IEEE"",""IF7C243323D016D27""]]","[""include""]",included,0,Unassigned,,
doi:10.1109/tcns.2019.2959164,10.1109/tcns.2019.2959164,1,"[""IEEE""]","[[""IEEE"",""ID08CF368AE246280""]]","[""exclude""]",not_included,0,Unassigned,,
doi:10.1109/tcomm.2020.3035394,10.1109/tcomm.2020.3035394,1,"[""IEEE""]","[[""IEEE"",""I28AD3E8384E2ABE1""]]","[""exclude""]",not_included,0,Unassigned,,
doi:10.1109/tcset.2016.7452090,10.1109/tcset.2016.7452090,1,"[""IEEE""]","[[""IEEE"",""I41E40CB0047B4EFE""]]","[""exclude""]",not_included,0,Unassigned,,
doi:10.1109/tcss.2021.3100291,10.1109/tcss.2021.3100291,1,"[""IEEE""]","[[""IEEE"",""I1A609B67F6E5C29D""]]","[""exclude""]",not_included,0,Unassigned,,
doi:10.1109/tdsc.2020.2991872,10.1109/tdsc.2020.2991872,1,"[""IEEE""]","[[""IEEE"",""I7330CA9C41C788C9""]]","[""exclude""]",not_included,0,Unassigned,,
doi:10.1109/tdsc.2022.3216571,10.1109/tdsc.2022.3216571,1,"[""IEEE""]","[[""IEEE"",""I940C08589DA153A4""]]","[""exclude""]",not_included,0,Unassigned,,
doi:10.1109/tdsc.2026.3695553,10.1109/tdsc.2026.3695553,1,"[""IEEE""]","[[""IEEE"",""I1E3FD79D210F6CA9""]]","[""include""]",included,0,Unassigned,,
doi:10.1109/telepe66277.2025.00139,10.1109/telepe66277.2025.00139,1,"[""IEEE""]","[[""IEEE"",""ID90554D20CC90FAE""]]","[""include""]",included,0,Unassigned,,
doi:10.1109/tem.2002.803388,10.1109/tem.2002.803388,1,"[""IEEE""]","[[""IEEE"",""IFD3814DE11376678""]]","[""exclude""]",not_included,0,Unassigned,,
doi:10.1109/tem.2019.2950694,10.1109/tem.2019.2950694,1,"[""IEEE""]","[[""IEEE"",""ID9D838F35361C8CF""]]","[""include""]",included,0,Unassigned,,
doi:10.1109/tem.2020.3021242,10.1109/tem.2020.3021242,1,"[""IEEE""]","[[""IEEE"",""I2CBA3C0B4F814D28""]]","[""exclude""]",not_included,0,Unassigned,,
doi:10.1109/tem.2024.3358717,10.1109/tem.2024.3358717,1,"[""IEEE""]","[[""IEEE"",""I08C854E0C0969121""]]","[""exclude""]",not_included,0,Unassigned,,
doi:10.1109/tem.2026.3672885,10.1109/tem.2026.3672885,1,"[""IEEE""]","[[""IEEE"",""I65FFF849D2E148D8""]]","[""exclude""]",not_included,0,Unassigned,,
doi:10.1109/tem.2026.3684943,10.1109/tem.2026.3684943,1,"[""IEEE""]","[[""IEEE"",""IACB1D3038CF7B3DA""]]","[""include""]",included,0,Unassigned,,
doi:10.1109/temsmet65536.2025.11467437,10.1109/temsmet65536.2025.11467437,1,"[""IEEE""]","[[""IEEE"",""I13D540875752B111""]]","[""exclude""]",not_included,0,Unassigned,,
doi:10.1109/temu.2014.6917762,10.1109/temu.2014.6917762,1,"[""IEEE""]","[[""IEEE"",""IF6D80EB782702911""]]","[""exclude""]",not_included,0,Unassigned,,
doi:10.1109/tencon.2000.888749,10.1109/tencon.2000.888749,1,"[""IEEE""]","[[""IEEE"",""ICBF19C6F7B3A388D""]]","[""include""]",included,0,Unassigned,,
doi:10.1109/tencon.2002.1181242,10.1109/tencon.2002.1181242,1,"[""IEEE""]","[[""IEEE"",""I859C6B03F246DDAC""]]","[""include""]",included,0,Unassigned,,
doi:10.1109/tencon.2012.6412310,10.1109/tencon.2012.6412310,1,"[""IEEE""]","[[""IEEE"",""IFF75258C734A991D""]]","[""include""]",included,0,Unassigned,,
doi:10.1109/tensymp68909.2026.11704070,10.1109/tensymp68909.2026.11704070,1,"[""IEEE""]","[[""IEEE"",""IEA7F8AC5BD4A6954""]]","[""exclude""]",not_included,0,Unassigned,,
doi:10.1109/tevc.2002.1011540,10.1109/tevc.2002.1011540,1,"[""IEEE""]","[[""IEEE"",""I799492CE9E98F833""]]","[""exclude""]",not_included,0,Unassigned,,
doi:10.1109/tevc.2005.850264,10.1109/tevc.2005.850264,1,"[""IEEE""]","[[""IEEE"",""IB3B2A34F393EEB35""]]","[""include""]",included,0,Unassigned,,
doi:10.1109/tfr.2025.3580068,10.1109/tfr.2025.3580068,1,"[""IEEE""]","[[""IEEE"",""I13B46FC1C72A6029""]]","[""exclude""]",not_included,0,Unassigned,,
doi:10.1109/tfuzz.2004.825064,10.1109/tfuzz.2004.825064,1,"[""IEEE""]","[[""IEEE"",""I993253AFC96C35CB""]]","[""include""]",included,0,Unassigned,,
doi:10.1109/tfuzz.2016.2598297,10.1109/tfuzz.2016.2598297,1,"[""IEEE""]","[[""IEEE"",""I5DA5C4A4F8E1DC68""]]","[""include""]",included,0,Unassigned,,
doi:10.1109/tgrs.2026.3724339,10.1109/tgrs.2026.3724339,1,"[""IEEE""]","[[""IEEE"",""ICB3CD2576FC7E1C6""]]","[""exclude""]",not_included,0,Unassigned,,
doi:10.1109/tia.2021.3088769,10.1109/tia.2021.3088769,1,"[""IEEE""]","[[""IEEE"",""I2F402F5AFDF153B6""]]","[""exclude""]",not_included,0,Unassigned,,
doi:10.1109/tia.2025.3618823,10.1109/tia.2025.3618823,1,"[""IEEE""]","[[""IEEE"",""I52B3108B7A25B7A6""]]","[""include""]",included,0,Unassigned,,
doi:10.1109/tic68483.2026.11702913,10.1109/tic68483.2026.11702913,1,"[""IEEE""]","[[""IEEE"",""IAA6621FD91933350""]]","[""exclude""]",not_included,0,Unassigned,,
doi:10.1109/tie.2010.2102319,10.1109/tie.2010.2102319,1,"[""IEEE""]","[[""IEEE"",""I13D8A0F19D22B821""]]","[""include""]",included,0,Unassigned,,
doi:10.1109/tie.2012.2193857,10.1109/tie.2012.2193857,1,"[""IEEE""]","[[""IEEE"",""IF7008F95F12D541B""]]","[""include""]",included,0,Unassigned,,
doi:10.1109/tifs.2013.2250431,10.1109/tifs.2013.2250431,1,"[""IEEE""]","[[""IEEE"",""I5614E9C20A309999""]]","[""exclude""]",not_included,0,Unassigned,,
doi:10.1109/tifs.2022.3191493,10.1109/tifs.2022.3191493,1,"[""IEEE""]","[[""IEEE"",""ID8F7B265E42E393A""]]","[""exclude""]",not_included,0,Unassigned,,
doi:10.1109/tifs.2023.3318961,10.1109/tifs.2023.3318961,1,"[""IEEE""]","[[""IEEE"",""I948A28891D74E413""]]","[""include""]",included,0,Unassigned,,
doi:10.1109/tifs.2026.3691201,10.1109/tifs.2026.3691201,1,"[""IEEE""]","[[""IEEE"",""I0775B62ACCE3BF3A""]]","[""include""]",included,0,Unassigned,,
doi:10.1109/tii.2013.2287807,10.1109/tii.2013.2287807,1,"[""IEEE""]","[[""IEEE"",""I51BDD0230A630B91""]]","[""exclude""]",not_included,0,Unassigned,,
doi:10.1109/tii.2016.2612648,10.1109/tii.2016.2612648,1,"[""IEEE""]","[[""IEEE"",""I783981710DA56064""]]","[""include""]",included,0,Unassigned,,
doi:10.1109/tii.2017.2679808,10.1109/tii.2017.2679808,1,"[""IEEE""]","[[""IEEE"",""IE932143DAE280608""]]","[""include""]",included,0,Unassigned,,
doi:10.1109/tii.2018.2808183,10.1109/tii.2018.2808183,1,"[""IEEE""]","[[""IEEE"",""IE6995AABB50D88ED""]]","[""include""]",included,0,Unassigned,,
doi:10.1109/tii.2018.2855746,10.1109/tii.2018.2855746,1,"[""IEEE""]","[[""IEEE"",""IBE066AD697CB9695""]]","[""include""]",included,0,Unassigned,,
doi:10.1109/tii.2022.3168319,10.1109/tii.2022.3168319,1,"[""IEEE""]","[[""IEEE"",""IB8B4E10A2C371B18""]]","[""include""]",included,0,Unassigned,,
doi:10.1109/tii.2023.3348823,10.1109/tii.2023.3348823,1,"[""IEEE""]","[[""IEEE"",""I06B0BB2025F0F6A6""]]","[""include""]",included,0,Unassigned,,
doi:10.1109/tits.2019.2926336,10.1109/tits.2019.2926336,1,"[""IEEE""]","[[""IEEE"",""ID641BC27E338DCFE""]]","[""exclude""]",not_included,0,Unassigned,,
doi:10.1109/tits.2020.2991029,10.1109/tits.2020.2991029,1,"[""IEEE""]","[[""IEEE"",""IB9921954514527EF""]]","[""exclude""]",not_included,0,Unassigned,,
doi:10.1109/tits.2021.3075202,10.1109/tits.2021.3075202,1,"[""IEEE""]","[[""IEEE"",""I05B1DE4EA4586420""]]","[""include""]",included,0,Unassigned,,
doi:10.1109/tiv.2024.3492015,10.1109/tiv.2024.3492015,1,"[""IEEE""]","[[""IEEE"",""I4E3F3A7A7FF949E8""]]","[""include""]",included,0,Unassigned,,
doi:10.1109/tkde.2002.1000344,10.1109/tkde.2002.1000344,1,"[""IEEE""]","[[""IEEE"",""I32913DFCA3C04601""]]","[""exclude""]",not_included,0,Unassigned,,
doi:10.1109/tkde.2003.1209014,10.1109/tkde.2003.1209014,1,"[""IEEE""]","[[""IEEE"",""I89901B53FB64D5BD""]]","[""include""]",included,0,Unassigned,,
doi:10.1109/tkde.2003.1245277,10.1109/tkde.2003.1245277,1,"[""IEEE""]","[[""IEEE"",""IA545422C5A32181F""]]","[""include""]",included,0,Unassigned,,
doi:10.1109/tkde.2004.1269670,10.1109/tkde.2004.1269670,1,"[""IEEE""]","[[""IEEE"",""IDC183D10E2396319""]]","[""exclude""]",not_included,0,Unassigned,,
doi:10.1109/tkde.2005.35,10.1109/tkde.2005.35,1,"[""IEEE""]","[[""IEEE"",""IB4566F31D852B46B""]]","[""pending""]",not_included,1,Unassigned,,
doi:10.1109/tkde.2007.1045,10.1109/tkde.2007.1045,1,"[""IEEE""]","[[""IEEE"",""I2004C0B019A2A61F""]]","[""exclude""]",not_included,0,Unassigned,,
doi:10.1109/tkde.2010.141,10.1109/tkde.2010.141,1,"[""IEEE""]","[[""IEEE"",""I38512C5F584A6840""]]","[""pending""]",not_included,1,Unassigned,,
doi:10.1109/tkde.2021.3077699,10.1109/tkde.2021.3077699,1,"[""IEEE""]","[[""IEEE"",""IF2A293BEF74B38E3""]]","[""include""]",included,0,Unassigned,,
doi:10.1109/tkde.2022.3225109,10.1109/tkde.2022.3225109,1,"[""IEEE""]","[[""IEEE"",""I978D687B6DF8A38D""]]","[""exclude""]",not_included,0,Unassigned,,
doi:10.1109/tkde.2025.3565858,10.1109/tkde.2025.3565858,1,"[""IEEE""]","[[""IEEE"",""I24E24FA32F7E599B""]]","[""exclude""]",not_included,0,Unassigned,,
doi:10.1109/tkde.2026.3716724,10.1109/tkde.2026.3716724,1,"[""IEEE""]","[[""IEEE"",""I3061A297E96E72E9""]]","[""include""]",included,0,Unassigned,,
doi:10.1109/tkde.2026.3736076,10.1109/tkde.2026.3736076,1,"[""IEEE""]","[[""IEEE"",""I5804670312BD4391""]]","[""exclude""]",not_included,0,Unassigned,,
doi:10.1109/tla.2006.4472123,10.1109/tla.2006.4472123,1,"[""IEEE""]","[[""IEEE"",""I33B137A8F85B927B""]]","[""exclude""]",not_included,0,Unassigned,,
doi:10.1109/tla.2007.4395229,10.1109/tla.2007.4395229,1,"[""IEEE""]","[[""IEEE"",""IB6B51EF51C492D60""]]","[""include""]",included,0,Unassigned,,
doi:10.1109/tla.2016.7437217,10.1109/tla.2016.7437217,1,"[""IEEE""]","[[""IEEE"",""I6BB1AF438F82AEF1""]]","[""exclude""]",not_included,0,Unassigned,,
doi:10.1109/tla.2019.8891956,10.1109/tla.2019.8891956,1,"[""IEEE""]","[[""IEEE"",""I0A6B76D778902F4A""]]","[""include""]",included,0,Unassigned,,
doi:10.1109/tla.2020.9082923,10.1109/tla.2020.9082923,1,"[""IEEE""]","[[""IEEE"",""I7D652046EA0A8BAD""]]","[""exclude""]",not_included,0,Unassigned,,
doi:10.1109/tla.2020.9387641,10.1109/tla.2020.9387641,1,"[""IEEE""]","[[""IEEE"",""IC81B5948078E726A""]]","[""include""]",included,0,Unassigned,,
doi:10.1109/tmc.2009.142,10.1109/tmc.2009.142,1,"[""IEEE""]","[[""IEEE"",""I68027645C9280907""]]","[""include""]",included,0,Unassigned,,
doi:10.1109/tmc.2013.17,10.1109/tmc.2013.17,1,"[""IEEE""]","[[""IEEE"",""I2F3EC0ADC89FBD2B""]]","[""pending""]",not_included,1,Unassigned,,
doi:10.1109/tmc.2015.2456920,10.1109/tmc.2015.2456920,1,"[""IEEE""]","[[""IEEE"",""IEE121A20469B8A46""]]","[""exclude""]",not_included,0,Unassigned,,
doi:10.1109/tmc.2017.2742949,10.1109/tmc.2017.2742949,1,"[""IEEE""]","[[""IEEE"",""I6064ED41FAA4FCE1""]]","[""include""]",included,0,Unassigned,,
doi:10.1109/tmc.2018.2869863,10.1109/tmc.2018.2869863,1,"[""IEEE""]","[[""IEEE"",""IAD2068B685E6560F""]]","[""include""]",included,0,Unassigned,,
doi:10.1109/tmc.2021.3122436,10.1109/tmc.2021.3122436,1,"[""IEEE""]","[[""IEEE"",""I0951AF19FF5D5167""]]","[""pending""]",not_included,1,Unassigned,,
doi:10.1109/tmc.2023.3239845,10.1109/tmc.2023.3239845,1,"[""IEEE""]","[[""IEEE"",""IC20DD139EFAD5298""]]","[""exclude""]",not_included,0,Unassigned,,
doi:10.1109/tmc.2025.3555971,10.1109/tmc.2025.3555971,1,"[""IEEE""]","[[""IEEE"",""IEF8B6DC342BAB92D""]]","[""exclude""]",not_included,0,Unassigned,,
doi:10.1109/tmc.2025.3569695,10.1109/tmc.2025.3569695,1,"[""IEEE""]","[[""IEEE"",""I98F2A7CCDCB1FD49""]]","[""include""]",included,0,Unassigned,,
doi:10.1109/tmc.2025.3594358,10.1109/tmc.2025.3594358,1,"[""IEEE""]","[[""IEEE"",""I68D3C49753593805""]]","[""include""]",included,0,Unassigned,,
doi:10.1109/tmc.2025.3608291,10.1109/tmc.2025.3608291,1,"[""IEEE""]","[[""IEEE"",""ICD5DCB6E5DDB7E89""]]","[""include""]",included,0,Unassigned,,
doi:10.1109/tmc.2025.3620587,10.1109/tmc.2025.3620587,1,"[""IEEE""]","[[""IEEE"",""I4CBC604888C0E1AD""]]","[""include""]",included,0,Unassigned,,
doi:10.1109/tmc.2026.3655784,10.1109/tmc.2026.3655784,1,"[""IEEE""]","[[""IEEE"",""I8DC46F7347150E7B""]]","[""exclude""]",not_included,0,Unassigned,,
doi:10.1109/tmc.2026.3672522,10.1109/tmc.2026.3672522,1,"[""IEEE""]","[[""IEEE"",""I182427957C936665""]]","[""include""]",included,0,Unassigned,,
doi:10.1109/tmc.2026.3696583,10.1109/tmc.2026.3696583,1,"[""IEEE""]","[[""IEEE"",""I5826B35A2C3A0B3A""]]","[""exclude""]",not_included,0,Unassigned,,
doi:10.1109/tmc.2026.3737521,10.1109/tmc.2026.3737521,1,"[""IEEE""]","[[""IEEE"",""IFFC2F58A6A5277DE""]]","[""exclude""]",not_included,0,Unassigned,,
doi:10.1109/tmm.2009.2012926,10.1109/tmm.2009.2012926,1,"[""IEEE""]","[[""IEEE"",""I907634F512072376""]]","[""include""]",included,0,Unassigned,,
doi:10.1109/tmm.2026.3651078,10.1109/tmm.2026.3651078,1,"[""IEEE""]","[[""IEEE"",""I0B36915AA757A939""]]","[""include""]",included,0,Unassigned,,
doi:10.1109/tnet.2006.890089,10.1109/tnet.2006.890089,1,"[""ACM""]","[[""ACM"",""NEF9823BF11A4A5B8""]]","[""exclude""]",not_included,0,Unassigned,,
doi:10.1109/tnet.2009.2037621,10.1109/tnet.2009.2037621,1,"[""ACM""]","[[""ACM"",""N0256CD7E9879A8B5""]]","[""exclude""]",not_included,0,Unassigned,,
doi:10.1109/tnet.2011.2175487,10.1109/tnet.2011.2175487,1,"[""ACM""]","[[""ACM"",""NE837A5CE475A5134""]]","[""exclude""]",not_included,0,Unassigned,,
doi:10.1109/tnet.2015.2417217,10.1109/tnet.2015.2417217,1,"[""ACM""]","[[""ACM"",""N4F6F9C9037D39A19""]]","[""exclude""]",not_included,0,Unassigned,,
doi:10.1109/tnet.2015.2458892,10.1109/tnet.2015.2458892,1,"[""ACM""]","[[""ACM"",""N04D870ABEACB3BDD""]]","[""exclude""]",not_included,0,Unassigned,,
doi:10.1109/tnet.2015.2476497,10.1109/tnet.2015.2476497,1,"[""ACM""]","[[""ACM"",""N15B8156CE9D2D602""]]","[""exclude""]",not_included,0,Unassigned,,
doi:10.1109/tnet.2019.2926320,10.1109/tnet.2019.2926320,1,"[""ACM""]","[[""ACM"",""N57A4E4DA8B43235B""]]","[""exclude""]",not_included,0,Unassigned,,
doi:10.1109/tnet.2020.2973410,10.1109/tnet.2020.2973410,1,"[""ACM""]","[[""ACM"",""NE1465C7435AB8D4C""]]","[""exclude""]",not_included,0,Unassigned,,
doi:10.1109/tnet.2020.3035210,10.1109/tnet.2020.3035210,1,"[""ACM""]","[[""ACM"",""N43346126AAFD4368""]]","[""exclude""]",not_included,0,Unassigned,,
doi:10.1109/tnet.2021.3058251,10.1109/tnet.2021.3058251,2,"[""ACM"",""IEEE""]","[[""ACM"",""ND63BB016A117F127""],[""IEEE"",""ID63BB016A117F127""]]","[""exclude""]",not_included,0,Unassigned,,
doi:10.1109/tnet.2021.3138923,10.1109/tnet.2021.3138923,1,"[""ACM""]","[[""ACM"",""N0175265561CB34EF""]]","[""exclude""]",not_included,0,Unassigned,,
doi:10.1109/tnet.2022.3174114,10.1109/tnet.2022.3174114,1,"[""ACM""]","[[""ACM"",""E163""]]","[""exclude""]",not_included,0,Unassigned,,
doi:10.1109/tnet.2023.3309729,10.1109/tnet.2023.3309729,2,"[""ACM"",""IEEE""]","[[""ACM"",""NF6081BB7383D7075""],[""IEEE"",""IF6081BB7383D7075""]]","[""exclude"",""pending""]",not_included,1,Unassigned,,
doi:10.1109/tnet.2024.3401758,10.1109/tnet.2024.3401758,1,"[""ACM""]","[[""ACM"",""N7DC76373EF0EEDEA""]]","[""exclude""]",not_included,0,Unassigned,,
doi:10.1109/tnnls.2025.3554440,10.1109/tnnls.2025.3554440,1,"[""IEEE""]","[[""IEEE"",""I0F86366D5329535B""]]","[""exclude""]",not_included,0,Unassigned,,
doi:10.1109/tnse.2024.3524362,10.1109/tnse.2024.3524362,1,"[""IEEE""]","[[""IEEE"",""I7393A36C74D22251""]]","[""pending""]",not_included,1,Unassigned,,
doi:10.1109/tnsm.2022.3160210,10.1109/tnsm.2022.3160210,1,"[""IEEE""]","[[""IEEE"",""IF6B64BF7BFB6C621""]]","[""include""]",included,0,Unassigned,,
doi:10.1109/ton.2025.3649068,10.1109/ton.2025.3649068,1,"[""IEEE""]","[[""IEEE"",""I05259F7B0AB4116B""]]","[""include""]",included,0,Unassigned,,
doi:10.1109/ton.2026.3669011,10.1109/ton.2026.3669011,1,"[""IEEE""]","[[""IEEE"",""I96F63CABBC75D4E1""]]","[""pending""]",not_included,1,Unassigned,,
doi:10.1109/tools.2000.885916,10.1109/tools.2000.885916,1,"[""IEEE""]","[[""IEEE"",""I6B244C0EC8AA5C04""]]","[""pending""]",not_included,1,Unassigned,,
doi:10.1109/tpc.2014.2305795,10.1109/tpc.2014.2305795,1,"[""IEEE""]","[[""IEEE"",""IAA99B8A7751D1CD8""]]","[""exclude""]",not_included,0,Unassigned,,
doi:10.1109/tpds.2020.2965523,10.1109/tpds.2020.2965523,1,"[""IEEE""]","[[""IEEE"",""I88AB28F7C3EAAB69""]]","[""exclude""]",not_included,0,Unassigned,,
doi:10.1109/tpec51183.2021.9384958,10.1109/tpec51183.2021.9384958,1,"[""IEEE""]","[[""IEEE"",""IC05F3D0EF863471A""]]","[""include""]",included,0,Unassigned,,
doi:10.1109/tpwrs.2002.800947,10.1109/tpwrs.2002.800947,1,"[""IEEE""]","[[""IEEE"",""IA0A441BBEC285AFF""]]","[""exclude""]",not_included,0,Unassigned,,
doi:10.1109/tpwrs.2007.907533,10.1109/tpwrs.2007.907533,1,"[""IEEE""]","[[""IEEE"",""IDAA3E349D7F275E7""]]","[""include""]",included,0,Unassigned,,
doi:10.1109/tpwrs.2008.2002291,10.1109/tpwrs.2008.2002291,1,"[""IEEE""]","[[""IEEE"",""I3CC52B155E7404DC""]]","[""exclude""]",not_included,0,Unassigned,,
doi:10.1109/tpwrs.2008.922650,10.1109/tpwrs.2008.922650,1,"[""IEEE""]","[[""IEEE"",""IBEA3A3B937289C75""]]","[""exclude""]",not_included,0,Unassigned,,
doi:10.1109/tpwrs.2010.2048132,10.1109/tpwrs.2010.2048132,1,"[""IEEE""]","[[""IEEE"",""I7E022099871DAE8B""]]","[""exclude""]",not_included,0,Unassigned,,
doi:10.1109/tpwrs.2011.2112382,10.1109/tpwrs.2011.2112382,1,"[""IEEE""]","[[""IEEE"",""IDBF4AE409EEED0A2""]]","[""include""]",included,0,Unassigned,,
doi:10.1109/tpwrs.2011.2161497,10.1109/tpwrs.2011.2161497,1,"[""IEEE""]","[[""IEEE"",""I9D6594D1A6E9B91C""]]","[""include""]",included,0,Unassigned,,
doi:10.1109/tpwrs.2012.2199335,10.1109/tpwrs.2012.2199335,1,"[""IEEE""]","[[""IEEE"",""I7F24DF7B9BEE013C""]]","[""include""]",included,0,Unassigned,,
doi:10.1109/tpwrs.2013.2268391,10.1109/tpwrs.2013.2268391,1,"[""IEEE""]","[[""IEEE"",""I04493C2C40BA7AE3""]]","[""exclude""]",not_included,0,Unassigned,,
doi:10.1109/tpwrs.2016.2552240,10.1109/tpwrs.2016.2552240,1,"[""IEEE""]","[[""IEEE"",""I3CECADAD209717A8""]]","[""exclude""]",not_included,0,Unassigned,,
doi:10.1109/tpwrs.2017.2766127,10.1109/tpwrs.2017.2766127,1,"[""IEEE""]","[[""IEEE"",""IAF7DBE5839454F35""]]","[""exclude""]",not_included,0,Unassigned,,
doi:10.1109/tpwrs.2020.3032525,10.1109/tpwrs.2020.3032525,1,"[""IEEE""]","[[""IEEE"",""I361D738597DD95A2""]]","[""pending""]",not_included,1,Unassigned,,
doi:10.1109/tpwrs.2022.3217922,10.1109/tpwrs.2022.3217922,1,"[""IEEE""]","[[""IEEE"",""IA00AAD3E9DE28CE4""]]","[""include""]",included,0,Unassigned,,
doi:10.1109/tpwrs.2022.3225575,10.1109/tpwrs.2022.3225575,1,"[""IEEE""]","[[""IEEE"",""I270958951711E59E""]]","[""include""]",included,0,Unassigned,,
doi:10.1109/tpwrs.2024.3360606,10.1109/tpwrs.2024.3360606,1,"[""IEEE""]","[[""IEEE"",""IA4220DD78E5A53D5""]]","[""include""]",included,0,Unassigned,,
doi:10.1109/tpwrs.2024.3404472,10.1109/tpwrs.2024.3404472,1,"[""IEEE""]","[[""IEEE"",""ID70E9B45D0338911""]]","[""include""]",included,0,Unassigned,,
doi:10.1109/tqcebt67648.2026.11681481,10.1109/tqcebt67648.2026.11681481,1,"[""IEEE""]","[[""IEEE"",""I35DCA23296E337A9""]]","[""exclude""]",not_included,0,Unassigned,,
doi:10.1109/tqcebt67648.2026.11681484,10.1109/tqcebt67648.2026.11681484,1,"[""IEEE""]","[[""IEEE"",""ID9401922B81C126A""]]","[""exclude""]",not_included,0,Unassigned,,
doi:10.1109/tqcebt67648.2026.11681528,10.1109/tqcebt67648.2026.11681528,1,"[""IEEE""]","[[""IEEE"",""IC7771F0CCFF0137F""]]","[""exclude""]",not_included,0,Unassigned,,
doi:10.1109/tqcebt67648.2026.11681829,10.1109/tqcebt67648.2026.11681829,1,"[""IEEE""]","[[""IEEE"",""ICF20A82340A3FE33""]]","[""exclude""]",not_included,0,Unassigned,,
doi:10.1109/tqcebt67648.2026.11681849,10.1109/tqcebt67648.2026.11681849,1,"[""IEEE""]","[[""IEEE"",""I10ADF3BC0BF46B46""]]","[""include""]",included,0,Unassigned,,
doi:10.1109/trustcom.2011.47,10.1109/trustcom.2011.47,1,"[""IEEE""]","[[""IEEE"",""IF69BC61CF622F9EE""]]","[""exclude""]",not_included,0,Unassigned,,
doi:10.1109/trustcom.2012.123,10.1109/trustcom.2012.123,1,"[""IEEE""]","[[""IEEE"",""I0AF99A907595ACB6""]]","[""exclude""]",not_included,0,Unassigned,,
doi:10.1109/trustcom.2016.0240,10.1109/trustcom.2016.0240,1,"[""IEEE""]","[[""IEEE"",""IB6C9EAEF629F622F""]]","[""include""]",included,0,Unassigned,,
doi:10.1109/tsc.2011.52,10.1109/tsc.2011.52,1,"[""IEEE""]","[[""IEEE"",""I20315CC16893C514""]]","[""include""]",included,0,Unassigned,,
doi:10.1109/tsc.2020.3024729,10.1109/tsc.2020.3024729,1,"[""IEEE""]","[[""IEEE"",""I0FA5362E7958DC4C""]]","[""pending""]",not_included,1,Unassigned,,
doi:10.1109/tsc.2020.3032976,10.1109/tsc.2020.3032976,1,"[""IEEE""]","[[""IEEE"",""IFD078D6754EBAF7C""]]","[""exclude""]",not_included,0,Unassigned,,
doi:10.1109/tsc.2024.3387734,10.1109/tsc.2024.3387734,1,"[""IEEE""]","[[""IEEE"",""IC3C841B2C9D7CF2E""]]","[""include""]",included,0,Unassigned,,
doi:10.1109/tsc.2025.3577481,10.1109/tsc.2025.3577481,1,"[""IEEE""]","[[""IEEE"",""IAE8E13D5A6800A93""]]","[""exclude""]",not_included,0,Unassigned,,
doi:10.1109/tsc.2025.3596626,10.1109/tsc.2025.3596626,1,"[""IEEE""]","[[""IEEE"",""IBFAC0BAF282333D5""]]","[""include""]",included,0,Unassigned,,
doi:10.1109/tse.2003.1166586,10.1109/tse.2003.1166586,1,"[""IEEE""]","[[""IEEE"",""IE0303D6522C271C0""]]","[""exclude""]",not_included,0,Unassigned,,
doi:10.1109/tse.2012.53,10.1109/tse.2012.53,1,"[""IEEE""]","[[""IEEE"",""I641E0A57AB76B21C""]]","[""include""]",included,0,Unassigned,,
doi:10.1109/tse.2026.3694876,10.1109/tse.2026.3694876,1,"[""IEEE""]","[[""IEEE"",""I3DD93C8FBBEF0377""]]","[""include""]",included,0,Unassigned,,
doi:10.1109/tsg.2013.2256942,10.1109/tsg.2013.2256942,1,"[""IEEE""]","[[""IEEE"",""I335E1DAB6546A8AF""]]","[""exclude""]",not_included,0,Unassigned,,
doi:10.1109/tsg.2014.2387215,10.1109/tsg.2014.2387215,1,"[""IEEE""]","[[""IEEE"",""I9926F39FF58F9770""]]","[""include""]",included,0,Unassigned,,
doi:10.1109/tsg.2015.2422995,10.1109/tsg.2015.2422995,1,"[""IEEE""]","[[""IEEE"",""I6029AEC36630AD57""]]","[""exclude""]",not_included,0,Unassigned,,
doi:10.1109/tsg.2015.2429152,10.1109/tsg.2015.2429152,1,"[""IEEE""]","[[""IEEE"",""I9CFE081EA58AA192""]]","[""include""]",included,0,Unassigned,,
doi:10.1109/tsg.2015.2457905,10.1109/tsg.2015.2457905,1,"[""IEEE""]","[[""IEEE"",""I2CDECA5821772AAA""]]","[""include""]",included,0,Unassigned,,
doi:10.1109/tsg.2015.2459753,10.1109/tsg.2015.2459753,1,"[""IEEE""]","[[""IEEE"",""IFD48189F3650C541""]]","[""exclude""]",not_included,0,Unassigned,,
doi:10.1109/tsg.2015.2479557,10.1109/tsg.2015.2479557,1,"[""IEEE""]","[[""IEEE"",""I83E3B7A8ACA2766A""]]","[""exclude""]",not_included,0,Unassigned,,
doi:10.1109/tsg.2016.2546281,10.1109/tsg.2016.2546281,1,"[""IEEE""]","[[""IEEE"",""I538DC975F1256D73""]]","[""pending""]",not_included,1,Unassigned,,
doi:10.1109/tsg.2017.2779826,10.1109/tsg.2017.2779826,1,"[""IEEE""]","[[""IEEE"",""ID3C9569077F0EDEE""]]","[""include""]",included,0,Unassigned,,
doi:10.1109/tsg.2019.2917396,10.1109/tsg.2019.2917396,1,"[""IEEE""]","[[""IEEE"",""I698B56F0F9CB9780""]]","[""exclude""]",not_included,0,Unassigned,,
doi:10.1109/tsg.2020.2969518,10.1109/tsg.2020.2969518,1,"[""IEEE""]","[[""IEEE"",""I08D770CBC3B96F33""]]","[""exclude""]",not_included,0,Unassigned,,
doi:10.1109/tsg.2020.3042190,10.1109/tsg.2020.3042190,1,"[""IEEE""]","[[""IEEE"",""IE89E08BCDFE6D0B7""]]","[""include""]",included,0,Unassigned,,
doi:10.1109/tsg.2021.3088309,10.1109/tsg.2021.3088309,1,"[""IEEE""]","[[""IEEE"",""I0F51B6DC3101FE48""]]","[""pending""]",not_included,1,Unassigned,,
doi:10.1109/tsg.2022.3190814,10.1109/tsg.2022.3190814,1,"[""IEEE""]","[[""IEEE"",""I751D5CEDFB1601C8""]]","[""include""]",included,0,Unassigned,,
doi:10.1109/tsg.2023.3288277,10.1109/tsg.2023.3288277,1,"[""IEEE""]","[[""IEEE"",""ID3C680C332D483AB""]]","[""exclude""]",not_included,0,Unassigned,,
doi:10.1109/tsg.2024.3495701,10.1109/tsg.2024.3495701,1,"[""IEEE""]","[[""IEEE"",""IB9A41CBCED138D00""]]","[""pending""]",not_included,1,Unassigned,,
doi:10.1109/tsg.2025.3561515,10.1109/tsg.2025.3561515,1,"[""IEEE""]","[[""IEEE"",""IDCA6C6425A34D12B""]]","[""include""]",included,0,Unassigned,,
doi:10.1109/tsg.2026.3734137,10.1109/tsg.2026.3734137,1,"[""IEEE""]","[[""IEEE"",""I3E85C9D95EF1A170""]]","[""include""]",included,0,Unassigned,,
doi:10.1109/tsipn.2017.2668144,10.1109/tsipn.2017.2668144,1,"[""IEEE""]","[[""IEEE"",""IEB2420338D385E97""]]","[""pending""]",not_included,1,Unassigned,,
doi:10.1109/tsmc.2014.2387099,10.1109/tsmc.2014.2387099,1,"[""IEEE""]","[[""IEEE"",""I1E37A7606C38F745""]]","[""exclude""]",not_included,0,Unassigned,,
doi:10.1109/tsmc.2015.2468197,10.1109/tsmc.2015.2468197,1,"[""IEEE""]","[[""IEEE"",""I7E1A1AE56730011B""]]","[""include""]",included,0,Unassigned,,
doi:10.1109/tsmc.2016.2523910,10.1109/tsmc.2016.2523910,1,"[""IEEE""]","[[""IEEE"",""ID2ACBC332FF28721""]]","[""exclude""]",not_included,0,Unassigned,,
doi:10.1109/tsmc.2016.2523926,10.1109/tsmc.2016.2523926,1,"[""IEEE""]","[[""IEEE"",""I24B84AB7EA1014AE""]]","[""exclude""]",not_included,0,Unassigned,,
doi:10.1109/tsmc.2017.2651072,10.1109/tsmc.2017.2651072,1,"[""IEEE""]","[[""IEEE"",""I74DCAF1C15644DD4""]]","[""include""]",included,0,Unassigned,,
doi:10.1109/tsmc.2018.2800006,10.1109/tsmc.2018.2800006,1,"[""IEEE""]","[[""IEEE"",""I955409B1C13F3420""]]","[""pending""]",not_included,1,Unassigned,,
doi:10.1109/tsmc.2025.3551667,10.1109/tsmc.2025.3551667,1,"[""IEEE""]","[[""IEEE"",""I0A33E6E26C70999B""]]","[""include""]",included,0,Unassigned,,
doi:10.1109/tsmca.2003.819654,10.1109/tsmca.2003.819654,1,"[""IEEE""]","[[""IEEE"",""I5E3F8154AEDAE16E""]]","[""include""]",included,0,Unassigned,,
doi:10.1109/tsmca.2003.822273,10.1109/tsmca.2003.822273,1,"[""IEEE""]","[[""IEEE"",""I44159FCF3467BC77""]]","[""include""]",included,0,Unassigned,,
doi:10.1109/tsmca.2004.824871,10.1109/tsmca.2004.824871,1,"[""IEEE""]","[[""IEEE"",""IEFD2B8A6ECA33855""]]","[""exclude""]",not_included,0,Unassigned,,
doi:10.1109/tsmca.2007.893474,10.1109/tsmca.2007.893474,1,"[""IEEE""]","[[""IEEE"",""IC9D8A0A9983E3A4E""]]","[""include""]",included,0,Unassigned,,
doi:10.1109/tsmcb.2002.805812,10.1109/tsmcb.2002.805812,1,"[""IEEE""]","[[""IEEE"",""I96A0B33DFD6AC6B4""]]","[""include""]",included,0,Unassigned,,
doi:10.1109/tsmcb.2009.2034731,10.1109/tsmcb.2009.2034731,1,"[""IEEE""]","[[""IEEE"",""I0EF079F85AFAD1F0""]]","[""include""]",included,0,Unassigned,,
doi:10.1109/tsmcb.2012.2204742,10.1109/tsmcb.2012.2204742,1,"[""IEEE""]","[[""IEEE"",""I1F25A112C14C20E4""]]","[""include""]",included,0,Unassigned,,
doi:10.1109/tsmcc.2004.829302,10.1109/tsmcc.2004.829302,1,"[""IEEE""]","[[""IEEE"",""I9988F561A09612D6""]]","[""exclude""]",not_included,0,Unassigned,,
doi:10.1109/tsmcc.2005.860575,10.1109/tsmcc.2005.860575,1,"[""IEEE""]","[[""IEEE"",""I5951B239488AB242""]]","[""include""]",included,0,Unassigned,,
doi:10.1109/tsmcc.2005.860592,10.1109/tsmcc.2005.860592,1,"[""IEEE""]","[[""IEEE"",""I4BF909D4747C8850""]]","[""include""]",included,0,Unassigned,,
doi:10.1109/tsmcc.2007.900653,10.1109/tsmcc.2007.900653,1,"[""IEEE""]","[[""IEEE"",""I8A765019568992CB""]]","[""include""]",included,0,Unassigned,,
doi:10.1109/tsp.2012.2203127,10.1109/tsp.2012.2203127,1,"[""IEEE""]","[[""IEEE"",""I1652F29A700B3BE3""]]","[""exclude""]",not_included,0,Unassigned,,
doi:10.1109/tsp.2014.2320457,10.1109/tsp.2014.2320457,1,"[""IEEE""]","[[""IEEE"",""I598DC9BFEB072F77""]]","[""exclude""]",not_included,0,Unassigned,,
doi:10.1109/tsp.2023.3300630,10.1109/tsp.2023.3300630,1,"[""IEEE""]","[[""IEEE"",""I9DB13E8223925E25""]]","[""exclude""]",not_included,0,Unassigned,,
doi:10.1109/tssa.2012.6366013,10.1109/tssa.2012.6366013,1,"[""IEEE""]","[[""IEEE"",""I1C5BF3C406200CBB""]]","[""exclude""]",not_included,0,Unassigned,,
doi:10.1109/tste.2015.2460745,10.1109/tste.2015.2460745,1,"[""IEEE""]","[[""IEEE"",""IA49F2E0016F81DBF""]]","[""exclude""]",not_included,0,Unassigned,,
doi:10.1109/tste.2020.3009615,10.1109/tste.2020.3009615,1,"[""IEEE""]","[[""IEEE"",""I38E7BEF4313975D6""]]","[""exclude""]",not_included,0,Unassigned,,
doi:10.1109/tste.2020.3029977,10.1109/tste.2020.3029977,1,"[""IEEE""]","[[""IEEE"",""IF9D231845B067C1F""]]","[""include""]",included,0,Unassigned,,
doi:10.1109/tste.2021.3055764,10.1109/tste.2021.3055764,1,"[""IEEE""]","[[""IEEE"",""I9E0E49114C66DBEF""]]","[""include""]",included,0,Unassigned,,
doi:10.1109/tte.2022.3219721,10.1109/tte.2022.3219721,1,"[""IEEE""]","[[""IEEE"",""IE23095E767CD0DA8""]]","[""include""]",included,0,Unassigned,,
doi:10.1109/tvcg.2007.70436,10.1109/tvcg.2007.70436,1,"[""IEEE""]","[[""IEEE"",""I63692AD2099AC5BC""]]","[""exclude""]",not_included,0,Unassigned,,
doi:10.1109/tvlsi.2007.898740,10.1109/tvlsi.2007.898740,1,"[""IEEE""]","[[""IEEE"",""I74BE97A5C351F620""]]","[""exclude""]",not_included,0,Unassigned,,
doi:10.1109/tvt.2008.2002917,10.1109/tvt.2008.2002917,1,"[""IEEE""]","[[""IEEE"",""I0BAF78D3E408D3FE""]]","[""include""]",included,0,Unassigned,,
doi:10.1109/tvt.2019.2920531,10.1109/tvt.2019.2920531,1,"[""IEEE""]","[[""IEEE"",""ID4336DBF76120722""]]","[""include""]",included,0,Unassigned,,
doi:10.1109/tvt.2020.2979941,10.1109/tvt.2020.2979941,1,"[""IEEE""]","[[""IEEE"",""I69DBCD75D74191C9""]]","[""include""]",included,0,Unassigned,,
doi:10.1109/tvt.2021.3133291,10.1109/tvt.2021.3133291,1,"[""IEEE""]","[[""IEEE"",""IB74862C5DC5A90F6""]]","[""exclude""]",not_included,0,Unassigned,,
doi:10.1109/tvt.2023.3276898,10.1109/tvt.2023.3276898,1,"[""IEEE""]","[[""IEEE"",""IFBC02DB43422B153""]]","[""include""]",included,0,Unassigned,,
doi:10.1109/tvt.2023.3322270,10.1109/tvt.2023.3322270,1,"[""IEEE""]","[[""IEEE"",""I7DF422CF4FBC8B74""]]","[""include""]",included,0,Unassigned,,
doi:10.1109/tvt.2025.3565169,10.1109/tvt.2025.3565169,1,"[""IEEE""]","[[""IEEE"",""I683A8BAD0822A3CE""]]","[""exclude""]",not_included,0,Unassigned,,
doi:10.1109/tvt.2026.3682538,10.1109/tvt.2026.3682538,1,"[""IEEE""]","[[""IEEE"",""ICE8AF8E9750737DD""]]","[""exclude""]",not_included,0,Unassigned,,
doi:10.1109/tvt.2026.3688756,10.1109/tvt.2026.3688756,1,"[""IEEE""]","[[""IEEE"",""I7AF6BA829615C7F8""]]","[""include""]",included,0,Unassigned,,
doi:10.1109/tvt.2026.3736375,10.1109/tvt.2026.3736375,1,"[""IEEE""]","[[""IEEE"",""I58C274BF3D2342AD""]]","[""exclude""]",not_included,0,Unassigned,,
doi:10.1109/twc.2014.012114.121317,10.1109/twc.2014.012114.121317,1,"[""IEEE""]","[[""IEEE"",""I952A9B058E601A80""]]","[""include""]",included,0,Unassigned,,
doi:10.1109/twc.2022.3160099,10.1109/twc.2022.3160099,1,"[""IEEE""]","[[""IEEE"",""I4C826C6B8286D545""]]","[""include""]",included,0,Unassigned,,
doi:10.1109/ubmk.2017.8093474,10.1109/ubmk.2017.8093474,1,"[""IEEE""]","[[""IEEE"",""ID1E6EA7E0714989D""]]","[""include""]",included,0,Unassigned,,
doi:10.1109/ucc.2011.34,10.1109/ucc.2011.34,1,"[""IEEE""]","[[""IEEE"",""I6BBC9562E6C72F08""]]","[""include""]",included,0,Unassigned,,
doi:10.1109/ucc.2014.19,10.1109/ucc.2014.19,1,"[""ACM""]","[[""ACM"",""ND0E24D28D870F776""]]","[""exclude""]",not_included,0,Unassigned,,
doi:10.1109/uic-atc-scalcom-cbdcom-iop-smartworld.2016.0097,10.1109/uic-atc-scalcom-cbdcom-iop-smartworld.2016.0097,1,"[""IEEE""]","[[""IEEE"",""ID2A1FA4D63239BF2""]]","[""include""]",included,0,Unassigned,,
doi:10.1109/uksim.2012.39,10.1109/uksim.2012.39,1,"[""IEEE""]","[[""IEEE"",""I67AB972316E33C72""]]","[""include""]",included,0,Unassigned,,
doi:10.1109/umedia.2008.4570964,10.1109/umedia.2008.4570964,1,"[""IEEE""]","[[""IEEE"",""IC25DF8C6FBB36402""]]","[""exclude""]",not_included,0,Unassigned,,
doi:10.1109/upec.2007.4469061,10.1109/upec.2007.4469061,1,"[""IEEE""]","[[""IEEE"",""I7BACA505BCB33FF6""]]","[""exclude""]",not_included,0,Unassigned,,
doi:10.1109/upec.2007.4469115,10.1109/upec.2007.4469115,1,"[""IEEE""]","[[""IEEE"",""I5A3410075CC691A3""]]","[""include""]",included,0,Unassigned,,
doi:10.1109/ur69537.2026.11626710,10.1109/ur69537.2026.11626710,1,"[""IEEE""]","[[""IEEE"",""IC81430720E6126BA""]]","[""exclude""]",not_included,0,Unassigned,,
doi:10.1109/urke.2011.6007901,10.1109/urke.2011.6007901,1,"[""IEEE""]","[[""IEEE"",""IBA42BDEB550E3ADF""]]","[""include""]",included,0,Unassigned,,
doi:10.1109/urtc68753.2025.11533028,10.1109/urtc68753.2025.11533028,1,"[""IEEE""]","[[""IEEE"",""ID6DC456FE16E475C""]]","[""include""]",included,0,Unassigned,,
doi:10.1109/urtc68753.2025.11533139,10.1109/urtc68753.2025.11533139,1,"[""IEEE""]","[[""IEEE"",""IC2799B1D8E2DD70B""]]","[""exclude""]",not_included,0,Unassigned,,
doi:10.1109/usbereit51232.2021.9455026,10.1109/usbereit51232.2021.9455026,1,"[""IEEE""]","[[""IEEE"",""I0A894B2F1C9A9AA4""]]","[""include""]",included,0,Unassigned,,
doi:10.1109/usbereit70063.2026.11581004,10.1109/usbereit70063.2026.11581004,1,"[""IEEE""]","[[""IEEE"",""IBBE70D88BD96BE64""]]","[""exclude""]",not_included,0,Unassigned,,
doi:10.1109/vetecf.2004.1404668,10.1109/vetecf.2004.1404668,1,"[""IEEE""]","[[""IEEE"",""I67F1D9F1BE5980FB""]]","[""exclude""]",not_included,0,Unassigned,,
doi:10.1109/vetecs.2007.148,10.1109/vetecs.2007.148,1,"[""IEEE""]","[[""IEEE"",""I3706E0977B3D067C""]]","[""include""]",included,0,Unassigned,,
doi:10.1109/vetecs.2007.592,10.1109/vetecs.2007.592,1,"[""IEEE""]","[[""IEEE"",""I810746AE9EB3CEA6""]]","[""include""]",included,0,Unassigned,,
doi:10.1109/vetecs.2007.613,10.1109/vetecs.2007.613,1,"[""IEEE""]","[[""IEEE"",""I25AD334781B56F86""]]","[""include""]",included,0,Unassigned,,
doi:10.1109/vis60296.2025.00018,10.1109/vis60296.2025.00018,1,"[""IEEE""]","[[""IEEE"",""I7436998E837E2D2D""]]","[""exclude""]",not_included,0,Unassigned,,
doi:10.1109/vtc2023-fall60731.2023.10333815,10.1109/vtc2023-fall60731.2023.10333815,1,"[""IEEE""]","[[""IEEE"",""ICC3857F97E78A9DF""]]","[""include""]",included,0,Unassigned,,
doi:10.1109/wac.2002.1049445,10.1109/wac.2002.1049445,1,"[""IEEE""]","[[""IEEE"",""IBC6AC652E7C7AC39""]]","[""include""]",included,0,Unassigned,,
doi:10.1109/waina.2008.112,10.1109/waina.2008.112,1,"[""IEEE""]","[[""IEEE"",""ID6157FCAC5BEE6DB""]]","[""include""]",included,0,Unassigned,,
doi:10.1109/waina.2016.63,10.1109/waina.2016.63,1,"[""IEEE""]","[[""IEEE"",""I328E81CCD330E8E1""]]","[""include""]",included,0,Unassigned,,
doi:10.1109/wccit.2013.6618742,10.1109/wccit.2013.6618742,1,"[""IEEE""]","[[""IEEE"",""IBA88FD7147A67A7E""]]","[""include""]",included,0,Unassigned,,
doi:10.1109/wccs62745.2024.10765525,10.1109/wccs62745.2024.10765525,1,"[""IEEE""]","[[""IEEE"",""IDA6148DD5D3FA24F""]]","[""include""]",included,0,Unassigned,,
doi:10.1109/wcica.2002.1019980,10.1109/wcica.2002.1019980,1,"[""IEEE""]","[[""IEEE"",""I586505886685124C""]]","[""pending""]",not_included,1,Unassigned,,
doi:10.1109/wcica.2006.1712838,10.1109/wcica.2006.1712838,1,"[""IEEE""]","[[""IEEE"",""IAB5D1FA17F965A72""]]","[""pending""]",not_included,1,Unassigned,,
doi:10.1109/wcica.2006.1712841,10.1109/wcica.2006.1712841,1,"[""IEEE""]","[[""IEEE"",""I65DA49DDE00B1FC7""]]","[""pending""]",not_included,1,Unassigned,,
doi:10.1109/wcica.2006.1713156,10.1109/wcica.2006.1713156,1,"[""IEEE""]","[[""IEEE"",""IF9885B5710307143""]]","[""include""]",included,0,Unassigned,,
doi:10.1109/wcica.2006.1713793,10.1109/wcica.2006.1713793,1,"[""IEEE""]","[[""IEEE"",""IFCF787A4E2381A03""]]","[""exclude""]",not_included,0,Unassigned,,
doi:10.1109/wcica.2006.1714448,10.1109/wcica.2006.1714448,1,"[""IEEE""]","[[""IEEE"",""I1DEA2209F5E5A9FA""]]","[""include""]",included,0,Unassigned,,
doi:10.1109/wcica.2008.4593540,10.1109/wcica.2008.4593540,1,"[""IEEE""]","[[""IEEE"",""I0C133AF3B9B17741""]]","[""include""]",included,0,Unassigned,,
doi:10.1109/wcica.2012.6357895,10.1109/wcica.2012.6357895,1,"[""IEEE""]","[[""IEEE"",""I79257E7495583A67""]]","[""exclude""]",not_included,0,Unassigned,,
doi:10.1109/wcins.2010.5541862,10.1109/wcins.2010.5541862,1,"[""IEEE""]","[[""IEEE"",""I28BDEB03EE9B4875""]]","[""include""]",included,0,Unassigned,,
doi:10.1109/wcnc.2004.1311536,10.1109/wcnc.2004.1311536,1,"[""IEEE""]","[[""IEEE"",""IC7DF33EC29A63203""]]","[""exclude""]",not_included,0,Unassigned,,
doi:10.1109/wcnc51071.2022.9771976,10.1109/wcnc51071.2022.9771976,1,"[""IEEE""]","[[""IEEE"",""I27ED2955955ED17A""]]","[""pending""]",not_included,1,Unassigned,,
doi:10.1109/wcnc65185.2026.11555327,10.1109/wcnc65185.2026.11555327,1,"[""IEEE""]","[[""IEEE"",""IFF6CE90755ECE305""]]","[""include""]",included,0,Unassigned,,
doi:10.1109/wcse.2009.158,10.1109/wcse.2009.158,1,"[""IEEE""]","[[""IEEE"",""I093088E915A5311E""]]","[""exclude""]",not_included,0,Unassigned,,
doi:10.1109/wcsp62071.2024.10826898,10.1109/wcsp62071.2024.10826898,1,"[""IEEE""]","[[""IEEE"",""IEEC3C7B769402E2C""]]","[""include""]",included,0,Unassigned,,
doi:10.1109/wcsp68525.2025.1010287,10.1109/wcsp68525.2025.1010287,1,"[""IEEE""]","[[""IEEE"",""I74910DD981FFDFCD""]]","[""exclude""]",not_included,0,Unassigned,,
doi:10.1109/wcst19361.2011.6114254,10.1109/wcst19361.2011.6114254,1,"[""IEEE""]","[[""IEEE"",""I50E36A0C8C4FC1E3""]]","[""exclude""]",not_included,0,Unassigned,,
doi:10.1109/wecwis.1999.788183,10.1109/wecwis.1999.788183,1,"[""IEEE""]","[[""IEEE"",""I6A99BCA8D7EF3EF8""]]","[""exclude""]",not_included,0,Unassigned,,
doi:10.1109/wecwis.1999.788207,10.1109/wecwis.1999.788207,1,"[""IEEE""]","[[""IEEE"",""I9E8720084CCB41F5""]]","[""include""]",included,0,Unassigned,,
doi:10.1109/wecwis.2000.853881,10.1109/wecwis.2000.853881,1,"[""IEEE""]","[[""IEEE"",""I0AEC294DE05BD21B""]]","[""pending""]",not_included,1,Unassigned,,
doi:10.1109/wecwis.2001.933902,10.1109/wecwis.2001.933902,1,"[""IEEE""]","[[""IEEE"",""I722FC520C2915204""]]","[""exclude""]",not_included,0,Unassigned,,
doi:10.1109/wesaac.2011.1,10.1109/wesaac.2011.1,1,"[""IEEE""]","[[""IEEE"",""I682E494BDD9F1B51""]]","[""exclude""]",not_included,0,Unassigned,,
doi:10.1109/wesaac.2011.16,10.1109/wesaac.2011.16,1,"[""IEEE""]","[[""IEEE"",""I478D08DAF9FF6E17""]]","[""exclude""]",not_included,0,Unassigned,,
doi:10.1109/wetice.2006.10,10.1109/wetice.2006.10,1,"[""IEEE""]","[[""IEEE"",""I2FCE950FE68E5EA3""]]","[""pending""]",not_included,1,Unassigned,,
doi:10.1109/wf-iot.2015.7389089,10.1109/wf-iot.2015.7389089,1,"[""IEEE""]","[[""IEEE"",""I132C4FC496C75B0D""]]","[""exclude""]",not_included,0,Unassigned,,
doi:10.1109/wgec.2009.154,10.1109/wgec.2009.154,1,"[""IEEE""]","[[""IEEE"",""I343699B0109EA138""]]","[""include""]",included,0,Unassigned,,
doi:10.1109/wi-iat.2009.121,10.1109/wi-iat.2009.121,2,"[""ACM"",""IEEE""]","[[""ACM"",""NA54197F7CE1EE441""],[""IEEE"",""IA54197F7CE1EE441""]]","[""include""]",included,0,Unassigned,,
doi:10.1109/wi-iat.2009.157,10.1109/wi-iat.2009.157,1,"[""ACM""]","[[""ACM"",""NA5613FFEF152CA20""]]","[""exclude""]",not_included,0,Unassigned,,
doi:10.1109/wi-iat.2009.158,10.1109/wi-iat.2009.158,1,"[""ACM""]","[[""ACM"",""N4AEB13F9D5F1D668""]]","[""exclude""]",not_included,0,Unassigned,,
doi:10.1109/wi-iat.2009.188,10.1109/wi-iat.2009.188,2,"[""ACM"",""IEEE""]","[[""ACM"",""N2E4E96DD2B80ACC0""],[""IEEE"",""I2E4E96DD2B80ACC0""]]","[""include""]",included,0,Unassigned,,
doi:10.1109/wi-iat.2009.190,10.1109/wi-iat.2009.190,2,"[""ACM"",""IEEE""]","[[""ACM"",""N6D1922CA9C74A839""],[""IEEE"",""I6D1922CA9C74A839""]]","[""exclude"",""pending""]",not_included,1,Unassigned,,
doi:10.1109/wi-iat.2009.66,10.1109/wi-iat.2009.66,1,"[""ACM""]","[[""ACM"",""N14B09FAFEB16678A""]]","[""exclude""]",not_included,0,Unassigned,,
doi:10.1109/wi-iat.2010.105,10.1109/wi-iat.2010.105,2,"[""ACM"",""IEEE""]","[[""ACM"",""N672577BA619DA349""],[""IEEE"",""I672577BA619DA349""]]","[""include""]",included,0,Unassigned,,
doi:10.1109/wi-iat.2010.113,10.1109/wi-iat.2010.113,1,"[""ACM""]","[[""ACM"",""N1B7BB7BAAF349BD6""]]","[""exclude""]",not_included,0,Unassigned,,
doi:10.1109/wi-iat.2010.145,10.1109/wi-iat.2010.145,1,"[""ACM""]","[[""ACM"",""N909EE4FEFA4517DA""]]","[""exclude""]",not_included,0,Unassigned,,
doi:10.1109/wi-iat.2010.185,10.1109/wi-iat.2010.185,2,"[""ACM"",""IEEE""]","[[""ACM"",""NA9E8808CDEE47E85""],[""IEEE"",""IA9E8808CDEE47E85""]]","[""exclude""]",not_included,0,Unassigned,,
doi:10.1109/wi-iat.2010.226,10.1109/wi-iat.2010.226,1,"[""ACM""]","[[""ACM"",""N76885C57A9B7F55D""]]","[""exclude""]",not_included,0,Unassigned,,
doi:10.1109/wi-iat.2011.1,10.1109/wi-iat.2011.1,1,"[""IEEE""]","[[""IEEE"",""I83B434952C56B6AB""]]","[""exclude""]",not_included,0,Unassigned,,
doi:10.1109/wi-iat.2011.204,10.1109/wi-iat.2011.204,2,"[""ACM"",""IEEE""]","[[""ACM"",""N8779DFA36CCEBA45""],[""IEEE"",""I8779DFA36CCEBA45""]]","[""exclude""]",not_included,0,Unassigned,,
doi:10.1109/wi-iat.2012.123,10.1109/wi-iat.2012.123,2,"[""ACM"",""IEEE""]","[[""ACM"",""NA0B3AE67C3FA4F41""],[""IEEE"",""IA0B3AE67C3FA4F41""]]","[""exclude"",""include""]",included,0,Unassigned,,
doi:10.1109/wi-iat.2012.152,10.1109/wi-iat.2012.152,2,"[""ACM"",""IEEE""]","[[""ACM"",""N72E2F4E0F2A5C1B5""],[""IEEE"",""I72E2F4E0F2A5C1B5""]]","[""exclude"",""include""]",included,0,Unassigned,,
doi:10.1109/wi-iat.2012.168,10.1109/wi-iat.2012.168,2,"[""ACM"",""IEEE""]","[[""ACM"",""N270950D300840372""],[""IEEE"",""I270950D300840372""]]","[""include""]",included,0,Unassigned,,
doi:10.1109/wi-iat.2012.191,10.1109/wi-iat.2012.191,1,"[""ACM""]","[[""ACM"",""NB84FDAFEB2D62B4C""]]","[""exclude""]",not_included,0,Unassigned,,
doi:10.1109/wi-iat.2012.55,10.1109/wi-iat.2012.55,2,"[""ACM"",""IEEE""]","[[""ACM"",""N83633FC02309BA51""],[""IEEE"",""I83633FC02309BA51""]]","[""exclude"",""include""]",included,0,Unassigned,,
doi:10.1109/wi-iat.2013.100,10.1109/wi-iat.2013.100,1,"[""ACM""]","[[""ACM"",""N5BBBF6F83FEC4F8D""]]","[""include""]",included,0,Unassigned,,
doi:10.1109/wi-iat.2013.111,10.1109/wi-iat.2013.111,2,"[""ACM"",""IEEE""]","[[""ACM"",""NBB40E4E9AE8231F0""],[""IEEE"",""IBB40E4E9AE8231F0""]]","[""exclude"",""include""]",included,0,Unassigned,,
doi:10.1109/wi-iat.2013.126,10.1109/wi-iat.2013.126,1,"[""ACM""]","[[""ACM"",""N1F60FF067C76B2DD""]]","[""exclude""]",not_included,0,Unassigned,,
doi:10.1109/wi-iat.2013.203,10.1109/wi-iat.2013.203,2,"[""ACM"",""IEEE""]","[[""ACM"",""NF97DEC788F2FDF84""],[""IEEE"",""IF97DEC788F2FDF84""]]","[""exclude"",""include""]",included,0,Unassigned,,
doi:10.1109/wi-iat.2013.92,10.1109/wi-iat.2013.92,2,"[""ACM"",""IEEE""]","[[""ACM"",""N9578AB7CDAD2B8B9""],[""IEEE"",""I9578AB7CDAD2B8B9""]]","[""exclude""]",not_included,0,Unassigned,,
doi:10.1109/wi-iat.2014.141,10.1109/wi-iat.2014.141,1,"[""ACM""]","[[""ACM"",""N2A86F018CFDB1A8F""]]","[""exclude""]",not_included,0,Unassigned,,
doi:10.1109/wi-iat.2014.144,10.1109/wi-iat.2014.144,1,"[""ACM""]","[[""ACM"",""N57BBE07C206F9A62""]]","[""exclude""]",not_included,0,Unassigned,,
doi:10.1109/wi-iat.2014.158,10.1109/wi-iat.2014.158,2,"[""ACM"",""IEEE""]","[[""ACM"",""NAC23DAB95E8D761D""],[""IEEE"",""IAC23DAB95E8D761D""]]","[""exclude"",""include""]",included,0,Unassigned,,
doi:10.1109/wi-iat.2015.43,10.1109/wi-iat.2015.43,1,"[""IEEE""]","[[""IEEE"",""IE544417B27892415""]]","[""include""]",included,0,Unassigned,,
doi:10.1109/wi-iat.2015.91,10.1109/wi-iat.2015.91,1,"[""IEEE""]","[[""IEEE"",""I38FDBCD55B12BD66""]]","[""exclude""]",not_included,0,Unassigned,,
doi:10.1109/wi-iat55865.2022.00031,10.1109/wi-iat55865.2022.00031,1,"[""IEEE""]","[[""IEEE"",""IA3B712EE6297114B""]]","[""exclude""]",not_included,0,Unassigned,,
doi:10.1109/wi-iat62293.2024.00041,10.1109/wi-iat62293.2024.00041,1,"[""IEEE""]","[[""IEEE"",""I5BC9F69EF196544B""]]","[""exclude""]",not_included,0,Unassigned,,
doi:10.1109/wi-iat62293.2024.00098,10.1109/wi-iat62293.2024.00098,1,"[""IEEE""]","[[""IEEE"",""I2AF3B687C75DD6F8""]]","[""exclude""]",not_included,0,Unassigned,,
doi:10.1109/wi-iatw.2006.124,10.1109/wi-iatw.2006.124,2,"[""ACM"",""IEEE""]","[[""ACM"",""N3375D602298C1B9E""],[""IEEE"",""I3375D602298C1B9E""]]","[""include""]",included,0,Unassigned,,
doi:10.1109/wi-iatw.2006.129,10.1109/wi-iatw.2006.129,1,"[""ACM""]","[[""ACM"",""N7D403AEAC6F4F8B5""]]","[""exclude""]",not_included,0,Unassigned,,
doi:10.1109/wi-iatw.2006.15,10.1109/wi-iatw.2006.15,2,"[""ACM"",""IEEE""]","[[""ACM"",""N247D598679BD7F86""],[""IEEE"",""I247D598679BD7F86""]]","[""include""]",included,0,Unassigned,,
doi:10.1109/wi-iatw.2006.31,10.1109/wi-iatw.2006.31,2,"[""ACM"",""IEEE""]","[[""ACM"",""NC68F894A5E872E5E""],[""IEEE"",""IC68F894A5E872E5E""]]","[""exclude""]",not_included,0,Unassigned,,
doi:10.1109/wi-iatw.2006.74,10.1109/wi-iatw.2006.74,2,"[""ACM"",""IEEE""]","[[""ACM"",""N9C33F78B8EDF3EEC""],[""IEEE"",""I9C33F78B8EDF3EEC""]]","[""exclude"",""include""]",included,0,Unassigned,,
doi:10.1109/wi-iatw.2007.114,10.1109/wi-iatw.2007.114,1,"[""IEEE""]","[[""IEEE"",""I1E35541A5DDE921A""]]","[""include""]",included,0,Unassigned,,
doi:10.1109/wi-iatw.2007.92,10.1109/wi-iatw.2007.92,1,"[""IEEE""]","[[""IEEE"",""I3AD9D3B54AB159E2""]]","[""include""]",included,0,Unassigned,,
doi:10.1109/wi.2003.1241163,10.1109/wi.2003.1241163,1,"[""IEEE""]","[[""IEEE"",""I6B2F46AE588CC3DC""]]","[""include""]",included,0,Unassigned,,
doi:10.1109/wi.2003.1241234,10.1109/wi.2003.1241234,1,"[""IEEE""]","[[""IEEE"",""I719490167E329498""]]","[""include""]",included,0,Unassigned,,
doi:10.1109/wi.2003.1241248,10.1109/wi.2003.1241248,1,"[""IEEE""]","[[""IEEE"",""I14CE3B57C18793CA""]]","[""include""]",included,0,Unassigned,,
doi:10.1109/wi.2003.1241274,10.1109/wi.2003.1241274,1,"[""IEEE""]","[[""IEEE"",""IFCF43215B1D5AEB6""]]","[""exclude""]",not_included,0,Unassigned,,
doi:10.1109/wi.2003.1241298,10.1109/wi.2003.1241298,1,"[""IEEE""]","[[""IEEE"",""I59CE2219B9E09DA1""]]","[""include""]",included,0,Unassigned,,
doi:10.1109/wi.2004.10006,10.1109/wi.2004.10006,1,"[""IEEE""]","[[""IEEE"",""ICE93C1750E91004C""]]","[""exclude""]",not_included,0,Unassigned,,
doi:10.1109/wi.2004.10136,10.1109/wi.2004.10136,1,"[""IEEE""]","[[""IEEE"",""I3A3449BCA90DF203""]]","[""pending""]",not_included,1,Unassigned,,
doi:10.1109/wi.2006.159,10.1109/wi.2006.159,1,"[""IEEE""]","[[""IEEE"",""IA75E6DCA8755040D""]]","[""include""]",included,0,Unassigned,,
doi:10.1109/wi.2007.107,10.1109/wi.2007.107,1,"[""ACM""]","[[""ACM"",""N8276829D66D82F8F""]]","[""exclude""]",not_included,0,Unassigned,,
doi:10.1109/wicom.2007.1151,10.1109/wicom.2007.1151,1,"[""IEEE""]","[[""IEEE"",""IBE62C8F40E911997""]]","[""include""]",included,0,Unassigned,,
doi:10.1109/wicom.2007.1176,10.1109/wicom.2007.1176,1,"[""IEEE""]","[[""IEEE"",""ICFDF60851F1B2865""]]","[""exclude""]",not_included,0,Unassigned,,
doi:10.1109/wicom.2007.1223,10.1109/wicom.2007.1223,1,"[""IEEE""]","[[""IEEE"",""I6C79A955BFC39150""]]","[""exclude""]",not_included,0,Unassigned,,
doi:10.1109/wicom.2007.1444,10.1109/wicom.2007.1444,1,"[""IEEE""]","[[""IEEE"",""IEB9125028AF746B8""]]","[""exclude""]",not_included,0,Unassigned,,
doi:10.1109/wicom.2007.857,10.1109/wicom.2007.857,1,"[""IEEE""]","[[""IEEE"",""I93DD12727EE43D6D""]]","[""include""]",included,0,Unassigned,,
doi:10.1109/wicom.2007.889,10.1109/wicom.2007.889,1,"[""IEEE""]","[[""IEEE"",""I93DA411A44A6D9A2""]]","[""include""]",included,0,Unassigned,,
doi:10.1109/wicom.2008.1814,10.1109/wicom.2008.1814,1,"[""IEEE""]","[[""IEEE"",""I11D12F84AAFA97F7""]]","[""exclude""]",not_included,0,Unassigned,,
doi:10.1109/wicom.2008.2180,10.1109/wicom.2008.2180,1,"[""IEEE""]","[[""IEEE"",""I8209801D985A0D0E""]]","[""include""]",included,0,Unassigned,,
doi:10.1109/wicom.2008.2224,10.1109/wicom.2008.2224,1,"[""IEEE""]","[[""IEEE"",""I8F00B477873D165F""]]","[""include""]",included,0,Unassigned,,
doi:10.1109/wicom.2008.2346,10.1109/wicom.2008.2346,1,"[""IEEE""]","[[""IEEE"",""IE339EA75D5D477C0""]]","[""include""]",included,0,Unassigned,,
doi:10.1109/wicom.2008.2627,10.1109/wicom.2008.2627,1,"[""IEEE""]","[[""IEEE"",""I9480C5E5CE68465E""]]","[""include""]",included,0,Unassigned,,
doi:10.1109/wicom.2009.5305787,10.1109/wicom.2009.5305787,1,"[""IEEE""]","[[""IEEE"",""ICBBCA2AF089B9D09""]]","[""include""]",included,0,Unassigned,,
doi:10.1109/wicom.2010.5601143,10.1109/wicom.2010.5601143,1,"[""IEEE""]","[[""IEEE"",""IE5BB01246DD8B59C""]]","[""exclude""]",not_included,0,Unassigned,,
doi:10.1109/wiiat.2008.129,10.1109/wiiat.2008.129,1,"[""ACM""]","[[""ACM"",""N103795E34FD4E4EF""]]","[""exclude""]",not_included,0,Unassigned,,
doi:10.1109/wiiat.2008.166,10.1109/wiiat.2008.166,2,"[""ACM"",""IEEE""]","[[""ACM"",""NE59AF6B8DF4324D7""],[""IEEE"",""IE59AF6B8DF4324D7""]]","[""exclude"",""include""]",included,0,Unassigned,,
doi:10.1109/wiiat.2008.172,10.1109/wiiat.2008.172,2,"[""ACM"",""IEEE""]","[[""ACM"",""NADFD60E4C4193A22""],[""IEEE"",""IADFD60E4C4193A22""]]","[""exclude""]",not_included,0,Unassigned,,
doi:10.1109/wiiat.2008.260,10.1109/wiiat.2008.260,1,"[""ACM""]","[[""ACM"",""NDA7E86565A4C299A""]]","[""exclude""]",not_included,0,Unassigned,,
doi:10.1109/wiiat.2008.303,10.1109/wiiat.2008.303,2,"[""ACM"",""IEEE""]","[[""ACM"",""NA0C2F886575DA316""],[""IEEE"",""IA0C2F886575DA316""]]","[""include""]",included,0,Unassigned,,
doi:10.1109/wiiat.2008.315,10.1109/wiiat.2008.315,2,"[""ACM"",""IEEE""]","[[""ACM"",""NF17BB2D367FF99A2""],[""IEEE"",""IF17BB2D367FF99A2""]]","[""include""]",included,0,Unassigned,,
doi:10.1109/wiiat.2008.334,10.1109/wiiat.2008.334,2,"[""ACM"",""IEEE""]","[[""ACM"",""N813DC92A75798C8E""],[""IEEE"",""I813DC92A75798C8E""]]","[""exclude"",""pending""]",not_included,1,Unassigned,,
doi:10.1109/wintechcon66724.2025.11430100,10.1109/wintechcon66724.2025.11430100,1,"[""IEEE""]","[[""IEEE"",""IC62B79B936FC645A""]]","[""exclude""]",not_included,0,Unassigned,,
doi:10.1109/wise.2001.996466,10.1109/wise.2001.996466,1,"[""IEEE""]","[[""IEEE"",""IFFCA0F9612F173AE""]]","[""pending""]",not_included,1,Unassigned,,
doi:10.1109/wise.2002.1181672,10.1109/wise.2002.1181672,1,"[""IEEE""]","[[""IEEE"",""IED91E681DF1466F9""]]","[""exclude""]",not_included,0,Unassigned,,
doi:10.1109/wism.2009.1,10.1109/wism.2009.1,1,"[""IEEE""]","[[""IEEE"",""I17543B07A76F8925""]]","[""exclude""]",not_included,0,Unassigned,,
doi:10.1109/wism.2009.135,10.1109/wism.2009.135,1,"[""IEEE""]","[[""IEEE"",""I8D97A52558857527""]]","[""include""]",included,0,Unassigned,,
doi:10.1109/wkdd.2008.102,10.1109/wkdd.2008.102,1,"[""IEEE""]","[[""IEEE"",""IDC4149369EAE1D54""]]","[""exclude""]",not_included,0,Unassigned,,
doi:10.1109/wocn.2006.1666570,10.1109/wocn.2006.1666570,1,"[""IEEE""]","[[""IEEE"",""I56FE7823D8B260F1""]]","[""exclude""]",not_included,0,Unassigned,,
doi:10.1109/words.2005.14,10.1109/words.2005.14,1,"[""IEEE""]","[[""IEEE"",""I69F3EB73085A34A2""]]","[""include""]",included,0,Unassigned,,
doi:10.1109/wordsf.1999.842334,10.1109/wordsf.1999.842334,1,"[""IEEE""]","[[""IEEE"",""I1B78572CFBA489F2""]]","[""exclude""]",not_included,0,Unassigned,,
doi:10.1109/wowmom.2008.4594897,10.1109/wowmom.2008.4594897,1,"[""IEEE""]","[[""IEEE"",""I1A8B94B0B0C1A93C""]]","[""include""]",included,0,Unassigned,,
doi:10.1109/wowmom.2014.6918990,10.1109/wowmom.2014.6918990,1,"[""IEEE""]","[[""IEEE"",""I9ADF96AFEE8B5911""]]","[""exclude""]",not_included,0,Unassigned,,
doi:10.1109/wowmom69805.2026.00027,10.1109/wowmom69805.2026.00027,1,"[""IEEE""]","[[""IEEE"",""IB00AE47B11FB8B3E""]]","[""exclude""]",not_included,0,Unassigned,,
doi:10.1109/wowmom69805.2026.00029,10.1109/wowmom69805.2026.00029,1,"[""IEEE""]","[[""IEEE"",""I3E2459A14218B430""]]","[""exclude""]",not_included,0,Unassigned,,
doi:10.1109/wsc.2000.899168,10.1109/wsc.2000.899168,1,"[""IEEE""]","[[""IEEE"",""I8252859F3253516B""]]","[""include""]",included,0,Unassigned,,
doi:10.1109/wsc.2001.977335,10.1109/wsc.2001.977335,1,"[""IEEE""]","[[""IEEE"",""IAE66B6FA3EDB361C""]]","[""include""]",included,0,Unassigned,,
doi:10.1109/wsc.2010.5679168,10.1109/wsc.2010.5679168,1,"[""IEEE""]","[[""IEEE"",""I2B7617BF6359B653""]]","[""exclude""]",not_included,0,Unassigned,,
doi:10.1109/wsc.2012.6465148,10.1109/wsc.2012.6465148,1,"[""IEEE""]","[[""IEEE"",""I95B16E5C3138D1FB""]]","[""include""]",included,0,Unassigned,,
doi:10.1109/wsc.2013.6721525,10.1109/wsc.2013.6721525,1,"[""IEEE""]","[[""IEEE"",""I8D1C5364904B7D01""]]","[""include""]",included,0,Unassigned,,
doi:10.1109/wsc.2013.6721552,10.1109/wsc.2013.6721552,1,"[""IEEE""]","[[""IEEE"",""I00748207B23AA5E5""]]","[""include""]",included,0,Unassigned,,
doi:10.1109/wsc.2014.7019904,10.1109/wsc.2014.7019904,1,"[""IEEE""]","[[""IEEE"",""I672AFA711D056D90""]]","[""include""]",included,0,Unassigned,,
doi:10.1109/wsc.2016.7822219,10.1109/wsc.2016.7822219,1,"[""IEEE""]","[[""IEEE"",""IB6826C37890DB5B9""]]","[""include""]",included,0,Unassigned,,
doi:10.1109/wsc.2016.7822372,10.1109/wsc.2016.7822372,1,"[""IEEE""]","[[""IEEE"",""I8AA93CCDAF347D06""]]","[""include""]",included,0,Unassigned,,
doi:10.1109/wsc48552.2020.9383961,10.1109/wsc48552.2020.9383961,1,"[""IEEE""]","[[""IEEE"",""I1CC57D1EBB27E5D5""]]","[""exclude""]",not_included,0,Unassigned,,
doi:10.1109/wsc52266.2021.9715312,10.1109/wsc52266.2021.9715312,1,"[""IEEE""]","[[""IEEE"",""I465DE6C7680C0E93""]]","[""include""]",included,0,Unassigned,,
doi:10.1109/wsc52266.2021.9715337,10.1109/wsc52266.2021.9715337,1,"[""IEEE""]","[[""IEEE"",""IAA1B4802E14C02B9""]]","[""exclude""]",not_included,0,Unassigned,,
doi:10.1109/wsc60868.2023.10407447,10.1109/wsc60868.2023.10407447,1,"[""IEEE""]","[[""IEEE"",""I767107BAE2796F3A""]]","[""include""]",included,0,Unassigned,,
doi:10.1109/wsc63780.2024.10838894,10.1109/wsc63780.2024.10838894,1,"[""IEEE""]","[[""IEEE"",""ID53989376E586AB3""]]","[""exclude""]",not_included,0,Unassigned,,
doi:10.1109/wsc63780.2024.10838958,10.1109/wsc63780.2024.10838958,1,"[""IEEE""]","[[""IEEE"",""IB4437FB244D47E82""]]","[""include""]",included,0,Unassigned,,
doi:10.1145/1005140.1005157,10.1145/1005140.1005157,1,"[""ACM""]","[[""ACM"",""NB0F063D16B9D6EB4""]]","[""exclude""]",not_included,0,Unassigned,,
doi:10.1145/1006209.1006246,10.1145/1006209.1006246,1,"[""ACM""]","[[""ACM"",""N9DEB6A7DD32F7940""]]","[""exclude""]",not_included,0,Unassigned,,
doi:10.1145/1007912.1007942,10.1145/1007912.1007942,1,"[""ACM""]","[[""ACM"",""N574A2784233C3EE3""]]","[""exclude""]",not_included,0,Unassigned,,
doi:10.1145/1007965.1007966,10.1145/1007965.1007966,1,"[""ACM""]","[[""ACM"",""ND38C878F43249E3A""]]","[""exclude""]",not_included,0,Unassigned,,
doi:10.1145/1011767.1011782,10.1145/1011767.1011782,1,"[""ACM""]","[[""ACM"",""NA18C996154C72BB5""]]","[""exclude""]",not_included,0,Unassigned,,
doi:10.1145/1023720.1023745,10.1145/1023720.1023745,1,"[""ACM""]","[[""ACM"",""NEFA75DB4C575C11B""]]","[""include""]",included,0,Unassigned,,
doi:10.1145/1024733.1024750,10.1145/1024733.1024750,1,"[""ACM""]","[[""ACM"",""N36B818B376A12AD8""]]","[""exclude""]",not_included,0,Unassigned,,
doi:10.1145/1028493.1030195,10.1145/1028493.1030195,1,"[""ACM""]","[[""ACM"",""N3B7F0520F8C41BDC""]]","[""exclude""]",not_included,0,Unassigned,,
doi:10.1145/1031114.1031118,10.1145/1031114.1031118,1,"[""ACM""]","[[""ACM"",""N76BCD65EF5FC37B7""]]","[""include""]",included,0,Unassigned,,
doi:10.1145/1031134.1031138,10.1145/1031134.1031138,1,"[""ACM""]","[[""ACM"",""N7CF05EF8F48E60FF""]]","[""exclude""]",not_included,0,Unassigned,,
doi:10.1145/1040032.174179,10.1145/1040032.174179,1,"[""ACM""]","[[""ACM"",""N00E1686FF5DDE028""]]","[""exclude""]",not_included,0,Unassigned,,
doi:10.1145/1046290.1046348,10.1145/1046290.1046348,1,"[""ACM""]","[[""ACM"",""N2B41A81B7E88650E""]]","[""exclude""]",not_included,0,Unassigned,,
doi:10.1145/1052220.1052229,10.1145/1052220.1052229,1,"[""ACM""]","[[""ACM"",""N1CB858C711371A7E""]]","[""include""]",included,0,Unassigned,,
doi:10.1145/1052220.1052231,10.1145/1052220.1052231,1,"[""ACM""]","[[""ACM"",""N51356677EF110ED0""]]","[""include""]",included,0,Unassigned,,
doi:10.1145/1052220.1052234,10.1145/1052220.1052234,1,"[""ACM""]","[[""ACM"",""N575E055C41B4D5E9""]]","[""include""]",included,0,Unassigned,,
doi:10.1145/1052220.1052245,10.1145/1052220.1052245,1,"[""ACM""]","[[""ACM"",""N707E835C07A863BE""]]","[""exclude""]",not_included,0,Unassigned,,
doi:10.1145/1052934.1052939,10.1145/1052934.1052939,1,"[""ACM""]","[[""ACM"",""N386265A824B770A0""]]","[""exclude""]",not_included,0,Unassigned,,
doi:10.1145/1055959.1055963,10.1145/1055959.1055963,1,"[""ACM""]","[[""ACM"",""N2603ADA112F70816""]]","[""exclude""]",not_included,0,Unassigned,,
doi:10.1145/1060590.1060597,10.1145/1060590.1060597,1,"[""ACM""]","[[""ACM"",""NACA534E00C93E26E""]]","[""exclude""]",not_included,0,Unassigned,,
doi:10.1145/1062261.1062275,10.1145/1062261.1062275,1,"[""ACM""]","[[""ACM"",""E049""]]","[""exclude""]",not_included,0,Unassigned,,
doi:10.1145/1064009.1064014,10.1145/1064009.1064014,1,"[""ACM""]","[[""ACM"",""NDBEF08ED6A443006""]]","[""exclude""]",not_included,0,Unassigned,,
doi:10.1145/1064009.1064021,10.1145/1064009.1064021,1,"[""ACM""]","[[""ACM"",""N4AB6B1591DE23DA0""]]","[""exclude""]",not_included,0,Unassigned,,
doi:10.1145/1064009.1064027,10.1145/1064009.1064027,1,"[""ACM""]","[[""ACM"",""NDBD2ED56F55DB7CB""]]","[""exclude""]",not_included,0,Unassigned,,
doi:10.1145/1064009.1064031,10.1145/1064009.1064031,1,"[""ACM""]","[[""ACM"",""NEB46B64B9753C0AD""]]","[""exclude""]",not_included,0,Unassigned,,
doi:10.1145/1064009.1064032,10.1145/1064009.1064032,1,"[""ACM""]","[[""ACM"",""N18129AE4862F017F""]]","[""exclude""]",not_included,0,Unassigned,,
doi:10.1145/1064009.1064039,10.1145/1064009.1064039,1,"[""ACM""]","[[""ACM"",""N61A78C61ECE90103""]]","[""exclude""]",not_included,0,Unassigned,,
doi:10.1145/1065907.1066030,10.1145/1065907.1066030,1,"[""ACM""]","[[""ACM"",""N31F612AAD6FC9C61""]]","[""exclude""]",not_included,0,Unassigned,,
doi:10.1145/1066677.1066717,10.1145/1066677.1066717,1,"[""ACM""]","[[""ACM"",""NAD0AAC1DC450CE70""]]","[""exclude""]",not_included,0,Unassigned,,
doi:10.1145/1066677.1066743,10.1145/1066677.1066743,1,"[""ACM""]","[[""ACM"",""NE8EF4560CBAD095A""]]","[""exclude""]",not_included,0,Unassigned,,
doi:10.1145/1066677.1066776,10.1145/1066677.1066776,1,"[""ACM""]","[[""ACM"",""N680B3F21B45CF3F4""]]","[""exclude""]",not_included,0,Unassigned,,
doi:10.1145/1076034.1076075,10.1145/1076034.1076075,1,"[""ACM""]","[[""ACM"",""N66BE551E466987EE""]]","[""exclude""]",not_included,0,Unassigned,,
doi:10.1145/1080343.1080344,10.1145/1080343.1080344,1,"[""ACM""]","[[""ACM"",""N6A4261401C263C97""]]","[""exclude""]",not_included,0,Unassigned,,
doi:10.1145/1080368.1080372,10.1145/1080368.1080372,1,"[""ACM""]","[[""ACM"",""N4010C6C0579F790D""]]","[""pending""]",not_included,1,Unassigned,,
doi:10.1145/1080730.1080739,10.1145/1080730.1080739,1,"[""ACM""]","[[""ACM"",""NEB095669597301FC""]]","[""exclude""]",not_included,0,Unassigned,,
doi:10.1145/1081081.1081118,10.1145/1081081.1081118,1,"[""ACM""]","[[""ACM"",""N9BE21901C21CE8C0""]]","[""exclude""]",not_included,0,Unassigned,,
doi:10.1145/1081081.1081119,10.1145/1081081.1081119,1,"[""ACM""]","[[""ACM"",""N70EE026D66D37086""]]","[""exclude""]",not_included,0,Unassigned,,
doi:10.1145/1081706.1081715,10.1145/1081706.1081715,1,"[""ACM""]","[[""ACM"",""NB1414976CC615E6E""]]","[""exclude""]",not_included,0,Unassigned,,
doi:10.1145/1082473,10.1145/1082473,1,"[""ACM""]","[[""ACM"",""E006""]]","[""exclude""]",not_included,0,Unassigned,,
doi:10.1145/1082473.1082474,10.1145/1082473.1082474,1,"[""ACM""]","[[""ACM"",""N17201E20A8EFE370""]]","[""exclude""]",not_included,0,Unassigned,,
doi:10.1145/1082473.1082517,10.1145/1082473.1082517,1,"[""ACM""]","[[""ACM"",""NC492A64593D4A169""]]","[""exclude""]",not_included,0,Unassigned,,
doi:10.1145/1082473.1082561,10.1145/1082473.1082561,1,"[""ACM""]","[[""ACM"",""N2A49DF341CA068D2""]]","[""exclude""]",not_included,0,Unassigned,,
doi:10.1145/1082473.1082570,10.1145/1082473.1082570,1,"[""ACM""]","[[""ACM"",""NCEE50C7588B330F2""]]","[""exclude""]",not_included,0,Unassigned,,
doi:10.1145/1082473.1082573,10.1145/1082473.1082573,1,"[""ACM""]","[[""ACM"",""N21715EDEB0E2B657""]]","[""include""]",included,0,Unassigned,,
doi:10.1145/1082473.1082623,10.1145/1082473.1082623,1,"[""ACM""]","[[""ACM"",""N03610C142ED70474""]]","[""exclude""]",not_included,0,Unassigned,,
doi:10.1145/1082473.1082624,10.1145/1082473.1082624,1,"[""ACM""]","[[""ACM"",""N77B7992778A02B45""]]","[""exclude""]",not_included,0,Unassigned,,
doi:10.1145/1082473.1082695,10.1145/1082473.1082695,1,"[""ACM""]","[[""ACM"",""NC8CEDC1756265370""]]","[""exclude""]",not_included,0,Unassigned,,
doi:10.1145/1082473.1082710,10.1145/1082473.1082710,1,"[""ACM""]","[[""ACM"",""NE8D353B48D42096E""]]","[""exclude""]",not_included,0,Unassigned,,
doi:10.1145/1082473.1082717,10.1145/1082473.1082717,1,"[""ACM""]","[[""ACM"",""N8A539FE88D5B0DEC""]]","[""include""]",included,0,Unassigned,,
doi:10.1145/1082473.1082737,10.1145/1082473.1082737,1,"[""ACM""]","[[""ACM"",""N098F3472353979D5""]]","[""exclude""]",not_included,0,Unassigned,,
doi:10.1145/1082473.1082761,10.1145/1082473.1082761,1,"[""ACM""]","[[""ACM"",""NFA49C0F0FBB0AD2D""]]","[""exclude""]",not_included,0,Unassigned,,
doi:10.1145/1082473.1082782,10.1145/1082473.1082782,1,"[""ACM""]","[[""ACM"",""N87815B9840274D8B""]]","[""exclude""]",not_included,0,Unassigned,,
doi:10.1145/1082473.1082812,10.1145/1082473.1082812,1,"[""ACM""]","[[""ACM"",""NAA6C3E6843BC6319""]]","[""exclude""]",not_included,0,Unassigned,,
doi:10.1145/1089551.1089605,10.1145/1089551.1089605,1,"[""ACM""]","[[""ACM"",""NDE45195E705629F1""]]","[""include""]",included,0,Unassigned,,
doi:10.1145/1089551.1089607,10.1145/1089551.1089607,1,"[""ACM""]","[[""ACM"",""NB5EC4B786E47B663""]]","[""include""]",included,0,Unassigned,,
doi:10.1145/1089551.1089666,10.1145/1089551.1089666,1,"[""ACM""]","[[""ACM"",""N4B66770BA95DC510""]]","[""exclude""]",not_included,0,Unassigned,,
doi:10.1145/1095921.1095925,10.1145/1095921.1095925,1,"[""ACM""]","[[""ACM"",""N6006E4C8EAD03823""]]","[""exclude""]",not_included,0,Unassigned,,
doi:10.1145/1095921.1095945,10.1145/1095921.1095945,1,"[""ACM""]","[[""ACM"",""N5FCE51BF8E0DBB80""]]","[""exclude""]",not_included,0,Unassigned,,
doi:10.1145/1096510.1096514,10.1145/1096510.1096514,1,"[""ACM""]","[[""ACM"",""N0E147742ADD528DD""]]","[""pending""]",not_included,1,Unassigned,,
doi:10.1145/1102613.1102644,10.1145/1102613.1102644,1,"[""ACM""]","[[""ACM"",""N297FA241FBD5612E""]]","[""include""]",included,0,Unassigned,,
doi:10.1145/1103900.1103928,10.1145/1103900.1103928,1,"[""ACM""]","[[""ACM"",""NC1DC5F0D941805FD""]]","[""exclude""]",not_included,0,Unassigned,,
doi:10.1145/1113523.1113537,10.1145/1113523.1113537,1,"[""ACM""]","[[""ACM"",""NA1AFC30F83DA8D2E""]]","[""exclude""]",not_included,0,Unassigned,,
doi:10.1145/1115874.1115878,10.1145/1115874.1115878,1,"[""ACM""]","[[""ACM"",""N37A29B9C94E95EA9""]]","[""exclude""]",not_included,0,Unassigned,,
doi:10.1145/1124566.1124572,10.1145/1124566.1124572,1,"[""ACM""]","[[""ACM"",""N078BD63C7F7A93B2""]]","[""exclude""]",not_included,0,Unassigned,,
doi:10.1145/1125170.1125206,10.1145/1125170.1125206,1,"[""ACM""]","[[""ACM"",""N99BEDED17E6C5106""]]","[""exclude""]",not_included,0,Unassigned,,
doi:10.1145/1134707.1134709,10.1145/1134707.1134709,1,"[""ACM""]","[[""ACM"",""N322AF780588FD299""]]","[""exclude""]",not_included,0,Unassigned,,
doi:10.1145/1134707.1134728,10.1145/1134707.1134728,1,"[""ACM""]","[[""ACM"",""NA064901AC6E6CEE6""]]","[""exclude""]",not_included,0,Unassigned,,
doi:10.1145/1134707.1134734,10.1145/1134707.1134734,1,"[""ACM""]","[[""ACM"",""NCA784FAEC6B7C597""]]","[""exclude""]",not_included,0,Unassigned,,
doi:10.1145/1137677.1137685,10.1145/1137677.1137685,1,"[""ACM""]","[[""ACM"",""N2F4EA7B585E957A0""]]","[""exclude""]",not_included,0,Unassigned,,
doi:10.1145/1141277.1141299,10.1145/1141277.1141299,1,"[""ACM""]","[[""ACM"",""NEE01161EDB26D332""]]","[""include""]",included,0,Unassigned,,
doi:10.1145/1141277.1141300,10.1145/1141277.1141300,1,"[""ACM""]","[[""ACM"",""N29832C1B112DCD1F""]]","[""exclude""]",not_included,0,Unassigned,,
doi:10.1145/1143549.1143800,10.1145/1143549.1143800,1,"[""ACM""]","[[""ACM"",""NCEA162AB5A121D76""]]","[""exclude""]",not_included,0,Unassigned,,
doi:10.1145/1143997.1144001,10.1145/1143997.1144001,1,"[""ACM""]","[[""ACM"",""N54DE1DF699695821""]]","[""exclude""]",not_included,0,Unassigned,,
doi:10.1145/1143997.1144260,10.1145/1143997.1144260,1,"[""ACM""]","[[""ACM"",""N2C3D04971DA39AF6""]]","[""exclude""]",not_included,0,Unassigned,,
doi:10.1145/1145735.1145739,10.1145/1145735.1145739,1,"[""ACM""]","[[""ACM"",""N1339F30244DCBCF9""]]","[""exclude""]",not_included,0,Unassigned,,
doi:10.1145/1146598.1146646,10.1145/1146598.1146646,1,"[""ACM""]","[[""ACM"",""NF770FB46EE0CA2C7""]]","[""exclude""]",not_included,0,Unassigned,,
doi:10.1145/1150735.1150740,10.1145/1150735.1150740,1,"[""ACM""]","[[""ACM"",""N42EA2B16F3DEA0B4""]]","[""include""]",included,0,Unassigned,,
doi:10.1145/1151454,10.1145/1151454,1,"[""ACM""]","[[""ACM"",""NC9518B2426134728""]]","[""exclude""]",not_included,0,Unassigned,,
doi:10.1145/1151454.1151477,10.1145/1151454.1151477,1,"[""ACM""]","[[""ACM"",""NB38F5AEEB012C573""]]","[""exclude""]",not_included,0,Unassigned,,
doi:10.1145/1160633,10.1145/1160633,1,"[""ACM""]","[[""ACM"",""N9B74A972337E348C""]]","[""exclude""]",not_included,0,Unassigned,,
doi:10.1145/1160633.1160681,10.1145/1160633.1160681,1,"[""ACM""]","[[""ACM"",""N6B5EEBEBFB78FDBB""]]","[""exclude""]",not_included,0,Unassigned,,
doi:10.1145/1160633.1160741,10.1145/1160633.1160741,1,"[""ACM""]","[[""ACM"",""N60347C065188531A""]]","[""exclude""]",not_included,0,Unassigned,,
doi:10.1145/1160633.1160759,10.1145/1160633.1160759,1,"[""ACM""]","[[""ACM"",""N915FAF9766A8062C""]]","[""include""]",included,0,Unassigned,,
doi:10.1145/1160633.1160766,10.1145/1160633.1160766,1,"[""ACM""]","[[""ACM"",""NEF7E4399835DE0E1""]]","[""exclude""]",not_included,0,Unassigned,,
doi:10.1145/1160633.1160784,10.1145/1160633.1160784,1,"[""ACM""]","[[""ACM"",""NEE1E89751F1EA326""]]","[""exclude""]",not_included,0,Unassigned,,
doi:10.1145/1160633.1160788,10.1145/1160633.1160788,1,"[""ACM""]","[[""ACM"",""N6D07E9BCE8F6C5CE""]]","[""include""]",included,0,Unassigned,,
doi:10.1145/1160633.1160790,10.1145/1160633.1160790,1,"[""ACM""]","[[""ACM"",""N73C04C495885ED8F""]]","[""exclude""]",not_included,0,Unassigned,,
doi:10.1145/1160633.1160798,10.1145/1160633.1160798,1,"[""ACM""]","[[""ACM"",""N49C4E15C65F20F42""]]","[""exclude""]",not_included,0,Unassigned,,
doi:10.1145/1160633.1160841,10.1145/1160633.1160841,1,"[""ACM""]","[[""ACM"",""N62A80734925FCD6C""]]","[""exclude""]",not_included,0,Unassigned,,
doi:10.1145/1160633.1160842,10.1145/1160633.1160842,1,"[""ACM""]","[[""ACM"",""NC9C890E5E2EC54A4""]]","[""exclude""]",not_included,0,Unassigned,,
doi:10.1145/1160633.1160844,10.1145/1160633.1160844,1,"[""ACM""]","[[""ACM"",""N4BE1F9520FA6FE6E""]]","[""exclude""]",not_included,0,Unassigned,,
doi:10.1145/1160633.1160846,10.1145/1160633.1160846,1,"[""ACM""]","[[""ACM"",""NC4AFFDCB0C8D4BD2""]]","[""exclude""]",not_included,0,Unassigned,,
doi:10.1145/1160633.1160847,10.1145/1160633.1160847,1,"[""ACM""]","[[""ACM"",""N3CDBAD197A976EC2""]]","[""include""]",included,0,Unassigned,,
doi:10.1145/1160633.1160849,10.1145/1160633.1160849,1,"[""ACM""]","[[""ACM"",""NE7140F78B25ED579""]]","[""exclude""]",not_included,0,Unassigned,,
doi:10.1145/1160633.1160852,10.1145/1160633.1160852,1,"[""ACM""]","[[""ACM"",""N13CF730C63BFBCF1""]]","[""exclude""]",not_included,0,Unassigned,,
doi:10.1145/1160633.1160856,10.1145/1160633.1160856,1,"[""ACM""]","[[""ACM"",""N31476AC562E50F78""]]","[""exclude""]",not_included,0,Unassigned,,
doi:10.1145/1160633.1160884,10.1145/1160633.1160884,1,"[""ACM""]","[[""ACM"",""NA36CCC9C9D4F8332""]]","[""include""]",included,0,Unassigned,,
doi:10.1145/1160633.1160895,10.1145/1160633.1160895,1,"[""ACM""]","[[""ACM"",""NADCB7E5C250F4E40""]]","[""include""]",included,0,Unassigned,,
doi:10.1145/1160633.1160925,10.1145/1160633.1160925,1,"[""ACM""]","[[""ACM"",""N53E69DC572246330""]]","[""exclude""]",not_included,0,Unassigned,,
doi:10.1145/1161023.1161030,10.1145/1161023.1161030,1,"[""ACM""]","[[""ACM"",""NF4B907789E383407""]]","[""exclude""]",not_included,0,Unassigned,,
doi:10.1145/1161023.1161035,10.1145/1161023.1161035,1,"[""ACM""]","[[""ACM"",""NC4ADD9CC425263F8""]]","[""exclude""]",not_included,0,Unassigned,,
doi:10.1145/1163673.1163678,10.1145/1163673.1163678,1,"[""ACM""]","[[""ACM"",""NA530B98B1317481F""]]","[""exclude""]",not_included,0,Unassigned,,
doi:10.1145/1163673.1163694,10.1145/1163673.1163694,1,"[""ACM""]","[[""ACM"",""NEE08D088BC1101A6""]]","[""exclude""]",not_included,0,Unassigned,,
doi:10.1145/1178766.1178771,10.1145/1178766.1178771,1,"[""ACM""]","[[""ACM"",""N1C25E5B8B5738FE7""]]","[""exclude""]",not_included,0,Unassigned,,
doi:10.1145/1178766.1178772,10.1145/1178766.1178772,1,"[""ACM""]","[[""ACM"",""N49F796B006103D3F""]]","[""exclude""]",not_included,0,Unassigned,,
doi:10.1145/1183088.1183094,10.1145/1183088.1183094,1,"[""ACM""]","[[""ACM"",""N512567140213E0F0""]]","[""exclude""]",not_included,0,Unassigned,,
doi:10.1145/1183463.1183469,10.1145/1183463.1183469,1,"[""ACM""]","[[""ACM"",""ND4E7A8B472E1F5F9""]]","[""include""]",included,0,Unassigned,,
doi:10.1145/1185373.1185420,10.1145/1185373.1185420,1,"[""ACM""]","[[""ACM"",""N42E5F270E91AC552""]]","[""exclude""]",not_included,0,Unassigned,,
doi:10.1145/1186595.1186630,10.1145/1186595.1186630,1,"[""ACM""]","[[""ACM"",""NC3BCBA7F81E42DF9""]]","[""exclude""]",not_included,0,Unassigned,,
doi:10.1145/1186810.1186813,10.1145/1186810.1186813,1,"[""ACM""]","[[""ACM"",""N0919F69846DEE30A""]]","[""exclude""]",not_included,0,Unassigned,,
doi:10.1145/1198555.1198678,10.1145/1198555.1198678,1,"[""ACM""]","[[""ACM"",""NFDD5B297710F1054""]]","[""pending""]",not_included,1,Unassigned,,
doi:10.1145/1215976.1215983,10.1145/1215976.1215983,1,"[""ACM""]","[[""ACM"",""N8AF5CEB626474BB0""]]","[""exclude""]",not_included,0,Unassigned,,
doi:10.1145/1216993.1217008,10.1145/1216993.1217008,1,"[""ACM""]","[[""ACM"",""N36EFC8DAF9532C7E""]]","[""exclude""]",not_included,0,Unassigned,,
doi:10.1145/1217196.1217198,10.1145/1217196.1217198,1,"[""ACM""]","[[""ACM"",""NC4E07A5F3682453C""]]","[""exclude""]",not_included,0,Unassigned,,
doi:10.1145/1228621.1228624,10.1145/1228621.1228624,1,"[""ACM""]","[[""ACM"",""NFCC2D1A3DB43B77F""]]","[""exclude""]",not_included,0,Unassigned,,
doi:10.1145/1234161.1234178,10.1145/1234161.1234178,1,"[""ACM""]","[[""ACM"",""NB10C37B4E5C54857""]]","[""exclude""]",not_included,0,Unassigned,,
doi:10.1145/1236471.1236476,10.1145/1236471.1236476,1,"[""ACM""]","[[""ACM"",""NA22E4A7D7A63B1F3""]]","[""exclude""]",not_included,0,Unassigned,,
doi:10.1145/1242572.1242704,10.1145/1242572.1242704,1,"[""ACM""]","[[""ACM"",""N333FF0BFF95FC8F1""]]","[""exclude""]",not_included,0,Unassigned,,
doi:10.1145/1244002.1244152,10.1145/1244002.1244152,1,"[""ACM""]","[[""ACM"",""ND4180817804408FB""]]","[""exclude""]",not_included,0,Unassigned,,
doi:10.1145/1247480.1247584,10.1145/1247480.1247584,1,"[""ACM""]","[[""ACM"",""N6A6C9F31C3BC8F71""]]","[""exclude""]",not_included,0,Unassigned,,
doi:10.1145/1248377.1248431,10.1145/1248377.1248431,1,"[""ACM""]","[[""ACM"",""NFBD318288D9F446E""]]","[""exclude""]",not_included,0,Unassigned,,
doi:10.1145/1248377.1248432,10.1145/1248377.1248432,1,"[""ACM""]","[[""ACM"",""N00F8A449C72776B3""]]","[""exclude""]",not_included,0,Unassigned,,
doi:10.1145/1250910.1250915,10.1145/1250910.1250915,1,"[""ACM""]","[[""ACM"",""N8A775F564D65884B""]]","[""exclude""]",not_included,0,Unassigned,,
doi:10.1145/1250910.1250940,10.1145/1250910.1250940,1,"[""ACM""]","[[""ACM"",""N865EF21F5D0E6D03""]]","[""exclude""]",not_included,0,Unassigned,,
doi:10.1145/1250910.1250951,10.1145/1250910.1250951,1,"[""ACM""]","[[""ACM"",""N018015B0CBC7EA05""]]","[""exclude""]",not_included,0,Unassigned,,
doi:10.1145/1250910.1250959,10.1145/1250910.1250959,1,"[""ACM""]","[[""ACM"",""N2176894A61BE2CA1""]]","[""exclude""]",not_included,0,Unassigned,,
doi:10.1145/1277741.1277754,10.1145/1277741.1277754,1,"[""ACM""]","[[""ACM"",""N8D69EF37429A282F""]]","[""exclude""]",not_included,0,Unassigned,,
doi:10.1145/1280680.1280691,10.1145/1280680.1280691,1,"[""ACM""]","[[""ACM"",""NC198D5C70E0E790D""]]","[""exclude""]",not_included,0,Unassigned,,
doi:10.1145/1282100.1282108,10.1145/1282100.1282108,1,"[""ACM""]","[[""ACM"",""N0C97541D86FD4D55""]]","[""include""]",included,0,Unassigned,,
doi:10.1145/1282100.1282109,10.1145/1282100.1282109,1,"[""ACM""]","[[""ACM"",""N096321D065DA0991""]]","[""include""]",included,0,Unassigned,,
doi:10.1145/1282100.1282110,10.1145/1282100.1282110,1,"[""ACM""]","[[""ACM"",""NBDCBEEE5B12EB450""]]","[""exclude""]",not_included,0,Unassigned,,
doi:10.1145/1282100.1282126,10.1145/1282100.1282126,1,"[""ACM""]","[[""ACM"",""E106""]]","[""include""]",included,0,Unassigned,,
doi:10.1145/1282100.1282149,10.1145/1282100.1282149,1,"[""ACM""]","[[""ACM"",""NAEC646DD29287B4E""]]","[""exclude""]",not_included,0,Unassigned,,
doi:10.1145/1282100.1282161,10.1145/1282100.1282161,1,"[""ACM""]","[[""ACM"",""N229895AC5F79548B""]]","[""exclude""]",not_included,0,Unassigned,,
doi:10.1145/1286240.1286256,10.1145/1286240.1286256,1,"[""ACM""]","[[""ACM"",""N834D43E304CFAC82""]]","[""exclude""]",not_included,0,Unassigned,,
doi:10.1145/128756.128759,10.1145/128756.128759,1,"[""ACM""]","[[""ACM"",""E136""]]","[""exclude""]",not_included,0,Unassigned,,
doi:10.1145/1293731.1293736,10.1145/1293731.1293736,1,"[""ACM""]","[[""ACM"",""N003EDBF00B04A6BB""]]","[""exclude""]",not_included,0,Unassigned,,
doi:10.1145/129712.129717,10.1145/129712.129717,1,"[""ACM""]","[[""ACM"",""N71CA59505175618F""]]","[""exclude""]",not_included,0,Unassigned,,
doi:10.1145/1317443.1317446,10.1145/1317443.1317446,1,"[""ACM""]","[[""ACM"",""N41FF5BE7F80F3189""]]","[""pending""]",not_included,1,Unassigned,,
doi:10.1145/1324249.1324265,10.1145/1324249.1324265,1,"[""ACM""]","[[""ACM"",""NC37B4B0F73D4097F""]]","[""exclude""]",not_included,0,Unassigned,,
doi:10.1145/1328057.1328117,10.1145/1328057.1328117,1,"[""ACM""]","[[""ACM"",""N3BEDF358793EE13F""]]","[""exclude""]",not_included,0,Unassigned,,
doi:10.1145/1329125,10.1145/1329125,1,"[""ACM""]","[[""ACM"",""NF14507841E7FF60C""]]","[""exclude""]",not_included,0,Unassigned,,
doi:10.1145/1329125.1329159,10.1145/1329125.1329159,1,"[""ACM""]","[[""ACM"",""N18EF1B926F338864""]]","[""exclude""]",not_included,0,Unassigned,,
doi:10.1145/1329125.1329186,10.1145/1329125.1329186,1,"[""ACM""]","[[""ACM"",""N01A5D8AD565A5C87""]]","[""include""]",included,0,Unassigned,,
doi:10.1145/1329125.1329188,10.1145/1329125.1329188,1,"[""ACM""]","[[""ACM"",""N53C4B03977816F30""]]","[""exclude""]",not_included,0,Unassigned,,
doi:10.1145/1329125.1329200,10.1145/1329125.1329200,1,"[""ACM""]","[[""ACM"",""N869B78CF5CB62FAC""]]","[""exclude""]",not_included,0,Unassigned,,
doi:10.1145/1329125.1329251,10.1145/1329125.1329251,1,"[""ACM""]","[[""ACM"",""N5AFCE3E745DAAA96""]]","[""include""]",included,0,Unassigned,,
doi:10.1145/1329125.1329252,10.1145/1329125.1329252,1,"[""ACM""]","[[""ACM"",""ND90C3EB2882F57A6""]]","[""exclude""]",not_included,0,Unassigned,,
doi:10.1145/1329125.1329253,10.1145/1329125.1329253,1,"[""ACM""]","[[""ACM"",""N9175AC70DFC716CC""]]","[""exclude""]",not_included,0,Unassigned,,
doi:10.1145/1329125.1329259,10.1145/1329125.1329259,1,"[""ACM""]","[[""ACM"",""E047""]]","[""exclude""]",not_included,0,Unassigned,,
doi:10.1145/1329125.1329288,10.1145/1329125.1329288,1,"[""ACM""]","[[""ACM"",""N4B9F271BCE072338""]]","[""exclude""]",not_included,0,Unassigned,,
doi:10.1145/1329125.1329341,10.1145/1329125.1329341,1,"[""ACM""]","[[""ACM"",""N7EF770B497134922""]]","[""exclude""]",not_included,0,Unassigned,,
doi:10.1145/1329125.1329374,10.1145/1329125.1329374,1,"[""ACM""]","[[""ACM"",""N8D73A49E883402B7""]]","[""exclude""]",not_included,0,Unassigned,,
doi:10.1145/1329125.1329381,10.1145/1329125.1329381,1,"[""ACM""]","[[""ACM"",""N91A9DE1F2BE32C4F""]]","[""exclude""]",not_included,0,Unassigned,,
doi:10.1145/1329125.1329462,10.1145/1329125.1329462,1,"[""ACM""]","[[""ACM"",""N2829A7E802B44604""]]","[""exclude""]",not_included,0,Unassigned,,
doi:10.1145/1341312.1341320,10.1145/1341312.1341320,1,"[""ACM""]","[[""ACM"",""N5FA2D4692A49486E""]]","[""exclude""]",not_included,0,Unassigned,,
doi:10.1145/1345037.1345052,10.1145/1345037.1345052,1,"[""ACM""]","[[""ACM"",""N451E8479D9DF0CED""]]","[""exclude""]",not_included,0,Unassigned,,
doi:10.1145/1348549,10.1145/1348549,1,"[""ACM""]","[[""ACM"",""NBDA62AFA3CB6914B""]]","[""exclude""]",not_included,0,Unassigned,,
doi:10.1145/1352694.1352709,10.1145/1352694.1352709,1,"[""ACM""]","[[""ACM"",""NA95B35EFEFE8B65F""]]","[""exclude""]",not_included,0,Unassigned,,
doi:10.1145/1352694.1352744,10.1145/1352694.1352744,1,"[""ACM""]","[[""ACM"",""N96241CED8DC2A212""]]","[""exclude""]",not_included,0,Unassigned,,
doi:10.1145/1352789.1352792,10.1145/1352789.1352792,1,"[""ACM""]","[[""ACM"",""N2BC3FA9B5A88B644""]]","[""exclude""]",not_included,0,Unassigned,,
doi:10.1145/1358628.1358878,10.1145/1358628.1358878,1,"[""ACM""]","[[""ACM"",""ND3B6CB226E8CB0EA""]]","[""exclude""]",not_included,0,Unassigned,,
doi:10.1145/1363686.1363695,10.1145/1363686.1363695,1,"[""ACM""]","[[""ACM"",""N68F59989FB360185""]]","[""include""]",included,0,Unassigned,,
doi:10.1145/1366283.1366306,10.1145/1366283.1366306,1,"[""ACM""]","[[""ACM"",""N666C3793ADD87D27""]]","[""exclude""]",not_included,0,Unassigned,,
doi:10.1145/1368436.1368449,10.1145/1368436.1368449,1,"[""ACM""]","[[""ACM"",""NFBB0C45A5D0F57B5""]]","[""exclude""]",not_included,0,Unassigned,,
doi:10.1145/1374376.1374390,10.1145/1374376.1374390,1,"[""ACM""]","[[""ACM"",""NA902D838DC0917F7""]]","[""exclude""]",not_included,0,Unassigned,,
doi:10.1145/1374618.1374657,10.1145/1374618.1374657,1,"[""ACM""]","[[""ACM"",""NCC72E856C63419B5""]]","[""include""]",included,0,Unassigned,,
doi:10.1145/1386790.1386806,10.1145/1386790.1386806,1,"[""ACM""]","[[""ACM"",""ND9BBEDA443690F4F""]]","[""exclude""]",not_included,0,Unassigned,,
doi:10.1145/1386790.1386825,10.1145/1386790.1386825,1,"[""ACM""]","[[""ACM"",""N2DFC78037A9948D8""]]","[""exclude""]",not_included,0,Unassigned,,
doi:10.1145/1386790.1386826,10.1145/1386790.1386826,1,"[""ACM""]","[[""ACM"",""NF9FC3435808BA262""]]","[""exclude""]",not_included,0,Unassigned,,
doi:10.1145/1387148,10.1145/1387148,1,"[""ACM""]","[[""ACM"",""N295E25E438C386D4""]]","[""pending""]",not_included,1,Unassigned,,
doi:10.1145/1391469.1391552,10.1145/1391469.1391552,1,"[""ACM""]","[[""ACM"",""N1472548BC1B43AC0""]]","[""exclude""]",not_included,0,Unassigned,,
doi:10.1145/1399589.1399597,10.1145/1399589.1399597,1,"[""ACM""]","[[""ACM"",""NB53D761B992968CF""]]","[""exclude""]",not_included,0,Unassigned,,
doi:10.1145/1399589.1399598,10.1145/1399589.1399598,1,"[""ACM""]","[[""ACM"",""N099012D00441FC39""]]","[""exclude""]",not_included,0,Unassigned,,
doi:10.1145/1403027.1403044,10.1145/1403027.1403044,1,"[""ACM""]","[[""ACM"",""N8291B163DFABFA95""]]","[""exclude""]",not_included,0,Unassigned,,
doi:10.1145/1403375.1403698,10.1145/1403375.1403698,1,"[""ACM""]","[[""ACM"",""N0129AD4728B4ED56""]]","[""exclude""]",not_included,0,Unassigned,,
doi:10.1145/1409540.1409547,10.1145/1409540.1409547,1,"[""ACM""]","[[""ACM"",""NF98D5DF9947B4BEE""]]","[""exclude""]",not_included,0,Unassigned,,
doi:10.1145/1409540.1409558,10.1145/1409540.1409558,1,"[""ACM""]","[[""ACM"",""N8B939B20DDB073A0""]]","[""exclude""]",not_included,0,Unassigned,,
doi:10.1145/1409540.1409559,10.1145/1409540.1409559,1,"[""ACM""]","[[""ACM"",""N38AA6FB800557E0C""]]","[""include""]",included,0,Unassigned,,
doi:10.1145/1409540.1409597,10.1145/1409540.1409597,1,"[""ACM""]","[[""ACM"",""N0773E69B27B43AF4""]]","[""include""]",included,0,Unassigned,,
doi:10.1145/1410234.1410239,10.1145/1410234.1410239,1,"[""ACM""]","[[""ACM"",""N9A2968EDE4009F5E""]]","[""exclude""]",not_included,0,Unassigned,,
doi:10.1145/1416729.1416746,10.1145/1416729.1416746,1,"[""ACM""]","[[""ACM"",""N686454E633F69D64""]]","[""exclude""]",not_included,0,Unassigned,,
doi:10.1145/1454659.1454678,10.1145/1454659.1454678,1,"[""ACM""]","[[""ACM"",""NBCDC54C49767F56A""]]","[""exclude""]",not_included,0,Unassigned,,
doi:10.1145/1456223.1456262,10.1145/1456223.1456262,1,"[""ACM""]","[[""ACM"",""E050""]]","[""exclude""]",not_included,0,Unassigned,,
doi:10.1145/1462153.1462157,10.1145/1462153.1462157,1,"[""ACM""]","[[""ACM"",""N4D38D375622BE391""]]","[""exclude""]",not_included,0,Unassigned,,
doi:10.1145/1463822.1463838,10.1145/1463822.1463838,1,"[""ACM""]","[[""ACM"",""NF5D457D89FF54513""]]","[""exclude""]",not_included,0,Unassigned,,
doi:10.1145/1464291.1464317,10.1145/1464291.1464317,1,"[""ACM""]","[[""ACM"",""N893DFD329F441ACA""]]","[""exclude""]",not_included,0,Unassigned,,
doi:10.1145/1464291.1464326,10.1145/1464291.1464326,1,"[""ACM""]","[[""ACM"",""N6E19538FB898AF9A""]]","[""exclude""]",not_included,0,Unassigned,,
doi:10.1145/1476589.1476657,10.1145/1476589.1476657,1,"[""ACM""]","[[""ACM"",""NB57618AD3B46B029""]]","[""exclude""]",not_included,0,Unassigned,,
doi:10.1145/1478873.1478963,10.1145/1478873.1478963,1,"[""ACM""]","[[""ACM"",""NE5E18196A822C30D""]]","[""exclude""]",not_included,0,Unassigned,,
doi:10.1145/1480083.1480105,10.1145/1480083.1480105,1,"[""ACM""]","[[""ACM"",""N2B24AC3069BD71CF""]]","[""exclude""]",not_included,0,Unassigned,,
doi:10.1145/1486877.1486882,10.1145/1486877.1486882,1,"[""ACM""]","[[""ACM"",""N2F342912068F13CA""]]","[""exclude""]",not_included,0,Unassigned,,
doi:10.1145/1486877.1486884,10.1145/1486877.1486884,1,"[""ACM""]","[[""ACM"",""NA9E32AA890E83111""]]","[""exclude""]",not_included,0,Unassigned,,
doi:10.1145/1499949.1500097,10.1145/1499949.1500097,1,"[""ACM""]","[[""ACM"",""N63B3A1C562B6382F""]]","[""exclude""]",not_included,0,Unassigned,,
doi:10.1145/1499949.1500109,10.1145/1499949.1500109,1,"[""ACM""]","[[""ACM"",""NA797E17955F98F7B""]]","[""exclude""]",not_included,0,Unassigned,,
doi:10.1145/1500412.1500454,10.1145/1500412.1500454,1,"[""ACM""]","[[""ACM"",""NC5C206DDAE50941B""]]","[""exclude""]",not_included,0,Unassigned,,
doi:10.1145/1501434.1501458,10.1145/1501434.1501458,1,"[""ACM""]","[[""ACM"",""NDE1232414796F73E""]]","[""exclude""]",not_included,0,Unassigned,,
doi:10.1145/1502650.1502733,10.1145/1502650.1502733,1,"[""ACM""]","[[""ACM"",""N356115DF86C6D6A9""]]","[""exclude""]",not_included,0,Unassigned,,
doi:10.1145/1506270.1506358,10.1145/1506270.1506358,1,"[""ACM""]","[[""ACM"",""N612A8C70930B74CD""]]","[""exclude""]",not_included,0,Unassigned,,
doi:10.1145/1509096.1509160,10.1145/1509096.1509160,1,"[""ACM""]","[[""ACM"",""N465017C4EE031664""]]","[""exclude""]",not_included,0,Unassigned,,
doi:10.1145/1509096.1509196,10.1145/1509096.1509196,1,"[""ACM""]","[[""ACM"",""N2C5C31BEA085D4FD""]]","[""exclude""]",not_included,0,Unassigned,,
doi:10.1145/1516539.1516543,10.1145/1516539.1516543,1,"[""ACM""]","[[""ACM"",""NA73C81013B20D494""]]","[""exclude""]",not_included,0,Unassigned,,
doi:10.1145/1526709.1526744,10.1145/1526709.1526744,1,"[""ACM""]","[[""ACM"",""N86A1FB4418370660""]]","[""include""]",included,0,Unassigned,,
doi:10.1145/152683.152692,10.1145/152683.152692,1,"[""ACM""]","[[""ACM"",""N263284BE388834E7""]]","[""exclude""]",not_included,0,Unassigned,,
doi:10.1145/1536274.1536289,10.1145/1536274.1536289,1,"[""ACM""]","[[""ACM"",""N3B2C20EE977337B3""]]","[""exclude""]",not_included,0,Unassigned,,
doi:10.1145/1536616.1536639,10.1145/1536616.1536639,1,"[""ACM""]","[[""ACM"",""N3AE54DCC2C996EE8""]]","[""pending""]",not_included,1,Unassigned,,
doi:10.1145/15433.15850,10.1145/15433.15850,1,"[""ACM""]","[[""ACM"",""NE36A7279065D6473""]]","[""exclude""]",not_included,0,Unassigned,,
doi:10.1145/1562814.1562839,10.1145/1562814.1562839,1,"[""ACM""]","[[""ACM"",""N2E734A4032B11474""]]","[""exclude""]",not_included,0,Unassigned,,
doi:10.1145/1566374.1566387,10.1145/1566374.1566387,1,"[""ACM""]","[[""ACM"",""N22D7B9763041A433""]]","[""exclude""]",not_included,0,Unassigned,,
doi:10.1145/1566374.1566396,10.1145/1566374.1566396,1,"[""ACM""]","[[""ACM"",""N5F48281C3DCD9E27""]]","[""exclude""]",not_included,0,Unassigned,,
doi:10.1145/1566374.1566401,10.1145/1566374.1566401,1,"[""ACM""]","[[""ACM"",""NB1D71547CC9BCBBC""]]","[""exclude""]",not_included,0,Unassigned,,
doi:10.1145/1566374.1566403,10.1145/1566374.1566403,1,"[""ACM""]","[[""ACM"",""NBF5802A496C56DF1""]]","[""exclude""]",not_included,0,Unassigned,,
doi:10.1145/1566374.1566404,10.1145/1566374.1566404,1,"[""ACM""]","[[""ACM"",""N09A1FA42578ACE61""]]","[""exclude""]",not_included,0,Unassigned,,
doi:10.1145/1566374.1566407,10.1145/1566374.1566407,1,"[""ACM""]","[[""ACM"",""NAF2AE472560FB8A9""]]","[""exclude""]",not_included,0,Unassigned,,
doi:10.1145/1566374.1566422,10.1145/1566374.1566422,1,"[""ACM""]","[[""ACM"",""ND281AEAD131163BF""]]","[""exclude""]",not_included,0,Unassigned,,
doi:10.1145/1569901.1569999,10.1145/1569901.1569999,1,"[""ACM""]","[[""ACM"",""NE78ADC97EFCF9379""]]","[""exclude""]",not_included,0,Unassigned,,
doi:10.1145/1570256.1570270,10.1145/1570256.1570270,1,"[""ACM""]","[[""ACM"",""NECE1B04D5121AC06""]]","[""include""]",included,0,Unassigned,,
doi:10.1145/1570256.1570372,10.1145/1570256.1570372,1,"[""ACM""]","[[""ACM"",""N45C26B56EA016F31""]]","[""include""]",included,0,Unassigned,,
doi:10.1145/159161.159159,10.1145/159161.159159,1,"[""ACM""]","[[""ACM"",""N7B5E69E1FD7912EE""]]","[""pending""]",not_included,1,Unassigned,,
doi:10.1145/1592648.1592655,10.1145/1592648.1592655,1,"[""ACM""]","[[""ACM"",""N2A604490698EB5F0""]]","[""exclude""]",not_included,0,Unassigned,,
doi:10.1145/1599410.1599439,10.1145/1599410.1599439,1,"[""ACM""]","[[""ACM"",""N3AB5E24EF6ACA2A5""]]","[""exclude""]",not_included,0,Unassigned,,
doi:10.1145/1599470.1599499,10.1145/1599470.1599499,1,"[""ACM""]","[[""ACM"",""NE1671CDD56470053""]]","[""exclude""]",not_included,0,Unassigned,,
doi:10.1145/1609170.1609174,10.1145/1609170.1609174,1,"[""ACM""]","[[""ACM"",""N9E029F60FC297ABC""]]","[""include""]",included,0,Unassigned,,
doi:10.1145/1610304.1610307,10.1145/1610304.1610307,1,"[""ACM""]","[[""ACM"",""N1F8C1429CAB330E8""]]","[""exclude""]",not_included,0,Unassigned,,
doi:10.1145/1621995.1622041,10.1145/1621995.1622041,1,"[""ACM""]","[[""ACM"",""N03CC89A4A169C232""]]","[""exclude""]",not_included,0,Unassigned,,
doi:10.1145/1645953.1645958,10.1145/1645953.1645958,1,"[""ACM""]","[[""ACM"",""N735A2A5DC8AA1CA1""]]","[""exclude""]",not_included,0,Unassigned,,
doi:10.1145/1645953.1646075,10.1145/1645953.1646075,1,"[""ACM""]","[[""ACM"",""ND9F9BFEFA9CC8D4C""]]","[""exclude""]",not_included,0,Unassigned,,
doi:10.1145/1645953.1646333,10.1145/1645953.1646333,1,"[""ACM""]","[[""ACM"",""N659A57ED744841B5""]]","[""exclude""]",not_included,0,Unassigned,,
doi:10.1145/1655925.1655969,10.1145/1655925.1655969,1,"[""ACM""]","[[""ACM"",""E051""]]","[""exclude""]",not_included,0,Unassigned,,
doi:10.1145/1655925.1656192,10.1145/1655925.1656192,1,"[""ACM""]","[[""ACM"",""E052""]]","[""exclude""]",not_included,0,Unassigned,,
doi:10.1145/1658260.1658271,10.1145/1658260.1658271,1,"[""ACM""]","[[""ACM"",""N398D3DB6E3FA8C19""]]","[""exclude""]",not_included,0,Unassigned,,
doi:10.1145/1658866.1658876,10.1145/1658866.1658876,1,"[""ACM""]","[[""ACM"",""N07922BB2151413B1""]]","[""exclude""]",not_included,0,Unassigned,,
doi:10.1145/1672308.1672317,10.1145/1672308.1672317,1,"[""ACM""]","[[""ACM"",""N40BDB5FBF05DA4B3""]]","[""pending""]",not_included,1,Unassigned,,
doi:10.1145/1672308.1672322,10.1145/1672308.1672322,1,"[""ACM""]","[[""ACM"",""NE007CCB1F5E5EDCB""]]","[""exclude""]",not_included,0,Unassigned,,
doi:10.1145/1672308.1672334,10.1145/1672308.1672334,1,"[""ACM""]","[[""ACM"",""NFA75D91E641185F8""]]","[""exclude""]",not_included,0,Unassigned,,
doi:10.1145/1713254.1713271,10.1145/1713254.1713271,1,"[""ACM""]","[[""ACM"",""N7C202AB8FBC62DA9""]]","[""exclude""]",not_included,0,Unassigned,,
doi:10.1145/1721837.1721852,10.1145/1721837.1721852,1,"[""ACM""]","[[""ACM"",""N1D5EEFB109B3BC4E""]]","[""exclude""]",not_included,0,Unassigned,,
doi:10.1145/1754239.1754274,10.1145/1754239.1754274,1,"[""ACM""]","[[""ACM"",""N0A61C7341497673B""]]","[""exclude""]",not_included,0,Unassigned,,
doi:10.1145/1772070.1772087,10.1145/1772070.1772087,1,"[""ACM""]","[[""ACM"",""N49B4BE239739541A""]]","[""exclude""]",not_included,0,Unassigned,,
doi:10.1145/1773965.1773966,10.1145/1773965.1773966,1,"[""ACM""]","[[""ACM"",""NC11818B5CE71A003""]]","[""exclude""]",not_included,0,Unassigned,,
doi:10.1145/1787234.1787269,10.1145/1787234.1787269,1,"[""ACM""]","[[""ACM"",""NFD22998D011E819A""]]","[""exclude""]",not_included,0,Unassigned,,
doi:10.1145/1806338.1806407,10.1145/1806338.1806407,1,"[""ACM""]","[[""ACM"",""NAFA14AD28B17FF30""]]","[""include""]",included,0,Unassigned,,
doi:10.1145/1806689.1806733,10.1145/1806689.1806733,1,"[""ACM""]","[[""ACM"",""N48D3C9C97E58DE57""]]","[""exclude""]",not_included,0,Unassigned,,
doi:10.1145/1807342,10.1145/1807342,1,"[""ACM""]","[[""ACM"",""ND4FBECEBC3C2DEF9""]]","[""exclude""]",not_included,0,Unassigned,,
doi:10.1145/1807342.1807389,10.1145/1807342.1807389,1,"[""ACM""]","[[""ACM"",""N06695E76FC0DD83C""]]","[""include""]",included,0,Unassigned,,
doi:10.1145/1807342.1807393,10.1145/1807342.1807393,1,"[""ACM""]","[[""ACM"",""N3ACE10BE4DB883BE""]]","[""exclude""]",not_included,0,Unassigned,,
doi:10.1145/1807342.1807394,10.1145/1807342.1807394,1,"[""ACM""]","[[""ACM"",""N93B50A2DEDB1FA05""]]","[""exclude""]",not_included,0,Unassigned,,
doi:10.1145/1807406.1807411,10.1145/1807406.1807411,1,"[""ACM""]","[[""ACM"",""NC7B844B26D81189D""]]","[""exclude""]",not_included,0,Unassigned,,
doi:10.1145/1807406.1807468,10.1145/1807406.1807468,1,"[""ACM""]","[[""ACM"",""N94C477A55C7B6EA0""]]","[""exclude""]",not_included,0,Unassigned,,
doi:10.1145/1809018.1809025,10.1145/1809018.1809025,1,"[""ACM""]","[[""ACM"",""N12563C367F2501AD""]]","[""exclude""]",not_included,0,Unassigned,,
doi:10.1145/1837856.1837872,10.1145/1837856.1837872,1,"[""ACM""]","[[""ACM"",""N4F1B9F021E2490AD""]]","[""exclude""]",not_included,0,Unassigned,,
doi:10.1145/1853079.1853086,10.1145/1853079.1853086,1,"[""ACM""]","[[""ACM"",""N868DBACC17E1F602""]]","[""exclude""]",not_included,0,Unassigned,,
doi:10.1145/1859995.1860016,10.1145/1859995.1860016,1,"[""ACM""]","[[""ACM"",""N23E4ECD772A6620E""]]","[""exclude""]",not_included,0,Unassigned,,
doi:10.1145/1859995.1860026,10.1145/1859995.1860026,1,"[""ACM""]","[[""ACM"",""N6047B89D291E4B2E""]]","[""exclude""]",not_included,0,Unassigned,,
doi:10.1145/1878537.1878554,10.1145/1878537.1878554,1,"[""ACM""]","[[""ACM"",""N62D16F452C8A63E9""]]","[""exclude""]",not_included,0,Unassigned,,
doi:10.1145/1882471.1882474,10.1145/1882471.1882474,1,"[""ACM""]","[[""ACM"",""NE6DEE996DEF63769""]]","[""exclude""]",not_included,0,Unassigned,,
doi:10.1145/1897852.1897870,10.1145/1897852.1897870,1,"[""ACM""]","[[""ACM"",""NF7319C4FDF20C945""]]","[""exclude""]",not_included,0,Unassigned,,
doi:10.1145/1940761.1940762,10.1145/1940761.1940762,1,"[""ACM""]","[[""ACM"",""N56AE5F09C4C6B448""]]","[""exclude""]",not_included,0,Unassigned,,
doi:10.1145/1963192.1963350,10.1145/1963192.1963350,1,"[""ACM""]","[[""ACM"",""N4CF3670ED8851277""]]","[""exclude""]",not_included,0,Unassigned,,
doi:10.1145/1963405.1963433,10.1145/1963405.1963433,1,"[""ACM""]","[[""ACM"",""N7BA5263B130EF4B4""]]","[""exclude""]",not_included,0,Unassigned,,
doi:10.1145/1968613.1968652,10.1145/1968613.1968652,1,"[""ACM""]","[[""ACM"",""N3EA5E0306DA14F88""]]","[""exclude""]",not_included,0,Unassigned,,
doi:10.1145/1980522.1980529,10.1145/1980522.1980529,1,"[""ACM""]","[[""ACM"",""NED7FC29C3DCF53B9""]]","[""exclude""]",not_included,0,Unassigned,,
doi:10.1145/1980534.1980535,10.1145/1980534.1980535,1,"[""ACM""]","[[""ACM"",""N7A64F7AD9FC740E0""]]","[""exclude""]",not_included,0,Unassigned,,
doi:10.1145/1982143.1982145,10.1145/1982143.1982145,1,"[""ACM""]","[[""ACM"",""NF07DE5A46F28EDCB""]]","[""exclude""]",not_included,0,Unassigned,,
doi:10.1145/1993574.1993580,10.1145/1993574.1993580,1,"[""ACM""]","[[""ACM"",""N0FAD038B07EDF8BC""]]","[""exclude""]",not_included,0,Unassigned,,
doi:10.1145/1993574.1993587,10.1145/1993574.1993587,1,"[""ACM""]","[[""ACM"",""N9D887F40AC7E6E35""]]","[""exclude""]",not_included,0,Unassigned,,
doi:10.1145/1993574.1993589,10.1145/1993574.1993589,1,"[""ACM""]","[[""ACM"",""NBBE089CE1AF4CF35""]]","[""exclude""]",not_included,0,Unassigned,,
doi:10.1145/1993574.1993601,10.1145/1993574.1993601,1,"[""ACM""]","[[""ACM"",""N19BE4CFD04BB954A""]]","[""exclude""]",not_included,0,Unassigned,,
doi:10.1145/1993574.1993605,10.1145/1993574.1993605,1,"[""ACM""]","[[""ACM"",""N8EB14CE495FC9324""]]","[""exclude""]",not_included,0,Unassigned,,
doi:10.1145/1993574.1993607,10.1145/1993574.1993607,1,"[""ACM""]","[[""ACM"",""N84F58CF5621CB138""]]","[""exclude""]",not_included,0,Unassigned,,
doi:10.1145/1993574.1993613,10.1145/1993574.1993613,1,"[""ACM""]","[[""ACM"",""N2AD96429C19C4B0A""]]","[""exclude""]",not_included,0,Unassigned,,
doi:10.1145/1993574.1993632,10.1145/1993574.1993632,1,"[""ACM""]","[[""ACM"",""N2B3346FEB7416AD9""]]","[""exclude""]",not_included,0,Unassigned,,
doi:10.1145/1993806.1993858,10.1145/1993806.1993858,1,"[""ACM""]","[[""ACM"",""N6CBDC540464642D3""]]","[""exclude""]",not_included,0,Unassigned,,
doi:10.1145/1998549.1998553,10.1145/1998549.1998553,1,"[""ACM""]","[[""ACM"",""N744AF21498826B40""]]","[""exclude""]",not_included,0,Unassigned,,
doi:10.1145/1998549.1998556,10.1145/1998549.1998556,1,"[""ACM""]","[[""ACM"",""N1744DA85E5E98746""]]","[""exclude""]",not_included,0,Unassigned,,
doi:10.1145/1998549.1998557,10.1145/1998549.1998557,1,"[""ACM""]","[[""ACM"",""NB4C5DDA547EAA251""]]","[""exclude""]",not_included,0,Unassigned,,
doi:10.1145/1999732.1999736,10.1145/1999732.1999736,1,"[""ACM""]","[[""ACM"",""N757690CD5E71958B""]]","[""exclude""]",not_included,0,Unassigned,,
doi:10.1145/2001858.2002048,10.1145/2001858.2002048,1,"[""ACM""]","[[""ACM"",""N3D94C11589A6144A""]]","[""include""]",included,0,Unassigned,,
doi:10.1145/2002333.2002346,10.1145/2002333.2002346,1,"[""ACM""]","[[""ACM"",""NA1E7CB1A870FD60D""]]","[""exclude""]",not_included,0,Unassigned,,
doi:10.1145/2020976.2020989,10.1145/2020976.2020989,1,"[""ACM""]","[[""ACM"",""NCCF34E457931E07E""]]","[""exclude""]",not_included,0,Unassigned,,
doi:10.1145/2020976.2020990,10.1145/2020976.2020990,1,"[""ACM""]","[[""ACM"",""NB8D9CB365F2D2438""]]","[""exclude""]",not_included,0,Unassigned,,
doi:10.1145/2023568.2023573,10.1145/2023568.2023573,1,"[""ACM""]","[[""ACM"",""N65A56FEBC8AB875C""]]","[""exclude""]",not_included,0,Unassigned,,
doi:10.1145/2030100.2030108,10.1145/2030100.2030108,1,"[""ACM""]","[[""ACM"",""N6E71AA97972EAFF5""]]","[""exclude""]",not_included,0,Unassigned,,
doi:10.1145/2030613.2030638,10.1145/2030613.2030638,1,"[""ACM""]","[[""ACM"",""N25975B99222CCB8A""]]","[""exclude""]",not_included,0,Unassigned,,
doi:10.1145/2031331.2031341,10.1145/2031331.2031341,1,"[""ACM""]","[[""ACM"",""N4FE9567569DD8E70""]]","[""exclude""]",not_included,0,Unassigned,,
doi:10.1145/2037556.2037559,10.1145/2037556.2037559,1,"[""ACM""]","[[""ACM"",""N0700567704FCF07B""]]","[""exclude""]",not_included,0,Unassigned,,
doi:10.1145/2038642.2038677,10.1145/2038642.2038677,1,"[""ACM""]","[[""ACM"",""NF24753F6385F1461""]]","[""exclude""]",not_included,0,Unassigned,,
doi:10.1145/2046556.2046565,10.1145/2046556.2046565,1,"[""ACM""]","[[""ACM"",""NAC0784F9CD72D7C0""]]","[""exclude""]",not_included,0,Unassigned,,
doi:10.1145/2048066.2048144,10.1145/2048066.2048144,1,"[""ACM""]","[[""ACM"",""N89A3BE1F464F9D9F""]]","[""exclude""]",not_included,0,Unassigned,,
doi:10.1145/205447.205458,10.1145/205447.205458,1,"[""ACM""]","[[""ACM"",""N143E65B7DF101A6A""]]","[""exclude""]",not_included,0,Unassigned,,
doi:10.1145/2070710.2070715,10.1145/2070710.2070715,1,"[""ACM""]","[[""ACM"",""NB1B820093D292255""]]","[""exclude""]",not_included,0,Unassigned,,
doi:10.1145/2072069.2072142,10.1145/2072069.2072142,1,"[""ACM""]","[[""ACM"",""NB706583A4A4EAE4A""]]","[""exclude""]",not_included,0,Unassigned,,
doi:10.1145/2078827.2078845,10.1145/2078827.2078845,1,"[""ACM""]","[[""ACM"",""N4C8AD4EF919044C7""]]","[""exclude""]",not_included,0,Unassigned,,
doi:10.1145/2095536.2095643,10.1145/2095536.2095643,1,"[""ACM""]","[[""ACM"",""NC2F594DB4F5C5C98""]]","[""exclude""]",not_included,0,Unassigned,,
doi:10.1145/2107581.2107582,10.1145/2107581.2107582,1,"[""ACM""]","[[""ACM"",""N2E278CAE0FB93B3A""]]","[""include""]",included,0,Unassigned,,
doi:10.1145/2108144.2108152,10.1145/2108144.2108152,1,"[""ACM""]","[[""ACM"",""N264303DF73DEB8B9""]]","[""exclude""]",not_included,0,Unassigned,,
doi:10.1145/2108616.2108681,10.1145/2108616.2108681,1,"[""ACM""]","[[""ACM"",""N7A6E9834DBBB79E8""]]","[""exclude""]",not_included,0,Unassigned,,
doi:10.1145/211430.211440,10.1145/211430.211440,1,"[""ACM""]","[[""ACM"",""NDA7B31D40366F31F""]]","[""exclude""]",not_included,0,Unassigned,,
doi:10.1145/2155620.2155647,10.1145/2155620.2155647,1,"[""ACM""]","[[""ACM"",""NA4C4201095DC9B72""]]","[""exclude""]",not_included,0,Unassigned,,
doi:10.1145/2187836.2187886,10.1145/2187836.2187886,1,"[""ACM""]","[[""ACM"",""N80926CCDAB325911""]]","[""exclude""]",not_included,0,Unassigned,,
doi:10.1145/2187836.2187887,10.1145/2187836.2187887,1,"[""ACM""]","[[""ACM"",""N60DE4F013D78785A""]]","[""include""]",included,0,Unassigned,,
doi:10.1145/2187836.2187970,10.1145/2187836.2187970,1,"[""ACM""]","[[""ACM"",""N1FC25319B77AACBD""]]","[""exclude""]",not_included,0,Unassigned,,
doi:10.1145/2187980.2188000,10.1145/2187980.2188000,1,"[""ACM""]","[[""ACM"",""N45355B7AC02EE832""]]","[""exclude""]",not_included,0,Unassigned,,
doi:10.1145/2187980.2188229,10.1145/2187980.2188229,1,"[""ACM""]","[[""ACM"",""NE2FB951CA57D6FF5""]]","[""include""]",included,0,Unassigned,,
doi:10.1145/2189778.2189781,10.1145/2189778.2189781,1,"[""ACM""]","[[""ACM"",""N8281ABC699C82C8D""]]","[""exclude""]",not_included,0,Unassigned,,
doi:10.1145/2213977.2213990,10.1145/2213977.2213990,1,"[""ACM""]","[[""ACM"",""N0225D4342960531B""]]","[""exclude""]",not_included,0,Unassigned,,
doi:10.1145/2229012,10.1145/2229012,1,"[""ACM""]","[[""ACM"",""N69B1D25125124E88""]]","[""exclude""]",not_included,0,Unassigned,,
doi:10.1145/2229012.2229017,10.1145/2229012.2229017,1,"[""ACM""]","[[""ACM"",""N57C577CBF8553232""]]","[""exclude""]",not_included,0,Unassigned,,
doi:10.1145/2229012.2229024,10.1145/2229012.2229024,1,"[""ACM""]","[[""ACM"",""NB84A229B1E6356C7""]]","[""exclude""]",not_included,0,Unassigned,,
doi:10.1145/2229012.2229025,10.1145/2229012.2229025,1,"[""ACM""]","[[""ACM"",""NF2C46098E12A666A""]]","[""exclude""]",not_included,0,Unassigned,,
doi:10.1145/2229012.2229026,10.1145/2229012.2229026,1,"[""ACM""]","[[""ACM"",""NB3E5255B5D1B53DD""]]","[""exclude""]",not_included,0,Unassigned,,
doi:10.1145/2229012.2229035,10.1145/2229012.2229035,1,"[""ACM""]","[[""ACM"",""NA4DCE3D92382C325""]]","[""exclude""]",not_included,0,Unassigned,,
doi:10.1145/2229012.2229052,10.1145/2229012.2229052,1,"[""ACM""]","[[""ACM"",""N7C9BDF02E14B5075""]]","[""exclude""]",not_included,0,Unassigned,,
doi:10.1145/2229012.2229067,10.1145/2229012.2229067,1,"[""ACM""]","[[""ACM"",""NA639C1C8403A36DD""]]","[""exclude""]",not_included,0,Unassigned,,
doi:10.1145/2229012.2229070,10.1145/2229012.2229070,1,"[""ACM""]","[[""ACM"",""N8F3EC0ED3FAF10B5""]]","[""exclude""]",not_included,0,Unassigned,,
doi:10.1145/2229012.2229076,10.1145/2229012.2229076,1,"[""ACM""]","[[""ACM"",""N13A7CA61364AF190""]]","[""exclude""]",not_included,0,Unassigned,,
doi:10.1145/2229012.2229082,10.1145/2229012.2229082,1,"[""ACM""]","[[""ACM"",""NE1C8EFB379E16F08""]]","[""exclude""]",not_included,0,Unassigned,,
doi:10.1145/2245276.2245419,10.1145/2245276.2245419,1,"[""ACM""]","[[""ACM"",""NDD06CC8C9F33CEDE""]]","[""exclude""]",not_included,0,Unassigned,,
doi:10.1145/2254129.2254181,10.1145/2254129.2254181,1,"[""ACM""]","[[""ACM"",""NED6DB7A7E8DA329C""]]","[""include""]",included,0,Unassigned,,
doi:10.1145/226150.226151,10.1145/226150.226151,1,"[""ACM""]","[[""ACM"",""N8DBC577CEC94C8E9""]]","[""exclude""]",not_included,0,Unassigned,,
doi:10.1145/2325702.2325705,10.1145/2325702.2325705,1,"[""ACM""]","[[""ACM"",""NCABB38CBAB468678""]]","[""exclude""]",not_included,0,Unassigned,,
doi:10.1145/2325702.2325712,10.1145/2325702.2325712,1,"[""ACM""]","[[""ACM"",""N204242DACA926E9C""]]","[""exclude""]",not_included,0,Unassigned,,
doi:10.1145/2325713.2325719,10.1145/2325713.2325719,1,"[""ACM""]","[[""ACM"",""NA74200C1B7827BAC""]]","[""exclude""]",not_included,0,Unassigned,,
doi:10.1145/2330163.2330300,10.1145/2330163.2330300,1,"[""ACM""]","[[""ACM"",""NA8E3E5B6FCCEF3C2""]]","[""exclude""]",not_included,0,Unassigned,,
doi:10.1145/2330784.2330789,10.1145/2330784.2330789,1,"[""ACM""]","[[""ACM"",""N36E265B91467304C""]]","[""exclude""]",not_included,0,Unassigned,,
doi:10.1145/2331812.2331824,10.1145/2331812.2331824,1,"[""ACM""]","[[""ACM"",""N3877E137AEDEE0BC""]]","[""exclude""]",not_included,0,Unassigned,,
doi:10.1145/2332432.2332444,10.1145/2332432.2332444,1,"[""ACM""]","[[""ACM"",""NB5A1447AAEBBFC08""]]","[""exclude""]",not_included,0,Unassigned,,
doi:10.1145/2345316.2345335,10.1145/2345316.2345335,1,"[""ACM""]","[[""ACM"",""NFBE6D066C96B7BE6""]]","[""exclude""]",not_included,0,Unassigned,,
doi:10.1145/2346536.2346538,10.1145/2346536.2346538,1,"[""ACM""]","[[""ACM"",""NC81EC7FCFCAFA9B7""]]","[""include""]",included,0,Unassigned,,
doi:10.1145/2346536.2346565,10.1145/2346536.2346565,1,"[""ACM""]","[[""ACM"",""N283A19853FA1FA83""]]","[""exclude""]",not_included,0,Unassigned,,
doi:10.1145/2348283.2348418,10.1145/2348283.2348418,1,"[""ACM""]","[[""ACM"",""NF4928D7B1B9A5A64""]]","[""exclude""]",not_included,0,Unassigned,,
doi:10.1145/2348714.2348723,10.1145/2348714.2348723,1,"[""ACM""]","[[""ACM"",""NCC24BD7E70ED3F0D""]]","[""exclude""]",not_included,0,Unassigned,,
doi:10.1145/236387.236411,10.1145/236387.236411,1,"[""ACM""]","[[""ACM"",""N6D22F0F775BD1A7D""]]","[""pending""]",not_included,1,Unassigned,,
doi:10.1145/2370216.2370250,10.1145/2370216.2370250,1,"[""ACM""]","[[""ACM"",""NCCCAFF0AF6FD62EF""]]","[""exclude""]",not_included,0,Unassigned,,
doi:10.1145/2371316.2371364,10.1145/2371316.2371364,1,"[""ACM""]","[[""ACM"",""NF3EF59C6B4DC963E""]]","[""exclude""]",not_included,0,Unassigned,,
doi:10.1145/237502.237574,10.1145/237502.237574,1,"[""ACM""]","[[""ACM"",""N3903D0C2E989028F""]]","[""pending""]",not_included,1,Unassigned,,
doi:10.1145/2378104.2378135,10.1145/2378104.2378135,1,"[""ACM""]","[[""ACM"",""NB34F5931D56CCA2D""]]","[""exclude""]",not_included,0,Unassigned,,
doi:10.1145/2381716.2381837,10.1145/2381716.2381837,1,"[""ACM""]","[[""ACM"",""N2D8E2A3360D0AF31""]]","[""exclude""]",not_included,0,Unassigned,,
doi:10.1145/2383276.2383290,10.1145/2383276.2383290,1,"[""ACM""]","[[""ACM"",""N30A8CA0A4BA18CD6""]]","[""exclude""]",not_included,0,Unassigned,,
doi:10.1145/2390231.2390243,10.1145/2390231.2390243,1,"[""ACM""]","[[""ACM"",""NBAA4E8ED83767D4F""]]","[""exclude""]",not_included,0,Unassigned,,
doi:10.1145/2399187.2399191,10.1145/2399187.2399191,1,"[""ACM""]","[[""ACM"",""N35C230FD15A9495C""]]","[""exclude""]",not_included,0,Unassigned,,
doi:10.1145/2422085.2422086,10.1145/2422085.2422086,1,"[""ACM""]","[[""ACM"",""NFA54ED5AC619A88E""]]","[""exclude""]",not_included,0,Unassigned,,
doi:10.1145/2438653.2438659,10.1145/2438653.2438659,1,"[""ACM""]","[[""ACM"",""ND7875A898A755DAE""]]","[""include""]",included,0,Unassigned,,
doi:10.1145/2451248.2451250,10.1145/2451248.2451250,1,"[""ACM""]","[[""ACM"",""N9AB721A66A8AF885""]]","[""exclude""]",not_included,0,Unassigned,,
doi:10.1145/2455.2460,10.1145/2455.2460,1,"[""ACM""]","[[""ACM"",""N46833A3E5CDA4ED7""]]","[""exclude""]",not_included,0,Unassigned,,
doi:10.1145/2462326.2462338,10.1145/2462326.2462338,1,"[""ACM""]","[[""ACM"",""N90418A3E5710C201""]]","[""exclude""]",not_included,0,Unassigned,,
doi:10.1145/2462476.2462497,10.1145/2462476.2462497,1,"[""ACM""]","[[""ACM"",""N8ACE7BC7D58F492C""]]","[""exclude""]",not_included,0,Unassigned,,
doi:10.1145/2463209.2488891,10.1145/2463209.2488891,1,"[""ACM""]","[[""ACM"",""NB95C79DB077C35ED""]]","[""exclude""]",not_included,0,Unassigned,,
doi:10.1145/2463372.2463499,10.1145/2463372.2463499,1,"[""ACM""]","[[""ACM"",""NAE5BCE64C28FF01E""]]","[""exclude""]",not_included,0,Unassigned,,
doi:10.1145/2463585.2463589,10.1145/2463585.2463589,1,"[""ACM""]","[[""ACM"",""N374A4C87360B5DDC""]]","[""exclude""]",not_included,0,Unassigned,,
doi:10.1145/2465769.2465773,10.1145/2465769.2465773,1,"[""ACM""]","[[""ACM"",""N971D82F50C05DED5""]]","[""exclude""]",not_included,0,Unassigned,,
doi:10.1145/2479787.2479800,10.1145/2479787.2479800,1,"[""ACM""]","[[""ACM"",""ND3EC57BC7484F135""]]","[""exclude""]",not_included,0,Unassigned,,
doi:10.1145/2482540.2482547,10.1145/2482540.2482547,1,"[""ACM""]","[[""ACM"",""N626BFEE633FA13C4""]]","[""exclude""]",not_included,0,Unassigned,,
doi:10.1145/2482540.2482551,10.1145/2482540.2482551,1,"[""ACM""]","[[""ACM"",""N1148C6EB0D6C279C""]]","[""exclude""]",not_included,0,Unassigned,,
doi:10.1145/2482540.2482554,10.1145/2482540.2482554,1,"[""ACM""]","[[""ACM"",""N81556050F670CB23""]]","[""exclude""]",not_included,0,Unassigned,,
doi:10.1145/2482540.2482576,10.1145/2482540.2482576,1,"[""ACM""]","[[""ACM"",""NE95F25A6BCD7FF42""]]","[""exclude""]",not_included,0,Unassigned,,
doi:10.1145/2482540.2482580,10.1145/2482540.2482580,1,"[""ACM""]","[[""ACM"",""NCED2087264469B92""]]","[""exclude""]",not_included,0,Unassigned,,
doi:10.1145/2482540.2482582,10.1145/2482540.2482582,1,"[""ACM""]","[[""ACM"",""N8B6C8CBE8FA5C5FF""]]","[""exclude""]",not_included,0,Unassigned,,
doi:10.1145/2482540.2482591,10.1145/2482540.2482591,1,"[""ACM""]","[[""ACM"",""NA9463782AF03F5BC""]]","[""exclude""]",not_included,0,Unassigned,,
doi:10.1145/2482540.2482595,10.1145/2482540.2482595,1,"[""ACM""]","[[""ACM"",""N6EE9A3D6D1672437""]]","[""exclude""]",not_included,0,Unassigned,,
doi:10.1145/2482540.2482599,10.1145/2482540.2482599,1,"[""ACM""]","[[""ACM"",""N80FCFDF2EF4857BC""]]","[""include""]",included,0,Unassigned,,
doi:10.1145/2482540.2482602,10.1145/2482540.2482602,1,"[""ACM""]","[[""ACM"",""NE7B85F297A1E650B""]]","[""exclude""]",not_included,0,Unassigned,,
doi:10.1145/2488968.2488972,10.1145/2488968.2488972,1,"[""ACM""]","[[""ACM"",""N1FF8CF92EB0A7BA0""]]","[""exclude""]",not_included,0,Unassigned,,
doi:10.1145/2490255,10.1145/2490255,1,"[""ACM""]","[[""ACM"",""N2EE9BC205711D7FD""]]","[""exclude""]",not_included,0,Unassigned,,
doi:10.1145/2491159.2491161,10.1145/2491159.2491161,1,"[""ACM""]","[[""ACM"",""N65F4504EDAC612E3""]]","[""exclude""]",not_included,0,Unassigned,,
doi:10.1145/2491533.2491553,10.1145/2491533.2491553,1,"[""ACM""]","[[""ACM"",""ND9A301B0FC569D85""]]","[""exclude""]",not_included,0,Unassigned,,
doi:10.1145/2492002.2482547,10.1145/2492002.2482547,1,"[""ACM""]","[[""ACM"",""N40EAD68C2DD543C0""]]","[""exclude""]",not_included,0,Unassigned,,
doi:10.1145/2492002.2482551,10.1145/2492002.2482551,1,"[""ACM""]","[[""ACM"",""N8C65FBC1B3030BE1""]]","[""exclude""]",not_included,0,Unassigned,,
doi:10.1145/2492002.2482554,10.1145/2492002.2482554,1,"[""ACM""]","[[""ACM"",""N4DE8989CB4E6ABE3""]]","[""exclude""]",not_included,0,Unassigned,,
doi:10.1145/2492002.2482576,10.1145/2492002.2482576,1,"[""ACM""]","[[""ACM"",""N14D83178A2AE7D28""]]","[""exclude""]",not_included,0,Unassigned,,
doi:10.1145/2492002.2482580,10.1145/2492002.2482580,1,"[""ACM""]","[[""ACM"",""N8F9A68123BCBA3F5""]]","[""exclude""]",not_included,0,Unassigned,,
doi:10.1145/2492002.2482582,10.1145/2492002.2482582,1,"[""ACM""]","[[""ACM"",""ND126C208BC964956""]]","[""exclude""]",not_included,0,Unassigned,,
doi:10.1145/2492002.2482591,10.1145/2492002.2482591,1,"[""ACM""]","[[""ACM"",""N5395737A6D6D378C""]]","[""exclude""]",not_included,0,Unassigned,,
doi:10.1145/2492002.2482595,10.1145/2492002.2482595,1,"[""ACM""]","[[""ACM"",""N718E2B7360785B34""]]","[""exclude""]",not_included,0,Unassigned,,
doi:10.1145/2492002.2482599,10.1145/2492002.2482599,1,"[""ACM""]","[[""ACM"",""N06D2F1584A5E3AC1""]]","[""include""]",included,0,Unassigned,,
doi:10.1145/2492002.2482602,10.1145/2492002.2482602,1,"[""ACM""]","[[""ACM"",""N92612FF9A99FA95C""]]","[""exclude""]",not_included,0,Unassigned,,
doi:10.1145/2500121,10.1145/2500121,1,"[""ACM""]","[[""ACM"",""N62AB4683C7195FDF""]]","[""exclude""]",not_included,0,Unassigned,,
doi:10.1145/2502935.2502948,10.1145/2502935.2502948,1,"[""ACM""]","[[""ACM"",""N77456B92262F329C""]]","[""exclude""]",not_included,0,Unassigned,,
doi:10.1145/2505494.2505504,10.1145/2505494.2505504,1,"[""ACM""]","[[""ACM"",""N3C6D951FC3DD2526""]]","[""exclude""]",not_included,0,Unassigned,,
doi:10.1145/2509413.2509417,10.1145/2509413.2509417,1,"[""ACM""]","[[""ACM"",""N4E924CA3BFF27333""]]","[""include""]",included,0,Unassigned,,
doi:10.1145/2517881.2517893,10.1145/2517881.2517893,1,"[""ACM""]","[[""ACM"",""N9B0C4498B0D154F5""]]","[""exclude""]",not_included,0,Unassigned,,
doi:10.1145/2533828.2533841,10.1145/2533828.2533841,1,"[""ACM""]","[[""ACM"",""NB5D85CF022AA622A""]]","[""exclude""]",not_included,0,Unassigned,,
doi:10.1145/2536536.2536612,10.1145/2536536.2536612,1,"[""ACM""]","[[""ACM"",""N79084AEA933C9E3F""]]","[""exclude""]",not_included,0,Unassigned,,
doi:10.1145/2542174.2542175,10.1145/2542174.2542175,1,"[""ACM""]","[[""ACM"",""N5CBF54FA195DC0F2""]]","[""exclude""]",not_included,0,Unassigned,,
doi:10.1145/2554850.2555028,10.1145/2554850.2555028,1,"[""ACM""]","[[""ACM"",""NFF1DEEA3C014F2C3""]]","[""exclude""]",not_included,0,Unassigned,,
doi:10.1145/2554850.2555150,10.1145/2554850.2555150,1,"[""ACM""]","[[""ACM"",""N928D910D79055F50""]]","[""exclude""]",not_included,0,Unassigned,,
doi:10.1145/256562.256601,10.1145/256562.256601,1,"[""ACM""]","[[""ACM"",""N4108941B4DDAD356""]]","[""exclude""]",not_included,0,Unassigned,,
doi:10.1145/2588555.2588558,10.1145/2588555.2588558,1,"[""ACM""]","[[""ACM"",""N0EC440F73C0353F3""]]","[""exclude""]",not_included,0,Unassigned,,
doi:10.1145/2591888.2591962,10.1145/2591888.2591962,1,"[""ACM""]","[[""ACM"",""NE514E84A4D0DC47F""]]","[""exclude""]",not_included,0,Unassigned,,
doi:10.1145/2600057.2602833,10.1145/2600057.2602833,1,"[""ACM""]","[[""ACM"",""NA8D2DE5E93DA3DF2""]]","[""exclude""]",not_included,0,Unassigned,,
doi:10.1145/2600057.2602851,10.1145/2600057.2602851,1,"[""ACM""]","[[""ACM"",""N5E06DCEF7AE46234""]]","[""exclude""]",not_included,0,Unassigned,,
doi:10.1145/2600057.2602858,10.1145/2600057.2602858,1,"[""ACM""]","[[""ACM"",""NCA6FA537260F59CC""]]","[""exclude""]",not_included,0,Unassigned,,
doi:10.1145/2600057.2602864,10.1145/2600057.2602864,1,"[""ACM""]","[[""ACM"",""NA5762F6F6D375752""]]","[""exclude""]",not_included,0,Unassigned,,
doi:10.1145/2600057.2602877,10.1145/2600057.2602877,1,"[""ACM""]","[[""ACM"",""N60F2D058958FF2C6""]]","[""exclude""]",not_included,0,Unassigned,,
doi:10.1145/2600057.2602878,10.1145/2600057.2602878,1,"[""ACM""]","[[""ACM"",""N51D7DFA39793A145""]]","[""exclude""]",not_included,0,Unassigned,,
doi:10.1145/2600057.2602880,10.1145/2600057.2602880,1,"[""ACM""]","[[""ACM"",""N630FF93337D0D071""]]","[""exclude""]",not_included,0,Unassigned,,
doi:10.1145/2600057.2602893,10.1145/2600057.2602893,1,"[""ACM""]","[[""ACM"",""N398E43DBBEE8A426""]]","[""exclude""]",not_included,0,Unassigned,,
doi:10.1145/2600057.2602897,10.1145/2600057.2602897,1,"[""ACM""]","[[""ACM"",""N9994CB61672BAF71""]]","[""exclude""]",not_included,0,Unassigned,,
doi:10.1145/2600057.2602902,10.1145/2600057.2602902,1,"[""ACM""]","[[""ACM"",""N44663B5806658742""]]","[""exclude""]",not_included,0,Unassigned,,
doi:10.1145/2602044.2602068,10.1145/2602044.2602068,1,"[""ACM""]","[[""ACM"",""N0F64CC6433568BC0""]]","[""exclude""]",not_included,0,Unassigned,,
doi:10.1145/2608628.2608672,10.1145/2608628.2608672,1,"[""ACM""]","[[""ACM"",""N63C620A725F88F6A""]]","[""exclude""]",not_included,0,Unassigned,,
doi:10.1145/2611462.2611516,10.1145/2611462.2611516,1,"[""ACM""]","[[""ACM"",""NCDDD6C64303C8A3D""]]","[""exclude""]",not_included,0,Unassigned,,
doi:10.1145/2623330.2623357,10.1145/2623330.2623357,1,"[""ACM""]","[[""ACM"",""N41D458EEC9946A3A""]]","[""exclude""]",not_included,0,Unassigned,,
doi:10.1145/2630729.2630740,10.1145/2630729.2630740,1,"[""ACM""]","[[""ACM"",""NEC8AC9BF358AB3B0""]]","[""exclude""]",not_included,0,Unassigned,,
doi:10.1145/2632951.2632955,10.1145/2632951.2632955,1,"[""ACM""]","[[""ACM"",""N54580018FF2FA257""]]","[""exclude""]",not_included,0,Unassigned,,
doi:10.1145/2632951.2632959,10.1145/2632951.2632959,1,"[""ACM""]","[[""ACM"",""NEC82F4BC94AA0483""]]","[""exclude""]",not_included,0,Unassigned,,
doi:10.1145/263814.263848,10.1145/263814.263848,1,"[""ACM""]","[[""ACM"",""NDF806C12D1201A8D""]]","[""pending""]",not_included,1,Unassigned,,
doi:10.1145/2639108.2639120,10.1145/2639108.2639120,1,"[""ACM""]","[[""ACM"",""N49DB9030764D8CEF""]]","[""exclude""]",not_included,0,Unassigned,,
doi:10.1145/2639968.2640062,10.1145/2639968.2640062,1,"[""ACM""]","[[""ACM"",""N2A21E8933191DDBE""]]","[""exclude""]",not_included,0,Unassigned,,
doi:10.1145/2639968.2640080,10.1145/2639968.2640080,1,"[""ACM""]","[[""ACM"",""N6D48E473CD7D1DCD""]]","[""exclude""]",not_included,0,Unassigned,,
doi:10.1145/2642937.2642972,10.1145/2642937.2642972,1,"[""ACM""]","[[""ACM"",""NEAAF17CF7A84357F""]]","[""exclude""]",not_included,0,Unassigned,,
doi:10.1145/2645791.2645844,10.1145/2645791.2645844,1,"[""ACM""]","[[""ACM"",""N15409103BEC8E8FB""]]","[""exclude""]",not_included,0,Unassigned,,
doi:10.1145/2664591.2664593,10.1145/2664591.2664593,1,"[""ACM""]","[[""ACM"",""N56CA9C85EE45BC4D""]]","[""exclude""]",not_included,0,Unassigned,,
doi:10.1145/2669592.2669690,10.1145/2669592.2669690,1,"[""ACM""]","[[""ACM"",""NE7F4B12A5D406250""]]","[""exclude""]",not_included,0,Unassigned,,
doi:10.1145/2674918.2674928,10.1145/2674918.2674928,1,"[""ACM""]","[[""ACM"",""N7995105383617BFF""]]","[""exclude""]",not_included,0,Unassigned,,
doi:10.1145/2676726.2677000,10.1145/2676726.2677000,1,"[""ACM""]","[[""ACM"",""NA731858ED67569C4""]]","[""exclude""]",not_included,0,Unassigned,,
doi:10.1145/2677855.2677875,10.1145/2677855.2677875,1,"[""ACM""]","[[""ACM"",""N06909284625D2FDA""]]","[""exclude""]",not_included,0,Unassigned,,
doi:10.1145/2688073.2688113,10.1145/2688073.2688113,1,"[""ACM""]","[[""ACM"",""N35D93C9EE3AEAD7B""]]","[""exclude""]",not_included,0,Unassigned,,
doi:10.1145/2691195.2691211,10.1145/2691195.2691211,1,"[""ACM""]","[[""ACM"",""NFA67D85DC29E03D8""]]","[""exclude""]",not_included,0,Unassigned,,
doi:10.1145/2692375.2692384,10.1145/2692375.2692384,1,"[""ACM""]","[[""ACM"",""NE6D8950DF0A43A67""]]","[""exclude""]",not_included,0,Unassigned,,
doi:10.1145/2695533.2695547,10.1145/2695533.2695547,1,"[""ACM""]","[[""ACM"",""NF802AF0A932C308F""]]","[""exclude""]",not_included,0,Unassigned,,
doi:10.1145/2699026.2699098,10.1145/2699026.2699098,1,"[""ACM""]","[[""ACM"",""N8364D2C4085D467D""]]","[""exclude""]",not_included,0,Unassigned,,
doi:10.1145/2699407,10.1145/2699407,1,"[""ACM""]","[[""ACM"",""N143485091BBC81CC""]]","[""exclude""]",not_included,0,Unassigned,,
doi:10.1145/2700171.2791029,10.1145/2700171.2791029,1,"[""ACM""]","[[""ACM"",""N9E308C948FBB0064""]]","[""exclude""]",not_included,0,Unassigned,,
doi:10.1145/2700403,10.1145/2700403,1,"[""ACM""]","[[""ACM"",""N30E5759719AA0071""]]","[""exclude""]",not_included,0,Unassigned,,
doi:10.1145/271074.271095,10.1145/271074.271095,1,"[""ACM""]","[[""ACM"",""N78202A8B401EDAF0""]]","[""exclude""]",not_included,0,Unassigned,,
doi:10.1145/2714576.2714628,10.1145/2714576.2714628,1,"[""ACM""]","[[""ACM"",""N9E94977FE421ACBA""]]","[""exclude""]",not_included,0,Unassigned,,
doi:10.1145/271510.271519,10.1145/271510.271519,1,"[""ACM""]","[[""ACM"",""N7F10E98BF17904C2""]]","[""exclude""]",not_included,0,Unassigned,,
doi:10.1145/2716281.2836103,10.1145/2716281.2836103,1,"[""ACM""]","[[""ACM"",""N5AEED0F86F443949""]]","[""exclude""]",not_included,0,Unassigned,,
doi:10.1145/2723372,10.1145/2723372,1,"[""ACM""]","[[""ACM"",""NA7ECB75A3D00A8DE""]]","[""exclude""]",not_included,0,Unassigned,,
doi:10.1145/2729978,10.1145/2729978,1,"[""ACM""]","[[""ACM"",""N194803990377C11C""]]","[""exclude""]",not_included,0,Unassigned,,
doi:10.1145/2736277.2741102,10.1145/2736277.2741102,1,"[""ACM""]","[[""ACM"",""N5F75D0360E2CED3B""]]","[""exclude""]",not_included,0,Unassigned,,
doi:10.1145/2736277.2741138,10.1145/2736277.2741138,1,"[""ACM""]","[[""ACM"",""NEB58ACF2DEFADD98""]]","[""exclude""]",not_included,0,Unassigned,,
doi:10.1145/2740908.2742001,10.1145/2740908.2742001,1,"[""ACM""]","[[""ACM"",""NF9E730ED62497A44""]]","[""exclude""]",not_included,0,Unassigned,,
doi:10.1145/2746285.2746301,10.1145/2746285.2746301,1,"[""ACM""]","[[""ACM"",""N992158FD42ABC091""]]","[""exclude""]",not_included,0,Unassigned,,
doi:10.1145/2746346,10.1145/2746346,1,"[""ACM""]","[[""ACM"",""N70BE5573C6764CFB""]]","[""exclude""]",not_included,0,Unassigned,,
doi:10.1145/2746539.2746569,10.1145/2746539.2746569,1,"[""ACM""]","[[""ACM"",""NA73D97DF0A2BBBA9""]]","[""exclude""]",not_included,0,Unassigned,,
doi:10.1145/2756509.2756510,10.1145/2756509.2756510,1,"[""ACM""]","[[""ACM"",""N2F4EEAE235C33840""]]","[""exclude""]",not_included,0,Unassigned,,
doi:10.1145/2757277,10.1145/2757277,1,"[""ACM""]","[[""ACM"",""N8263AD6B1B67B5E1""]]","[""exclude""]",not_included,0,Unassigned,,
doi:10.1145/2764468,10.1145/2764468,1,"[""ACM""]","[[""ACM"",""N98749BC1D550A11A""]]","[""exclude""]",not_included,0,Unassigned,,
doi:10.1145/2764468.2764472,10.1145/2764468.2764472,1,"[""ACM""]","[[""ACM"",""N557936CF953CDFA2""]]","[""exclude""]",not_included,0,Unassigned,,
doi:10.1145/2764468.2764498,10.1145/2764468.2764498,1,"[""ACM""]","[[""ACM"",""NCA5EC6DC86EF008E""]]","[""exclude""]",not_included,0,Unassigned,,
doi:10.1145/2764468.2764500,10.1145/2764468.2764500,1,"[""ACM""]","[[""ACM"",""N62765E78FC832F1D""]]","[""exclude""]",not_included,0,Unassigned,,
doi:10.1145/2764468.2764502,10.1145/2764468.2764502,1,"[""ACM""]","[[""ACM"",""N4A90EF71D973B35E""]]","[""exclude""]",not_included,0,Unassigned,,
doi:10.1145/2764468.2764505,10.1145/2764468.2764505,1,"[""ACM""]","[[""ACM"",""N2F393AA577D0A296""]]","[""exclude""]",not_included,0,Unassigned,,
doi:10.1145/2764468.2764513,10.1145/2764468.2764513,1,"[""ACM""]","[[""ACM"",""NF3A8C0DA15DD8458""]]","[""exclude""]",not_included,0,Unassigned,,
doi:10.1145/2764468.2764520,10.1145/2764468.2764520,1,"[""ACM""]","[[""ACM"",""N363A8F332BE9468F""]]","[""exclude""]",not_included,0,Unassigned,,
doi:10.1145/2764468.2764522,10.1145/2764468.2764522,1,"[""ACM""]","[[""ACM"",""N804D0A50057A707B""]]","[""exclude""]",not_included,0,Unassigned,,
doi:10.1145/2764918,10.1145/2764918,1,"[""ACM""]","[[""ACM"",""NB18E22CB49A52739""]]","[""exclude""]",not_included,0,Unassigned,,
doi:10.1145/2774993.2775005,10.1145/2774993.2775005,1,"[""ACM""]","[[""ACM"",""NB77F15C20CCA5782""]]","[""exclude""]",not_included,0,Unassigned,,
doi:10.1145/2783258.2783276,10.1145/2783258.2783276,1,"[""ACM""]","[[""ACM"",""NBEBC9C591349C0F2""]]","[""exclude""]",not_included,0,Unassigned,,
doi:10.1145/2783258.2783370,10.1145/2783258.2783370,1,"[""ACM""]","[[""ACM"",""N0471A0822F64C975""]]","[""exclude""]",not_included,0,Unassigned,,
doi:10.1145/2785830.2785874,10.1145/2785830.2785874,1,"[""ACM""]","[[""ACM"",""E101""]]","[""exclude""]",not_included,0,Unassigned,,
doi:10.1145/2792838.2800177,10.1145/2792838.2800177,1,"[""ACM""]","[[""ACM"",""NB2A63B1EE8B46145""]]","[""exclude""]",not_included,0,Unassigned,,
doi:10.1145/2799979.2800039,10.1145/2799979.2800039,1,"[""ACM""]","[[""ACM"",""N292DF8781CAD3C3E""]]","[""exclude""]",not_included,0,Unassigned,,
doi:10.1145/2810103.2813699,10.1145/2810103.2813699,1,"[""ACM""]","[[""ACM"",""N9D20C04FDA85F569""]]","[""exclude""]",not_included,0,Unassigned,,
doi:10.1145/2817460.2817484,10.1145/2817460.2817484,1,"[""ACM""]","[[""ACM"",""N34CA559155A6C1D8""]]","[""exclude""]",not_included,0,Unassigned,,
doi:10.1145/2822013,10.1145/2822013,1,"[""ACM""]","[[""ACM"",""N55D74CD5B7DE9D73""]]","[""exclude""]",not_included,0,Unassigned,,
doi:10.1145/2833086,10.1145/2833086,1,"[""ACM""]","[[""ACM"",""N469A861E47917532""]]","[""exclude""]",not_included,0,Unassigned,,
doi:10.1145/2835375,10.1145/2835375,1,"[""ACM""]","[[""ACM"",""N20138D694040B4D4""]]","[""exclude""]",not_included,0,Unassigned,,
doi:10.1145/2837029,10.1145/2837029,1,"[""ACM""]","[[""ACM"",""N3A3B86097C0E952C""]]","[""exclude""]",not_included,0,Unassigned,,
doi:10.1145/2837614,10.1145/2837614,1,"[""ACM""]","[[""ACM"",""N47CD5BD441D56473""]]","[""exclude""]",not_included,0,Unassigned,,
doi:10.1145/2845926.2845932,10.1145/2845926.2845932,1,"[""ACM""]","[[""ACM"",""N28A02F2F25C15EE0""]]","[""exclude""]",not_included,0,Unassigned,,
doi:10.1145/2845926.2845935,10.1145/2845926.2845935,1,"[""ACM""]","[[""ACM"",""N11ABC761353565DC""]]","[""exclude""]",not_included,0,Unassigned,,
doi:10.1145/2847220.2847243,10.1145/2847220.2847243,1,"[""ACM""]","[[""ACM"",""N4058AC79DEA5E211""]]","[""exclude""]",not_included,0,Unassigned,,
doi:10.1145/2851613.2851836,10.1145/2851613.2851836,1,"[""ACM""]","[[""ACM"",""N3D904AE85B6CB0BB""]]","[""exclude""]",not_included,0,Unassigned,,
doi:10.1145/2856400.2856411,10.1145/2856400.2856411,1,"[""ACM""]","[[""ACM"",""N8A2A9060F90BC3AF""]]","[""exclude""]",not_included,0,Unassigned,,
doi:10.1145/2872427.2882986,10.1145/2872427.2882986,1,"[""ACM""]","[[""ACM"",""N54E9F4A91B831C2B""]]","[""exclude""]",not_included,0,Unassigned,,
doi:10.1145/2874357,10.1145/2874357,1,"[""ACM""]","[[""ACM"",""NA1A1B4F5CD2A0967""]]","[""exclude""]",not_included,0,Unassigned,,
doi:10.1145/2893582.2893591,10.1145/2893582.2893591,1,"[""ACM""]","[[""ACM"",""N5674181CD6A19608""]]","[""exclude""]",not_included,0,Unassigned,,
doi:10.1145/2897186,10.1145/2897186,1,"[""ACM""]","[[""ACM"",""N4992A969E3AE0866""]]","[""exclude""]",not_included,0,Unassigned,,
doi:10.1145/2897518.2897645,10.1145/2897518.2897645,1,"[""ACM""]","[[""ACM"",""NEF70E6B19A3123B3""]]","[""exclude""]",not_included,0,Unassigned,,
doi:10.1145/2901790.2901893,10.1145/2901790.2901893,1,"[""ACM""]","[[""ACM"",""N54DDC8592599CD5A""]]","[""exclude""]",not_included,0,Unassigned,,
doi:10.1145/2904104.2904108,10.1145/2904104.2904108,1,"[""ACM""]","[[""ACM"",""NFC5FBCEB0ED7E640""]]","[""exclude""]",not_included,0,Unassigned,,
doi:10.1145/2908131.2908148,10.1145/2908131.2908148,1,"[""ACM""]","[[""ACM"",""N122AB4EF662CFCFD""]]","[""exclude""]",not_included,0,Unassigned,,
doi:10.1145/2910925.2910945,10.1145/2910925.2910945,1,"[""ACM""]","[[""ACM"",""N9BF8264A4E04D164""]]","[""exclude""]",not_included,0,Unassigned,,
doi:10.1145/2912160.2912181,10.1145/2912160.2912181,1,"[""ACM""]","[[""ACM"",""N353C219EE2F51052""]]","[""exclude""]",not_included,0,Unassigned,,
doi:10.1145/2930674.2930700,10.1145/2930674.2930700,1,"[""ACM""]","[[""ACM"",""N77977DE6A3B6ABD1""]]","[""exclude""]",not_included,0,Unassigned,,
doi:10.1145/2933267.2933516,10.1145/2933267.2933516,1,"[""ACM""]","[[""ACM"",""N3FC3FACA639E18DD""]]","[""exclude""]",not_included,0,Unassigned,,
doi:10.1145/2938727,10.1145/2938727,1,"[""ACM""]","[[""ACM"",""NEB4BA3B6F6CAAF65""]]","[""exclude""]",not_included,0,Unassigned,,
doi:10.1145/2940716.2940720,10.1145/2940716.2940720,1,"[""ACM""]","[[""ACM"",""N8D65FE856A87BC21""]]","[""exclude""]",not_included,0,Unassigned,,
doi:10.1145/2940716.2940738,10.1145/2940716.2940738,1,"[""ACM""]","[[""ACM"",""NBE526CCBF91B5677""]]","[""exclude""]",not_included,0,Unassigned,,
doi:10.1145/2940716.2940745,10.1145/2940716.2940745,1,"[""ACM""]","[[""ACM"",""N32D0D850BBD067C8""]]","[""exclude""]",not_included,0,Unassigned,,
doi:10.1145/2940716.2940746,10.1145/2940716.2940746,1,"[""ACM""]","[[""ACM"",""N2739D0321F37CE3E""]]","[""exclude""]",not_included,0,Unassigned,,
doi:10.1145/2940716.2940751,10.1145/2940716.2940751,1,"[""ACM""]","[[""ACM"",""N3250BC9456ABD8AE""]]","[""exclude""]",not_included,0,Unassigned,,
doi:10.1145/2940716.2940752,10.1145/2940716.2940752,1,"[""ACM""]","[[""ACM"",""NB403D81FE80FFF5D""]]","[""exclude""]",not_included,0,Unassigned,,
doi:10.1145/2940716.2940775,10.1145/2940716.2940775,1,"[""ACM""]","[[""ACM"",""N300AC0EE1118B5A8""]]","[""exclude""]",not_included,0,Unassigned,,
doi:10.1145/2945078,10.1145/2945078,1,"[""ACM""]","[[""ACM"",""N66FEC9DAE46A7772""]]","[""exclude""]",not_included,0,Unassigned,,
doi:10.1145/2948973,10.1145/2948973,1,"[""ACM""]","[[""ACM"",""NE377E198E8CC6C30""]]","[""exclude""]",not_included,0,Unassigned,,
doi:10.1145/2950290,10.1145/2950290,1,"[""ACM""]","[[""ACM"",""NEE1F42B553721F5D""]]","[""exclude""]",not_included,0,Unassigned,,
doi:10.1145/2956585,10.1145/2956585,1,"[""ACM""]","[[""ACM"",""NDED90BE82A15915A""]]","[""exclude""]",not_included,0,Unassigned,,
doi:10.1145/2959100.2959135,10.1145/2959100.2959135,1,"[""ACM""]","[[""ACM"",""N0DC7A23D691B116C""]]","[""exclude""]",not_included,0,Unassigned,,
doi:10.1145/2970276,10.1145/2970276,1,"[""ACM""]","[[""ACM"",""N40873D500AD6B231""]]","[""exclude""]",not_included,0,Unassigned,,
doi:10.1145/2971603.2971620,10.1145/2971603.2971620,1,"[""ACM""]","[[""ACM"",""N49FD7F9318123E38""]]","[""include""]",included,0,Unassigned,,
doi:10.1145/2976749.2978333,10.1145/2976749.2978333,1,"[""ACM""]","[[""ACM"",""N84640873DEB10BAE""]]","[""exclude""]",not_included,0,Unassigned,,
doi:10.1145/2976749.2978418,10.1145/2976749.2978418,1,"[""ACM""]","[[""ACM"",""N589A5E851EBCEB79""]]","[""exclude""]",not_included,0,Unassigned,,
doi:10.1145/2978655,10.1145/2978655,1,"[""ACM""]","[[""ACM"",""NDD59EBDFE197522B""]]","[""include""]",included,0,Unassigned,,
doi:10.1145/2979676,10.1145/2979676,1,"[""ACM""]","[[""ACM"",""N1F769FE7B422FC64""]]","[""exclude""]",not_included,0,Unassigned,,
doi:10.1145/2983323.2983370,10.1145/2983323.2983370,1,"[""ACM""]","[[""ACM"",""N8B86794A00D442A7""]]","[""exclude""]",not_included,0,Unassigned,,
doi:10.1145/2994501.2994506,10.1145/2994501.2994506,1,"[""ACM""]","[[""ACM"",""N69170D8A896FFB7F""]]","[""exclude""]",not_included,0,Unassigned,,
doi:10.1145/3003434,10.1145/3003434,1,"[""ACM""]","[[""ACM"",""N05B8EBD57D20CE47""]]","[""exclude""]",not_included,0,Unassigned,,
doi:10.1145/3014432,10.1145/3014432,1,"[""ACM""]","[[""ACM"",""N640DB5ED37C7C19A""]]","[""exclude""]",not_included,0,Unassigned,,
doi:10.1145/3033274.3085104,10.1145/3033274.3085104,1,"[""ACM""]","[[""ACM"",""N34CB5CAF2A6A90D2""]]","[""exclude""]",not_included,0,Unassigned,,
doi:10.1145/3033274.3085118,10.1145/3033274.3085118,1,"[""ACM""]","[[""ACM"",""ND59466AE7AFFF944""]]","[""exclude""]",not_included,0,Unassigned,,
doi:10.1145/3033274.3085130,10.1145/3033274.3085130,1,"[""ACM""]","[[""ACM"",""NF1E809EAE158E79D""]]","[""exclude""]",not_included,0,Unassigned,,
doi:10.1145/3033274.3085154,10.1145/3033274.3085154,1,"[""ACM""]","[[""ACM"",""NAADD512F300F091C""]]","[""exclude""]",not_included,0,Unassigned,,
doi:10.1145/3047273.3047306,10.1145/3047273.3047306,1,"[""ACM""]","[[""ACM"",""N20B63B9ECFA67929""]]","[""exclude""]",not_included,0,Unassigned,,
doi:10.1145/3051457.3054000,10.1145/3051457.3054000,1,"[""ACM""]","[[""ACM"",""NFA7060025EED8B28""]]","[""exclude""]",not_included,0,Unassigned,,
doi:10.1145/3052973.3053031,10.1145/3052973.3053031,1,"[""ACM""]","[[""ACM"",""N71753471404F1599""]]","[""exclude""]",not_included,0,Unassigned,,
doi:10.1145/306101.306109,10.1145/306101.306109,1,"[""ACM""]","[[""ACM"",""NCF76138ED91E542D""]]","[""include""]",included,0,Unassigned,,
doi:10.1145/3078155.3078161,10.1145/3078155.3078161,1,"[""ACM""]","[[""ACM"",""N4BE8B9684638E726""]]","[""exclude""]",not_included,0,Unassigned,,
doi:10.1145/3078505.3078507,10.1145/3078505.3078507,1,"[""ACM""]","[[""ACM"",""NFB35F122A9FBB6C3""]]","[""exclude""]",not_included,0,Unassigned,,
doi:10.1145/3078852,10.1145/3078852,1,"[""ACM""]","[[""ACM"",""NFE81DB341035D3A9""]]","[""exclude""]",not_included,0,Unassigned,,
doi:10.1145/3078853,10.1145/3078853,1,"[""ACM""]","[[""ACM"",""N147FE1FCE18DF0A4""]]","[""exclude""]",not_included,0,Unassigned,,
doi:10.1145/3084358,10.1145/3084358,1,"[""ACM""]","[[""ACM"",""N16094C5D2B06CD36""]]","[""exclude""]",not_included,0,Unassigned,,
doi:10.1145/3091478.3091502,10.1145/3091478.3091502,1,"[""ACM""]","[[""ACM"",""N7F4299B2CD7B7BF5""]]","[""exclude""]",not_included,0,Unassigned,,
doi:10.1145/3097983.3098014,10.1145/3097983.3098014,1,"[""ACM""]","[[""ACM"",""N2F68D04CC69E23CB""]]","[""exclude""]",not_included,0,Unassigned,,
doi:10.1145/309831.309961,10.1145/309831.309961,1,"[""ACM""]","[[""ACM"",""NC5C6B00F3DE8541D""]]","[""pending""]",not_included,1,Unassigned,,
doi:10.1145/3106426.3106485,10.1145/3106426.3106485,1,"[""ACM""]","[[""ACM"",""N241FA70B1D236D3F""]]","[""exclude""]",not_included,0,Unassigned,,
doi:10.1145/3110025.3110065,10.1145/3110025.3110065,1,"[""ACM""]","[[""ACM"",""N133B1852F816F729""]]","[""exclude""]",not_included,0,Unassigned,,
doi:10.1145/3123024.3124404,10.1145/3123024.3124404,1,"[""ACM""]","[[""ACM"",""NF879C7A6AAD27117""]]","[""exclude""]",not_included,0,Unassigned,,
doi:10.1145/3123939.3123971,10.1145/3123939.3123971,1,"[""ACM""]","[[""ACM"",""N75DD3DC7DD42C2C9""]]","[""exclude""]",not_included,0,Unassigned,,
doi:10.1145/312624.312664,10.1145/312624.312664,1,"[""ACM""]","[[""ACM"",""N5F20E855B640B0F8""]]","[""pending""]",not_included,1,Unassigned,,
doi:10.1145/312624.312741,10.1145/312624.312741,1,"[""ACM""]","[[""ACM"",""N19D165F045CFF439""]]","[""pending""]",not_included,1,Unassigned,,
doi:10.1145/3126973.3126995,10.1145/3126973.3126995,1,"[""ACM""]","[[""ACM"",""N35EB682AF3E05E5F""]]","[""exclude""]",not_included,0,Unassigned,,
doi:10.1145/3127479.3131613,10.1145/3127479.3131613,1,"[""ACM""]","[[""ACM"",""NF68E3929049C03A1""]]","[""exclude""]",not_included,0,Unassigned,,
doi:10.1145/3129457.3129497,10.1145/3129457.3129497,1,"[""ACM""]","[[""ACM"",""NF3E3AC44A2F5244B""]]","[""exclude""]",not_included,0,Unassigned,,
doi:10.1145/3132211.3134462,10.1145/3132211.3134462,1,"[""ACM""]","[[""ACM"",""NC74CA15158E08DC8""]]","[""exclude""]",not_included,0,Unassigned,,
doi:10.1145/3132498.3132509,10.1145/3132498.3132509,1,"[""ACM""]","[[""ACM"",""N178FB5C70330FDB0""]]","[""exclude""]",not_included,0,Unassigned,,
doi:10.1145/3133956.3134084,10.1145/3133956.3134084,1,"[""ACM""]","[[""ACM"",""NC1BD4BCE160B79D0""]]","[""exclude""]",not_included,0,Unassigned,,
doi:10.1145/3134472,10.1145/3134472,1,"[""ACM""]","[[""ACM"",""N811C0507674BD2A1""]]","[""exclude""]",not_included,0,Unassigned,,
doi:10.1145/3134472.3134513,10.1145/3134472.3134513,1,"[""ACM""]","[[""ACM"",""NCEF882B7423966C8""]]","[""pending""]",not_included,1,Unassigned,,
doi:10.1145/313451.313467,10.1145/313451.313467,1,"[""ACM""]","[[""ACM"",""N9DF189854B75122A""]]","[""pending""]",not_included,1,Unassigned,,
doi:10.1145/3139256,10.1145/3139256,1,"[""ACM""]","[[""ACM"",""N77A6C86BFF04E0B3""]]","[""exclude""]",not_included,0,Unassigned,,
doi:10.1145/3139550.3139565,10.1145/3139550.3139565,1,"[""ACM""]","[[""ACM"",""NE754376AC9EDD6F5""]]","[""exclude""]",not_included,0,Unassigned,,
doi:10.1145/3140234,10.1145/3140234,1,"[""ACM""]","[[""ACM"",""N844ACC15A73AB492""]]","[""exclude""]",not_included,0,Unassigned,,
doi:10.1145/3148453.3306285,10.1145/3148453.3306285,1,"[""ACM""]","[[""ACM"",""NA18B88F563991342""]]","[""exclude""]",not_included,0,Unassigned,,
doi:10.1145/3149869.3149872,10.1145/3149869.3149872,1,"[""ACM""]","[[""ACM"",""N99F33B9977791975""]]","[""exclude""]",not_included,0,Unassigned,,
doi:10.1145/3154273.3154342,10.1145/3154273.3154342,1,"[""ACM""]","[[""ACM"",""NFFDDB95015A122D8""]]","[""exclude""]",not_included,0,Unassigned,,
doi:10.1145/3156016,10.1145/3156016,1,"[""ACM""]","[[""ACM"",""NB2CF2C134BCACC2D""]]","[""exclude""]",not_included,0,Unassigned,,
doi:10.1145/3158092,10.1145/3158092,1,"[""ACM""]","[[""ACM"",""NA5F5AD473B3296B3""]]","[""exclude""]",not_included,0,Unassigned,,
doi:10.1145/3159450.3159519,10.1145/3159450.3159519,1,"[""ACM""]","[[""ACM"",""N6B6C866F5BA771F4""]]","[""exclude""]",not_included,0,Unassigned,,
doi:10.1145/3170427.3170629,10.1145/3170427.3170629,1,"[""ACM""]","[[""ACM"",""N398E27F0A8A68332""]]","[""exclude""]",not_included,0,Unassigned,,
doi:10.1145/3170427.3185061,10.1145/3170427.3185061,1,"[""ACM""]","[[""ACM"",""N0BA382DC349567B8""]]","[""exclude""]",not_included,0,Unassigned,,
doi:10.1145/3173574.3173963,10.1145/3173574.3173963,1,"[""ACM""]","[[""ACM"",""NA02C9A1BA0B34802""]]","[""exclude""]",not_included,0,Unassigned,,
doi:10.1145/3173574.3174053,10.1145/3173574.3174053,1,"[""ACM""]","[[""ACM"",""NBA4003A31C04CD04""]]","[""exclude""]",not_included,0,Unassigned,,
doi:10.1145/3174781.3174789,10.1145/3174781.3174789,1,"[""ACM""]","[[""ACM"",""E135""]]","[""exclude""]",not_included,0,Unassigned,,
doi:10.1145/3177755,10.1145/3177755,1,"[""ACM""]","[[""ACM"",""N5EBA8EAC57EF9AFE""]]","[""exclude""]",not_included,0,Unassigned,,
doi:10.1145/3177882,10.1145/3177882,1,"[""ACM""]","[[""ACM"",""NE98E656D5D160299""]]","[""exclude""]",not_included,0,Unassigned,,
doi:10.1145/3178876.3186042,10.1145/3178876.3186042,1,"[""ACM""]","[[""ACM"",""NB2EC0102B70A3023""]]","[""exclude""]",not_included,0,Unassigned,,
doi:10.1145/3178876.3186103,10.1145/3178876.3186103,1,"[""ACM""]","[[""ACM"",""NB738FBF021199819""]]","[""exclude""]",not_included,0,Unassigned,,
doi:10.1145/3178876.3186165,10.1145/3178876.3186165,1,"[""ACM""]","[[""ACM"",""N77EBAD12A4DDC95B""]]","[""exclude""]",not_included,0,Unassigned,,
doi:10.1145/3184558.3191630,10.1145/3184558.3191630,1,"[""ACM""]","[[""ACM"",""NE938E592D78B3833""]]","[""include""]",included,0,Unassigned,,
doi:10.1145/3185768.3186295,10.1145/3185768.3186295,1,"[""ACM""]","[[""ACM"",""N7CCD6FBB90A3B60F""]]","[""exclude""]",not_included,0,Unassigned,,
doi:10.1145/3188745.3188878,10.1145/3188745.3188878,1,"[""ACM""]","[[""ACM"",""NCBF6B4445A679350""]]","[""exclude""]",not_included,0,Unassigned,,
doi:10.1145/3188745.3188944,10.1145/3188745.3188944,1,"[""ACM""]","[[""ACM"",""NC3597BCFA0B9E325""]]","[""exclude""]",not_included,0,Unassigned,,
doi:10.1145/3196494.3196509,10.1145/3196494.3196509,1,"[""ACM""]","[[""ACM"",""N0A0ACB4BABB5A0CF""]]","[""exclude""]",not_included,0,Unassigned,,
doi:10.1145/319759.319785,10.1145/319759.319785,1,"[""ACM""]","[[""ACM"",""N2D2362878DCA454C""]]","[""exclude""]",not_included,0,Unassigned,,
doi:10.1145/3199524.3199539,10.1145/3199524.3199539,1,"[""ACM""]","[[""ACM"",""N13ED93BAEA553E15""]]","[""exclude""]",not_included,0,Unassigned,,
doi:10.1145/3200947.3201048,10.1145/3200947.3201048,1,"[""ACM""]","[[""ACM"",""N83126A8019B8D9D5""]]","[""exclude""]",not_included,0,Unassigned,,
doi:10.1145/3204940,10.1145/3204940,1,"[""ACM""]","[[""ACM"",""NEB946E8903109D3C""]]","[""exclude""]",not_included,0,Unassigned,,
doi:10.1145/3209978.3210002,10.1145/3209978.3210002,1,"[""ACM""]","[[""ACM"",""N1696A612F1910D99""]]","[""exclude""]",not_included,0,Unassigned,,
doi:10.1145/3219166.3219167,10.1145/3219166.3219167,1,"[""ACM""]","[[""ACM"",""N024CF8F7CFC65605""]]","[""exclude""]",not_included,0,Unassigned,,
doi:10.1145/3219166.3219169,10.1145/3219166.3219169,1,"[""ACM""]","[[""ACM"",""N81E898817339B6DC""]]","[""exclude""]",not_included,0,Unassigned,,
doi:10.1145/3219166.3219173,10.1145/3219166.3219173,1,"[""ACM""]","[[""ACM"",""N3A57F7F57C217F8C""]]","[""exclude""]",not_included,0,Unassigned,,
doi:10.1145/3219166.3219183,10.1145/3219166.3219183,1,"[""ACM""]","[[""ACM"",""N441E04E5EEF17F86""]]","[""exclude""]",not_included,0,Unassigned,,
doi:10.1145/3219166.3219190,10.1145/3219166.3219190,1,"[""ACM""]","[[""ACM"",""ND0700FFAEC332CA3""]]","[""exclude""]",not_included,0,Unassigned,,
doi:10.1145/3219166.3219191,10.1145/3219166.3219191,1,"[""ACM""]","[[""ACM"",""N9598390BE3F4BEDF""]]","[""exclude""]",not_included,0,Unassigned,,
doi:10.1145/3219166.3219194,10.1145/3219166.3219194,1,"[""ACM""]","[[""ACM"",""N5529F0896C794F1E""]]","[""exclude""]",not_included,0,Unassigned,,
doi:10.1145/3219166.3219216,10.1145/3219166.3219216,1,"[""ACM""]","[[""ACM"",""NF019799AD183B167""]]","[""exclude""]",not_included,0,Unassigned,,
doi:10.1145/3219166.3219231,10.1145/3219166.3219231,1,"[""ACM""]","[[""ACM"",""NA9CF8AEE056B2E51""]]","[""exclude""]",not_included,0,Unassigned,,
doi:10.1145/3219752,10.1145/3219752,1,"[""ACM""]","[[""ACM"",""N1E01D7BF372BFBD9""]]","[""exclude""]",not_included,0,Unassigned,,
doi:10.1145/3219819.3219918,10.1145/3219819.3219918,1,"[""ACM""]","[[""ACM"",""N168B027FD8FBBB36""]]","[""include""]",included,0,Unassigned,,
doi:10.1145/322169.322182,10.1145/322169.322182,1,"[""ACM""]","[[""ACM"",""N9EDD06A8DF59A85C""]]","[""pending""]",not_included,1,Unassigned,,
doi:10.1145/3225058.3225111,10.1145/3225058.3225111,1,"[""ACM""]","[[""ACM"",""N4C94EF1A55AC99ED""]]","[""exclude""]",not_included,0,Unassigned,,
doi:10.1145/3225058.3225145,10.1145/3225058.3225145,1,"[""ACM""]","[[""ACM"",""N64BAB5430787E25F""]]","[""exclude""]",not_included,0,Unassigned,,
doi:10.1145/3226028,10.1145/3226028,1,"[""ACM""]","[[""ACM"",""NE80804000AB6A7FF""]]","[""exclude""]",not_included,0,Unassigned,,
doi:10.1145/3227609.3227682,10.1145/3227609.3227682,1,"[""ACM""]","[[""ACM"",""N35BAC3199A098EFA""]]","[""exclude""]",not_included,0,Unassigned,,
doi:10.1145/3233795,10.1145/3233795,1,"[""ACM""]","[[""ACM"",""N7B0C70A4027688FB""]]","[""exclude""]",not_included,0,Unassigned,,
doi:10.1145/3233795.3233796,10.1145/3233795.3233796,1,"[""ACM""]","[[""ACM"",""NC4810A8FD47BD815""]]","[""pending""]",not_included,1,Unassigned,,
doi:10.1145/3233795.3233797,10.1145/3233795.3233797,1,"[""ACM""]","[[""ACM"",""N98060EAAD4E267E4""]]","[""pending""]",not_included,1,Unassigned,,
doi:10.1145/3233795.3233798,10.1145/3233795.3233798,1,"[""ACM""]","[[""ACM"",""NB3F3E71C22C95AFD""]]","[""pending""]",not_included,1,Unassigned,,
doi:10.1145/3233795.3233799,10.1145/3233795.3233799,1,"[""ACM""]","[[""ACM"",""N45FD18D4CD63F6DA""]]","[""pending""]",not_included,1,Unassigned,,
doi:10.1145/3233795.3233800,10.1145/3233795.3233800,1,"[""ACM""]","[[""ACM"",""NE6B6497DAE8B5ECD""]]","[""pending""]",not_included,1,Unassigned,,
doi:10.1145/3233795.3233801,10.1145/3233795.3233801,1,"[""ACM""]","[[""ACM"",""N69A58ED5D30E12E4""]]","[""pending""]",not_included,1,Unassigned,,
doi:10.1145/3233795.3233802,10.1145/3233795.3233802,1,"[""ACM""]","[[""ACM"",""N5EC85F96DB789A3C""]]","[""pending""]",not_included,1,Unassigned,,
doi:10.1145/3233795.3233803,10.1145/3233795.3233803,1,"[""ACM""]","[[""ACM"",""N949CCED5EE8E07FD""]]","[""pending""]",not_included,1,Unassigned,,
doi:10.1145/3233795.3233804,10.1145/3233795.3233804,1,"[""ACM""]","[[""ACM"",""N3A53C16944709341""]]","[""pending""]",not_included,1,Unassigned,,
doi:10.1145/3233795.3233805,10.1145/3233795.3233805,1,"[""ACM""]","[[""ACM"",""N82827B0906673B5A""]]","[""pending""]",not_included,1,Unassigned,,
doi:10.1145/3233795.3233806,10.1145/3233795.3233806,1,"[""ACM""]","[[""ACM"",""ND0504A1FBAFB50B0""]]","[""pending""]",not_included,1,Unassigned,,
doi:10.1145/3233795.3233807,10.1145/3233795.3233807,1,"[""ACM""]","[[""ACM"",""N27328B33AB4D4661""]]","[""pending""]",not_included,1,Unassigned,,
doi:10.1145/3233795.3233808,10.1145/3233795.3233808,1,"[""ACM""]","[[""ACM"",""N9E8DA64905907A61""]]","[""pending""]",not_included,1,Unassigned,,
doi:10.1145/3233795.3233809,10.1145/3233795.3233809,1,"[""ACM""]","[[""ACM"",""N6DC3853CEA7102BE""]]","[""pending""]",not_included,1,Unassigned,,
doi:10.1145/3233795.3233810,10.1145/3233795.3233810,1,"[""ACM""]","[[""ACM"",""N2EAA5C93FEA82F23""]]","[""pending""]",not_included,1,Unassigned,,
doi:10.1145/3233795.3233811,10.1145/3233795.3233811,1,"[""ACM""]","[[""ACM"",""N4FD271414EDEAEB9""]]","[""pending""]",not_included,1,Unassigned,,
doi:10.1145/3233795.3233812,10.1145/3233795.3233812,1,"[""ACM""]","[[""ACM"",""N1FE21FB378949E7C""]]","[""pending""]",not_included,1,Unassigned,,
doi:10.1145/3233795.3233813,10.1145/3233795.3233813,1,"[""ACM""]","[[""ACM"",""N78A116590FBD1363""]]","[""pending""]",not_included,1,Unassigned,,
doi:10.1145/3233795.3233814,10.1145/3233795.3233814,1,"[""ACM""]","[[""ACM"",""NE6F2A680368CC535""]]","[""pending""]",not_included,1,Unassigned,,
doi:10.1145/3234150,10.1145/3234150,1,"[""ACM""]","[[""ACM"",""N3734AD5DD0E24492""]]","[""exclude""]",not_included,0,Unassigned,,
doi:10.1145/3234781.3234788,10.1145/3234781.3234788,1,"[""ACM""]","[[""ACM"",""ND31A770E35A6EBE9""]]","[""exclude""]",not_included,0,Unassigned,,
doi:10.1145/3234781.3234792,10.1145/3234781.3234792,1,"[""ACM""]","[[""ACM"",""NAE7BA18F5C3E429A""]]","[""exclude""]",not_included,0,Unassigned,,
doi:10.1145/3234781.3234800,10.1145/3234781.3234800,1,"[""ACM""]","[[""ACM"",""NEB8C86B7235409AE""]]","[""exclude""]",not_included,0,Unassigned,,
doi:10.1145/3240167.3240219,10.1145/3240167.3240219,1,"[""ACM""]","[[""ACM"",""NE455E997D08157AC""]]","[""exclude""]",not_included,0,Unassigned,,
doi:10.1145/3240508.3240598,10.1145/3240508.3240598,1,"[""ACM""]","[[""ACM"",""ND32CFD7408BD3FB7""]]","[""exclude""]",not_included,0,Unassigned,,
doi:10.1145/3243082.3243088,10.1145/3243082.3243088,1,"[""ACM""]","[[""ACM"",""N415BB374B59C2961""]]","[""exclude""]",not_included,0,Unassigned,,
doi:10.1145/3243157.3243169,10.1145/3243157.3243169,1,"[""ACM""]","[[""ACM"",""NC9B468F6B76F830B""]]","[""exclude""]",not_included,0,Unassigned,,
doi:10.1145/3267338,10.1145/3267338,1,"[""ACM""]","[[""ACM"",""N14707E9DA9A1D6F2""]]","[""exclude""]",not_included,0,Unassigned,,
doi:10.1145/3278576.3278602,10.1145/3278576.3278602,1,"[""ACM""]","[[""ACM"",""N6DAFEEB249E0FD75""]]","[""exclude""]",not_included,0,Unassigned,,
doi:10.1145/3281411.3281417,10.1145/3281411.3281417,1,"[""ACM""]","[[""ACM"",""N070F7C822E81AA28""]]","[""exclude""]",not_included,0,Unassigned,,
doi:10.1145/3287098.3287105,10.1145/3287098.3287105,1,"[""ACM""]","[[""ACM"",""N8ADBA8CED7A7C636""]]","[""exclude""]",not_included,0,Unassigned,,
doi:10.1145/3287324.3290951,10.1145/3287324.3290951,1,"[""ACM""]","[[""ACM"",""N3819CEA031780088""]]","[""exclude""]",not_included,0,Unassigned,,
doi:10.1145/3288757,10.1145/3288757,1,"[""ACM""]","[[""ACM"",""N2467CDDFFDBD8EE7""]]","[""exclude""]",not_included,0,Unassigned,,
doi:10.1145/3290605.3300695,10.1145/3290605.3300695,1,"[""ACM""]","[[""ACM"",""N505FAF7FD4F64D43""]]","[""exclude""]",not_included,0,Unassigned,,
doi:10.1145/3290607.3299041,10.1145/3290607.3299041,1,"[""ACM""]","[[""ACM"",""NA413BAF539BAB166""]]","[""exclude""]",not_included,0,Unassigned,,
doi:10.1145/3290607.3313045,10.1145/3290607.3313045,1,"[""ACM""]","[[""ACM"",""N979859CB4677E725""]]","[""exclude""]",not_included,0,Unassigned,,
doi:10.1145/3292500.3330968,10.1145/3292500.3330968,1,"[""ACM""]","[[""ACM"",""N249F217EDEE42301""]]","[""exclude""]",not_included,0,Unassigned,,
doi:10.1145/3292500.3340417,10.1145/3292500.3340417,1,"[""ACM""]","[[""ACM"",""NC89ED61FB73B6FD8""]]","[""exclude""]",not_included,0,Unassigned,,
doi:10.1145/3293611.3331572,10.1145/3293611.3331572,1,"[""ACM""]","[[""ACM"",""N22451A495F322B0C""]]","[""exclude""]",not_included,0,Unassigned,,
doi:10.1145/3295500.3356140,10.1145/3295500.3356140,1,"[""ACM""]","[[""ACM"",""N4595E83DA3BC35D3""]]","[""exclude""]",not_included,0,Unassigned,,
doi:10.1145/3295500.3356145,10.1145/3295500.3356145,1,"[""ACM""]","[[""ACM"",""N6F5D3874A5D9F661""]]","[""exclude""]",not_included,0,Unassigned,,
doi:10.1145/3295500.3356164,10.1145/3295500.3356164,1,"[""ACM""]","[[""ACM"",""N4987EFA9A4DAE5CA""]]","[""exclude""]",not_included,0,Unassigned,,
doi:10.1145/3295500.3356177,10.1145/3295500.3356177,1,"[""ACM""]","[[""ACM"",""N9B364A38D7237FA5""]]","[""exclude""]",not_included,0,Unassigned,,
doi:10.1145/3296670,10.1145/3296670,1,"[""ACM""]","[[""ACM"",""NE692E9CAD38D2A40""]]","[""exclude""]",not_included,0,Unassigned,,
doi:10.1145/3297156.3297239,10.1145/3297156.3297239,1,"[""ACM""]","[[""ACM"",""NB6CC300637DDC194""]]","[""exclude""]",not_included,0,Unassigned,,
doi:10.1145/3306618.3314233,10.1145/3306618.3314233,1,"[""ACM""]","[[""ACM"",""NF817E7AF1455DA6C""]]","[""exclude""]",not_included,0,Unassigned,,
doi:10.1145/3307772.3328281,10.1145/3307772.3328281,1,"[""ACM""]","[[""ACM"",""NCEDD4899DC7A2280""]]","[""include""]",included,0,Unassigned,,
doi:10.1145/3308558,10.1145/3308558,1,"[""ACM""]","[[""ACM"",""N08089E3AEFA2104A""]]","[""exclude""]",not_included,0,Unassigned,,
doi:10.1145/3308558.3313454,10.1145/3308558.3313454,1,"[""ACM""]","[[""ACM"",""N728DD52EAA109164""]]","[""exclude""]",not_included,0,Unassigned,,
doi:10.1145/3308558.3313679,10.1145/3308558.3313679,1,"[""ACM""]","[[""ACM"",""N3183E5CEA1A7CDC6""]]","[""exclude""]",not_included,0,Unassigned,,
doi:10.1145/3308560.3316509,10.1145/3308560.3316509,1,"[""ACM""]","[[""ACM"",""NEB51476164CBF8D7""]]","[""exclude""]",not_included,0,Unassigned,,
doi:10.1145/3308897.3308919,10.1145/3308897.3308919,1,"[""ACM""]","[[""ACM"",""N6C6D36BEA22FECDE""]]","[""exclude""]",not_included,0,Unassigned,,
doi:10.1145/330908.331869,10.1145/330908.331869,1,"[""ACM""]","[[""ACM"",""NB0730E201C49DBF0""]]","[""exclude""]",not_included,0,Unassigned,,
doi:10.1145/3309699,10.1145/3309699,1,"[""ACM""]","[[""ACM"",""NF5BA26ACF760A45B""]]","[""exclude""]",not_included,0,Unassigned,,
doi:10.1145/3312662.3312706,10.1145/3312662.3312706,1,"[""ACM""]","[[""ACM"",""N777A9E63F34D0932""]]","[""exclude""]",not_included,0,Unassigned,,
doi:10.1145/3312662.3312712,10.1145/3312662.3312712,1,"[""ACM""]","[[""ACM"",""N3ED3FD150B2A2C51""]]","[""exclude""]",not_included,0,Unassigned,,
doi:10.1145/3313831.3376376,10.1145/3313831.3376376,1,"[""ACM""]","[[""ACM"",""N0F74C3D9E8BAC399""]]","[""exclude""]",not_included,0,Unassigned,,
doi:10.1145/3313831.3376695,10.1145/3313831.3376695,1,"[""ACM""]","[[""ACM"",""N7413F5306585839E""]]","[""exclude""]",not_included,0,Unassigned,,
doi:10.1145/3316480.3325516,10.1145/3316480.3325516,1,"[""ACM""]","[[""ACM"",""N08E6E1A3E11A55B7""]]","[""exclude""]",not_included,0,Unassigned,,
doi:10.1145/3317604,10.1145/3317604,1,"[""ACM""]","[[""ACM"",""E046""]]","[""include""]",included,0,Unassigned,,
doi:10.1145/3317689,10.1145/3317689,1,"[""ACM""]","[[""ACM"",""N8E3F2AC97135FAB9""]]","[""exclude""]",not_included,0,Unassigned,,
doi:10.1145/3318041.3355470,10.1145/3318041.3355470,1,"[""ACM""]","[[""ACM"",""NF36B2836FED7A9D2""]]","[""exclude""]",not_included,0,Unassigned,,
doi:10.1145/3318464.3380574,10.1145/3318464.3380574,1,"[""ACM""]","[[""ACM"",""NF742065D7321C630""]]","[""exclude""]",not_included,0,Unassigned,,
doi:10.1145/3319502.3374826,10.1145/3319502.3374826,1,"[""ACM""]","[[""ACM"",""N4EDE9670FDF501DD""]]","[""exclude""]",not_included,0,Unassigned,,
doi:10.1145/3319535.3345651,10.1145/3319535.3345651,1,"[""ACM""]","[[""ACM"",""E068""]]","[""exclude""]",not_included,0,Unassigned,,
doi:10.1145/3319647.3325850,10.1145/3319647.3325850,1,"[""ACM""]","[[""ACM"",""N63385E7F23E4679F""]]","[""exclude""]",not_included,0,Unassigned,,
doi:10.1145/3321707.3321734,10.1145/3321707.3321734,1,"[""ACM""]","[[""ACM"",""N7AEC57F9B0FDD988""]]","[""exclude""]",not_included,0,Unassigned,,
doi:10.1145/3325730.3325743,10.1145/3325730.3325743,1,"[""ACM""]","[[""ACM"",""ND2C8C2800514851E""]]","[""exclude""]",not_included,0,Unassigned,,
doi:10.1145/3326066,10.1145/3326066,1,"[""ACM""]","[[""ACM"",""N18A28DAEA45A0221""]]","[""exclude""]",not_included,0,Unassigned,,
doi:10.1145/3326365.3326391,10.1145/3326365.3326391,1,"[""ACM""]","[[""ACM"",""NA301D45396BEA074""]]","[""exclude""]",not_included,0,Unassigned,,
doi:10.1145/3326540,10.1145/3326540,1,"[""ACM""]","[[""ACM"",""N902E7341A4125E6B""]]","[""exclude""]",not_included,0,Unassigned,,
doi:10.1145/3328526.3329603,10.1145/3328526.3329603,1,"[""ACM""]","[[""ACM"",""NCC9081DEC6E2F4ED""]]","[""exclude""]",not_included,0,Unassigned,,
doi:10.1145/3328526.3329613,10.1145/3328526.3329613,1,"[""ACM""]","[[""ACM"",""N35D8623D09714433""]]","[""exclude""]",not_included,0,Unassigned,,
doi:10.1145/3328526.3329622,10.1145/3328526.3329622,1,"[""ACM""]","[[""ACM"",""N9BA692277DAAFF24""]]","[""exclude""]",not_included,0,Unassigned,,
doi:10.1145/3328526.3329623,10.1145/3328526.3329623,1,"[""ACM""]","[[""ACM"",""NA3D8686238F322FC""]]","[""exclude""]",not_included,0,Unassigned,,
doi:10.1145/3328526.3329628,10.1145/3328526.3329628,1,"[""ACM""]","[[""ACM"",""N8E0A5567838B25AF""]]","[""exclude""]",not_included,0,Unassigned,,
doi:10.1145/3328526.3329631,10.1145/3328526.3329631,1,"[""ACM""]","[[""ACM"",""NCCE0E46500FBCFDD""]]","[""exclude""]",not_included,0,Unassigned,,
doi:10.1145/3328526.3329653,10.1145/3328526.3329653,1,"[""ACM""]","[[""ACM"",""N400D062CEB9754B9""]]","[""exclude""]",not_included,0,Unassigned,,
doi:10.1145/3330430.3333666,10.1145/3330430.3333666,1,"[""ACM""]","[[""ACM"",""NA2079C5586887AAA""]]","[""include""]",included,0,Unassigned,,
doi:10.1145/3332165.3347873,10.1145/3332165.3347873,1,"[""ACM""]","[[""ACM"",""N1613F43115D8C933""]]","[""exclude""]",not_included,0,Unassigned,,
doi:10.1145/3332324.3332326,10.1145/3332324.3332326,1,"[""ACM""]","[[""ACM"",""NBB4FB58FFC8D3411""]]","[""exclude""]",not_included,0,Unassigned,,
doi:10.1145/333334.333373,10.1145/333334.333373,1,"[""ACM""]","[[""ACM"",""N3133AF764DC3C934""]]","[""include""]",included,0,Unassigned,,
doi:10.1145/333334.333376,10.1145/333334.333376,1,"[""ACM""]","[[""ACM"",""N2703204B54377C67""]]","[""exclude""]",not_included,0,Unassigned,,
doi:10.1145/3335484.3335493,10.1145/3335484.3335493,1,"[""ACM""]","[[""ACM"",""N341EB90B1D6A5843""]]","[""exclude""]",not_included,0,Unassigned,,
doi:10.1145/3335484.3335525,10.1145/3335484.3335525,1,"[""ACM""]","[[""ACM"",""N059507574A498125""]]","[""exclude""]",not_included,0,Unassigned,,
doi:10.1145/3336191.3372187,10.1145/3336191.3372187,1,"[""ACM""]","[[""ACM"",""ND3BCA35D94C556CB""]]","[""exclude""]",not_included,0,Unassigned,,
doi:10.1145/3338286.3340147,10.1145/3338286.3340147,1,"[""ACM""]","[[""ACM"",""NE2E0CCB7A70A0B69""]]","[""exclude""]",not_included,0,Unassigned,,
doi:10.1145/3340531.3411906,10.1145/3340531.3411906,1,"[""ACM""]","[[""ACM"",""N91A4777E15762320""]]","[""exclude""]",not_included,0,Unassigned,,
doi:10.1145/3340531.3412044,10.1145/3340531.3412044,1,"[""ACM""]","[[""ACM"",""NA9EA664C1A3B0B85""]]","[""exclude""]",not_included,0,Unassigned,,
doi:10.1145/3343036.3343132,10.1145/3343036.3343132,1,"[""ACM""]","[[""ACM"",""N42CABDD61841A5C7""]]","[""exclude""]",not_included,0,Unassigned,,
doi:10.1145/3343147.3343153,10.1145/3343147.3343153,1,"[""ACM""]","[[""ACM"",""NCC832BEF4E7EDFC0""]]","[""exclude""]",not_included,0,Unassigned,,
doi:10.1145/3345838.3356005,10.1145/3345838.3356005,1,"[""ACM""]","[[""ACM"",""N9FD816E904C84CA2""]]","[""include""]",included,0,Unassigned,,
doi:10.1145/3347122.3347131,10.1145/3347122.3347131,1,"[""ACM""]","[[""ACM"",""N41069DAE4EDE3340""]]","[""exclude""]",not_included,0,Unassigned,,
doi:10.1145/3347711,10.1145/3347711,1,"[""ACM""]","[[""ACM"",""N9211E239E1CA51F6""]]","[""exclude""]",not_included,0,Unassigned,,
doi:10.1145/3354287,10.1145/3354287,1,"[""ACM""]","[[""ACM"",""N13CD613B9F1A76DF""]]","[""exclude""]",not_included,0,Unassigned,,
doi:10.1145/3355947,10.1145/3355947,1,"[""ACM""]","[[""ACM"",""N911C586666BE4C06""]]","[""exclude""]",not_included,0,Unassigned,,
doi:10.1145/3357384.3357924,10.1145/3357384.3357924,1,"[""ACM""]","[[""ACM"",""ND40F471971B62FDA""]]","[""exclude""]",not_included,0,Unassigned,,
doi:10.1145/3357492.3358633,10.1145/3357492.3358633,1,"[""ACM""]","[[""ACM"",""N876E172CA4EB39C2""]]","[""exclude""]",not_included,0,Unassigned,,
doi:10.1145/3357495.3357496,10.1145/3357495.3357496,1,"[""ACM""]","[[""ACM"",""N5DB26133B5665424""]]","[""exclude""]",not_included,0,Unassigned,,
doi:10.1145/3357495.3357498,10.1145/3357495.3357498,1,"[""ACM""]","[[""ACM"",""N7C54A54DC94D54C6""]]","[""exclude""]",not_included,0,Unassigned,,
doi:10.1145/3357495.3357500,10.1145/3357495.3357500,1,"[""ACM""]","[[""ACM"",""N870200E482E61942""]]","[""exclude""]",not_included,0,Unassigned,,
doi:10.1145/3357495.3357502,10.1145/3357495.3357502,1,"[""ACM""]","[[""ACM"",""N44FC15BFAA570AF0""]]","[""exclude""]",not_included,0,Unassigned,,
doi:10.1145/3359989.3365424,10.1145/3359989.3365424,1,"[""ACM""]","[[""ACM"",""NDF349C63EC58ADFE""]]","[""exclude""]",not_included,0,Unassigned,,
doi:10.1145/3360774.3360833,10.1145/3360774.3360833,1,"[""ACM""]","[[""ACM"",""NC88D6890F0E01BF9""]]","[""exclude""]",not_included,0,Unassigned,,
doi:10.1145/3365832,10.1145/3365832,1,"[""ACM""]","[[""ACM"",""NBB5F5CA1EE3E1052""]]","[""exclude""]",not_included,0,Unassigned,,
doi:10.1145/3366423.3380149,10.1145/3366423.3380149,1,"[""ACM""]","[[""ACM"",""NE6D11678BD7C66EF""]]","[""exclude""]",not_included,0,Unassigned,,
doi:10.1145/3366423.3380217,10.1145/3366423.3380217,1,"[""ACM""]","[[""ACM"",""N01DE675961F9F6DC""]]","[""exclude""]",not_included,0,Unassigned,,
doi:10.1145/3366423.3380276,10.1145/3366423.3380276,1,"[""ACM""]","[[""ACM"",""N6EB2337088527DF5""]]","[""exclude""]",not_included,0,Unassigned,,
doi:10.1145/3368274,10.1145/3368274,1,"[""ACM""]","[[""ACM"",""NCB390AB1E4DE0CC7""]]","[""exclude""]",not_included,0,Unassigned,,
doi:10.1145/3368274.3368276,10.1145/3368274.3368276,1,"[""ACM""]","[[""ACM"",""N6A8B24D322B90843""]]","[""exclude""]",not_included,0,Unassigned,,
doi:10.1145/3368274.3368277,10.1145/3368274.3368277,1,"[""ACM""]","[[""ACM"",""N1018B1B879E74F48""]]","[""exclude""]",not_included,0,Unassigned,,
doi:10.1145/3368274.3368278,10.1145/3368274.3368278,1,"[""ACM""]","[[""ACM"",""N9E01840D12F5D6B7""]]","[""exclude""]",not_included,0,Unassigned,,
doi:10.1145/3368274.3368280,10.1145/3368274.3368280,1,"[""ACM""]","[[""ACM"",""NB3BA5EB98C64FDB1""]]","[""exclude""]",not_included,0,Unassigned,,
doi:10.1145/3368274.3368282,10.1145/3368274.3368282,1,"[""ACM""]","[[""ACM"",""N4D20A33516EB9EE1""]]","[""exclude""]",not_included,0,Unassigned,,
doi:10.1145/3368274.3368283,10.1145/3368274.3368283,1,"[""ACM""]","[[""ACM"",""N3DB8F3149AE5A2B1""]]","[""exclude""]",not_included,0,Unassigned,,
doi:10.1145/3368274.3368284,10.1145/3368274.3368284,1,"[""ACM""]","[[""ACM"",""N3503220F3DEEC456""]]","[""exclude""]",not_included,0,Unassigned,,
doi:10.1145/3368274.3368285,10.1145/3368274.3368285,1,"[""ACM""]","[[""ACM"",""N002121E3DB1747CF""]]","[""exclude""]",not_included,0,Unassigned,,
doi:10.1145/3371647.3371659,10.1145/3371647.3371659,1,"[""ACM""]","[[""ACM"",""N0CB455435F746AC0""]]","[""exclude""]",not_included,0,Unassigned,,
doi:10.1145/3372177.3373349,10.1145/3372177.3373349,1,"[""ACM""]","[[""ACM"",""N3E7F04E59D40B44D""]]","[""exclude""]",not_included,0,Unassigned,,
doi:10.1145/3372177.3373505,10.1145/3372177.3373505,1,"[""ACM""]","[[""ACM"",""N3854506B6C1FA071""]]","[""exclude""]",not_included,0,Unassigned,,
doi:10.1145/3377049.3377107,10.1145/3377049.3377107,1,"[""ACM""]","[[""ACM"",""N895BA388DBC520AB""]]","[""exclude""]",not_included,0,Unassigned,,
doi:10.1145/3377929.3398119,10.1145/3377929.3398119,1,"[""ACM""]","[[""ACM"",""N47D8A548C20DD550""]]","[""exclude""]",not_included,0,Unassigned,,
doi:10.1145/3378393.3402280,10.1145/3378393.3402280,1,"[""ACM""]","[[""ACM"",""N80C31174C6F19DE3""]]","[""exclude""]",not_included,0,Unassigned,,
doi:10.1145/3381533,10.1145/3381533,1,"[""ACM""]","[[""ACM"",""NEAEC7B0A6500D8E3""]]","[""exclude""]",not_included,0,Unassigned,,
doi:10.1145/3383313.3412233,10.1145/3383313.3412233,1,"[""ACM""]","[[""ACM"",""N89CEF809DCE90A55""]]","[""exclude""]",not_included,0,Unassigned,,
doi:10.1145/3383455.3422523,10.1145/3383455.3422523,1,"[""ACM""]","[[""ACM"",""N76DF5AFAA75238FF""]]","[""include""]",included,0,Unassigned,,
doi:10.1145/3383652.3423865,10.1145/3383652.3423865,1,"[""ACM""]","[[""ACM"",""ND5C482AE32D13F5F""]]","[""include""]",included,0,Unassigned,,
doi:10.1145/3386567.3388571,10.1145/3386567.3388571,1,"[""ACM""]","[[""ACM"",""N2DD7F9F45C8FC7AA""]]","[""exclude""]",not_included,0,Unassigned,,
doi:10.1145/3386569.3392433,10.1145/3386569.3392433,1,"[""ACM""]","[[""ACM"",""NE94D7E46E20EEF57""]]","[""exclude""]",not_included,0,Unassigned,,
doi:10.1145/3386569.3392474,10.1145/3386569.3392474,1,"[""ACM""]","[[""ACM"",""NE6158FD17B991CE1""]]","[""exclude""]",not_included,0,Unassigned,,
doi:10.1145/3386723.3387851,10.1145/3386723.3387851,1,"[""ACM""]","[[""ACM"",""NF2765014C1E64B82""]]","[""exclude""]",not_included,0,Unassigned,,
doi:10.1145/3388769.3407494,10.1145/3388769.3407494,1,"[""ACM""]","[[""ACM"",""N767217F9506D46E5""]]","[""exclude""]",not_included,0,Unassigned,,
doi:10.1145/3391403.3399535,10.1145/3391403.3399535,1,"[""ACM""]","[[""ACM"",""N3F903CC061FCD9C2""]]","[""exclude""]",not_included,0,Unassigned,,
doi:10.1145/3392142,10.1145/3392142,1,"[""ACM""]","[[""ACM"",""NF9D13776D956C09D""]]","[""exclude""]",not_included,0,Unassigned,,
doi:10.1145/3393691.3394201,10.1145/3393691.3394201,1,"[""ACM""]","[[""ACM"",""N2A7732E243C62FA9""]]","[""exclude""]",not_included,0,Unassigned,,
doi:10.1145/3394957,10.1145/3394957,1,"[""ACM""]","[[""ACM"",""NED7A90305ABD54ED""]]","[""exclude""]",not_included,0,Unassigned,,
doi:10.1145/3396851.3397723,10.1145/3396851.3397723,1,"[""ACM""]","[[""ACM"",""N44B5414CB0BA4220""]]","[""exclude""]",not_included,0,Unassigned,,
doi:10.1145/3397166.3409124,10.1145/3397166.3409124,1,"[""ACM""]","[[""ACM"",""N567EC1E5261202B6""]]","[""exclude""]",not_included,0,Unassigned,,
doi:10.1145/3397166.3409146,10.1145/3397166.3409146,1,"[""ACM""]","[[""ACM"",""N312E5F0C21AC140B""]]","[""exclude""]",not_included,0,Unassigned,,
doi:10.1145/3397271.3401170,10.1145/3397271.3401170,1,"[""ACM""]","[[""ACM"",""NB5F520B78BB81AAB""]]","[""exclude""]",not_included,0,Unassigned,,
doi:10.1145/3397271.3401426,10.1145/3397271.3401426,1,"[""ACM""]","[[""ACM"",""NDECB33963C66D543""]]","[""exclude""]",not_included,0,Unassigned,,
doi:10.1145/3397319,10.1145/3397319,1,"[""ACM""]","[[""ACM"",""NF05B67CECAEB1C8A""]]","[""exclude""]",not_included,0,Unassigned,,
doi:10.1145/3404397.3404464,10.1145/3404397.3404464,1,"[""ACM""]","[[""ACM"",""NFC8A7CC60F971CE1""]]","[""exclude""]",not_included,0,Unassigned,,
doi:10.1145/3404835.3462818,10.1145/3404835.3462818,1,"[""ACM""]","[[""ACM"",""N3B6683FEE9A99EDA""]]","[""exclude""]",not_included,0,Unassigned,,
doi:10.1145/3407023.3409196,10.1145/3407023.3409196,1,"[""ACM""]","[[""ACM"",""N641876EA1E87DE55""]]","[""exclude""]",not_included,0,Unassigned,,
doi:10.1145/3408308.3427976,10.1145/3408308.3427976,1,"[""ACM""]","[[""ACM"",""N47D03B9CFC7D34AE""]]","[""include""]",included,0,Unassigned,,
doi:10.1145/3408309,10.1145/3408309,1,"[""ACM""]","[[""ACM"",""N83355B463C9A3EC1""]]","[""exclude""]",not_included,0,Unassigned,,
doi:10.1145/3408988,10.1145/3408988,1,"[""ACM""]","[[""ACM"",""NAC279C2C08602CCC""]]","[""exclude""]",not_included,0,Unassigned,,
doi:10.1145/3409118.3475125,10.1145/3409118.3475125,1,"[""ACM""]","[[""ACM"",""N4B6A8F6D6DF26641""]]","[""exclude""]",not_included,0,Unassigned,,
doi:10.1145/3410048.3410055,10.1145/3410048.3410055,1,"[""ACM""]","[[""ACM"",""NBB57E8CF2C0C03A3""]]","[""exclude""]",not_included,0,Unassigned,,
doi:10.1145/3411763,10.1145/3411763,1,"[""ACM""]","[[""ACM"",""N38779DA9B0EE4C79""]]","[""exclude""]",not_included,0,Unassigned,,
doi:10.1145/3411763.3451569,10.1145/3411763.3451569,1,"[""ACM""]","[[""ACM"",""NF32DA441E8F675B0""]]","[""exclude""]",not_included,0,Unassigned,,
doi:10.1145/3411763.3451573,10.1145/3411763.3451573,1,"[""ACM""]","[[""ACM"",""N9014DC08D35D5219""]]","[""exclude""]",not_included,0,Unassigned,,
doi:10.1145/3411763.3457779,10.1145/3411763.3457779,1,"[""ACM""]","[[""ACM"",""N531DB7666581A63C""]]","[""exclude""]",not_included,0,Unassigned,,
doi:10.1145/3411764,10.1145/3411764,1,"[""ACM""]","[[""ACM"",""N2FA224F0EBE03721""]]","[""exclude""]",not_included,0,Unassigned,,
doi:10.1145/3411764.3445129,10.1145/3411764.3445129,1,"[""ACM""]","[[""ACM"",""NA2D393A0A5FF8175""]]","[""include""]",included,0,Unassigned,,
doi:10.1145/3411764.3445761,10.1145/3411764.3445761,1,"[""ACM""]","[[""ACM"",""NCF21B7146102647C""]]","[""exclude""]",not_included,0,Unassigned,,
doi:10.1145/3415263.3419155,10.1145/3415263.3419155,1,"[""ACM""]","[[""ACM"",""N6DB2630EE41CEB1E""]]","[""exclude""]",not_included,0,Unassigned,,
doi:10.1145/3418094.3418098,10.1145/3418094.3418098,1,"[""ACM""]","[[""ACM"",""N456B638173CDE7A9""]]","[""exclude""]",not_included,0,Unassigned,,
doi:10.1145/3423325,10.1145/3423325,1,"[""ACM""]","[[""ACM"",""N70D8847512905B2A""]]","[""exclude""]",not_included,0,Unassigned,,
doi:10.1145/3424978.3425046,10.1145/3424978.3425046,1,"[""ACM""]","[[""ACM"",""NCF7A6D31FE38AD71""]]","[""exclude""]",not_included,0,Unassigned,,
doi:10.1145/3427312,10.1145/3427312,1,"[""ACM""]","[[""ACM"",""N4FEB51D249C2F630""]]","[""exclude""]",not_included,0,Unassigned,,
doi:10.1145/3428125,10.1145/3428125,1,"[""ACM""]","[[""ACM"",""ND19022BCD2ECC868""]]","[""exclude""]",not_included,0,Unassigned,,
doi:10.1145/3430279.3430284,10.1145/3430279.3430284,1,"[""ACM""]","[[""ACM"",""N3C786C422182534D""]]","[""exclude""]",not_included,0,Unassigned,,
doi:10.1145/3432211,10.1145/3432211,1,"[""ACM""]","[[""ACM"",""NB64C1F79A68A9578""]]","[""exclude""]",not_included,0,Unassigned,,
doi:10.1145/3437800.3439201,10.1145/3437800.3439201,1,"[""ACM""]","[[""ACM"",""NCA0C811441A341C6""]]","[""exclude""]",not_included,0,Unassigned,,
doi:10.1145/3442381.3449840,10.1145/3442381.3449840,1,"[""ACM""]","[[""ACM"",""NC474B3286E9C4D1C""]]","[""exclude""]",not_included,0,Unassigned,,
doi:10.1145/3442381.3449934,10.1145/3442381.3449934,1,"[""ACM""]","[[""ACM"",""N87C506057ACF1DE7""]]","[""exclude""]",not_included,0,Unassigned,,
doi:10.1145/3442381.3449968,10.1145/3442381.3449968,1,"[""ACM""]","[[""ACM"",""NAAF31736F5D0940C""]]","[""exclude""]",not_included,0,Unassigned,,
doi:10.1145/3444465.3444521,10.1145/3444465.3444521,1,"[""ACM""]","[[""ACM"",""NC8F573CC7D27B1A1""]]","[""exclude""]",not_included,0,Unassigned,,
doi:10.1145/3444465.3444527,10.1145/3444465.3444527,1,"[""ACM""]","[[""ACM"",""NF55C997781AF9C86""]]","[""exclude""]",not_included,0,Unassigned,,
doi:10.1145/3446434.3446453,10.1145/3446434.3446453,1,"[""ACM""]","[[""ACM"",""N09F396C6F22CE7F5""]]","[""exclude""]",not_included,0,Unassigned,,
doi:10.1145/3446913,10.1145/3446913,1,"[""ACM""]","[[""ACM"",""N3EE31D21EA1ED97D""]]","[""exclude""]",not_included,0,Unassigned,,
doi:10.1145/3447548.3467204,10.1145/3447548.3467204,1,"[""ACM""]","[[""ACM"",""NBE660E516F0C1C1C""]]","[""include""]",included,0,Unassigned,,
doi:10.1145/3447548.3469650,10.1145/3447548.3469650,1,"[""ACM""]","[[""ACM"",""NF9A95328E5AC2A2E""]]","[""exclude""]",not_included,0,Unassigned,,
doi:10.1145/3447555.3466574,10.1145/3447555.3466574,1,"[""ACM""]","[[""ACM"",""N9C3B539B1B96C000""]]","[""include""]",included,0,Unassigned,,
doi:10.1145/3447622,10.1145/3447622,1,"[""ACM""]","[[""ACM"",""NFD94FA6F97D6D7DA""]]","[""exclude""]",not_included,0,Unassigned,,
doi:10.1145/3448016.3458456,10.1145/3448016.3458456,1,"[""ACM""]","[[""ACM"",""NEE6A83D91A7D084B""]]","[""exclude""]",not_included,0,Unassigned,,
doi:10.1145/3448891.3448934,10.1145/3448891.3448934,1,"[""ACM""]","[[""ACM"",""NDD8D9AF9AEBFCFC5""]]","[""exclude""]",not_included,0,Unassigned,,
doi:10.1145/3448891.3448957,10.1145/3448891.3448957,1,"[""ACM""]","[[""ACM"",""NC4FF07F22E976DE6""]]","[""exclude""]",not_included,0,Unassigned,,
doi:10.1145/3450614.3463600,10.1145/3450614.3463600,1,"[""ACM""]","[[""ACM"",""N7849C6593546192D""]]","[""exclude""]",not_included,0,Unassigned,,
doi:10.1145/3452446.3452520,10.1145/3452446.3452520,1,"[""ACM""]","[[""ACM"",""NB4A6E021752DD9D2""]]","[""exclude""]",not_included,0,Unassigned,,
doi:10.1145/3453892.3461328,10.1145/3453892.3461328,1,"[""ACM""]","[[""ACM"",""N4F4B57CBC0EF1521""]]","[""exclude""]",not_included,0,Unassigned,,
doi:10.1145/3453953.3453981,10.1145/3453953.3453981,1,"[""ACM""]","[[""ACM"",""N2C0E88C53E6BE7A7""]]","[""exclude""]",not_included,0,Unassigned,,
doi:10.1145/3456630,10.1145/3456630,1,"[""ACM""]","[[""ACM"",""NF60C46433A437275""]]","[""exclude""]",not_included,0,Unassigned,,
doi:10.1145/3457139,10.1145/3457139,1,"[""ACM""]","[[""ACM"",""N35E5EB5BFD2D3585""]]","[""exclude""]",not_included,0,Unassigned,,
doi:10.1145/3457146,10.1145/3457146,1,"[""ACM""]","[[""ACM"",""N7EF184C6CFE94BFC""]]","[""exclude""]",not_included,0,Unassigned,,
doi:10.1145/3457682.3457759,10.1145/3457682.3457759,1,"[""ACM""]","[[""ACM"",""N5B4ED6AE96D7D21D""]]","[""exclude""]",not_included,0,Unassigned,,
doi:10.1145/3459104.3459162,10.1145/3459104.3459162,1,"[""ACM""]","[[""ACM"",""NBF00BB59DC4461D1""]]","[""exclude""]",not_included,0,Unassigned,,
doi:10.1145/3459637.3482052,10.1145/3459637.3482052,1,"[""ACM""]","[[""ACM"",""E100""]]","[""exclude""]",not_included,0,Unassigned,,
doi:10.1145/3460112.3471961,10.1145/3460112.3471961,1,"[""ACM""]","[[""ACM"",""NCE63B6DA275F6C60""]]","[""exclude""]",not_included,0,Unassigned,,
doi:10.1145/3460418.3479274,10.1145/3460418.3479274,1,"[""ACM""]","[[""ACM"",""ND1B57FFD9841307D""]]","[""exclude""]",not_included,0,Unassigned,,
doi:10.1145/3463677.3463700,10.1145/3463677.3463700,1,"[""ACM""]","[[""ACM"",""N0D07793D1467B9F1""]]","[""exclude""]",not_included,0,Unassigned,,
doi:10.1145/3465084.3467486,10.1145/3465084.3467486,1,"[""ACM""]","[[""ACM"",""N0EA301A2A3F90F12""]]","[""exclude""]",not_included,0,Unassigned,,
doi:10.1145/3465456.3467529,10.1145/3465456.3467529,1,"[""ACM""]","[[""ACM"",""N43B356AE22460594""]]","[""exclude""]",not_included,0,Unassigned,,
doi:10.1145/3465456.3467560,10.1145/3465456.3467560,1,"[""ACM""]","[[""ACM"",""N80D8449EAE88ED8C""]]","[""exclude""]",not_included,0,Unassigned,,
doi:10.1145/3465456.3467581,10.1145/3465456.3467581,1,"[""ACM""]","[[""ACM"",""NB8741C4614518EFA""]]","[""exclude""]",not_included,0,Unassigned,,
doi:10.1145/3465456.3467587,10.1145/3465456.3467587,1,"[""ACM""]","[[""ACM"",""NA18B99D7C8C82187""]]","[""exclude""]",not_included,0,Unassigned,,
doi:10.1145/3465456.3467599,10.1145/3465456.3467599,1,"[""ACM""]","[[""ACM"",""NBCD89C7CA9767B5E""]]","[""exclude""]",not_included,0,Unassigned,,
doi:10.1145/3465456.3467602,10.1145/3465456.3467602,1,"[""ACM""]","[[""ACM"",""N67201B1E7E26EAF8""]]","[""exclude""]",not_included,0,Unassigned,,
doi:10.1145/3465456.3467607,10.1145/3465456.3467607,1,"[""ACM""]","[[""ACM"",""ND88CDE570AE22D75""]]","[""include""]",included,0,Unassigned,,
doi:10.1145/3465456.3467608,10.1145/3465456.3467608,1,"[""ACM""]","[[""ACM"",""N8156BEF8DAA384E1""]]","[""exclude""]",not_included,0,Unassigned,,
doi:10.1145/3465456.3467628,10.1145/3465456.3467628,1,"[""ACM""]","[[""ACM"",""N5FF56D68A776AD3E""]]","[""exclude""]",not_included,0,Unassigned,,
doi:10.1145/3465456.3467632,10.1145/3465456.3467632,1,"[""ACM""]","[[""ACM"",""NB70192569CC5E5D5""]]","[""exclude""]",not_included,0,Unassigned,,
doi:10.1145/3465456.3467634,10.1145/3465456.3467634,1,"[""ACM""]","[[""ACM"",""NF7BE18748D118F26""]]","[""exclude""]",not_included,0,Unassigned,,
doi:10.1145/3465456.3467648,10.1145/3465456.3467648,1,"[""ACM""]","[[""ACM"",""NF2D020E409C6FC44""]]","[""exclude""]",not_included,0,Unassigned,,
doi:10.1145/3465456.3467651,10.1145/3465456.3467651,1,"[""ACM""]","[[""ACM"",""N1E57A9385CA5E94A""]]","[""exclude""]",not_included,0,Unassigned,,
doi:10.1145/3465631.3465669,10.1145/3465631.3465669,1,"[""ACM""]","[[""ACM"",""NC229200D64592C85""]]","[""pending""]",not_included,1,Unassigned,,
doi:10.1145/3466029.3466697,10.1145/3466029.3466697,1,"[""ACM""]","[[""ACM"",""N8D5AA52FC124C61D""]]","[""exclude""]",not_included,0,Unassigned,,
doi:10.1145/3466772.3467041,10.1145/3466772.3467041,1,"[""ACM""]","[[""ACM"",""NCC37ADE30E2CA5CF""]]","[""exclude""]",not_included,0,Unassigned,,
doi:10.1145/3468013.3468315,10.1145/3468013.3468315,1,"[""ACM""]","[[""ACM"",""N8DA9183D2D7D4452""]]","[""exclude""]",not_included,0,Unassigned,,
doi:10.1145/3468691.3468704,10.1145/3468691.3468704,1,"[""ACM""]","[[""ACM"",""N6562F3041285AAFD""]]","[""exclude""]",not_included,0,Unassigned,,
doi:10.1145/3468891.3468892,10.1145/3468891.3468892,1,"[""ACM""]","[[""ACM"",""NA7170669CAECB9C0""]]","[""exclude""]",not_included,0,Unassigned,,
doi:10.1145/3469213.3470712,10.1145/3469213.3470712,1,"[""ACM""]","[[""ACM"",""E104""]]","[""exclude""]",not_included,0,Unassigned,,
doi:10.1145/3470972,10.1145/3470972,1,"[""ACM""]","[[""ACM"",""N121E1453F45343B3""]]","[""exclude""]",not_included,0,Unassigned,,
doi:10.1145/3471187,10.1145/3471187,1,"[""ACM""]","[[""ACM"",""NA67E1E146305249B""]]","[""exclude""]",not_included,0,Unassigned,,
doi:10.1145/3472291,10.1145/3472291,1,"[""ACM""]","[[""ACM"",""N24C3CD743A4FF88E""]]","[""exclude""]",not_included,0,Unassigned,,
doi:10.1145/3472307.3484183,10.1145/3472307.3484183,1,"[""ACM""]","[[""ACM"",""NF2E2E8604355F3F3""]]","[""exclude""]",not_included,0,Unassigned,,
doi:10.1145/3472714.3473623,10.1145/3472714.3473623,1,"[""ACM""]","[[""ACM"",""NDC2A3E229733FE5A""]]","[""exclude""]",not_included,0,Unassigned,,
doi:10.1145/3473567,10.1145/3473567,1,"[""ACM""]","[[""ACM"",""NC3DFD3FCF30D869D""]]","[""exclude""]",not_included,0,Unassigned,,
doi:10.1145/3474085.3478580,10.1145/3474085.3478580,1,"[""ACM""]","[[""ACM"",""N8BA0CB7ECDF482CF""]]","[""exclude""]",not_included,0,Unassigned,,
doi:10.1145/3474198.3478219,10.1145/3474198.3478219,1,"[""ACM""]","[[""ACM"",""N969EB04A70CD9607""]]","[""exclude""]",not_included,0,Unassigned,,
doi:10.1145/3474963.3474966,10.1145/3474963.3474966,1,"[""ACM""]","[[""ACM"",""NEA819CCE3D5D10BE""]]","[""exclude""]",not_included,0,Unassigned,,
doi:10.1145/3475797,10.1145/3475797,1,"[""ACM""]","[[""ACM"",""N1C836BD11A230AE9""]]","[""exclude""]",not_included,0,Unassigned,,
doi:10.1145/3475959,10.1145/3475959,1,"[""ACM""]","[[""ACM"",""N06B23DC928F3A577""]]","[""exclude""]",not_included,0,Unassigned,,
doi:10.1145/3476883.3520208,10.1145/3476883.3520208,1,"[""ACM""]","[[""ACM"",""N17EB6C483C2449D9""]]","[""exclude""]",not_included,0,Unassigned,,
doi:10.1145/3477339,10.1145/3477339,1,"[""ACM""]","[[""ACM"",""NBF9483A98A7507DD""]]","[""exclude""]",not_included,0,Unassigned,,
doi:10.1145/3477339.3477345,10.1145/3477339.3477345,1,"[""ACM""]","[[""ACM"",""N28B9483D362D69C8""]]","[""exclude""]",not_included,0,Unassigned,,
doi:10.1145/3477339.3477351,10.1145/3477339.3477351,1,"[""ACM""]","[[""ACM"",""N01A627173C10B091""]]","[""exclude""]",not_included,0,Unassigned,,
doi:10.1145/3477495.3531714,10.1145/3477495.3531714,1,"[""ACM""]","[[""ACM"",""N845B34D1A62E1D54""]]","[""exclude""]",not_included,0,Unassigned,,
doi:10.1145/3477495.3531754,10.1145/3477495.3531754,1,"[""ACM""]","[[""ACM"",""NABBA2F4248836149""]]","[""exclude""]",not_included,0,Unassigned,,
doi:10.1145/3477495.3531924,10.1145/3477495.3531924,1,"[""ACM""]","[[""ACM"",""N497D825696524210""]]","[""exclude""]",not_included,0,Unassigned,,
doi:10.1145/3477495.3536325,10.1145/3477495.3536325,1,"[""ACM""]","[[""ACM"",""N16C76B2FCCC255DA""]]","[""exclude""]",not_included,0,Unassigned,,
doi:10.1145/3478384.3478391,10.1145/3478384.3478391,1,"[""ACM""]","[[""ACM"",""N25B56E0A83414132""]]","[""exclude""]",not_included,0,Unassigned,,
doi:10.1145/3478586.3478606,10.1145/3478586.3478606,1,"[""ACM""]","[[""ACM"",""N3725BABC127E7C3E""]]","[""exclude""]",not_included,0,Unassigned,,
doi:10.1145/3478905.3478943,10.1145/3478905.3478943,1,"[""ACM""]","[[""ACM"",""NC6930F4F848CC4AB""]]","[""exclude""]",not_included,0,Unassigned,,
doi:10.1145/3485447.3512055,10.1145/3485447.3512055,1,"[""ACM""]","[[""ACM"",""N5E2543B81E450F7D""]]","[""include""]",included,0,Unassigned,,
doi:10.1145/3485447.3512229,10.1145/3485447.3512229,1,"[""ACM""]","[[""ACM"",""N1CCCBB01CDF8F5C2""]]","[""exclude""]",not_included,0,Unassigned,,
doi:10.1145/3486622.3493919,10.1145/3486622.3493919,1,"[""ACM""]","[[""ACM"",""E059""]]","[""include""]",included,0,Unassigned,,
doi:10.1145/3486622.3493922,10.1145/3486622.3493922,1,"[""ACM""]","[[""ACM"",""NE50763B4A8955327""]]","[""exclude""]",not_included,0,Unassigned,,
doi:10.1145/3486622.3493937,10.1145/3486622.3493937,1,"[""ACM""]","[[""ACM"",""NE019C3A71D89ACF2""]]","[""include""]",included,0,Unassigned,,
doi:10.1145/3487351.3489476,10.1145/3487351.3489476,1,"[""ACM""]","[[""ACM"",""N0F6EA8416466071E""]]","[""include""]",included,0,Unassigned,,
doi:10.1145/3487664.3487732,10.1145/3487664.3487732,1,"[""ACM""]","[[""ACM"",""N62AACA9870D04CF5""]]","[""exclude""]",not_included,0,Unassigned,,
doi:10.1145/3487757.3490866,10.1145/3487757.3490866,1,"[""ACM""]","[[""ACM"",""N67A274397A95C2B7""]]","[""exclude""]",not_included,0,Unassigned,,
doi:10.1145/3487983.3488291,10.1145/3487983.3488291,1,"[""ACM""]","[[""ACM"",""N3BA3196C46CAA5BA""]]","[""exclude""]",not_included,0,Unassigned,,
doi:10.1145/3487983.3488302,10.1145/3487983.3488302,1,"[""ACM""]","[[""ACM"",""N6DF32447523EAF37""]]","[""exclude""]",not_included,0,Unassigned,,
doi:10.1145/3488539,10.1145/3488539,1,"[""ACM""]","[[""ACM"",""N339AB70254176FC3""]]","[""exclude""]",not_included,0,Unassigned,,
doi:10.1145/3488560.3498471,10.1145/3488560.3498471,1,"[""ACM""]","[[""ACM"",""N43E70531D6BBE945""]]","[""exclude""]",not_included,0,Unassigned,,
doi:10.1145/3488904.3493378,10.1145/3488904.3493378,1,"[""ACM""]","[[""ACM"",""NB39A1ED48286631E""]]","[""exclude""]",not_included,0,Unassigned,,
doi:10.1145/3490354.3494386,10.1145/3490354.3494386,1,"[""ACM""]","[[""ACM"",""NBDF72CAC4AE9533A""]]","[""include""]",included,0,Unassigned,,
doi:10.1145/3490354.3494389,10.1145/3490354.3494389,1,"[""ACM""]","[[""ACM"",""NDCFD9323DBF483EF""]]","[""include""]",included,0,Unassigned,,
doi:10.1145/3490354.3494391,10.1145/3490354.3494391,1,"[""ACM""]","[[""ACM"",""NACFE64D8233EFC07""]]","[""exclude""]",not_included,0,Unassigned,,
doi:10.1145/3490354.3494410,10.1145/3490354.3494410,1,"[""ACM""]","[[""ACM"",""N1792052061831D44""]]","[""include""]",included,0,Unassigned,,
doi:10.1145/3490486.3538238,10.1145/3490486.3538238,1,"[""ACM""]","[[""ACM"",""N70F80AD18C53FAB4""]]","[""exclude""]",not_included,0,Unassigned,,
doi:10.1145/3490486.3538259,10.1145/3490486.3538259,1,"[""ACM""]","[[""ACM"",""N4F34AE952051831B""]]","[""exclude""]",not_included,0,Unassigned,,
doi:10.1145/3490486.3538261,10.1145/3490486.3538261,1,"[""ACM""]","[[""ACM"",""N2E9C1ADB56108F2A""]]","[""exclude""]",not_included,0,Unassigned,,
doi:10.1145/3490486.3538267,10.1145/3490486.3538267,1,"[""ACM""]","[[""ACM"",""NAA02CEFC8E5B0BF0""]]","[""exclude""]",not_included,0,Unassigned,,
doi:10.1145/3490486.3538270,10.1145/3490486.3538270,1,"[""ACM""]","[[""ACM"",""N137B4B1CAFD07553""]]","[""exclude""]",not_included,0,Unassigned,,
doi:10.1145/3490486.3538308,10.1145/3490486.3538308,1,"[""ACM""]","[[""ACM"",""NEE0510389F6F9332""]]","[""exclude""]",not_included,0,Unassigned,,
doi:10.1145/3490486.3538310,10.1145/3490486.3538310,1,"[""ACM""]","[[""ACM"",""NAB2CB3E9B70B185C""]]","[""exclude""]",not_included,0,Unassigned,,
doi:10.1145/3490486.3538316,10.1145/3490486.3538316,1,"[""ACM""]","[[""ACM"",""NB3AAE655CC4BF4B2""]]","[""exclude""]",not_included,0,Unassigned,,
doi:10.1145/3490486.3538333,10.1145/3490486.3538333,1,"[""ACM""]","[[""ACM"",""N5CE6D07A5535EF50""]]","[""include""]",included,0,Unassigned,,
doi:10.1145/3490486.3538342,10.1145/3490486.3538342,1,"[""ACM""]","[[""ACM"",""NA90EBEB86D90D8E2""]]","[""exclude""]",not_included,0,Unassigned,,
doi:10.1145/3490486.3538373,10.1145/3490486.3538373,1,"[""ACM""]","[[""ACM"",""NC2BB545573E9EE75""]]","[""include""]",included,0,Unassigned,,
doi:10.1145/3491102.3517471,10.1145/3491102.3517471,1,"[""ACM""]","[[""ACM"",""N811689A3C77DE9FD""]]","[""exclude""]",not_included,0,Unassigned,,
doi:10.1145/3491102.3517572,10.1145/3491102.3517572,1,"[""ACM""]","[[""ACM"",""NDA4E5614AD571EDB""]]","[""exclude""]",not_included,0,Unassigned,,
doi:10.1145/3492323.3495619,10.1145/3492323.3495619,1,"[""ACM""]","[[""ACM"",""N47D4D9C2E9496D9D""]]","[""include""]",included,0,Unassigned,,
doi:10.1145/3492866.3549728,10.1145/3492866.3549728,1,"[""ACM""]","[[""ACM"",""N417A6CA88D8F57F7""]]","[""exclude""]",not_included,0,Unassigned,,
doi:10.1145/3494519,10.1145/3494519,1,"[""ACM""]","[[""ACM"",""N423A5DAB25B08C12""]]","[""exclude""]",not_included,0,Unassigned,,
doi:10.1145/3495018.3501073,10.1145/3495018.3501073,1,"[""ACM""]","[[""ACM"",""NDF450DE5759087DF""]]","[""exclude""]",not_included,0,Unassigned,,
doi:10.1145/3500866,10.1145/3500866,1,"[""ACM""]","[[""ACM"",""NDA7245FF1E51ABC4""]]","[""exclude""]",not_included,0,Unassigned,,
doi:10.1145/3501402,10.1145/3501402,1,"[""ACM""]","[[""ACM"",""E062""]]","[""exclude""]",not_included,0,Unassigned,,
doi:10.1145/3501409.3501472,10.1145/3501409.3501472,1,"[""ACM""]","[[""ACM"",""N67FB75EB90418CC6""]]","[""exclude""]",not_included,0,Unassigned,,
doi:10.1145/3503465,10.1145/3503465,1,"[""ACM""]","[[""ACM"",""E164""]]","[""exclude""]",not_included,0,Unassigned,,
doi:10.1145/3503823.3503830,10.1145/3503823.3503830,1,"[""ACM""]","[[""ACM"",""N3B63B6808E7C450E""]]","[""exclude""]",not_included,0,Unassigned,,
doi:10.1145/3505586,10.1145/3505586,1,"[""ACM""]","[[""ACM"",""N82B326224363D489""]]","[""exclude""]",not_included,0,Unassigned,,
doi:10.1145/3508230.3508251,10.1145/3508230.3508251,1,"[""ACM""]","[[""ACM"",""NC18273F47D1C7F00""]]","[""exclude""]",not_included,0,Unassigned,,
doi:10.1145/3508352,10.1145/3508352,1,"[""ACM""]","[[""ACM"",""NCE0E9AD26328133B""]]","[""exclude""]",not_included,0,Unassigned,,
doi:10.1145/3511808.3557094,10.1145/3511808.3557094,1,"[""ACM""]","[[""ACM"",""ND00D1FCBFB2261D5""]]","[""exclude""]",not_included,0,Unassigned,,
doi:10.1145/3511808.3557514,10.1145/3511808.3557514,1,"[""ACM""]","[[""ACM"",""N8F9B9E9698FF59C4""]]","[""exclude""]",not_included,0,Unassigned,,
doi:10.1145/3511808.3557611,10.1145/3511808.3557611,1,"[""ACM""]","[[""ACM"",""N34494C8EC5ADFAD9""]]","[""exclude""]",not_included,0,Unassigned,,
doi:10.1145/3512917,10.1145/3512917,1,"[""ACM""]","[[""ACM"",""N45483D5AB10C5450""]]","[""exclude""]",not_included,0,Unassigned,,
doi:10.1145/3514197.3549682,10.1145/3514197.3549682,1,"[""ACM""]","[[""ACM"",""N47AAE582628A64BF""]]","[""exclude""]",not_included,0,Unassigned,,
doi:10.1145/3516492,10.1145/3516492,1,"[""ACM""]","[[""ACM"",""N4E6FE87680FB0A18""]]","[""exclude""]",not_included,0,Unassigned,,
doi:10.1145/3518997.3534959,10.1145/3518997.3534959,1,"[""ACM""]","[[""ACM"",""N70531030A9CDA37D""]]","[""include""]",included,0,Unassigned,,
doi:10.1145/3523055,10.1145/3523055,1,"[""ACM""]","[[""ACM"",""N274F6DED6C286901""]]","[""exclude""]",not_included,0,Unassigned,,
doi:10.1145/3523227.3547400,10.1145/3523227.3547400,1,"[""ACM""]","[[""ACM"",""N8CBFF4043DF4696A""]]","[""exclude""]",not_included,0,Unassigned,,
doi:10.1145/3524304.3524326,10.1145/3524304.3524326,1,"[""ACM""]","[[""ACM"",""N12C96B3A755730D1""]]","[""exclude""]",not_included,0,Unassigned,,
doi:10.1145/3528137.3528156,10.1145/3528137.3528156,1,"[""ACM""]","[[""ACM"",""NB289946A0B779516""]]","[""exclude""]",not_included,0,Unassigned,,
doi:10.1145/3528223.3530110,10.1145/3528223.3530110,1,"[""ACM""]","[[""ACM"",""N618CD6878119541F""]]","[""exclude""]",not_included,0,Unassigned,,
doi:10.1145/3530799,10.1145/3530799,1,"[""ACM""]","[[""ACM"",""N03E6C1ECCF54E4BF""]]","[""exclude""]",not_included,0,Unassigned,,
doi:10.1145/3530991,10.1145/3530991,1,"[""ACM""]","[[""ACM"",""N9B14BE7E4CF59CB0""]]","[""exclude""]",not_included,0,Unassigned,,
doi:10.1145/3531146.3533237,10.1145/3531146.3533237,1,"[""ACM""]","[[""ACM"",""N397D25AEF7D31896""]]","[""exclude""]",not_included,0,Unassigned,,
doi:10.1145/3534678.3539416,10.1145/3534678.3539416,1,"[""ACM""]","[[""ACM"",""NAF10A7F3CB456810""]]","[""include""]",included,0,Unassigned,,
doi:10.1145/3535782.3535827,10.1145/3535782.3535827,1,"[""ACM""]","[[""ACM"",""N4DAFD223FB48D267""]]","[""exclude""]",not_included,0,Unassigned,,
doi:10.1145/3537693.3537742,10.1145/3537693.3537742,1,"[""ACM""]","[[""ACM"",""N964CB687117E37BC""]]","[""exclude""]",not_included,0,Unassigned,,
doi:10.1145/3539618.3591656,10.1145/3539618.3591656,1,"[""ACM""]","[[""ACM"",""N4576A2CED0212D26""]]","[""exclude""]",not_included,0,Unassigned,,
doi:10.1145/3539618.3591883,10.1145/3539618.3591883,1,"[""ACM""]","[[""ACM"",""N465CE484675C644D""]]","[""exclude""]",not_included,0,Unassigned,,
doi:10.1145/3542929,10.1145/3542929,1,"[""ACM""]","[[""ACM"",""N9362BFB1086DFD1D""]]","[""exclude""]",not_included,0,Unassigned,,
doi:10.1145/3543507.3583292,10.1145/3543507.3583292,1,"[""ACM""]","[[""ACM"",""NCBA46DFBCA89B816""]]","[""exclude""]",not_included,0,Unassigned,,
doi:10.1145/3543507.3583334,10.1145/3543507.3583334,1,"[""ACM""]","[[""ACM"",""E126""]]","[""include""]",included,0,Unassigned,,
doi:10.1145/3543507.3583459,10.1145/3543507.3583459,1,"[""ACM""]","[[""ACM"",""NF118E6F21F676F14""]]","[""exclude""]",not_included,0,Unassigned,,
doi:10.1145/3543507.3583478,10.1145/3543507.3583478,1,"[""ACM""]","[[""ACM"",""NA6A169ABF415C05C""]]","[""exclude""]",not_included,0,Unassigned,,
doi:10.1145/3543507.3583523,10.1145/3543507.3583523,1,"[""ACM""]","[[""ACM"",""ND0F3B0A44B9259CA""]]","[""include""]",included,0,Unassigned,,
doi:10.1145/3543712,10.1145/3543712,1,"[""ACM""]","[[""ACM"",""NAD55B4D03A3E587E""]]","[""exclude""]",not_included,0,Unassigned,,
doi:10.1145/3543829.3544530,10.1145/3543829.3544530,1,"[""ACM""]","[[""ACM"",""N0328982594A543BA""]]","[""exclude""]",not_included,0,Unassigned,,
doi:10.1145/3543846,10.1145/3543846,1,"[""ACM""]","[[""ACM"",""NE5D465047605012D""]]","[""exclude""]",not_included,0,Unassigned,,
doi:10.1145/3543873.3587657,10.1145/3543873.3587657,1,"[""ACM""]","[[""ACM"",""NE49760A067A08DA2""]]","[""exclude""]",not_included,0,Unassigned,,
doi:10.1145/3544109.3544121,10.1145/3544109.3544121,1,"[""ACM""]","[[""ACM"",""N762D862466B2EA10""]]","[""pending""]",not_included,1,Unassigned,,
doi:10.1145/3544548,10.1145/3544548,1,"[""ACM""]","[[""ACM"",""NED60B1A6B24591B8""]]","[""exclude""]",not_included,0,Unassigned,,
doi:10.1145/3544548.3580693,10.1145/3544548.3580693,1,"[""ACM""]","[[""ACM"",""NC1D4D710189C034A""]]","[""exclude""]",not_included,0,Unassigned,,
doi:10.1145/3544548.3580736,10.1145/3544548.3580736,1,"[""ACM""]","[[""ACM"",""NC2F5D15FC845757F""]]","[""exclude""]",not_included,0,Unassigned,,
doi:10.1145/3544548.3581022,10.1145/3544548.3581022,1,"[""ACM""]","[[""ACM"",""N4A734E5BEEE0290C""]]","[""exclude""]",not_included,0,Unassigned,,
doi:10.1145/3544548.3581106,10.1145/3544548.3581106,1,"[""ACM""]","[[""ACM"",""NF0C9330B6111FDD3""]]","[""exclude""]",not_included,0,Unassigned,,
doi:10.1145/3544549,10.1145/3544549,1,"[""ACM""]","[[""ACM"",""N8B5D3FB8AFD9A497""]]","[""exclude""]",not_included,0,Unassigned,,
doi:10.1145/3544549.3585761,10.1145/3544549.3585761,1,"[""ACM""]","[[""ACM"",""N75F9A031D25A99B1""]]","[""exclude""]",not_included,0,Unassigned,,
doi:10.1145/3544902,10.1145/3544902,1,"[""ACM""]","[[""ACM"",""N9735E6C78DC728DC""]]","[""exclude""]",not_included,0,Unassigned,,
doi:10.1145/3545897,10.1145/3545897,1,"[""ACM""]","[[""ACM"",""E132""]]","[""exclude""]",not_included,0,Unassigned,,
doi:10.1145/3545897.3545917,10.1145/3545897.3545917,1,"[""ACM""]","[[""ACM"",""E129""]]","[""exclude""]",not_included,0,Unassigned,,
doi:10.1145/3546000,10.1145/3546000,1,"[""ACM""]","[[""ACM"",""N43FF645D94472866""]]","[""exclude""]",not_included,0,Unassigned,,
doi:10.1145/3546000.3546027,10.1145/3546000.3546027,1,"[""ACM""]","[[""ACM"",""ND15B0AF379B258FE""]]","[""exclude""]",not_included,0,Unassigned,,
doi:10.1145/3548606.3560629,10.1145/3548606.3560629,1,"[""ACM""]","[[""ACM"",""NDA2818567E686F87""]]","[""exclude""]",not_included,0,Unassigned,,
doi:10.1145/3548606.3560706,10.1145/3548606.3560706,1,"[""ACM""]","[[""ACM"",""N8D4ECE5123151C17""]]","[""exclude""]",not_included,0,Unassigned,,
doi:10.1145/3549482,10.1145/3549482,1,"[""ACM""]","[[""ACM"",""N46954496A482EF32""]]","[""exclude""]",not_included,0,Unassigned,,
doi:10.1145/3550454.3555434,10.1145/3550454.3555434,1,"[""ACM""]","[[""ACM"",""NCDDB3CF81ED50E87""]]","[""exclude""]",not_included,0,Unassigned,,
doi:10.1145/3555041.3589713,10.1145/3555041.3589713,1,"[""ACM""]","[[""ACM"",""NCACE4FED6373D3A9""]]","[""exclude""]",not_included,0,Unassigned,,
doi:10.1145/3555228,10.1145/3555228,1,"[""ACM""]","[[""ACM"",""N0386831C5B6602C4""]]","[""exclude""]",not_included,0,Unassigned,,
doi:10.1145/3555761,10.1145/3555761,1,"[""ACM""]","[[""ACM"",""NB72BF916AD3728D4""]]","[""exclude""]",not_included,0,Unassigned,,
doi:10.1145/3556089.3556134,10.1145/3556089.3556134,1,"[""ACM""]","[[""ACM"",""N6B887BB70CE0A214""]]","[""exclude""]",not_included,0,Unassigned,,
doi:10.1145/3556223,10.1145/3556223,1,"[""ACM""]","[[""ACM"",""NB0C84C309ECBCCBC""]]","[""exclude""]",not_included,0,Unassigned,,
doi:10.1145/3557738.3557874,10.1145/3557738.3557874,1,"[""ACM""]","[[""ACM"",""NF95FF2D5A8918D46""]]","[""exclude""]",not_included,0,Unassigned,,
doi:10.1145/3560905.3568301,10.1145/3560905.3568301,1,"[""ACM""]","[[""ACM"",""E005""]]","[""exclude""]",not_included,0,Unassigned,,
doi:10.1145/3563357,10.1145/3563357,1,"[""ACM""]","[[""ACM"",""NF43049624DBCD573""]]","[""exclude""]",not_included,0,Unassigned,,
doi:10.1145/3563357.3564052,10.1145/3563357.3564052,1,"[""ACM""]","[[""ACM"",""N5E2862A49ABB3544""]]","[""exclude""]",not_included,0,Unassigned,,
doi:10.1145/3563657.3596095,10.1145/3563657.3596095,1,"[""ACM""]","[[""ACM"",""N1E11A54B183B7497""]]","[""exclude""]",not_included,0,Unassigned,,
doi:10.1145/3564246.3585151,10.1145/3564246.3585151,1,"[""ACM""]","[[""ACM"",""NB99026ABF241E8FA""]]","[""exclude""]",not_included,0,Unassigned,,
doi:10.1145/3564246.3585193,10.1145/3564246.3585193,1,"[""ACM""]","[[""ACM"",""N2708465B43A23E40""]]","[""exclude""]",not_included,0,Unassigned,,
doi:10.1145/3564625,10.1145/3564625,1,"[""ACM""]","[[""ACM"",""N8FB5AF64B85B3B2E""]]","[""exclude""]",not_included,0,Unassigned,,
doi:10.1145/3564625.3564654,10.1145/3564625.3564654,1,"[""ACM""]","[[""ACM"",""E168""]]","[""exclude""]",not_included,0,Unassigned,,
doi:10.1145/3565474,10.1145/3565474,1,"[""ACM""]","[[""ACM"",""NAE34385C686A7B0D""]]","[""exclude""]",not_included,0,Unassigned,,
doi:10.1145/3565560,10.1145/3565560,1,"[""ACM""]","[[""ACM"",""ND17CA4D482728B93""]]","[""exclude""]",not_included,0,Unassigned,,
doi:10.1145/3565970.3567697,10.1145/3565970.3567697,1,"[""ACM""]","[[""ACM"",""N363859C23CDA0AB3""]]","[""exclude""]",not_included,0,Unassigned,,
doi:10.1145/3565973,10.1145/3565973,1,"[""ACM""]","[[""ACM"",""N88E3FBDC0FB3AD70""]]","[""exclude""]",not_included,0,Unassigned,,
doi:10.1145/356683.356688,10.1145/356683.356688,1,"[""ACM""]","[[""ACM"",""NDE8DCC10868B253A""]]","[""pending""]",not_included,1,Unassigned,,
doi:10.1145/3568162.3576971,10.1145/3568162.3576971,1,"[""ACM""]","[[""ACM"",""NA8A4A0742B2BC7ED""]]","[""exclude""]",not_included,0,Unassigned,,
doi:10.1145/3568294.3580171,10.1145/3568294.3580171,1,"[""ACM""]","[[""ACM"",""NACA123F00EA648F3""]]","[""exclude""]",not_included,0,Unassigned,,
doi:10.1145/3569052.3578925,10.1145/3569052.3578925,1,"[""ACM""]","[[""ACM"",""N139E41664D976C1D""]]","[""exclude""]",not_included,0,Unassigned,,
doi:10.1145/3569966,10.1145/3569966,1,"[""ACM""]","[[""ACM"",""N7FEC5D28A0E73603""]]","[""exclude""]",not_included,0,Unassigned,,
doi:10.1145/3570773,10.1145/3570773,1,"[""ACM""]","[[""ACM"",""N4A22AAAAA5BDB9EC""]]","[""exclude""]",not_included,0,Unassigned,,
doi:10.1145/3570773.3570887,10.1145/3570773.3570887,1,"[""ACM""]","[[""ACM"",""N18630BE87F01D436""]]","[""exclude""]",not_included,0,Unassigned,,
doi:10.1145/3571786,10.1145/3571786,1,"[""ACM""]","[[""ACM"",""N8445BE3424427757""]]","[""exclude""]",not_included,0,Unassigned,,
doi:10.1145/3571884.3603759,10.1145/3571884.3603759,1,"[""ACM""]","[[""ACM"",""N609732382C205941""]]","[""exclude""]",not_included,0,Unassigned,,
doi:10.1145/3576842,10.1145/3576842,1,"[""ACM""]","[[""ACM"",""N1FCFAA4AFAFFD7CB""]]","[""exclude""]",not_included,0,Unassigned,,
doi:10.1145/3576842.3582382,10.1145/3576842.3582382,1,"[""ACM""]","[[""ACM"",""NB33161B382BB0131""]]","[""exclude""]",not_included,0,Unassigned,,
doi:10.1145/3577032,10.1145/3577032,1,"[""ACM""]","[[""ACM"",""N2691D21947594C62""]]","[""exclude""]",not_included,0,Unassigned,,
doi:10.1145/3577065,10.1145/3577065,1,"[""ACM""]","[[""ACM"",""NA8889090FD897700""]]","[""exclude""]",not_included,0,Unassigned,,
doi:10.1145/3577530,10.1145/3577530,1,"[""ACM""]","[[""ACM"",""N999854F4C31DD2A7""]]","[""exclude""]",not_included,0,Unassigned,,
doi:10.1145/3577530.3577562,10.1145/3577530.3577562,1,"[""ACM""]","[[""ACM"",""N6325C767E67583B9""]]","[""exclude""]",not_included,0,Unassigned,,
doi:10.1145/3578338.3593572,10.1145/3578338.3593572,1,"[""ACM""]","[[""ACM"",""E044""]]","[""exclude""]",not_included,0,Unassigned,,
doi:10.1145/3578575,10.1145/3578575,1,"[""ACM""]","[[""ACM"",""N6D0179E0B67DBD9A""]]","[""exclude""]",not_included,0,Unassigned,,
doi:10.1145/3579492,10.1145/3579492,1,"[""ACM""]","[[""ACM"",""NA8C7FC25C68B6FA8""]]","[""exclude""]",not_included,0,Unassigned,,
doi:10.1145/3579895,10.1145/3579895,1,"[""ACM""]","[[""ACM"",""N1D7B98D811690900""]]","[""exclude""]",not_included,0,Unassigned,,
doi:10.1145/3580305.3599254,10.1145/3580305.3599254,1,"[""ACM""]","[[""ACM"",""N26D40840550D06AF""]]","[""include""]",included,0,Unassigned,,
doi:10.1145/3580507.3597673,10.1145/3580507.3597673,1,"[""ACM""]","[[""ACM"",""N515A414841F64FD1""]]","[""exclude""]",not_included,0,Unassigned,,
doi:10.1145/3580507.3597678,10.1145/3580507.3597678,1,"[""ACM""]","[[""ACM"",""N6FA3B181D6B7A323""]]","[""exclude""]",not_included,0,Unassigned,,
doi:10.1145/3580507.3597690,10.1145/3580507.3597690,1,"[""ACM""]","[[""ACM"",""NAB9458DF61B8A35F""]]","[""exclude""]",not_included,0,Unassigned,,
doi:10.1145/3580507.3597692,10.1145/3580507.3597692,1,"[""ACM""]","[[""ACM"",""NEFEC98B452DAE010""]]","[""exclude""]",not_included,0,Unassigned,,
doi:10.1145/3580507.3597696,10.1145/3580507.3597696,1,"[""ACM""]","[[""ACM"",""N1DA6C79ECAD3A5FF""]]","[""exclude""]",not_included,0,Unassigned,,
doi:10.1145/3580507.3597713,10.1145/3580507.3597713,1,"[""ACM""]","[[""ACM"",""N7185694745885B98""]]","[""exclude""]",not_included,0,Unassigned,,
doi:10.1145/3580507.3597725,10.1145/3580507.3597725,1,"[""ACM""]","[[""ACM"",""N7C6E7E19F6C13A7A""]]","[""include""]",included,0,Unassigned,,
doi:10.1145/3580507.3597757,10.1145/3580507.3597757,1,"[""ACM""]","[[""ACM"",""N951BE51C8332E0CC""]]","[""exclude""]",not_included,0,Unassigned,,
doi:10.1145/3580507.3597784,10.1145/3580507.3597784,1,"[""ACM""]","[[""ACM"",""N12D4BC86034EC8A0""]]","[""exclude""]",not_included,0,Unassigned,,
doi:10.1145/3580507.3597793,10.1145/3580507.3597793,1,"[""ACM""]","[[""ACM"",""NC6A34751431BF99E""]]","[""exclude""]",not_included,0,Unassigned,,
doi:10.1145/3581783.3612425,10.1145/3581783.3612425,1,"[""ACM""]","[[""ACM"",""NC176FE53F1C092D8""]]","[""exclude""]",not_included,0,Unassigned,,
doi:10.1145/3581784,10.1145/3581784,1,"[""ACM""]","[[""ACM"",""N64EE7ACF8945B36E""]]","[""exclude""]",not_included,0,Unassigned,,
doi:10.1145/3581791,10.1145/3581791,1,"[""ACM""]","[[""ACM"",""NC65C631DF0BEA2AA""]]","[""exclude""]",not_included,0,Unassigned,,
doi:10.1145/3581971.3581972,10.1145/3581971.3581972,1,"[""ACM""]","[[""ACM"",""NE4E6C91D6BD16463""]]","[""exclude""]",not_included,0,Unassigned,,
doi:10.1145/3582649,10.1145/3582649,1,"[""ACM""]","[[""ACM"",""N710F76BC9755C1ED""]]","[""exclude""]",not_included,0,Unassigned,,
doi:10.1145/3583668.3594588,10.1145/3583668.3594588,1,"[""ACM""]","[[""ACM"",""N93CBA6895FC1820A""]]","[""exclude""]",not_included,0,Unassigned,,
doi:10.1145/3584684,10.1145/3584684,1,"[""ACM""]","[[""ACM"",""N04E03FF41007C532""]]","[""exclude""]",not_included,0,Unassigned,,
doi:10.1145/3585059.3611411,10.1145/3585059.3611411,1,"[""ACM""]","[[""ACM"",""NCE10692A53A3961A""]]","[""exclude""]",not_included,0,Unassigned,,
doi:10.1145/3586181,10.1145/3586181,1,"[""ACM""]","[[""ACM"",""N6ECAE5382EF6080D""]]","[""exclude""]",not_included,0,Unassigned,,
doi:10.1145/3587281.3587294,10.1145/3587281.3587294,1,"[""ACM""]","[[""ACM"",""N91D18493CFAE097A""]]","[""exclude""]",not_included,0,Unassigned,,
doi:10.1145/358841.358845,10.1145/358841.358845,1,"[""ACM""]","[[""ACM"",""N2F56425AF4726389""]]","[""exclude""]",not_included,0,Unassigned,,
doi:10.1145/3588432,10.1145/3588432,1,"[""ACM""]","[[""ACM"",""N8D4F01147D7B96AA""]]","[""exclude""]",not_included,0,Unassigned,,
doi:10.1145/3589334.3645511,10.1145/3589334.3645511,1,"[""ACM""]","[[""ACM"",""NC55E972092E4BC21""]]","[""include""]",included,0,Unassigned,,
doi:10.1145/3589334.3645534,10.1145/3589334.3645534,1,"[""ACM""]","[[""ACM"",""N08EA3493561DDB39""]]","[""include""]",included,0,Unassigned,,
doi:10.1145/3589976,10.1145/3589976,1,"[""ACM""]","[[""ACM"",""E045""]]","[""exclude""]",not_included,0,Unassigned,,
doi:10.1145/3590003,10.1145/3590003,1,"[""ACM""]","[[""ACM"",""N94F50AC8A336D4D2""]]","[""exclude""]",not_included,0,Unassigned,,
doi:10.1145/3591106,10.1145/3591106,1,"[""ACM""]","[[""ACM"",""N26AA6344B26E877A""]]","[""exclude""]",not_included,0,Unassigned,,
doi:10.1145/3591106.3592215,10.1145/3591106.3592215,1,"[""ACM""]","[[""ACM"",""N34092DE582F4CE65""]]","[""exclude""]",not_included,0,Unassigned,,
doi:10.1145/3591209,10.1145/3591209,1,"[""ACM""]","[[""ACM"",""N9F442BE2F73CFE2F""]]","[""exclude""]",not_included,0,Unassigned,,
doi:10.1145/3592626.3592664,10.1145/3592626.3592664,1,"[""ACM""]","[[""ACM"",""N8899DE523D90BD36""]]","[""exclude""]",not_included,0,Unassigned,,
doi:10.1145/3593013,10.1145/3593013,1,"[""ACM""]","[[""ACM"",""N33D71ADB5117FD63""]]","[""exclude""]",not_included,0,Unassigned,,
doi:10.1145/3593013.3594031,10.1145/3593013.3594031,1,"[""ACM""]","[[""ACM"",""N037333FC63BD14DF""]]","[""exclude""]",not_included,0,Unassigned,,
doi:10.1145/3593013.3594038,10.1145/3593013.3594038,1,"[""ACM""]","[[""ACM"",""NF89CF7D1F767FE2E""]]","[""exclude""]",not_included,0,Unassigned,,
doi:10.1145/3593743.3593761,10.1145/3593743.3593761,1,"[""ACM""]","[[""ACM"",""NB9BD5C9CB980DCBF""]]","[""exclude""]",not_included,0,Unassigned,,
doi:10.1145/3597926,10.1145/3597926,1,"[""ACM""]","[[""ACM"",""N9F38809D8C2A3C50""]]","[""exclude""]",not_included,0,Unassigned,,
doi:10.1145/3600061,10.1145/3600061,1,"[""ACM""]","[[""ACM"",""N760EA19F93B6E0A6""]]","[""exclude""]",not_included,0,Unassigned,,
doi:10.1145/3600160,10.1145/3600160,1,"[""ACM""]","[[""ACM"",""N609C571B44C83F31""]]","[""exclude""]",not_included,0,Unassigned,,
doi:10.1145/3600160.3600190,10.1145/3600160.3600190,1,"[""ACM""]","[[""ACM"",""ND52466C9D32D8EF2""]]","[""exclude""]",not_included,0,Unassigned,,
doi:10.1145/3600160.3605076,10.1145/3600160.3605076,1,"[""ACM""]","[[""ACM"",""N61A6A751B158AE7C""]]","[""exclude""]",not_included,0,Unassigned,,
doi:10.1145/3603165,10.1145/3603165,1,"[""ACM""]","[[""ACM"",""N0B1D668C8EC736BD""]]","[""exclude""]",not_included,0,Unassigned,,
doi:10.1145/3603273,10.1145/3603273,1,"[""ACM""]","[[""ACM"",""NE37583C17323068F""]]","[""exclude""]",not_included,0,Unassigned,,
doi:10.1145/3604237.3626840,10.1145/3604237.3626840,1,"[""ACM""]","[[""ACM"",""N09007048BCED348D""]]","[""exclude""]",not_included,0,Unassigned,,
doi:10.1145/3604272,10.1145/3604272,1,"[""ACM""]","[[""ACM"",""N9EDE5283B030DFC7""]]","[""exclude""]",not_included,0,Unassigned,,
doi:10.1145/3604559,10.1145/3604559,1,"[""ACM""]","[[""ACM"",""N1399A0E7958BD246""]]","[""exclude""]",not_included,0,Unassigned,,
doi:10.1145/3605098,10.1145/3605098,1,"[""ACM""]","[[""ACM"",""ND6891DA835EB7BC3""]]","[""exclude""]",not_included,0,Unassigned,,
doi:10.1145/3605573,10.1145/3605573,1,"[""ACM""]","[[""ACM"",""N042F04F597533ED0""]]","[""exclude""]",not_included,0,Unassigned,,
doi:10.1145/3605764.3623986,10.1145/3605764.3623986,1,"[""ACM""]","[[""ACM"",""NF1F68A6FDC726D6A""]]","[""exclude""]",not_included,0,Unassigned,,
doi:10.1145/3605768.3623563,10.1145/3605768.3623563,1,"[""ACM""]","[[""ACM"",""NFD51CB35184C2B4D""]]","[""exclude""]",not_included,0,Unassigned,,
doi:10.1145/3607822.3614526,10.1145/3607822.3614526,1,"[""ACM""]","[[""ACM"",""N6383C8B95ADC8A85""]]","[""exclude""]",not_included,0,Unassigned,,
doi:10.1145/3608251.3608280,10.1145/3608251.3608280,1,"[""ACM""]","[[""ACM"",""NBE2FA9CC33D55FB1""]]","[""exclude""]",not_included,0,Unassigned,,
doi:10.1145/3609437,10.1145/3609437,1,"[""ACM""]","[[""ACM"",""NA7BB76F5217FF602""]]","[""exclude""]",not_included,0,Unassigned,,
doi:10.1145/3610419,10.1145/3610419,1,"[""ACM""]","[[""ACM"",""NA4F3CB8DBDE6BD37""]]","[""exclude""]",not_included,0,Unassigned,,
doi:10.1145/3610548,10.1145/3610548,1,"[""ACM""]","[[""ACM"",""NC334F6DBB983136B""]]","[""exclude""]",not_included,0,Unassigned,,
doi:10.1145/3610548.3618255,10.1145/3610548.3618255,1,"[""ACM""]","[[""ACM"",""ND6B558CAB27656BB""]]","[""exclude""]",not_included,0,Unassigned,,
doi:10.1145/3610549,10.1145/3610549,1,"[""ACM""]","[[""ACM"",""E133""]]","[""exclude""]",not_included,0,Unassigned,,
doi:10.1145/3610549.3614597,10.1145/3610549.3614597,1,"[""ACM""]","[[""ACM"",""E130""]]","[""exclude""]",not_included,0,Unassigned,,
doi:10.1145/3611643,10.1145/3611643,1,"[""ACM""]","[[""ACM"",""NBC5A5FAEA2AB1A4B""]]","[""exclude""]",not_included,0,Unassigned,,
doi:10.1145/3613904,10.1145/3613904,1,"[""ACM""]","[[""ACM"",""N90976D6345D71503""]]","[""exclude""]",not_included,0,Unassigned,,
doi:10.1145/3613904.3642037,10.1145/3613904.3642037,1,"[""ACM""]","[[""ACM"",""N8B5652D3B5B45CB5""]]","[""exclude""]",not_included,0,Unassigned,,
doi:10.1145/3613904.3642340,10.1145/3613904.3642340,1,"[""ACM""]","[[""ACM"",""ND62527A97048CEF5""]]","[""exclude""]",not_included,0,Unassigned,,
doi:10.1145/3613904.3642342,10.1145/3613904.3642342,1,"[""ACM""]","[[""ACM"",""NF793026F1482C4C3""]]","[""exclude""]",not_included,0,Unassigned,,
doi:10.1145/3613904.3642551,10.1145/3613904.3642551,1,"[""ACM""]","[[""ACM"",""NA5DE8383DA4DE49B""]]","[""exclude""]",not_included,0,Unassigned,,
doi:10.1145/3614321.3614359,10.1145/3614321.3614359,1,"[""ACM""]","[[""ACM"",""NCB44B90682C8A268""]]","[""exclude""]",not_included,0,Unassigned,,
doi:10.1145/3617233,10.1145/3617233,1,"[""ACM""]","[[""ACM"",""N817C5C3CDD167069""]]","[""exclude""]",not_included,0,Unassigned,,
doi:10.1145/3617233.3617279,10.1145/3617233.3617279,1,"[""ACM""]","[[""ACM"",""N94C8EA3A8CE2FAD6""]]","[""exclude""]",not_included,0,Unassigned,,
doi:10.1145/3617992,10.1145/3617992,1,"[""ACM""]","[[""ACM"",""ND8187DE4318D235F""]]","[""exclude""]",not_included,0,Unassigned,,
doi:10.1145/3618260.3649669,10.1145/3618260.3649669,1,"[""ACM""]","[[""ACM"",""N62817AD6F4E9E070""]]","[""exclude""]",not_included,0,Unassigned,,
doi:10.1145/3618260.3664273,10.1145/3618260.3664273,1,"[""ACM""]","[[""ACM"",""N04011AA33B1D7786""]]","[""exclude""]",not_included,0,Unassigned,,
doi:10.1145/3620666.3651361,10.1145/3620666.3651361,1,"[""ACM""]","[[""ACM"",""N8C2ADDC2F01248A5""]]","[""exclude""]",not_included,0,Unassigned,,
doi:10.1145/3624062,10.1145/3624062,1,"[""ACM""]","[[""ACM"",""N974AC5BF038973C9""]]","[""exclude""]",not_included,0,Unassigned,,
doi:10.1145/3624558,10.1145/3624558,1,"[""ACM""]","[[""ACM"",""N4E407FA380ED6E82""]]","[""exclude""]",not_included,0,Unassigned,,
doi:10.1145/3625687,10.1145/3625687,1,"[""ACM""]","[[""ACM"",""N0AF67C7FF4C40AC6""]]","[""exclude""]",not_included,0,Unassigned,,
doi:10.1145/3625704,10.1145/3625704,1,"[""ACM""]","[[""ACM"",""N44466F8AEAA5F080""]]","[""exclude""]",not_included,0,Unassigned,,
doi:10.1145/3625704.3625772,10.1145/3625704.3625772,1,"[""ACM""]","[[""ACM"",""E171""]]","[""exclude""]",not_included,0,Unassigned,,
doi:10.1145/3626184,10.1145/3626184,1,"[""ACM""]","[[""ACM"",""NC47C35C5C01D62A0""]]","[""exclude""]",not_included,0,Unassigned,,
doi:10.1145/3626641.3627205,10.1145/3626641.3627205,1,"[""ACM""]","[[""ACM"",""N88FE3C13D0F3AA94""]]","[""exclude""]",not_included,0,Unassigned,,
doi:10.1145/3626772.3661345,10.1145/3626772.3661345,1,"[""ACM""]","[[""ACM"",""N05AC847F64B52E0A""]]","[""exclude""]",not_included,0,Unassigned,,
doi:10.1145/3627673.3679099,10.1145/3627673.3679099,1,"[""ACM""]","[[""ACM"",""N932044680B730C1A""]]","[""exclude""]",not_included,0,Unassigned,,
doi:10.1145/3627673.3679525,10.1145/3627673.3679525,1,"[""ACM""]","[[""ACM"",""N8383FD85C2AE60AB""]]","[""exclude""]",not_included,0,Unassigned,,
doi:10.1145/3627703,10.1145/3627703,1,"[""ACM""]","[[""ACM"",""N7A6B6FA5C971BD62""]]","[""exclude""]",not_included,0,Unassigned,,
doi:10.1145/3628096.3629049,10.1145/3628096.3629049,1,"[""ACM""]","[[""ACM"",""N5A61D1F1269B21E7""]]","[""exclude""]",not_included,0,Unassigned,,
doi:10.1145/3628431,10.1145/3628431,1,"[""ACM""]","[[""ACM"",""N58BD5B7426A4487D""]]","[""exclude""]",not_included,0,Unassigned,,
doi:10.1145/3628454,10.1145/3628454,1,"[""ACM""]","[[""ACM"",""NAA6ACBBFF98296F5""]]","[""exclude""]",not_included,0,Unassigned,,
doi:10.1145/3628516.3655815,10.1145/3628516.3655815,1,"[""ACM""]","[[""ACM"",""NADBC8A74E5904AF3""]]","[""exclude""]",not_included,0,Unassigned,,
doi:10.1145/3628797,10.1145/3628797,1,"[""ACM""]","[[""ACM"",""N730C60C0F90B0AF0""]]","[""exclude""]",not_included,0,Unassigned,,
doi:10.1145/3629378,10.1145/3629378,1,"[""ACM""]","[[""ACM"",""N1AAC97B83A40C1D3""]]","[""exclude""]",not_included,0,Unassigned,,
doi:10.1145/3629606.3629655,10.1145/3629606.3629655,1,"[""ACM""]","[[""ACM"",""N243DDAE9F0F06F96""]]","[""exclude""]",not_included,0,Unassigned,,
doi:10.1145/3630970.3631056,10.1145/3630970.3631056,1,"[""ACM""]","[[""ACM"",""NAE49B45B5468DE41""]]","[""exclude""]",not_included,0,Unassigned,,
doi:10.1145/3631461,10.1145/3631461,1,"[""ACM""]","[[""ACM"",""N3B3DDD94D34D90D4""]]","[""exclude""]",not_included,0,Unassigned,,
doi:10.1145/3632047,10.1145/3632047,1,"[""ACM""]","[[""ACM"",""N2F1FE7E2F66BD852""]]","[""exclude""]",not_included,0,Unassigned,,
doi:10.1145/3632047.3632073,10.1145/3632047.3632073,1,"[""ACM""]","[[""ACM"",""N0BF49CA50B3F64FB""]]","[""exclude""]",not_included,0,Unassigned,,
doi:10.1145/3637292,10.1145/3637292,1,"[""ACM""]","[[""ACM"",""N547AC024373B12DC""]]","[""exclude""]",not_included,0,Unassigned,,
doi:10.1145/3637528.3671555,10.1145/3637528.3671555,1,"[""ACM""]","[[""ACM"",""NA35726F9C0C5BDA9""]]","[""include""]",included,0,Unassigned,,
doi:10.1145/3637528.3672503,10.1145/3637528.3672503,1,"[""ACM""]","[[""ACM"",""E040""]]","[""exclude""]",not_included,0,Unassigned,,
doi:10.1145/3637907,10.1145/3637907,1,"[""ACM""]","[[""ACM"",""N43AC380B5154818A""]]","[""exclude""]",not_included,0,Unassigned,,
doi:10.1145/3638529,10.1145/3638529,1,"[""ACM""]","[[""ACM"",""NEA2F53272B574184""]]","[""exclude""]",not_included,0,Unassigned,,
doi:10.1145/3639476.3639760,10.1145/3639476.3639760,1,"[""ACM""]","[[""ACM"",""N73D360DB4091380D""]]","[""exclude""]",not_included,0,Unassigned,,
doi:10.1145/3639631.3639653,10.1145/3639631.3639653,1,"[""ACM""]","[[""ACM"",""NF89854EAA90BF5AF""]]","[""exclude""]",not_included,0,Unassigned,,
doi:10.1145/3641512.3686368,10.1145/3641512.3686368,1,"[""ACM""]","[[""ACM"",""N42FB7E6324B5EA58""]]","[""exclude""]",not_included,0,Unassigned,,
doi:10.1145/3643834.3661567,10.1145/3643834.3661567,1,"[""ACM""]","[[""ACM"",""N4C253AEC660348F4""]]","[""exclude""]",not_included,0,Unassigned,,
doi:10.1145/364447.364749,10.1145/364447.364749,1,"[""ACM""]","[[""ACM"",""N6F077900B0AC9ECA""]]","[""pending""]",not_included,1,Unassigned,,
doi:10.1145/3644713.3644735,10.1145/3644713.3644735,1,"[""ACM""]","[[""ACM"",""NF28804085EB89171""]]","[""exclude""]",not_included,0,Unassigned,,
doi:10.1145/3645279,10.1145/3645279,1,"[""ACM""]","[[""ACM"",""N6E9B3D86DFC7CE69""]]","[""exclude""]",not_included,0,Unassigned,,
doi:10.1145/3647644,10.1145/3647644,1,"[""ACM""]","[[""ACM"",""NBBF4F5F50AC21D55""]]","[""exclude""]",not_included,0,Unassigned,,
doi:10.1145/3649792,10.1145/3649792,1,"[""ACM""]","[[""ACM"",""NA45B51620BEAF038""]]","[""exclude""]",not_included,0,Unassigned,,
doi:10.1145/3650212,10.1145/3650212,1,"[""ACM""]","[[""ACM"",""NC703620BDEA9DD51""]]","[""exclude""]",not_included,0,Unassigned,,
doi:10.1145/3651671,10.1145/3651671,1,"[""ACM""]","[[""ACM"",""N358901039205FAF8""]]","[""exclude""]",not_included,0,Unassigned,,
doi:10.1145/3651890,10.1145/3651890,1,"[""ACM""]","[[""ACM"",""NF5CED3D35E6620E3""]]","[""exclude""]",not_included,0,Unassigned,,
doi:10.1145/3653081,10.1145/3653081,1,"[""ACM""]","[[""ACM"",""ND490505E7860C04A""]]","[""exclude""]",not_included,0,Unassigned,,
doi:10.1145/3653681,10.1145/3653681,1,"[""ACM""]","[[""ACM"",""E056""]]","[""exclude""]",not_included,0,Unassigned,,
doi:10.1145/3653693,10.1145/3653693,1,"[""ACM""]","[[""ACM"",""NA8CA292592845B00""]]","[""exclude""]",not_included,0,Unassigned,,
doi:10.1145/3654777.3676457,10.1145/3654777.3676457,1,"[""ACM""]","[[""ACM"",""NB88DDF1FB8576842""]]","[""exclude""]",not_included,0,Unassigned,,
doi:10.1145/3657287,10.1145/3657287,1,"[""ACM""]","[[""ACM"",""N5F3726CA003AF44E""]]","[""exclude""]",not_included,0,Unassigned,,
doi:10.1145/3657529,10.1145/3657529,1,"[""ACM""]","[[""ACM"",""NF37CD810E39AB321""]]","[""exclude""]",not_included,0,Unassigned,,
doi:10.1145/3658271,10.1145/3658271,1,"[""ACM""]","[[""ACM"",""N665AE15F6AD9827E""]]","[""exclude""]",not_included,0,Unassigned,,
doi:10.1145/3658644,10.1145/3658644,1,"[""ACM""]","[[""ACM"",""N8E39B3AE957E812B""]]","[""exclude""]",not_included,0,Unassigned,,
doi:10.1145/3658644.3670311,10.1145/3658644.3670311,1,"[""ACM""]","[[""ACM"",""NF2A6B2DCB296912A""]]","[""exclude""]",not_included,0,Unassigned,,
doi:10.1145/3659154.3659159,10.1145/3659154.3659159,1,"[""ACM""]","[[""ACM"",""E065""]]","[""exclude""]",not_included,0,Unassigned,,
doi:10.1145/3661814,10.1145/3661814,1,"[""ACM""]","[[""ACM"",""N341F4679E1783EC8""]]","[""exclude""]",not_included,0,Unassigned,,
doi:10.1145/3661814.3662100,10.1145/3661814.3662100,1,"[""ACM""]","[[""ACM"",""E177""]]","[""exclude""]",not_included,0,Unassigned,,
doi:10.1145/3663547,10.1145/3663547,1,"[""ACM""]","[[""ACM"",""N208F312C378AD787""]]","[""exclude""]",not_included,0,Unassigned,,
doi:10.1145/3663547.3759739,10.1145/3663547.3759739,1,"[""ACM""]","[[""ACM"",""NA53B89C4F5402FCF""]]","[""exclude""]",not_included,0,Unassigned,,
doi:10.1145/3664476.3664485,10.1145/3664476.3664485,1,"[""ACM""]","[[""ACM"",""E071""]]","[""exclude""]",not_included,0,Unassigned,,
doi:10.1145/3664647,10.1145/3664647,1,"[""ACM""]","[[""ACM"",""NDEC041445A8ACC01""]]","[""exclude""]",not_included,0,Unassigned,,
doi:10.1145/3664647.3681595,10.1145/3664647.3681595,1,"[""ACM""]","[[""ACM"",""N4D62A226C476AF88""]]","[""exclude""]",not_included,0,Unassigned,,
doi:10.1145/3664934,10.1145/3664934,1,"[""ACM""]","[[""ACM"",""N8C98BE950D52992B""]]","[""exclude""]",not_included,0,Unassigned,,
doi:10.1145/3665463,10.1145/3665463,1,"[""ACM""]","[[""ACM"",""NA0FBA9893F440F4F""]]","[""exclude""]",not_included,0,Unassigned,,
doi:10.1145/3666094.3666101,10.1145/3666094.3666101,1,"[""ACM""]","[[""ACM"",""N37CA472E17CF6102""]]","[""exclude""]",not_included,0,Unassigned,,
doi:10.1145/366853.366861,10.1145/366853.366861,1,"[""ACM""]","[[""ACM"",""NC506D74E3AD196CF""]]","[""exclude""]",not_included,0,Unassigned,,
doi:10.1145/3669940,10.1145/3669940,1,"[""ACM""]","[[""ACM"",""N75846B13EB6B118D""]]","[""exclude""]",not_included,0,Unassigned,,
doi:10.1145/3670865.3673475,10.1145/3670865.3673475,1,"[""ACM""]","[[""ACM"",""N7D489550354C16F8""]]","[""exclude""]",not_included,0,Unassigned,,
doi:10.1145/3670865.3673478,10.1145/3670865.3673478,1,"[""ACM""]","[[""ACM"",""N9E250D9188708C55""]]","[""exclude""]",not_included,0,Unassigned,,
doi:10.1145/3670865.3673483,10.1145/3670865.3673483,1,"[""ACM""]","[[""ACM"",""NA3CB574E1A418349""]]","[""exclude""]",not_included,0,Unassigned,,
doi:10.1145/3670865.3673485,10.1145/3670865.3673485,1,"[""ACM""]","[[""ACM"",""N16B8BD23C388C31D""]]","[""exclude""]",not_included,0,Unassigned,,
doi:10.1145/3670865.3673489,10.1145/3670865.3673489,1,"[""ACM""]","[[""ACM"",""E057""]]","[""exclude""]",not_included,0,Unassigned,,
doi:10.1145/3670865.3673490,10.1145/3670865.3673490,1,"[""ACM""]","[[""ACM"",""N029884E12B11FCBA""]]","[""exclude""]",not_included,0,Unassigned,,
doi:10.1145/3670865.3673520,10.1145/3670865.3673520,1,"[""ACM""]","[[""ACM"",""N093B63E1265D650E""]]","[""exclude""]",not_included,0,Unassigned,,
doi:10.1145/3670865.3673528,10.1145/3670865.3673528,1,"[""ACM""]","[[""ACM"",""N98C2B1CE7A02F4AA""]]","[""exclude""]",not_included,0,Unassigned,,
doi:10.1145/3670865.3673529,10.1145/3670865.3673529,1,"[""ACM""]","[[""ACM"",""NCEEA46602A4C87B4""]]","[""exclude""]",not_included,0,Unassigned,,
doi:10.1145/3670865.3673532,10.1145/3670865.3673532,1,"[""ACM""]","[[""ACM"",""N29A0BDAD8300B549""]]","[""exclude""]",not_included,0,Unassigned,,
doi:10.1145/3670865.3673542,10.1145/3670865.3673542,1,"[""ACM""]","[[""ACM"",""N32A985AF475A6629""]]","[""exclude""]",not_included,0,Unassigned,,
doi:10.1145/3670865.3673551,10.1145/3670865.3673551,1,"[""ACM""]","[[""ACM"",""N3A72A107FA42B70C""]]","[""include""]",included,0,Unassigned,,
doi:10.1145/3670865.3673566,10.1145/3670865.3673566,1,"[""ACM""]","[[""ACM"",""NBFCE27BAE9312612""]]","[""exclude""]",not_included,0,Unassigned,,
doi:10.1145/3670865.3673569,10.1145/3670865.3673569,1,"[""ACM""]","[[""ACM"",""NDB14FCAA7FD6FBAF""]]","[""exclude""]",not_included,0,Unassigned,,
doi:10.1145/3670865.3673570,10.1145/3670865.3673570,1,"[""ACM""]","[[""ACM"",""N549AAA8C4602B529""]]","[""exclude""]",not_included,0,Unassigned,,
doi:10.1145/3670865.3673581,10.1145/3670865.3673581,1,"[""ACM""]","[[""ACM"",""N30A54EFBE1DE13D1""]]","[""exclude""]",not_included,0,Unassigned,,
doi:10.1145/3670865.3673605,10.1145/3670865.3673605,1,"[""ACM""]","[[""ACM"",""N33FC4CFBC965282C""]]","[""exclude""]",not_included,0,Unassigned,,
doi:10.1145/3670865.3673607,10.1145/3670865.3673607,1,"[""ACM""]","[[""ACM"",""NACF9A7214CC91B2F""]]","[""exclude""]",not_included,0,Unassigned,,
doi:10.1145/3670865.3673612,10.1145/3670865.3673612,1,"[""ACM""]","[[""ACM"",""NC0BC5B512503A80D""]]","[""exclude""]",not_included,0,Unassigned,,
doi:10.1145/3670865.3673630,10.1145/3670865.3673630,1,"[""ACM""]","[[""ACM"",""NCE4BC5DAF4D9B770""]]","[""exclude""]",not_included,0,Unassigned,,
doi:10.1145/3670865.3673644,10.1145/3670865.3673644,1,"[""ACM""]","[[""ACM"",""N1483D6D9B5CFD001""]]","[""include""]",included,0,Unassigned,,
doi:10.1145/3673277,10.1145/3673277,1,"[""ACM""]","[[""ACM"",""N49C3E01C86156A12""]]","[""exclude""]",not_included,0,Unassigned,,
doi:10.1145/3674829.3675083,10.1145/3674829.3675083,1,"[""ACM""]","[[""ACM"",""NF1BF7091BF1420FF""]]","[""exclude""]",not_included,0,Unassigned,,
doi:10.1145/3675417.3675530,10.1145/3675417.3675530,1,"[""ACM""]","[[""ACM"",""NC7D86F258D500325""]]","[""exclude""]",not_included,0,Unassigned,,
doi:10.1145/3676642.3736113,10.1145/3676642.3736113,1,"[""ACM""]","[[""ACM"",""NE45891D87968538D""]]","[""exclude""]",not_included,0,Unassigned,,
doi:10.1145/3677052.3698611,10.1145/3677052.3698611,1,"[""ACM""]","[[""ACM"",""N9EBF6C9877DF0FAF""]]","[""exclude""]",not_included,0,Unassigned,,
doi:10.1145/3678504,10.1145/3678504,1,"[""ACM""]","[[""ACM"",""N0B7844C7DC870471""]]","[""exclude""]",not_included,0,Unassigned,,
doi:10.1145/3678890,10.1145/3678890,1,"[""ACM""]","[[""ACM"",""NE1576825A10D405E""]]","[""exclude""]",not_included,0,Unassigned,,
doi:10.1145/3678935.3678941,10.1145/3678935.3678941,1,"[""ACM""]","[[""ACM"",""N44F7A9FD99FAC4F3""]]","[""exclude""]",not_included,0,Unassigned,,
doi:10.1145/3679007,10.1145/3679007,1,"[""ACM""]","[[""ACM"",""N24394CEDECF53079""]]","[""exclude""]",not_included,0,Unassigned,,
doi:10.1145/3679240,10.1145/3679240,1,"[""ACM""]","[[""ACM"",""ND0D6F683D362E939""]]","[""exclude""]",not_included,0,Unassigned,,
doi:10.1145/3680528,10.1145/3680528,1,"[""ACM""]","[[""ACM"",""NF00766A66B8378C9""]]","[""exclude""]",not_included,0,Unassigned,,
doi:10.1145/3680528.3687692,10.1145/3680528.3687692,1,"[""ACM""]","[[""ACM"",""N9A4D1FC0656177DB""]]","[""exclude""]",not_included,0,Unassigned,,
doi:10.1145/3680528.3687703,10.1145/3680528.3687703,1,"[""ACM""]","[[""ACM"",""ND8ACF724B09776E2""]]","[""exclude""]",not_included,0,Unassigned,,
doi:10.1145/3681756,10.1145/3681756,1,"[""ACM""]","[[""ACM"",""NBEA6379EDA14F624""]]","[""exclude""]",not_included,0,Unassigned,,
doi:10.1145/3686942,10.1145/3686942,1,"[""ACM""]","[[""ACM"",""N431A1A73F64C43EE""]]","[""exclude""]",not_included,0,Unassigned,,
doi:10.1145/3687272.3690892,10.1145/3687272.3690892,1,"[""ACM""]","[[""ACM"",""N3BD9A536C0BFCD4D""]]","[""exclude""]",not_included,0,Unassigned,,
doi:10.1145/3687487,10.1145/3687487,1,"[""ACM""]","[[""ACM"",""N87BD99C10851AEA8""]]","[""exclude""]",not_included,0,Unassigned,,
doi:10.1145/3690771,10.1145/3690771,1,"[""ACM""]","[[""ACM"",""N913F4D22AA8577B1""]]","[""exclude""]",not_included,0,Unassigned,,
doi:10.1145/3691326,10.1145/3691326,1,"[""ACM""]","[[""ACM"",""E115""]]","[""include""]",included,0,Unassigned,,
doi:10.1145/3694687,10.1145/3694687,1,"[""ACM""]","[[""ACM"",""N20B20DEEC85E53B9""]]","[""exclude""]",not_included,0,Unassigned,,
doi:10.1145/3695053,10.1145/3695053,1,"[""ACM""]","[[""ACM"",""N6EEF8109D5076A44""]]","[""exclude""]",not_included,0,Unassigned,,
doi:10.1145/3695652.3695663,10.1145/3695652.3695663,1,"[""ACM""]","[[""ACM"",""E034""]]","[""exclude""]",not_included,0,Unassigned,,
doi:10.1145/3696410,10.1145/3696410,1,"[""ACM""]","[[""ACM"",""NC5D94DFBD9D7B729""]]","[""exclude""]",not_included,0,Unassigned,,
doi:10.1145/3696410.3714961,10.1145/3696410.3714961,1,"[""ACM""]","[[""ACM"",""N51B018C9ABC84F2E""]]","[""exclude""]",not_included,0,Unassigned,,
doi:10.1145/3696500,10.1145/3696500,1,"[""ACM""]","[[""ACM"",""E137""]]","[""exclude""]",not_included,0,Unassigned,,
doi:10.1145/3696500.3696558,10.1145/3696500.3696558,1,"[""ACM""]","[[""ACM"",""E131""]]","[""exclude""]",not_included,0,Unassigned,,
doi:10.1145/3696630.3728555,10.1145/3696630.3728555,1,"[""ACM""]","[[""ACM"",""N40BD92E67E9BC17B""]]","[""exclude""]",not_included,0,Unassigned,,
doi:10.1145/3696630.3728714,10.1145/3696630.3728714,1,"[""ACM""]","[[""ACM"",""N0AB957E1D872EEE7""]]","[""exclude""]",not_included,0,Unassigned,,
doi:10.1145/3696630.3728721,10.1145/3696630.3728721,1,"[""ACM""]","[[""ACM"",""N6DEC3BA12AD4EF07""]]","[""exclude""]",not_included,0,Unassigned,,
doi:10.1145/3696952.3696980,10.1145/3696952.3696980,1,"[""ACM""]","[[""ACM"",""N2BC5BFC94D360177""]]","[""exclude""]",not_included,0,Unassigned,,
doi:10.1145/3698062.3698099,10.1145/3698062.3698099,1,"[""ACM""]","[[""ACM"",""N15BF7D3293CCC7B2""]]","[""exclude""]",not_included,0,Unassigned,,
doi:10.1145/3698145,10.1145/3698145,1,"[""ACM""]","[[""ACM"",""N6C1BAF4ED67FF7D9""]]","[""exclude""]",not_included,0,Unassigned,,
doi:10.1145/3701551.3704124,10.1145/3701551.3704124,1,"[""ACM""]","[[""ACM"",""N96B0E70C7C95B963""]]","[""exclude""]",not_included,0,Unassigned,,
doi:10.1145/3701551.3707420,10.1145/3701551.3707420,1,"[""ACM""]","[[""ACM"",""NC2EEB52AEA7F4811""]]","[""exclude""]",not_included,0,Unassigned,,
doi:10.1145/3701716,10.1145/3701716,1,"[""ACM""]","[[""ACM"",""N059D1BAD82427AED""]]","[""exclude""]",not_included,0,Unassigned,,
doi:10.1145/3701716.3715176,10.1145/3701716.3715176,1,"[""ACM""]","[[""ACM"",""NBF37824DD6554B72""]]","[""include""]",included,0,Unassigned,,
doi:10.1145/3701716.3715871,10.1145/3701716.3715871,1,"[""ACM""]","[[""ACM"",""N40CD9A603CB5F523""]]","[""exclude""]",not_included,0,Unassigned,,
doi:10.1145/3701716.3717570,10.1145/3701716.3717570,1,"[""ACM""]","[[""ACM"",""ND2A5D18E27579E2F""]]","[""exclude""]",not_included,0,Unassigned,,
doi:10.1145/3704137,10.1145/3704137,1,"[""ACM""]","[[""ACM"",""N4495572569BC6C2C""]]","[""exclude""]",not_included,0,Unassigned,,
doi:10.1145/3704413.3764422,10.1145/3704413.3764422,1,"[""ACM""]","[[""ACM"",""N97E467EE791BEE28""]]","[""exclude""]",not_included,0,Unassigned,,
doi:10.1145/3704413.3765314,10.1145/3704413.3765314,1,"[""ACM""]","[[""ACM"",""E091""]]","[""include""]",included,0,Unassigned,,
doi:10.1145/3704522,10.1145/3704522,1,"[""ACM""]","[[""ACM"",""E178""]]","[""exclude""]",not_included,0,Unassigned,,
doi:10.1145/3705328.3748064,10.1145/3705328.3748064,1,"[""ACM""]","[[""ACM"",""E031""]]","[""exclude""]",not_included,0,Unassigned,,
doi:10.1145/3705328.3748758,10.1145/3705328.3748758,1,"[""ACM""]","[[""ACM"",""NF645B1D9180FDD2F""]]","[""exclude""]",not_included,0,Unassigned,,
doi:10.1145/3705618,10.1145/3705618,1,"[""ACM""]","[[""ACM"",""N36B1BACE33517C97""]]","[""exclude""]",not_included,0,Unassigned,,
doi:10.1145/3706598.3713218,10.1145/3706598.3713218,1,"[""ACM""]","[[""ACM"",""E004""]]","[""include""]",included,0,Unassigned,,
doi:10.1145/3706598.3713285,10.1145/3706598.3713285,1,"[""ACM""]","[[""ACM"",""N979F7FA88C28EE5D""]]","[""exclude""]",not_included,0,Unassigned,,
doi:10.1145/3706598.3713528,10.1145/3706598.3713528,1,"[""ACM""]","[[""ACM"",""E167""]]","[""exclude""]",not_included,0,Unassigned,,
doi:10.1145/3706599.3720022,10.1145/3706599.3720022,1,"[""ACM""]","[[""ACM"",""NE7FE825CA4AFA21F""]]","[""include""]",included,0,Unassigned,,
doi:10.1145/3706890,10.1145/3706890,1,"[""ACM""]","[[""ACM"",""N29582A1510891342""]]","[""exclude""]",not_included,0,Unassigned,,
doi:10.1145/3706890.3707036,10.1145/3706890.3707036,1,"[""ACM""]","[[""ACM"",""NE548E1148CE69C46""]]","[""exclude""]",not_included,0,Unassigned,,
doi:10.1145/3708035,10.1145/3708035,1,"[""ACM""]","[[""ACM"",""ND158201E464FEFF8""]]","[""exclude""]",not_included,0,Unassigned,,
doi:10.1145/3708035.3736045,10.1145/3708035.3736045,1,"[""ACM""]","[[""ACM"",""NDE7B84D81C44A1B2""]]","[""include""]",included,0,Unassigned,,
doi:10.1145/3708035.3736047,10.1145/3708035.3736047,1,"[""ACM""]","[[""ACM"",""NC770BA99E2EA3CD9""]]","[""exclude""]",not_included,0,Unassigned,,
doi:10.1145/3708036.3708160,10.1145/3708036.3708160,1,"[""ACM""]","[[""ACM"",""NBDCA212829B5CBAB""]]","[""exclude""]",not_included,0,Unassigned,,
doi:10.1145/3708319,10.1145/3708319,1,"[""ACM""]","[[""ACM"",""NA5F90419329100D2""]]","[""exclude""]",not_included,0,Unassigned,,
doi:10.1145/3708319.3733808,10.1145/3708319.3733808,1,"[""ACM""]","[[""ACM"",""N244DA846D3393C65""]]","[""exclude""]",not_included,0,Unassigned,,
doi:10.1145/3708319.3734179,10.1145/3708319.3734179,1,"[""ACM""]","[[""ACM"",""E043""]]","[""exclude""]",not_included,0,Unassigned,,
doi:10.1145/3708468,10.1145/3708468,1,"[""ACM""]","[[""ACM"",""N8E2A752580F14AB4""]]","[""exclude""]",not_included,0,Unassigned,,
doi:10.1145/3708496,10.1145/3708496,1,"[""ACM""]","[[""ACM"",""N0743A70E010557E7""]]","[""exclude""]",not_included,0,Unassigned,,
doi:10.1145/3708557.3716360,10.1145/3708557.3716360,1,"[""ACM""]","[[""ACM"",""E038""]]","[""exclude""]",not_included,0,Unassigned,,
doi:10.1145/3708657,10.1145/3708657,1,"[""ACM""]","[[""ACM"",""N7C09C4ABBCAFEA3D""]]","[""exclude""]",not_included,0,Unassigned,,
doi:10.1145/3711875.3736666,10.1145/3711875.3736666,1,"[""ACM""]","[[""ACM"",""N1CCD2EEE6766F58C""]]","[""exclude""]",not_included,0,Unassigned,,
doi:10.1145/3711875.3736687,10.1145/3711875.3736687,1,"[""ACM""]","[[""ACM"",""E156""]]","[""exclude""]",not_included,0,Unassigned,,
doi:10.1145/3711896,10.1145/3711896,1,"[""ACM""]","[[""ACM"",""N5576A58C54260F9F""]]","[""exclude""]",not_included,0,Unassigned,,
doi:10.1145/3711896.3736850,10.1145/3711896.3736850,1,"[""ACM""]","[[""ACM"",""NBABF21B28FC6BDE5""]]","[""include""]",included,0,Unassigned,,
doi:10.1145/3711896.3737433,10.1145/3711896.3737433,1,"[""ACM""]","[[""ACM"",""NAB2A1B4C868EF230""]]","[""exclude""]",not_included,0,Unassigned,,
doi:10.1145/3712255.3726775,10.1145/3712255.3726775,1,"[""ACM""]","[[""ACM"",""NA8D1FBDE8E3561AB""]]","[""exclude""]",not_included,0,Unassigned,,
doi:10.1145/3712285,10.1145/3712285,1,"[""ACM""]","[[""ACM"",""NE7408942C1B85085""]]","[""exclude""]",not_included,0,Unassigned,,
doi:10.1145/3713043.3728851,10.1145/3713043.3728851,1,"[""ACM""]","[[""ACM"",""N565E2F298BCFB8BA""]]","[""exclude""]",not_included,0,Unassigned,,
doi:10.1145/3715070,10.1145/3715070,1,"[""ACM""]","[[""ACM"",""NAACB1A7666BA7796""]]","[""exclude""]",not_included,0,Unassigned,,
doi:10.1145/3715070.3757231,10.1145/3715070.3757231,1,"[""ACM""]","[[""ACM"",""N4277C230F09FAE49""]]","[""exclude""]",not_included,0,Unassigned,,
doi:10.1145/3715275,10.1145/3715275,1,"[""ACM""]","[[""ACM"",""N3067E3F7832AA8D0""]]","[""exclude""]",not_included,0,Unassigned,,
doi:10.1145/3715335,10.1145/3715335,1,"[""ACM""]","[[""ACM"",""N37F1F72E3106C6B4""]]","[""exclude""]",not_included,0,Unassigned,,
doi:10.1145/3715336,10.1145/3715336,1,"[""ACM""]","[[""ACM"",""E176""]]","[""exclude""]",not_included,0,Unassigned,,
doi:10.1145/3716317,10.1145/3716317,1,"[""ACM""]","[[""ACM"",""N642210D1EA226683""]]","[""exclude""]",not_included,0,Unassigned,,
doi:10.1145/3716628,10.1145/3716628,1,"[""ACM""]","[[""ACM"",""N52B0F16EA63C0E65""]]","[""exclude""]",not_included,0,Unassigned,,
doi:10.1145/3716816,10.1145/3716816,1,"[""ACM""]","[[""ACM"",""N69A8C467D2D2E438""]]","[""exclude""]",not_included,0,Unassigned,,
doi:10.1145/3717934,10.1145/3717934,1,"[""ACM""]","[[""ACM"",""NABB09506EF3A8F9C""]]","[""exclude""]",not_included,0,Unassigned,,
doi:10.1145/3718677,10.1145/3718677,1,"[""ACM""]","[[""ACM"",""NFC3C20A3566B8521""]]","[""exclude""]",not_included,0,Unassigned,,
doi:10.1145/3719027,10.1145/3719027,1,"[""ACM""]","[[""ACM"",""N3B77D31C1C090FE7""]]","[""exclude""]",not_included,0,Unassigned,,
doi:10.1145/3719027.3765064,10.1145/3719027.3765064,1,"[""ACM""]","[[""ACM"",""N8E9C419CFEA9ADDF""]]","[""exclude""]",not_included,0,Unassigned,,
doi:10.1145/3719027.3768538,10.1145/3719027.3768538,1,"[""ACM""]","[[""ACM"",""NA05CD58CC07E7050""]]","[""exclude""]",not_included,0,Unassigned,,
doi:10.1145/3719208,10.1145/3719208,1,"[""ACM""]","[[""ACM"",""NF1F239B3041D40BE""]]","[""exclude""]",not_included,0,Unassigned,,
doi:10.1145/3719342,10.1145/3719342,1,"[""ACM""]","[[""ACM"",""NE891209F3516D412""]]","[""exclude""]",not_included,0,Unassigned,,
doi:10.1145/3720553.3746683,10.1145/3720553.3746683,1,"[""ACM""]","[[""ACM"",""NCCFDEF62D93B7239""]]","[""exclude""]",not_included,0,Unassigned,,
doi:10.1145/3721260,10.1145/3721260,1,"[""ACM""]","[[""ACM"",""N80F87E4ACC2B2C01""]]","[""exclude""]",not_included,0,Unassigned,,
doi:10.1145/3721260.3733979,10.1145/3721260.3733979,1,"[""ACM""]","[[""ACM"",""NBFEE8BA3BFDFD344""]]","[""exclude""]",not_included,0,Unassigned,,
doi:10.1145/3721464,10.1145/3721464,1,"[""ACM""]","[[""ACM"",""N7B3EA399BD1C3543""]]","[""exclude""]",not_included,0,Unassigned,,
doi:10.1145/3721464.3777437,10.1145/3721464.3777437,1,"[""ACM""]","[[""ACM"",""N688461BC49E623A2""]]","[""exclude""]",not_included,0,Unassigned,,
doi:10.1145/3722544,10.1145/3722544,1,"[""ACM""]","[[""ACM"",""N828922DF0B4E9473""]]","[""exclude""]",not_included,0,Unassigned,,
doi:10.1145/3723498,10.1145/3723498,1,"[""ACM""]","[[""ACM"",""NF66D4E4CD1902A0D""]]","[""exclude""]",not_included,0,Unassigned,,
doi:10.1145/3723498.3723788,10.1145/3723498.3723788,1,"[""ACM""]","[[""ACM"",""N79BFEF72E81DC350""]]","[""exclude""]",not_included,0,Unassigned,,
doi:10.1145/3723883,10.1145/3723883,1,"[""ACM""]","[[""ACM"",""N9E8814F166D27EAE""]]","[""exclude""]",not_included,0,Unassigned,,
doi:10.1145/3724154,10.1145/3724154,1,"[""ACM""]","[[""ACM"",""N5595A1F7B03BF8C4""]]","[""exclude""]",not_included,0,Unassigned,,
doi:10.1145/3725783.3764406,10.1145/3725783.3764406,1,"[""ACM""]","[[""ACM"",""N9E2764D5217BEE02""]]","[""exclude""]",not_included,0,Unassigned,,
doi:10.1145/3725809,10.1145/3725809,1,"[""ACM""]","[[""ACM"",""N97ED8E63B60D1C84""]]","[""exclude""]",not_included,0,Unassigned,,
doi:10.1145/3725843,10.1145/3725843,1,"[""ACM""]","[[""ACM"",""NB66EBBB4D3DDC7DC""]]","[""exclude""]",not_included,0,Unassigned,,
doi:10.1145/3726302,10.1145/3726302,1,"[""ACM""]","[[""ACM"",""NF8F558E890E3AF2F""]]","[""exclude""]",not_included,0,Unassigned,,
doi:10.1145/3726302.3730352,10.1145/3726302.3730352,1,"[""ACM""]","[[""ACM"",""NB86D0ADDAE35FC0A""]]","[""exclude""]",not_included,0,Unassigned,,
doi:10.1145/3726302.3731950,10.1145/3726302.3731950,1,"[""ACM""]","[[""ACM"",""E019""]]","[""exclude""]",not_included,0,Unassigned,,
doi:10.1145/3726302.3731959,10.1145/3726302.3731959,1,"[""ACM""]","[[""ACM"",""E016""]]","[""exclude""]",not_included,0,Unassigned,,
doi:10.1145/3726986,10.1145/3726986,1,"[""ACM""]","[[""ACM"",""NA47826C0DC212B84""]]","[""exclude""]",not_included,0,Unassigned,,
doi:10.1145/3727648,10.1145/3727648,1,"[""ACM""]","[[""ACM"",""ND10AC19B3745DB2B""]]","[""exclude""]",not_included,0,Unassigned,,
doi:10.1145/3727993,10.1145/3727993,1,"[""ACM""]","[[""ACM"",""N4A5786F07D3A8F59""]]","[""exclude""]",not_included,0,Unassigned,,
doi:10.1145/3728485.3759171,10.1145/3728485.3759171,1,"[""ACM""]","[[""ACM"",""N5A3F740D1629B27E""]]","[""exclude""]",not_included,0,Unassigned,,
doi:10.1145/3729706.3729764,10.1145/3729706.3729764,1,"[""ACM""]","[[""ACM"",""E041""]]","[""exclude""]",not_included,0,Unassigned,,
doi:10.1145/3731217,10.1145/3731217,1,"[""ACM""]","[[""ACM"",""N16B1AB3E5469D2AD""]]","[""exclude""]",not_included,0,Unassigned,,
doi:10.1145/3731217.3731221,10.1145/3731217.3731221,1,"[""ACM""]","[[""ACM"",""NFCED3E018D5F800B""]]","[""exclude""]",not_included,0,Unassigned,,
doi:10.1145/3731302,10.1145/3731302,1,"[""ACM""]","[[""ACM"",""N48F148B093CD1CAE""]]","[""pending""]",not_included,1,Unassigned,,
doi:10.1145/3731443,10.1145/3731443,1,"[""ACM""]","[[""ACM"",""NBD45DD2713389390""]]","[""exclude""]",not_included,0,Unassigned,,
doi:10.1145/3731443.3771350,10.1145/3731443.3771350,1,"[""ACM""]","[[""ACM"",""NDC4F8098C969C61B""]]","[""exclude""]",not_included,0,Unassigned,,
doi:10.1145/3731443.3771374,10.1145/3731443.3771374,1,"[""ACM""]","[[""ACM"",""N6735DB515FE1E9E3""]]","[""exclude""]",not_included,0,Unassigned,,
doi:10.1145/3731446,10.1145/3731446,1,"[""ACM""]","[[""ACM"",""NC4E2EDC36C845AEB""]]","[""exclude""]",not_included,0,Unassigned,,
doi:10.1145/3731599,10.1145/3731599,1,"[""ACM""]","[[""ACM"",""N223F6D9DB3F0A60F""]]","[""exclude""]",not_included,0,Unassigned,,
doi:10.1145/3731599.3767342,10.1145/3731599.3767342,1,"[""ACM""]","[[""ACM"",""N0A81E1D32D52A56D""]]","[""exclude""]",not_included,0,Unassigned,,
doi:10.1145/3731599.3767400,10.1145/3731599.3767400,1,"[""ACM""]","[[""ACM"",""N8D2FBA12EF76901F""]]","[""exclude""]",not_included,0,Unassigned,,
doi:10.1145/3731599.3767408,10.1145/3731599.3767408,1,"[""ACM""]","[[""ACM"",""NBAA9DE720246A6A3""]]","[""exclude""]",not_included,0,Unassigned,,
doi:10.1145/3731599.3767582,10.1145/3731599.3767582,1,"[""ACM""]","[[""ACM"",""N8FEC1D3C086BE9C2""]]","[""exclude""]",not_included,0,Unassigned,,
doi:10.1145/3731599.3767592,10.1145/3731599.3767592,1,"[""ACM""]","[[""ACM"",""ND61B04EF41090EBD""]]","[""exclude""]",not_included,0,Unassigned,,
doi:10.1145/3731599.3787530,10.1145/3731599.3787530,1,"[""ACM""]","[[""ACM"",""NA143D3AA90A33949""]]","[""exclude""]",not_included,0,Unassigned,,
doi:10.1145/3731682,10.1145/3731682,1,"[""ACM""]","[[""ACM"",""N8A89D8B1165C8C6F""]]","[""exclude""]",not_included,0,Unassigned,,
doi:10.1145/3731715,10.1145/3731715,1,"[""ACM""]","[[""ACM"",""N0C8240A9A4F9CD06""]]","[""exclude""]",not_included,0,Unassigned,,
doi:10.1145/3731867.3731876,10.1145/3731867.3731876,1,"[""ACM""]","[[""ACM"",""N0D41CC2761677071""]]","[""include""]",included,0,Unassigned,,
doi:10.1145/3732778,10.1145/3732778,1,"[""ACM""]","[[""ACM"",""N5C8FDBF0AC863A30""]]","[""exclude""]",not_included,0,Unassigned,,
doi:10.1145/3733006,10.1145/3733006,1,"[""ACM""]","[[""ACM"",""N9DC12BAE39EE9216""]]","[""exclude""]",not_included,0,Unassigned,,
doi:10.1145/3733802,10.1145/3733802,1,"[""ACM""]","[[""ACM"",""NABBE5476385E117A""]]","[""exclude""]",not_included,0,Unassigned,,
doi:10.1145/3733802.3764057,10.1145/3733802.3764057,1,"[""ACM""]","[[""ACM"",""E089""]]","[""include""]",included,0,Unassigned,,
doi:10.1145/3733802.3787512,10.1145/3733802.3787512,1,"[""ACM""]","[[""ACM"",""N79F04185DFF88E2B""]]","[""exclude""]",not_included,0,Unassigned,,
doi:10.1145/3733812,10.1145/3733812,1,"[""ACM""]","[[""ACM"",""N7B4B460D2EA93F85""]]","[""exclude""]",not_included,0,Unassigned,,
doi:10.1145/3733812.3765533,10.1145/3733812.3765533,1,"[""ACM""]","[[""ACM"",""N4C0D02AE5BC35362""]]","[""exclude""]",not_included,0,Unassigned,,
doi:10.1145/3734695,10.1145/3734695,1,"[""ACM""]","[[""ACM"",""N0D372DB88B2CC9AC""]]","[""exclude""]",not_included,0,Unassigned,,
doi:10.1145/3736252.3742493,10.1145/3736252.3742493,1,"[""ACM""]","[[""ACM"",""NC51F01AC7CC21B19""]]","[""exclude""]",not_included,0,Unassigned,,
doi:10.1145/3736252.3742516,10.1145/3736252.3742516,1,"[""ACM""]","[[""ACM"",""N2B3EF0911797BD62""]]","[""exclude""]",not_included,0,Unassigned,,
doi:10.1145/3736252.3742530,10.1145/3736252.3742530,1,"[""ACM""]","[[""ACM"",""NA7F06321CE6D4A06""]]","[""exclude""]",not_included,0,Unassigned,,
doi:10.1145/3736252.3742540,10.1145/3736252.3742540,1,"[""ACM""]","[[""ACM"",""E119""]]","[""exclude""]",not_included,0,Unassigned,,
doi:10.1145/3736252.3742548,10.1145/3736252.3742548,1,"[""ACM""]","[[""ACM"",""N6A8C353CF1FAD802""]]","[""exclude""]",not_included,0,Unassigned,,
doi:10.1145/3736252.3742566,10.1145/3736252.3742566,1,"[""ACM""]","[[""ACM"",""N3A929C7CD3C24395""]]","[""exclude""]",not_included,0,Unassigned,,
doi:10.1145/3736252.3742576,10.1145/3736252.3742576,1,"[""ACM""]","[[""ACM"",""E128""]]","[""exclude""]",not_included,0,Unassigned,,
doi:10.1145/3736252.3742578,10.1145/3736252.3742578,1,"[""ACM""]","[[""ACM"",""NB5B3EA9BD34E4625""]]","[""exclude""]",not_included,0,Unassigned,,
doi:10.1145/3736252.3742580,10.1145/3736252.3742580,1,"[""ACM""]","[[""ACM"",""N85D7079A62A73D77""]]","[""exclude""]",not_included,0,Unassigned,,
doi:10.1145/3736252.3742593,10.1145/3736252.3742593,1,"[""ACM""]","[[""ACM"",""N0779AEBBB4EF32B1""]]","[""exclude""]",not_included,0,Unassigned,,
doi:10.1145/3736252.3742605,10.1145/3736252.3742605,1,"[""ACM""]","[[""ACM"",""NCCDAC49D92C37BC3""]]","[""exclude""]",not_included,0,Unassigned,,
doi:10.1145/3736252.3742610,10.1145/3736252.3742610,1,"[""ACM""]","[[""ACM"",""N09AF0ED582B28AF3""]]","[""exclude""]",not_included,0,Unassigned,,
doi:10.1145/3736252.3742622,10.1145/3736252.3742622,1,"[""ACM""]","[[""ACM"",""N686FA2410F831CEE""]]","[""exclude""]",not_included,0,Unassigned,,
doi:10.1145/3736252.3742624,10.1145/3736252.3742624,1,"[""ACM""]","[[""ACM"",""E109""]]","[""exclude""]",not_included,0,Unassigned,,
doi:10.1145/3736252.3742641,10.1145/3736252.3742641,1,"[""ACM""]","[[""ACM"",""NA40AF908896CF519""]]","[""exclude""]",not_included,0,Unassigned,,
doi:10.1145/3736252.3742650,10.1145/3736252.3742650,1,"[""ACM""]","[[""ACM"",""N3F142E05C9A8C4C2""]]","[""exclude""]",not_included,0,Unassigned,,
doi:10.1145/3736252.3742658,10.1145/3736252.3742658,1,"[""ACM""]","[[""ACM"",""NABF58FE81798113F""]]","[""exclude""]",not_included,0,Unassigned,,
doi:10.1145/3736252.3742662,10.1145/3736252.3742662,1,"[""ACM""]","[[""ACM"",""NE34DD1E590AD5E62""]]","[""exclude""]",not_included,0,Unassigned,,
doi:10.1145/3736252.3742663,10.1145/3736252.3742663,1,"[""ACM""]","[[""ACM"",""E118""]]","[""exclude""]",not_included,0,Unassigned,,
doi:10.1145/3736252.3742664,10.1145/3736252.3742664,1,"[""ACM""]","[[""ACM"",""E122""]]","[""exclude""]",not_included,0,Unassigned,,
doi:10.1145/3736252.3742668,10.1145/3736252.3742668,1,"[""ACM""]","[[""ACM"",""E111""]]","[""exclude""]",not_included,0,Unassigned,,
doi:10.1145/3736426,10.1145/3736426,1,"[""ACM""]","[[""ACM"",""N8CA15916DC4E6A1E""]]","[""exclude""]",not_included,0,Unassigned,,
doi:10.1145/3737841,10.1145/3737841,1,"[""ACM""]","[[""ACM"",""N3C1241335616942F""]]","[""exclude""]",not_included,0,Unassigned,,
doi:10.1145/3737841.3787558,10.1145/3737841.3787558,1,"[""ACM""]","[[""ACM"",""N0BC55B3800141665""]]","[""exclude""]",not_included,0,Unassigned,,
doi:10.1145/3737888,10.1145/3737888,1,"[""ACM""]","[[""ACM"",""E099""]]","[""exclude""]",not_included,0,Unassigned,,
doi:10.1145/3737895.3768303,10.1145/3737895.3768303,1,"[""ACM""]","[[""ACM"",""E157""]]","[""exclude""]",not_included,0,Unassigned,,
doi:10.1145/3737897,10.1145/3737897,1,"[""ACM""]","[[""ACM"",""N5A598A008EDA5145""]]","[""exclude""]",not_included,0,Unassigned,,
doi:10.1145/3737897.3767287,10.1145/3737897.3767287,1,"[""ACM""]","[[""ACM"",""E158""]]","[""include""]",included,0,Unassigned,,
doi:10.1145/3737905,10.1145/3737905,1,"[""ACM""]","[[""ACM"",""N072D721B016B4FA7""]]","[""exclude""]",not_included,0,Unassigned,,
doi:10.1145/3737905.3769284,10.1145/3737905.3769284,1,"[""ACM""]","[[""ACM"",""N1746D1167234D8E4""]]","[""exclude""]",not_included,0,Unassigned,,
doi:10.1145/3737906,10.1145/3737906,1,"[""ACM""]","[[""ACM"",""NA86710574A205F19""]]","[""exclude""]",not_included,0,Unassigned,,
doi:10.1145/3742413,10.1145/3742413,1,"[""ACM""]","[[""ACM"",""NE8F1BEB707CD8643""]]","[""exclude""]",not_included,0,Unassigned,,
doi:10.1145/3742413.3789148,10.1145/3742413.3789148,1,"[""ACM""]","[[""ACM"",""N8752F553479AB2F8""]]","[""exclude""]",not_included,0,Unassigned,,
doi:10.1145/3742413.3789167,10.1145/3742413.3789167,1,"[""ACM""]","[[""ACM"",""ND5EC027F78BABE76""]]","[""exclude""]",not_included,0,Unassigned,,
doi:10.1145/3742413.3789218,10.1145/3742413.3789218,1,"[""ACM""]","[[""ACM"",""NDCAAF45A6D5E09AA""]]","[""exclude""]",not_included,0,Unassigned,,
doi:10.1145/3742414,10.1145/3742414,1,"[""ACM""]","[[""ACM"",""N984EC8B23ED7E8C8""]]","[""exclude""]",not_included,0,Unassigned,,
doi:10.1145/3742414.3794777,10.1145/3742414.3794777,1,"[""ACM""]","[[""ACM"",""N05AD5C60930D9B92""]]","[""exclude""]",not_included,0,Unassigned,,
doi:10.1145/3742414.3794951,10.1145/3742414.3794951,1,"[""ACM""]","[[""ACM"",""NCD4ED74781090005""]]","[""exclude""]",not_included,0,Unassigned,,
doi:10.1145/3742414.3801687,10.1145/3742414.3801687,1,"[""ACM""]","[[""ACM"",""N758716B4CBFDCFB4""]]","[""exclude""]",not_included,0,Unassigned,,
doi:10.1145/3744103,10.1145/3744103,1,"[""ACM""]","[[""ACM"",""NB4469C65D23F9D55""]]","[""exclude""]",not_included,0,Unassigned,,
doi:10.1145/3744200,10.1145/3744200,1,"[""ACM""]","[[""ACM"",""NF6BFBFE51F3B9E99""]]","[""exclude""]",not_included,0,Unassigned,,
doi:10.1145/3744335,10.1145/3744335,1,"[""ACM""]","[[""ACM"",""ND63FC23C8C910ECB""]]","[""exclude""]",not_included,0,Unassigned,,
doi:10.1145/3744335.3758518,10.1145/3744335.3758518,1,"[""ACM""]","[[""ACM"",""N4A187048F226E2DD""]]","[""exclude""]",not_included,0,Unassigned,,
doi:10.1145/3744916,10.1145/3744916,1,"[""ACM""]","[[""ACM"",""E169""]]","[""exclude""]",not_included,0,Unassigned,,
doi:10.1145/3744916.3787778,10.1145/3744916.3787778,1,"[""ACM""]","[[""ACM"",""NE3A362C351242A20""]]","[""exclude""]",not_included,0,Unassigned,,
doi:10.1145/3745034,10.1145/3745034,1,"[""ACM""]","[[""ACM"",""N7C0B9C7DA23F5AA0""]]","[""exclude""]",not_included,0,Unassigned,,
doi:10.1145/3745133.3745235,10.1145/3745133.3745235,1,"[""ACM""]","[[""ACM"",""NDFBE9B45B3B504BC""]]","[""exclude""]",not_included,0,Unassigned,,
doi:10.1145/3745238,10.1145/3745238,1,"[""ACM""]","[[""ACM"",""N1550DEB5B2080E0F""]]","[""exclude""]",not_included,0,Unassigned,,
doi:10.1145/3745238.3745397,10.1145/3745238.3745397,1,"[""ACM""]","[[""ACM"",""N0A033ECEEEC06EDD""]]","[""exclude""]",not_included,0,Unassigned,,
doi:10.1145/3745238.3745531,10.1145/3745238.3745531,1,"[""ACM""]","[[""ACM"",""NEE781BCFA2A273D7""]]","[""exclude""]",not_included,0,Unassigned,,
doi:10.1145/3745676,10.1145/3745676,1,"[""ACM""]","[[""ACM"",""NE27408A60225BA35""]]","[""exclude""]",not_included,0,Unassigned,,
doi:10.1145/3745676.3745720,10.1145/3745676.3745720,1,"[""ACM""]","[[""ACM"",""N7149D390F7A87E36""]]","[""exclude""]",not_included,0,Unassigned,,
doi:10.1145/3745756.3809195,10.1145/3745756.3809195,1,"[""ACM""]","[[""ACM"",""N08B9289BDADFD2A5""]]","[""exclude""]",not_included,0,Unassigned,,
doi:10.1145/3745812,10.1145/3745812,1,"[""ACM""]","[[""ACM"",""N7ADB128443DE7941""]]","[""exclude""]",not_included,0,Unassigned,,
doi:10.1145/3745812.3745868,10.1145/3745812.3745868,1,"[""ACM""]","[[""ACM"",""N41F4EF23BE717B83""]]","[""exclude""]",not_included,0,Unassigned,,
doi:10.1145/3745900,10.1145/3745900,1,"[""ACM""]","[[""ACM"",""NAF87D5B92CFA0185""]]","[""exclude""]",not_included,0,Unassigned,,
doi:10.1145/3745900.3746081,10.1145/3745900.3746081,1,"[""ACM""]","[[""ACM"",""N5CB8899055297DE7""]]","[""exclude""]",not_included,0,Unassigned,,
doi:10.1145/3746027.3756869,10.1145/3746027.3756869,1,"[""ACM""]","[[""ACM"",""NAEFEDFC77183A152""]]","[""exclude""]",not_included,0,Unassigned,,
doi:10.1145/3746027.3758176,10.1145/3746027.3758176,1,"[""ACM""]","[[""ACM"",""E097""]]","[""exclude""]",not_included,0,Unassigned,,
doi:10.1145/3746027.3762030,10.1145/3746027.3762030,1,"[""ACM""]","[[""ACM"",""N05F4BD3AC4F49940""]]","[""exclude""]",not_included,0,Unassigned,,
doi:10.1145/3746027.3764185,10.1145/3746027.3764185,1,"[""ACM""]","[[""ACM"",""N805A72CC54DA4807""]]","[""exclude""]",not_included,0,Unassigned,,
doi:10.1145/3746059,10.1145/3746059,1,"[""ACM""]","[[""ACM"",""N1713E67167D784E1""]]","[""exclude""]",not_included,0,Unassigned,,
doi:10.1145/3746059.3747711,10.1145/3746059.3747711,1,"[""ACM""]","[[""ACM"",""N757FEEF0DD58D1C6""]]","[""exclude""]",not_included,0,Unassigned,,
doi:10.1145/3746252.3760811,10.1145/3746252.3760811,1,"[""ACM""]","[[""ACM"",""N0DFDFC3D08F73540""]]","[""exclude""]",not_included,0,Unassigned,,
doi:10.1145/3746252.3761441,10.1145/3746252.3761441,1,"[""ACM""]","[[""ACM"",""N3C08C56980C05144""]]","[""exclude""]",not_included,0,Unassigned,,
doi:10.1145/3746252.3761524,10.1145/3746252.3761524,1,"[""ACM""]","[[""ACM"",""NA461B24C65F6B958""]]","[""exclude""]",not_included,0,Unassigned,,
doi:10.1145/3746252.3761526,10.1145/3746252.3761526,1,"[""ACM""]","[[""ACM"",""ND144230D1EC6A1CA""]]","[""exclude""]",not_included,0,Unassigned,,
doi:10.1145/3746252.3761560,10.1145/3746252.3761560,1,"[""ACM""]","[[""ACM"",""N435146A4AF1740C7""]]","[""exclude""]",not_included,0,Unassigned,,
doi:10.1145/3746253,10.1145/3746253,1,"[""ACM""]","[[""ACM"",""N5DF67A2A63657A64""]]","[""pending""]",not_included,1,Unassigned,,
doi:10.1145/3746276.3760471,10.1145/3746276.3760471,1,"[""ACM""]","[[""ACM"",""N58E6EDCDF389911A""]]","[""exclude""]",not_included,0,Unassigned,,
doi:10.1145/3746458,10.1145/3746458,1,"[""ACM""]","[[""ACM"",""E117""]]","[""exclude""]",not_included,0,Unassigned,,
doi:10.1145/3747175,10.1145/3747175,1,"[""ACM""]","[[""ACM"",""N54D8CDAB31BC19F5""]]","[""exclude""]",not_included,0,Unassigned,,
doi:10.1145/3747204,10.1145/3747204,1,"[""ACM""]","[[""ACM"",""N33A7099A1E2C78F5""]]","[""exclude""]",not_included,0,Unassigned,,
doi:10.1145/3747327,10.1145/3747327,1,"[""ACM""]","[[""ACM"",""N708ADAC18501B029""]]","[""exclude""]",not_included,0,Unassigned,,
doi:10.1145/3747327.3762827,10.1145/3747327.3762827,1,"[""ACM""]","[[""ACM"",""N8AB14A65379F73BD""]]","[""exclude""]",not_included,0,Unassigned,,
doi:10.1145/3747870,10.1145/3747870,1,"[""ACM""]","[[""ACM"",""NAD17F8D999F11E58""]]","[""exclude""]",not_included,0,Unassigned,,
doi:10.1145/3748239.3748247,10.1145/3748239.3748247,1,"[""ACM""]","[[""ACM"",""NAC0E148E4599BF03""]]","[""exclude""]",not_included,0,Unassigned,,
doi:10.1145/3748263,10.1145/3748263,1,"[""ACM""]","[[""ACM"",""N475148802FA7485C""]]","[""exclude""]",not_included,0,Unassigned,,
doi:10.1145/3748496,10.1145/3748496,1,"[""ACM""]","[[""ACM"",""NB39C712EDEFF49EF""]]","[""exclude""]",not_included,0,Unassigned,,
doi:10.1145/3748496.3748990,10.1145/3748496.3748990,1,"[""ACM""]","[[""ACM"",""N22F18B5D15BD07A2""]]","[""exclude""]",not_included,0,Unassigned,,
doi:10.1145/3749484,10.1145/3749484,1,"[""ACM""]","[[""ACM"",""NF341B01C171689D9""]]","[""exclude""]",not_included,0,Unassigned,,
doi:10.1145/3750555.3811883,10.1145/3750555.3811883,1,"[""ACM""]","[[""ACM"",""E127""]]","[""include""]",included,0,Unassigned,,
doi:10.1145/3750555.3811893,10.1145/3750555.3811893,1,"[""ACM""]","[[""ACM"",""NE9AEE9ACDFBAA902""]]","[""exclude""]",not_included,0,Unassigned,,
doi:10.1145/3755991,10.1145/3755991,1,"[""ACM""]","[[""ACM"",""N03D7D0DE6C183CA1""]]","[""exclude""]",not_included,0,Unassigned,,
doi:10.1145/3755991.3755994,10.1145/3755991.3755994,1,"[""ACM""]","[[""ACM"",""N13205543364E42D4""]]","[""exclude""]",not_included,0,Unassigned,,
doi:10.1145/3755991.3756003,10.1145/3755991.3756003,1,"[""ACM""]","[[""ACM"",""N5142821933C92FFC""]]","[""exclude""]",not_included,0,Unassigned,,
doi:10.1145/3757279,10.1145/3757279,1,"[""ACM""]","[[""ACM"",""N0E7106FA362AEC8D""]]","[""exclude""]",not_included,0,Unassigned,,
doi:10.1145/3757348,10.1145/3757348,1,"[""ACM""]","[[""ACM"",""N8D4CAD2828CAA425""]]","[""exclude""]",not_included,0,Unassigned,,
doi:10.1145/375735.375866,10.1145/375735.375866,1,"[""ACM""]","[[""ACM"",""NBD9970FA71A48C5E""]]","[""exclude""]",not_included,0,Unassigned,,
doi:10.1145/375735.375867,10.1145/375735.375867,1,"[""ACM""]","[[""ACM"",""N8AFBA42637954FA7""]]","[""include""]",included,0,Unassigned,,
doi:10.1145/375735.375869,10.1145/375735.375869,1,"[""ACM""]","[[""ACM"",""NAEFB852F8E224712""]]","[""include""]",included,0,Unassigned,,
doi:10.1145/375735.375880,10.1145/375735.375880,1,"[""ACM""]","[[""ACM"",""NCCE58CF1C2E6D6BD""]]","[""exclude""]",not_included,0,Unassigned,,
doi:10.1145/375735.376313,10.1145/375735.376313,1,"[""ACM""]","[[""ACM"",""N3F95E98222C1512D""]]","[""exclude""]",not_included,0,Unassigned,,
doi:10.1145/375735.376441,10.1145/375735.376441,1,"[""ACM""]","[[""ACM"",""N96A3DF1A9A183D33""]]","[""include""]",included,0,Unassigned,,
doi:10.1145/375735.376445,10.1145/375735.376445,1,"[""ACM""]","[[""ACM"",""NA0A9B007ACD89521""]]","[""include""]",included,0,Unassigned,,
doi:10.1145/375735.376449,10.1145/375735.376449,1,"[""ACM""]","[[""ACM"",""NC5CD8D3A3B10FBA6""]]","[""exclude""]",not_included,0,Unassigned,,
doi:10.1145/3757374,10.1145/3757374,1,"[""ACM""]","[[""ACM"",""N1513C93EC66EC9A2""]]","[""exclude""]",not_included,0,Unassigned,,
doi:10.1145/3757374.3771455,10.1145/3757374.3771455,1,"[""ACM""]","[[""ACM"",""E075""]]","[""exclude""]",not_included,0,Unassigned,,
doi:10.1145/3757374.3771507,10.1145/3757374.3771507,1,"[""ACM""]","[[""ACM"",""N5EA3171C7F9DF70F""]]","[""exclude""]",not_included,0,Unassigned,,
doi:10.1145/3757374.3795008,10.1145/3757374.3795008,1,"[""ACM""]","[[""ACM"",""N4A169814F40AD2E7""]]","[""exclude""]",not_included,0,Unassigned,,
doi:10.1145/3757376,10.1145/3757376,1,"[""ACM""]","[[""ACM"",""N36972702BF44030A""]]","[""exclude""]",not_included,0,Unassigned,,
doi:10.1145/3757376.3771417,10.1145/3757376.3771417,1,"[""ACM""]","[[""ACM"",""N0FAAE1867615A165""]]","[""exclude""]",not_included,0,Unassigned,,
doi:10.1145/3757376.3794997,10.1145/3757376.3794997,1,"[""ACM""]","[[""ACM"",""N9DC20FB67D3008D6""]]","[""exclude""]",not_included,0,Unassigned,,
doi:10.1145/3757530,10.1145/3757530,1,"[""ACM""]","[[""ACM"",""NE267DBA282EE7B37""]]","[""exclude""]",not_included,0,Unassigned,,
doi:10.1145/3757749,10.1145/3757749,1,"[""ACM""]","[[""ACM"",""ND640F55B55013971""]]","[""exclude""]",not_included,0,Unassigned,,
doi:10.1145/3759023,10.1145/3759023,1,"[""ACM""]","[[""ACM"",""NE5EFAB20BC5E8DA7""]]","[""exclude""]",not_included,0,Unassigned,,
doi:10.1145/3759425,10.1145/3759425,1,"[""ACM""]","[[""ACM"",""N67ECB668E318B468""]]","[""exclude""]",not_included,0,Unassigned,,
doi:10.1145/3759425.3763397,10.1145/3759425.3763397,1,"[""ACM""]","[[""ACM"",""N76C7A61B44D7EA21""]]","[""exclude""]",not_included,0,Unassigned,,
doi:10.1145/3759429,10.1145/3759429,1,"[""ACM""]","[[""ACM"",""N7A29E4810574FA87""]]","[""exclude""]",not_included,0,Unassigned,,
doi:10.1145/3759429.3762620,10.1145/3759429.3762620,1,"[""ACM""]","[[""ACM"",""N842C66E668871072""]]","[""exclude""]",not_included,0,Unassigned,,
doi:10.1145/3759439,10.1145/3759439,1,"[""ACM""]","[[""ACM"",""N00598CC2869A25DE""]]","[""exclude""]",not_included,0,Unassigned,,
doi:10.1145/3759439.3773695,10.1145/3759439.3773695,1,"[""ACM""]","[[""ACM"",""N8E94ADFE9CB29630""]]","[""exclude""]",not_included,0,Unassigned,,
doi:10.1145/3759441.3759445,10.1145/3759441.3759445,1,"[""ACM""]","[[""ACM"",""N2F9EB5FFEE798A82""]]","[""exclude""]",not_included,0,Unassigned,,
doi:10.1145/3759534,10.1145/3759534,1,"[""ACM""]","[[""ACM"",""N8841C2F9467D487F""]]","[""exclude""]",not_included,0,Unassigned,,
doi:10.1145/3759534.3762682,10.1145/3759534.3762682,1,"[""ACM""]","[[""ACM"",""NEDFC521E5D54A91C""]]","[""exclude""]",not_included,0,Unassigned,,
doi:10.1145/3759972,10.1145/3759972,1,"[""ACM""]","[[""ACM"",""N6394436C6D963FF8""]]","[""exclude""]",not_included,0,Unassigned,,
doi:10.1145/3759972.3760189,10.1145/3759972.3760189,1,"[""ACM""]","[[""ACM"",""N6891A6E71B5FEBA9""]]","[""exclude""]",not_included,0,Unassigned,,
doi:10.1145/3764206.3764301,10.1145/3764206.3764301,1,"[""ACM""]","[[""ACM"",""N2E900F0A4ABA66B4""]]","[""exclude""]",not_included,0,Unassigned,,
doi:10.1145/3764386.3779612,10.1145/3764386.3779612,1,"[""ACM""]","[[""ACM"",""N280A18EDA7395E46""]]","[""exclude""]",not_included,0,Unassigned,,
doi:10.1145/3764687,10.1145/3764687,1,"[""ACM""]","[[""ACM"",""N69B27A3AFCB2ACBB""]]","[""exclude""]",not_included,0,Unassigned,,
doi:10.1145/3764687.3764719,10.1145/3764687.3764719,1,"[""ACM""]","[[""ACM"",""N2F73FC4D0A5F58EB""]]","[""exclude""]",not_included,0,Unassigned,,
doi:10.1145/3764921.3770151,10.1145/3764921.3770151,1,"[""ACM""]","[[""ACM"",""N83C7E03C482C5DC5""]]","[""exclude""]",not_included,0,Unassigned,,
doi:10.1145/3764925,10.1145/3764925,1,"[""ACM""]","[[""ACM"",""NE7871343C8D28222""]]","[""exclude""]",not_included,0,Unassigned,,
doi:10.1145/3764925.3770908,10.1145/3764925.3770908,1,"[""ACM""]","[[""ACM"",""NF5E2587C44F488B1""]]","[""exclude""]",not_included,0,Unassigned,,
doi:10.1145/3765611,10.1145/3765611,1,"[""ACM""]","[[""ACM"",""N7534E3433642C4B2""]]","[""exclude""]",not_included,0,Unassigned,,
doi:10.1145/3765611.3815066,10.1145/3765611.3815066,1,"[""ACM""]","[[""ACM"",""N93EA3586ADC12B7B""]]","[""exclude""]",not_included,0,Unassigned,,
doi:10.1145/3765611.3815146,10.1145/3765611.3815146,1,"[""ACM""]","[[""ACM"",""N345C47C27A25D231""]]","[""exclude""]",not_included,0,Unassigned,,
doi:10.1145/3765611.3815147,10.1145/3765611.3815147,1,"[""ACM""]","[[""ACM"",""E069""]]","[""exclude""]",not_included,0,Unassigned,,
doi:10.1145/3765611.3815148,10.1145/3765611.3815148,1,"[""ACM""]","[[""ACM"",""E066""]]","[""exclude""]",not_included,0,Unassigned,,
doi:10.1145/3766671,10.1145/3766671,1,"[""ACM""]","[[""ACM"",""NF4873E14CA0B3263""]]","[""exclude""]",not_included,0,Unassigned,,
doi:10.1145/3766882,10.1145/3766882,1,"[""ACM""]","[[""ACM"",""N998077EADB326CB2""]]","[""exclude""]",not_included,0,Unassigned,,
doi:10.1145/3766882.3767177,10.1145/3766882.3767177,1,"[""ACM""]","[[""ACM"",""E083""]]","[""include""]",included,0,Unassigned,,
doi:10.1145/3766882.3767179,10.1145/3766882.3767179,1,"[""ACM""]","[[""ACM"",""N4DE495A373862992""]]","[""exclude""]",not_included,0,Unassigned,,
doi:10.1145/3766918,10.1145/3766918,1,"[""ACM""]","[[""ACM"",""ND12135CFEC544BA0""]]","[""exclude""]",not_included,0,Unassigned,,
doi:10.1145/3766918.3766944,10.1145/3766918.3766944,1,"[""ACM""]","[[""ACM"",""N0C8D7C304A00D5FB""]]","[""exclude""]",not_included,0,Unassigned,,
doi:10.1145/3767052.3767057,10.1145/3767052.3767057,1,"[""ACM""]","[[""ACM"",""E037""]]","[""exclude""]",not_included,0,Unassigned,,
doi:10.1145/3767695.3769484,10.1145/3767695.3769484,1,"[""ACM""]","[[""ACM"",""E061""]]","[""exclude""]",not_included,0,Unassigned,,
doi:10.1145/3768421.3768443,10.1145/3768421.3768443,1,"[""ACM""]","[[""ACM"",""NDC3B5E690620F768""]]","[""exclude""]",not_included,0,Unassigned,,
doi:10.1145/3769002.3769957,10.1145/3769002.3769957,1,"[""ACM""]","[[""ACM"",""NB6B16B1E26A04912""]]","[""include""]",included,0,Unassigned,,
doi:10.1145/3769047,10.1145/3769047,1,"[""ACM""]","[[""ACM"",""N1CBF0BD8329C6C3F""]]","[""exclude""]",not_included,0,Unassigned,,
doi:10.1145/3769126,10.1145/3769126,1,"[""ACM""]","[[""ACM"",""N43373A3966B4D2FA""]]","[""exclude""]",not_included,0,Unassigned,,
doi:10.1145/3769471,10.1145/3769471,1,"[""ACM""]","[[""ACM"",""NA6305D7331E3711E""]]","[""exclude""]",not_included,0,Unassigned,,
doi:10.1145/3769684,10.1145/3769684,1,"[""ACM""]","[[""ACM"",""ND12A0EF2F4FA8A7D""]]","[""pending""]",not_included,1,Unassigned,,
doi:10.1145/3770761.3777345,10.1145/3770761.3777345,1,"[""ACM""]","[[""ACM"",""ND69FBB03764124C4""]]","[""exclude""]",not_included,0,Unassigned,,
doi:10.1145/3770854.3783949,10.1145/3770854.3783949,1,"[""ACM""]","[[""ACM"",""N04D85C9A837FF8C8""]]","[""exclude""]",not_included,0,Unassigned,,
doi:10.1145/3770855.3816475,10.1145/3770855.3816475,1,"[""ACM""]","[[""ACM"",""E077""]]","[""exclude""]",not_included,0,Unassigned,,
doi:10.1145/3770855.3817454,10.1145/3770855.3817454,1,"[""ACM""]","[[""ACM"",""N3522F7A1763EE501""]]","[""exclude""]",not_included,0,Unassigned,,
doi:10.1145/3770855.3817461,10.1145/3770855.3817461,1,"[""ACM""]","[[""ACM"",""N7BCCFF50DC8DE770""]]","[""exclude""]",not_included,0,Unassigned,,
doi:10.1145/3770855.3817478,10.1145/3770855.3817478,1,"[""ACM""]","[[""ACM"",""E161""]]","[""include""]",included,0,Unassigned,,
doi:10.1145/3770855.3817492,10.1145/3770855.3817492,1,"[""ACM""]","[[""ACM"",""NC11B6E693E29E645""]]","[""exclude""]",not_included,0,Unassigned,,
doi:10.1145/3770855.3817555,10.1145/3770855.3817555,1,"[""ACM""]","[[""ACM"",""N767FCB782ED4A64B""]]","[""exclude""]",not_included,0,Unassigned,,
doi:10.1145/3770855.3817565,10.1145/3770855.3817565,1,"[""ACM""]","[[""ACM"",""N7ACC1C4814CAA8D3""]]","[""exclude""]",not_included,0,Unassigned,,
doi:10.1145/3770855.3817660,10.1145/3770855.3817660,1,"[""ACM""]","[[""ACM"",""N4AF15F33D2DB1408""]]","[""exclude""]",not_included,0,Unassigned,,
doi:10.1145/3770855.3817687,10.1145/3770855.3817687,1,"[""ACM""]","[[""ACM"",""N5BCE5ED4612BAF81""]]","[""exclude""]",not_included,0,Unassigned,,
doi:10.1145/3770855.3817862,10.1145/3770855.3817862,1,"[""ACM""]","[[""ACM"",""E074""]]","[""include""]",included,0,Unassigned,,
doi:10.1145/3770855.3817920,10.1145/3770855.3817920,1,"[""ACM""]","[[""ACM"",""N3DC9C0C2D8F1D34E""]]","[""exclude""]",not_included,0,Unassigned,,
doi:10.1145/3770855.3817948,10.1145/3770855.3817948,1,"[""ACM""]","[[""ACM"",""N360B17ABCF17EB7C""]]","[""exclude""]",not_included,0,Unassigned,,
doi:10.1145/3770855.3817996,10.1145/3770855.3817996,1,"[""ACM""]","[[""ACM"",""N27221E93B2AAEDE1""]]","[""exclude""]",not_included,0,Unassigned,,
doi:10.1145/3770855.3818107,10.1145/3770855.3818107,1,"[""ACM""]","[[""ACM"",""N3B8767ADC2C62C57""]]","[""exclude""]",not_included,0,Unassigned,,
doi:10.1145/3770855.3818329,10.1145/3770855.3818329,1,"[""ACM""]","[[""ACM"",""E112""]]","[""include""]",included,0,Unassigned,,
doi:10.1145/3770855.3818380,10.1145/3770855.3818380,1,"[""ACM""]","[[""ACM"",""NEEEA8EFDDE18B51F""]]","[""exclude""]",not_included,0,Unassigned,,
doi:10.1145/3770855.3818383,10.1145/3770855.3818383,1,"[""ACM""]","[[""ACM"",""NB7EDBF18CE6CE4CA""]]","[""exclude""]",not_included,0,Unassigned,,
doi:10.1145/3770855.3818435,10.1145/3770855.3818435,1,"[""ACM""]","[[""ACM"",""N0AAE772616AEEA75""]]","[""include""]",included,0,Unassigned,,
doi:10.1145/3770855.3818454,10.1145/3770855.3818454,1,"[""ACM""]","[[""ACM"",""N3D79C580E0E27424""]]","[""exclude""]",not_included,0,Unassigned,,
doi:10.1145/3770855.3818488,10.1145/3770855.3818488,1,"[""ACM""]","[[""ACM"",""N6910C2F18695D186""]]","[""exclude""]",not_included,0,Unassigned,,
doi:10.1145/3770855.3818652,10.1145/3770855.3818652,1,"[""ACM""]","[[""ACM"",""N10789D521E5889D6""]]","[""exclude""]",not_included,0,Unassigned,,
doi:10.1145/3770855.3818655,10.1145/3770855.3818655,1,"[""ACM""]","[[""ACM"",""E092""]]","[""exclude""]",not_included,0,Unassigned,,
doi:10.1145/3770855.3818858,10.1145/3770855.3818858,1,"[""ACM""]","[[""ACM"",""NF3E490802AC53905""]]","[""exclude""]",not_included,0,Unassigned,,
doi:10.1145/3770855.3819038,10.1145/3770855.3819038,1,"[""ACM""]","[[""ACM"",""NA49E5E8DB4A8AA48""]]","[""exclude""]",not_included,0,Unassigned,,
doi:10.1145/3771678,10.1145/3771678,1,"[""ACM""]","[[""ACM"",""NEDB1A2389110F771""]]","[""exclude""]",not_included,0,Unassigned,,
doi:10.1145/3771678.3771686,10.1145/3771678.3771686,1,"[""ACM""]","[[""ACM"",""NEC806B50E72E276D""]]","[""exclude""]",not_included,0,Unassigned,,
doi:10.1145/3771882,10.1145/3771882,1,"[""ACM""]","[[""ACM"",""N435C71058AE3CDAA""]]","[""exclude""]",not_included,0,Unassigned,,
doi:10.1145/3771882.3771913,10.1145/3771882.3771913,1,"[""ACM""]","[[""ACM"",""NC150414E46E94144""]]","[""exclude""]",not_included,0,Unassigned,,
doi:10.1145/3772008.3772011,10.1145/3772008.3772011,1,"[""ACM""]","[[""ACM"",""N95E9F336B7539D98""]]","[""exclude""]",not_included,0,Unassigned,,
doi:10.1145/3772052,10.1145/3772052,1,"[""ACM""]","[[""ACM"",""NDCB3BA14FA5C7DAA""]]","[""exclude""]",not_included,0,Unassigned,,
doi:10.1145/3772052.3772255,10.1145/3772052.3772255,1,"[""ACM""]","[[""ACM"",""N15BD3912DB637E83""]]","[""exclude""]",not_included,0,Unassigned,,
doi:10.1145/3772078,10.1145/3772078,1,"[""ACM""]","[[""ACM"",""N6029D8B0B235FC55""]]","[""exclude""]",not_included,0,Unassigned,,
doi:10.1145/3772318.3790283,10.1145/3772318.3790283,1,"[""ACM""]","[[""ACM"",""NED515D955E949C1D""]]","[""exclude""]",not_included,0,Unassigned,,
doi:10.1145/3772318.3790294,10.1145/3772318.3790294,1,"[""ACM""]","[[""ACM"",""N7F83C5924061B2FE""]]","[""exclude""]",not_included,0,Unassigned,,
doi:10.1145/3772318.3790335,10.1145/3772318.3790335,1,"[""ACM""]","[[""ACM"",""N328F5D4DDB069765""]]","[""exclude""]",not_included,0,Unassigned,,
doi:10.1145/3772318.3790384,10.1145/3772318.3790384,1,"[""ACM""]","[[""ACM"",""N2953EAB4FB048062""]]","[""exclude""]",not_included,0,Unassigned,,
doi:10.1145/3772318.3790441,10.1145/3772318.3790441,1,"[""ACM""]","[[""ACM"",""NE8DD30264CA86166""]]","[""exclude""]",not_included,0,Unassigned,,
doi:10.1145/3772318.3790448,10.1145/3772318.3790448,1,"[""ACM""]","[[""ACM"",""N138C6FA834138CD3""]]","[""exclude""]",not_included,0,Unassigned,,
doi:10.1145/3772318.3790671,10.1145/3772318.3790671,1,"[""ACM""]","[[""ACM"",""NA911FF8C2028C679""]]","[""exclude""]",not_included,0,Unassigned,,
doi:10.1145/3772318.3790774,10.1145/3772318.3790774,1,"[""ACM""]","[[""ACM"",""N3D86FB2FB53D2AF3""]]","[""exclude""]",not_included,0,Unassigned,,
doi:10.1145/3772318.3790782,10.1145/3772318.3790782,1,"[""ACM""]","[[""ACM"",""NE68E20ECB87C2F85""]]","[""exclude""]",not_included,0,Unassigned,,
doi:10.1145/3772318.3790879,10.1145/3772318.3790879,1,"[""ACM""]","[[""ACM"",""NC4F394EE58AB830E""]]","[""exclude""]",not_included,0,Unassigned,,
doi:10.1145/3772318.3790919,10.1145/3772318.3790919,1,"[""ACM""]","[[""ACM"",""N3137CAE27E269DC2""]]","[""exclude""]",not_included,0,Unassigned,,
doi:10.1145/3772318.3791071,10.1145/3772318.3791071,1,"[""ACM""]","[[""ACM"",""N39F0F2C43B1D22D2""]]","[""exclude""]",not_included,0,Unassigned,,
doi:10.1145/3772318.3791234,10.1145/3772318.3791234,1,"[""ACM""]","[[""ACM"",""N08ED1D92DC3C41BA""]]","[""exclude""]",not_included,0,Unassigned,,
doi:10.1145/3772318.3791238,10.1145/3772318.3791238,1,"[""ACM""]","[[""ACM"",""N0D37A5CDB9412DFC""]]","[""exclude""]",not_included,0,Unassigned,,
doi:10.1145/3772318.3791305,10.1145/3772318.3791305,1,"[""ACM""]","[[""ACM"",""N8BC3C230084D0389""]]","[""exclude""]",not_included,0,Unassigned,,
doi:10.1145/3772318.3791496,10.1145/3772318.3791496,1,"[""ACM""]","[[""ACM"",""N02C282D090353BC4""]]","[""exclude""]",not_included,0,Unassigned,,
doi:10.1145/3772318.3791680,10.1145/3772318.3791680,1,"[""ACM""]","[[""ACM"",""NDE649DA3B6478ADD""]]","[""exclude""]",not_included,0,Unassigned,,
doi:10.1145/3772318.3791857,10.1145/3772318.3791857,1,"[""ACM""]","[[""ACM"",""ND2E77078260DD7AB""]]","[""exclude""]",not_included,0,Unassigned,,
doi:10.1145/3772318.3791917,10.1145/3772318.3791917,1,"[""ACM""]","[[""ACM"",""N973F7CA7A6FC48A1""]]","[""exclude""]",not_included,0,Unassigned,,
doi:10.1145/3772318.3793527,10.1145/3772318.3793527,1,"[""ACM""]","[[""ACM"",""N6F264EF0245C720F""]]","[""exclude""]",not_included,0,Unassigned,,
doi:10.1145/3772356.3772409,10.1145/3772356.3772409,1,"[""ACM""]","[[""ACM"",""NCEEC1FADB9218ADB""]]","[""exclude""]",not_included,0,Unassigned,,
doi:10.1145/3772363.3798433,10.1145/3772363.3798433,1,"[""ACM""]","[[""ACM"",""E160""]]","[""exclude""]",not_included,0,Unassigned,,
doi:10.1145/3772363.3798590,10.1145/3772363.3798590,1,"[""ACM""]","[[""ACM"",""N8EDDCC29335DF214""]]","[""exclude""]",not_included,0,Unassigned,,
doi:10.1145/3772363.3798593,10.1145/3772363.3798593,1,"[""ACM""]","[[""ACM"",""NF3AF2DA05EEE0340""]]","[""exclude""]",not_included,0,Unassigned,,
doi:10.1145/3772363.3798616,10.1145/3772363.3798616,1,"[""ACM""]","[[""ACM"",""N45A707F411E0AC47""]]","[""exclude""]",not_included,0,Unassigned,,
doi:10.1145/3772363.3798622,10.1145/3772363.3798622,1,"[""ACM""]","[[""ACM"",""N3BDEEEC0AAF617B7""]]","[""exclude""]",not_included,0,Unassigned,,
doi:10.1145/3772363.3798646,10.1145/3772363.3798646,1,"[""ACM""]","[[""ACM"",""N74D22D2970C6B766""]]","[""exclude""]",not_included,0,Unassigned,,
doi:10.1145/3772363.3798687,10.1145/3772363.3798687,1,"[""ACM""]","[[""ACM"",""N09BB511D28F26364""]]","[""exclude""]",not_included,0,Unassigned,,
doi:10.1145/3772363.3798736,10.1145/3772363.3798736,1,"[""ACM""]","[[""ACM"",""N0944436B93EEC8CF""]]","[""exclude""]",not_included,0,Unassigned,,
doi:10.1145/3772363.3798851,10.1145/3772363.3798851,1,"[""ACM""]","[[""ACM"",""E060""]]","[""exclude""]",not_included,0,Unassigned,,
doi:10.1145/3772363.3798864,10.1145/3772363.3798864,1,"[""ACM""]","[[""ACM"",""E088""]]","[""include""]",included,0,Unassigned,,
doi:10.1145/3772363.3798899,10.1145/3772363.3798899,1,"[""ACM""]","[[""ACM"",""N5F217D33683FDDFB""]]","[""exclude""]",not_included,0,Unassigned,,
doi:10.1145/3772363.3798904,10.1145/3772363.3798904,1,"[""ACM""]","[[""ACM"",""NA8B09D80F754C72F""]]","[""exclude""]",not_included,0,Unassigned,,
doi:10.1145/3772363.3799039,10.1145/3772363.3799039,1,"[""ACM""]","[[""ACM"",""NB8FB4F974B190665""]]","[""exclude""]",not_included,0,Unassigned,,
doi:10.1145/3772363.3799174,10.1145/3772363.3799174,1,"[""ACM""]","[[""ACM"",""E002""]]","[""exclude""]",not_included,0,Unassigned,,
doi:10.1145/3772363.3799215,10.1145/3772363.3799215,1,"[""ACM""]","[[""ACM"",""NA26CD857BEBF7B64""]]","[""exclude""]",not_included,0,Unassigned,,
doi:10.1145/3772900.3772908,10.1145/3772900.3772908,1,"[""ACM""]","[[""ACM"",""NEBD89640E44FD46D""]]","[""include""]",included,0,Unassigned,,
doi:10.1145/3772900.3772961,10.1145/3772900.3772961,1,"[""ACM""]","[[""ACM"",""E110""]]","[""exclude""]",not_included,0,Unassigned,,
doi:10.1145/3773077.3806124,10.1145/3773077.3806124,1,"[""ACM""]","[[""ACM"",""N3304C66D1A081BF1""]]","[""exclude""]",not_included,0,Unassigned,,
doi:10.1145/3773077.3813783,10.1145/3773077.3813783,1,"[""ACM""]","[[""ACM"",""E003""]]","[""exclude""]",not_included,0,Unassigned,,
doi:10.1145/3773078,10.1145/3773078,1,"[""ACM""]","[[""ACM"",""NEF342032D580E01C""]]","[""exclude""]",not_included,0,Unassigned,,
doi:10.1145/3773078.3831721,10.1145/3773078.3831721,1,"[""ACM""]","[[""ACM"",""E028""]]","[""exclude""]",not_included,0,Unassigned,,
doi:10.1145/3773078.3831743,10.1145/3773078.3831743,1,"[""ACM""]","[[""ACM"",""E070""]]","[""exclude""]",not_included,0,Unassigned,,
doi:10.1145/3773078.3831744,10.1145/3773078.3831744,1,"[""ACM""]","[[""ACM"",""NC6D047C75D7E2FC1""]]","[""exclude""]",not_included,0,Unassigned,,
doi:10.1145/3773078.3831785,10.1145/3773078.3831785,1,"[""ACM""]","[[""ACM"",""NEEB7DA56AFAD4873""]]","[""exclude""]",not_included,0,Unassigned,,
doi:10.1145/3773078.3831813,10.1145/3773078.3831813,1,"[""ACM""]","[[""ACM"",""NCF8D3C2BFF00A836""]]","[""exclude""]",not_included,0,Unassigned,,
doi:10.1145/3773078.3831840,10.1145/3773078.3831840,1,"[""ACM""]","[[""ACM"",""N442C16269C84A310""]]","[""exclude""]",not_included,0,Unassigned,,
doi:10.1145/3773078.3841273,10.1145/3773078.3841273,1,"[""ACM""]","[[""ACM"",""N42098167D976C2C7""]]","[""exclude""]",not_included,0,Unassigned,,
doi:10.1145/3773078.3841297,10.1145/3773078.3841297,1,"[""ACM""]","[[""ACM"",""N1206A41DD2929324""]]","[""exclude""]",not_included,0,Unassigned,,
doi:10.1145/3773084,10.1145/3773084,1,"[""ACM""]","[[""ACM"",""N2E6C5FD9EC606F5F""]]","[""exclude""]",not_included,0,Unassigned,,
doi:10.1145/3773274,10.1145/3773274,1,"[""ACM""]","[[""ACM"",""N8411AFA85C38DF09""]]","[""exclude""]",not_included,0,Unassigned,,
doi:10.1145/3773365,10.1145/3773365,1,"[""ACM""]","[[""ACM"",""N32AD04AAB826CE91""]]","[""exclude""]",not_included,0,Unassigned,,
doi:10.1145/3773966.3784969,10.1145/3773966.3784969,1,"[""ACM""]","[[""ACM"",""E030""]]","[""exclude""]",not_included,0,Unassigned,,
doi:10.1145/3774748,10.1145/3774748,1,"[""ACM""]","[[""ACM"",""N1B06D2D4C084CB63""]]","[""exclude""]",not_included,0,Unassigned,,
doi:10.1145/3774748.3787611,10.1145/3774748.3787611,1,"[""ACM""]","[[""ACM"",""N69F44B36DCA98197""]]","[""exclude""]",not_included,0,Unassigned,,
doi:10.1145/3774748.3787622,10.1145/3774748.3787622,1,"[""ACM""]","[[""ACM"",""NE956266F5C2741E4""]]","[""exclude""]",not_included,0,Unassigned,,
doi:10.1145/3774748.3795680,10.1145/3774748.3795680,1,"[""ACM""]","[[""ACM"",""N8A15BB88E6EBB9F3""]]","[""exclude""]",not_included,0,Unassigned,,
doi:10.1145/3774895,10.1145/3774895,1,"[""ACM""]","[[""ACM"",""N4E9492EDAA8AC6C5""]]","[""exclude""]",not_included,0,Unassigned,,
doi:10.1145/3774895.3812199,10.1145/3774895.3812199,1,"[""ACM""]","[[""ACM"",""NE04A5211401E31F7""]]","[""exclude""]",not_included,0,Unassigned,,
doi:10.1145/3774900,10.1145/3774900,1,"[""ACM""]","[[""ACM"",""N4838BAFE0A9897CC""]]","[""exclude""]",not_included,0,Unassigned,,
doi:10.1145/3774900.3776637,10.1145/3774900.3776637,1,"[""ACM""]","[[""ACM"",""E094""]]","[""include""]",included,0,Unassigned,,
doi:10.1145/3774904.3792200,10.1145/3774904.3792200,1,"[""ACM""]","[[""ACM"",""NF4425CD48C61C276""]]","[""exclude""]",not_included,0,Unassigned,,
doi:10.1145/3774904.3792400,10.1145/3774904.3792400,1,"[""ACM""]","[[""ACM"",""NE0BA88972B5A65BC""]]","[""include""]",included,0,Unassigned,,
doi:10.1145/3774904.3792460,10.1145/3774904.3792460,1,"[""ACM""]","[[""ACM"",""N80FC84258269C84F""]]","[""exclude""]",not_included,0,Unassigned,,
doi:10.1145/3774904.3792597,10.1145/3774904.3792597,1,"[""ACM""]","[[""ACM"",""N65089485C459D1B2""]]","[""exclude""]",not_included,0,Unassigned,,
doi:10.1145/3774904.3792724,10.1145/3774904.3792724,1,"[""ACM""]","[[""ACM"",""N25E8E403978DBF40""]]","[""exclude""]",not_included,0,Unassigned,,
doi:10.1145/3774904.3792805,10.1145/3774904.3792805,1,"[""ACM""]","[[""ACM"",""N9C183DF26EA03562""]]","[""include""]",included,0,Unassigned,,
doi:10.1145/3774904.3792850,10.1145/3774904.3792850,1,"[""ACM""]","[[""ACM"",""E027""]]","[""exclude""]",not_included,0,Unassigned,,
doi:10.1145/3774904.3792893,10.1145/3774904.3792893,1,"[""ACM""]","[[""ACM"",""E058""]]","[""include""]",included,0,Unassigned,,
doi:10.1145/3774904.3792929,10.1145/3774904.3792929,1,"[""ACM""]","[[""ACM"",""NC8DBFB1F15F6A00A""]]","[""exclude""]",not_included,0,Unassigned,,
doi:10.1145/3774904.3792931,10.1145/3774904.3792931,1,"[""ACM""]","[[""ACM"",""NF2BCF25D2E3DFD6A""]]","[""exclude""]",not_included,0,Unassigned,,
doi:10.1145/3774904.3792943,10.1145/3774904.3792943,1,"[""ACM""]","[[""ACM"",""N3822A38969A98F53""]]","[""include""]",included,0,Unassigned,,
doi:10.1145/3774904.3792996,10.1145/3774904.3792996,1,"[""ACM""]","[[""ACM"",""N129DAC51F26A757D""]]","[""exclude""]",not_included,0,Unassigned,,
doi:10.1145/3774904.3793050,10.1145/3774904.3793050,1,"[""ACM""]","[[""ACM"",""E024""]]","[""exclude""]",not_included,0,Unassigned,,
doi:10.1145/3774905.3793107,10.1145/3774905.3793107,1,"[""ACM""]","[[""ACM"",""N3AA5E9870E056B26""]]","[""exclude""]",not_included,0,Unassigned,,
doi:10.1145/3774905.3793108,10.1145/3774905.3793108,1,"[""ACM""]","[[""ACM"",""E063""]]","[""exclude""]",not_included,0,Unassigned,,
doi:10.1145/3774905.3793122,10.1145/3774905.3793122,1,"[""ACM""]","[[""ACM"",""N54AB98FE7736D29A""]]","[""exclude""]",not_included,0,Unassigned,,
doi:10.1145/3774905.3793914,10.1145/3774905.3793914,1,"[""ACM""]","[[""ACM"",""ND63B1AADF5F5E80E""]]","[""exclude""]",not_included,0,Unassigned,,
doi:10.1145/3774905.3793921,10.1145/3774905.3793921,1,"[""ACM""]","[[""ACM"",""N049CAADE85CA7C44""]]","[""exclude""]",not_included,0,Unassigned,,
doi:10.1145/3774905.3793924,10.1145/3774905.3793924,1,"[""ACM""]","[[""ACM"",""NB61AEB03CFEAA891""]]","[""exclude""]",not_included,0,Unassigned,,
doi:10.1145/3774905.3795076,10.1145/3774905.3795076,1,"[""ACM""]","[[""ACM"",""N7C373DB91484BFAF""]]","[""exclude""]",not_included,0,Unassigned,,
doi:10.1145/3774905.3795086,10.1145/3774905.3795086,1,"[""ACM""]","[[""ACM"",""E166""]]","[""exclude""]",not_included,0,Unassigned,,
doi:10.1145/3774905.3795090,10.1145/3774905.3795090,1,"[""ACM""]","[[""ACM"",""NE982FFAB51EA35C4""]]","[""exclude""]",not_included,0,Unassigned,,
doi:10.1145/3774905.3795092,10.1145/3774905.3795092,1,"[""ACM""]","[[""ACM"",""N1071874C7E5F0758""]]","[""exclude""]",not_included,0,Unassigned,,
doi:10.1145/3774905.3795448,10.1145/3774905.3795448,1,"[""ACM""]","[[""ACM"",""NFB3C5EAD2238B56C""]]","[""exclude""]",not_included,0,Unassigned,,
doi:10.1145/3774905.3795718,10.1145/3774905.3795718,1,"[""ACM""]","[[""ACM"",""E009""]]","[""exclude""]",not_included,0,Unassigned,,
doi:10.1145/3774905.3795728,10.1145/3774905.3795728,1,"[""ACM""]","[[""ACM"",""E032""]]","[""exclude""]",not_included,0,Unassigned,,
doi:10.1145/3774934,10.1145/3774934,1,"[""ACM""]","[[""ACM"",""N04DEF36E1534BE11""]]","[""exclude""]",not_included,0,Unassigned,,
doi:10.1145/3774935.3812704,10.1145/3774935.3812704,1,"[""ACM""]","[[""ACM"",""N3A11B59F3FEA3715""]]","[""include""]",included,0,Unassigned,,
doi:10.1145/3775073,10.1145/3775073,1,"[""ACM""]","[[""ACM"",""NABEF96ECBDCF93C8""]]","[""exclude""]",not_included,0,Unassigned,,
doi:10.1145/3776549,10.1145/3776549,1,"[""ACM""]","[[""ACM"",""N90153D20BF8D188B""]]","[""exclude""]",not_included,0,Unassigned,,
doi:10.1145/3776734,10.1145/3776734,1,"[""ACM""]","[[""ACM"",""N13409C892ED630AB""]]","[""exclude""]",not_included,0,Unassigned,,
doi:10.1145/3776734.3794452,10.1145/3776734.3794452,1,"[""ACM""]","[[""ACM"",""N4F44DA5B6A215D3E""]]","[""include""]",included,0,Unassigned,,
doi:10.1145/3776759,10.1145/3776759,1,"[""ACM""]","[[""ACM"",""NC32B33FDDE86BFB5""]]","[""exclude""]",not_included,0,Unassigned,,
doi:10.1145/3776759.3776853,10.1145/3776759.3776853,1,"[""ACM""]","[[""ACM"",""N1DC142FA11FFE13E""]]","[""exclude""]",not_included,0,Unassigned,,
doi:10.1145/3776865,10.1145/3776865,1,"[""ACM""]","[[""ACM"",""N62331ADB40BB33A6""]]","[""exclude""]",not_included,0,Unassigned,,
doi:10.1145/3776865.3776913,10.1145/3776865.3776913,1,"[""ACM""]","[[""ACM"",""E087""]]","[""exclude""]",not_included,0,Unassigned,,
doi:10.1145/3777490,10.1145/3777490,1,"[""ACM""]","[[""ACM"",""N09031CEDA75683DC""]]","[""exclude""]",not_included,0,Unassigned,,
doi:10.1145/3777490.3777504,10.1145/3777490.3777504,1,"[""ACM""]","[[""ACM"",""N5DD1841B9D222C0B""]]","[""exclude""]",not_included,0,Unassigned,,
doi:10.1145/3777490.3777513,10.1145/3777490.3777513,1,"[""ACM""]","[[""ACM"",""N33186695558C3F71""]]","[""exclude""]",not_included,0,Unassigned,,
doi:10.1145/3777901,10.1145/3777901,1,"[""ACM""]","[[""ACM"",""NF256232E322A51BB""]]","[""exclude""]",not_included,0,Unassigned,,
doi:10.1145/3777911.3801107,10.1145/3777911.3801107,1,"[""ACM""]","[[""ACM"",""N7715BFEBF8CDB349""]]","[""exclude""]",not_included,0,Unassigned,,
doi:10.1145/3777912.3847607,10.1145/3777912.3847607,1,"[""ACM""]","[[""ACM"",""E103""]]","[""exclude""]",not_included,0,Unassigned,,
doi:10.1145/3779208,10.1145/3779208,1,"[""ACM""]","[[""ACM"",""NE2A4B06D83DFE70C""]]","[""exclude""]",not_included,0,Unassigned,,
doi:10.1145/3779208.3785380,10.1145/3779208.3785380,1,"[""ACM""]","[[""ACM"",""N91FE4F2DBC545848""]]","[""exclude""]",not_included,0,Unassigned,,
doi:10.1145/3779208.3786259,10.1145/3779208.3786259,1,"[""ACM""]","[[""ACM"",""E145""]]","[""include""]",included,0,Unassigned,,
doi:10.1145/3779208.3804884,10.1145/3779208.3804884,1,"[""ACM""]","[[""ACM"",""N78093037E90E57A4""]]","[""exclude""]",not_included,0,Unassigned,,
doi:10.1145/3779211.3793173,10.1145/3779211.3793173,1,"[""ACM""]","[[""ACM"",""N4AC890BB0C73393E""]]","[""exclude""]",not_included,0,Unassigned,,
doi:10.1145/3785462,10.1145/3785462,1,"[""ACM""]","[[""ACM"",""N92F47E0B46C382F3""]]","[""exclude""]",not_included,0,Unassigned,,
doi:10.1145/3785462.3815802,10.1145/3785462.3815802,1,"[""ACM""]","[[""ACM"",""NF2587361CF93667D""]]","[""exclude""]",not_included,0,Unassigned,,
doi:10.1145/3785462.3815810,10.1145/3785462.3815810,1,"[""ACM""]","[[""ACM"",""N50E36336E75A053A""]]","[""exclude""]",not_included,0,Unassigned,,
doi:10.1145/3785462.3815825,10.1145/3785462.3815825,1,"[""ACM""]","[[""ACM"",""N851D55D66E2D40FB""]]","[""exclude""]",not_included,0,Unassigned,,
doi:10.1145/3785462.3815852,10.1145/3785462.3815852,1,"[""ACM""]","[[""ACM"",""NE84E08AE4DEA47AF""]]","[""exclude""]",not_included,0,Unassigned,,
doi:10.1145/3785462.3815873,10.1145/3785462.3815873,1,"[""ACM""]","[[""ACM"",""E082""]]","[""include""]",included,0,Unassigned,,
doi:10.1145/3785462.3815882,10.1145/3785462.3815882,1,"[""ACM""]","[[""ACM"",""E147""]]","[""exclude""]",not_included,0,Unassigned,,
doi:10.1145/3785462.3815904,10.1145/3785462.3815904,1,"[""ACM""]","[[""ACM"",""NE27169912EA73066""]]","[""exclude""]",not_included,0,Unassigned,,
doi:10.1145/3785706.3785820,10.1145/3785706.3785820,1,"[""ACM""]","[[""ACM"",""N6BA1040AA74A693A""]]","[""exclude""]",not_included,0,Unassigned,,
doi:10.1145/3785706.3785939,10.1145/3785706.3785939,1,"[""ACM""]","[[""ACM"",""E008""]]","[""exclude""]",not_included,0,Unassigned,,
doi:10.1145/3785706.3785982,10.1145/3785706.3785982,1,"[""ACM""]","[[""ACM"",""E120""]]","[""exclude""]",not_included,0,Unassigned,,
doi:10.1145/3785987,10.1145/3785987,1,"[""ACM""]","[[""ACM"",""NA428A4EDB31B993E""]]","[""exclude""]",not_included,0,Unassigned,,
doi:10.1145/3785987.3786006,10.1145/3785987.3786006,1,"[""ACM""]","[[""ACM"",""N761410EF6490377F""]]","[""exclude""]",not_included,0,Unassigned,,
doi:10.1145/3786155,10.1145/3786155,1,"[""ACM""]","[[""ACM"",""N5F3B7CDD688A18A2""]]","[""exclude""]",not_included,0,Unassigned,,
doi:10.1145/3786155.3788582,10.1145/3786155.3788582,1,"[""ACM""]","[[""ACM"",""N87AB15F5E52E2535""]]","[""exclude""]",not_included,0,Unassigned,,
doi:10.1145/3786157,10.1145/3786157,1,"[""ACM""]","[[""ACM"",""N6A59AD139A4F76B3""]]","[""exclude""]",not_included,0,Unassigned,,
doi:10.1145/3786157.3788568,10.1145/3786157.3788568,1,"[""ACM""]","[[""ACM"",""NCA43B238B4163B51""]]","[""exclude""]",not_included,0,Unassigned,,
doi:10.1145/3786158,10.1145/3786158,1,"[""ACM""]","[[""ACM"",""N3BC15C0FAB0D9045""]]","[""exclude""]",not_included,0,Unassigned,,
doi:10.1145/3786158.3788561,10.1145/3786158.3788561,1,"[""ACM""]","[[""ACM"",""N9B4926EF9235F3FE""]]","[""exclude""]",not_included,0,Unassigned,,
doi:10.1145/3786160,10.1145/3786160,1,"[""ACM""]","[[""ACM"",""NC73B1FC38CEB8235""]]","[""exclude""]",not_included,0,Unassigned,,
doi:10.1145/3786160.3788471,10.1145/3786160.3788471,1,"[""ACM""]","[[""ACM"",""E151""]]","[""include""]",included,0,Unassigned,,
doi:10.1145/3786161,10.1145/3786161,1,"[""ACM""]","[[""ACM"",""N9BD0B851B9416ADA""]]","[""exclude""]",not_included,0,Unassigned,,
doi:10.1145/3786161.3788462,10.1145/3786161.3788462,1,"[""ACM""]","[[""ACM"",""E155""]]","[""include""]",included,0,Unassigned,,
doi:10.1145/3786165,10.1145/3786165,1,"[""ACM""]","[[""ACM"",""NE28985BD1DC64E52""]]","[""exclude""]",not_included,0,Unassigned,,
doi:10.1145/3786165.3788441,10.1145/3786165.3788441,1,"[""ACM""]","[[""ACM"",""N8619A5FFBC8EB783""]]","[""exclude""]",not_included,0,Unassigned,,
doi:10.1145/3786167,10.1145/3786167,1,"[""ACM""]","[[""ACM"",""NE2E5D0F1D078DBBE""]]","[""exclude""]",not_included,0,Unassigned,,
doi:10.1145/3786167.3788407,10.1145/3786167.3788407,1,"[""ACM""]","[[""ACM"",""NB93744FA5EA75EB5""]]","[""exclude""]",not_included,0,Unassigned,,
doi:10.1145/3786167.3788412,10.1145/3786167.3788412,1,"[""ACM""]","[[""ACM"",""N4836152CF1750E6C""]]","[""exclude""]",not_included,0,Unassigned,,
doi:10.1145/3786167.3788414,10.1145/3786167.3788414,1,"[""ACM""]","[[""ACM"",""N10688A1C38373DC5""]]","[""exclude""]",not_included,0,Unassigned,,
doi:10.1145/3786167.3788415,10.1145/3786167.3788415,1,"[""ACM""]","[[""ACM"",""NB7196BA9908458E2""]]","[""exclude""]",not_included,0,Unassigned,,
doi:10.1145/3786167.3788426,10.1145/3786167.3788426,1,"[""ACM""]","[[""ACM"",""N6CA217171FC2FF86""]]","[""exclude""]",not_included,0,Unassigned,,
doi:10.1145/3786167.3788429,10.1145/3786167.3788429,1,"[""ACM""]","[[""ACM"",""N069F42F66AF57D40""]]","[""exclude""]",not_included,0,Unassigned,,
doi:10.1145/3786168,10.1145/3786168,1,"[""ACM""]","[[""ACM"",""N82BF8A2D1BDC6045""]]","[""exclude""]",not_included,0,Unassigned,,
doi:10.1145/3786168.3788402,10.1145/3786168.3788402,1,"[""ACM""]","[[""ACM"",""ND7D96062CB134F59""]]","[""exclude""]",not_included,0,Unassigned,,
doi:10.1145/3786176,10.1145/3786176,1,"[""ACM""]","[[""ACM"",""N738E4D18A2690ECE""]]","[""exclude""]",not_included,0,Unassigned,,
doi:10.1145/3786181,10.1145/3786181,1,"[""ACM""]","[[""ACM"",""NF9F13694AC2C972F""]]","[""exclude""]",not_included,0,Unassigned,,
doi:10.1145/3786181.3788711,10.1145/3786181.3788711,1,"[""ACM""]","[[""ACM"",""N2761812F765CA4F4""]]","[""exclude""]",not_included,0,Unassigned,,
doi:10.1145/3786304.3787872,10.1145/3786304.3787872,1,"[""ACM""]","[[""ACM"",""N04E66E9CC5030A20""]]","[""exclude""]",not_included,0,Unassigned,,
doi:10.1145/3786335,10.1145/3786335,1,"[""ACM""]","[[""ACM"",""N45BE9B60E52552B0""]]","[""exclude""]",not_included,0,Unassigned,,
doi:10.1145/3786335.3813127,10.1145/3786335.3813127,1,"[""ACM""]","[[""ACM"",""ND8EF2264DEB6A1CD""]]","[""exclude""]",not_included,0,Unassigned,,
doi:10.1145/3786335.3813130,10.1145/3786335.3813130,1,"[""ACM""]","[[""ACM"",""E142""]]","[""exclude""]",not_included,0,Unassigned,,
doi:10.1145/3786335.3813141,10.1145/3786335.3813141,1,"[""ACM""]","[[""ACM"",""NB5CF77975DDE97BE""]]","[""exclude""]",not_included,0,Unassigned,,
doi:10.1145/3786335.3813143,10.1145/3786335.3813143,1,"[""ACM""]","[[""ACM"",""N8D4C867DB612B8B2""]]","[""exclude""]",not_included,0,Unassigned,,
doi:10.1145/3786335.3813145,10.1145/3786335.3813145,1,"[""ACM""]","[[""ACM"",""N2FFFF2A1FDC22166""]]","[""exclude""]",not_included,0,Unassigned,,
doi:10.1145/3786335.3813156,10.1145/3786335.3813156,1,"[""ACM""]","[[""ACM"",""NA14ADF36B3D682F8""]]","[""exclude""]",not_included,0,Unassigned,,
doi:10.1145/3786335.3813160,10.1145/3786335.3813160,1,"[""ACM""]","[[""ACM"",""N9F6283AA93DD2B12""]]","[""exclude""]",not_included,0,Unassigned,,
doi:10.1145/3786335.3813162,10.1145/3786335.3813162,1,"[""ACM""]","[[""ACM"",""N285F4E62A4276C08""]]","[""exclude""]",not_included,0,Unassigned,,
doi:10.1145/3786335.3813179,10.1145/3786335.3813179,1,"[""ACM""]","[[""ACM"",""N1FB8E6E8E4FFFA4F""]]","[""exclude""]",not_included,0,Unassigned,,
doi:10.1145/3786335.3813180,10.1145/3786335.3813180,1,"[""ACM""]","[[""ACM"",""N4B8265F9D0C4E907""]]","[""exclude""]",not_included,0,Unassigned,,
doi:10.1145/3786335.3813182,10.1145/3786335.3813182,1,"[""ACM""]","[[""ACM"",""N71C9BF33CE61236B""]]","[""exclude""]",not_included,0,Unassigned,,
doi:10.1145/3786335.3813185,10.1145/3786335.3813185,1,"[""ACM""]","[[""ACM"",""N6B1816975EE10D3F""]]","[""exclude""]",not_included,0,Unassigned,,
doi:10.1145/3786335.3813187,10.1145/3786335.3813187,1,"[""ACM""]","[[""ACM"",""NCFFF11C385D0F903""]]","[""exclude""]",not_included,0,Unassigned,,
doi:10.1145/3786335.3813195,10.1145/3786335.3813195,1,"[""ACM""]","[[""ACM"",""N265FFA54824A93B8""]]","[""exclude""]",not_included,0,Unassigned,,
doi:10.1145/3786335.3813200,10.1145/3786335.3813200,1,"[""ACM""]","[[""ACM"",""NA8DF69A2A465A5EC""]]","[""exclude""]",not_included,0,Unassigned,,
doi:10.1145/3786335.3813204,10.1145/3786335.3813204,1,"[""ACM""]","[[""ACM"",""E143""]]","[""exclude""]",not_included,0,Unassigned,,
doi:10.1145/3786335.3813206,10.1145/3786335.3813206,1,"[""ACM""]","[[""ACM"",""NDFB55DF79D9F0F1E""]]","[""exclude""]",not_included,0,Unassigned,,
doi:10.1145/3786335.3813207,10.1145/3786335.3813207,1,"[""ACM""]","[[""ACM"",""NFA46B8B4F22268D1""]]","[""exclude""]",not_included,0,Unassigned,,
doi:10.1145/3786335.3813208,10.1145/3786335.3813208,1,"[""ACM""]","[[""ACM"",""N9701C5895CCC12DD""]]","[""exclude""]",not_included,0,Unassigned,,
doi:10.1145/3786335.3813212,10.1145/3786335.3813212,1,"[""ACM""]","[[""ACM"",""NFA1DD5481A0507DF""]]","[""exclude""]",not_included,0,Unassigned,,
doi:10.1145/3786335.3813214,10.1145/3786335.3813214,1,"[""ACM""]","[[""ACM"",""N0A52DF6AA6D58CFF""]]","[""exclude""]",not_included,0,Unassigned,,
doi:10.1145/3786335.3813233,10.1145/3786335.3813233,1,"[""ACM""]","[[""ACM"",""NC0A83AE5F36CBECF""]]","[""exclude""]",not_included,0,Unassigned,,
doi:10.1145/3786484,10.1145/3786484,1,"[""ACM""]","[[""ACM"",""N1C65173FA2728521""]]","[""exclude""]",not_included,0,Unassigned,,
doi:10.1145/3786484.3786522,10.1145/3786484.3786522,1,"[""ACM""]","[[""ACM"",""NA41D703FEFC16A1C""]]","[""exclude""]",not_included,0,Unassigned,,
doi:10.1145/3786582,10.1145/3786582,1,"[""ACM""]","[[""ACM"",""NB40F4A835B8B57DA""]]","[""exclude""]",not_included,0,Unassigned,,
doi:10.1145/3786582.3786839,10.1145/3786582.3786839,1,"[""ACM""]","[[""ACM"",""N76BC080CD5F78C63""]]","[""include""]",included,0,Unassigned,,
doi:10.1145/3786582.3786845,10.1145/3786582.3786845,1,"[""ACM""]","[[""ACM"",""N505F0527FA335981""]]","[""exclude""]",not_included,0,Unassigned,,
doi:10.1145/3786583,10.1145/3786583,1,"[""ACM""]","[[""ACM"",""N66CB1BACB585A08E""]]","[""exclude""]",not_included,0,Unassigned,,
doi:10.1145/3786583.3786854,10.1145/3786583.3786854,1,"[""ACM""]","[[""ACM"",""N52DD7A83C67082B3""]]","[""exclude""]",not_included,0,Unassigned,,
doi:10.1145/3786583.3786864,10.1145/3786583.3786864,1,"[""ACM""]","[[""ACM"",""N53E00717F0189E15""]]","[""exclude""]",not_included,0,Unassigned,,
doi:10.1145/3786616,10.1145/3786616,1,"[""ACM""]","[[""ACM"",""NA83A71E247EBF3DB""]]","[""include""]",included,0,Unassigned,,
doi:10.1145/3786628,10.1145/3786628,1,"[""ACM""]","[[""ACM"",""N4014B98A2FC2FB71""]]","[""exclude""]",not_included,0,Unassigned,,
doi:10.1145/3787109,10.1145/3787109,1,"[""ACM""]","[[""ACM"",""NAF2AA7467E65086F""]]","[""exclude""]",not_included,0,Unassigned,,
doi:10.1145/3787330,10.1145/3787330,1,"[""ACM""]","[[""ACM"",""N818A8FED5FD4745E""]]","[""exclude""]",not_included,0,Unassigned,,
doi:10.1145/3787330.3787363,10.1145/3787330.3787363,1,"[""ACM""]","[[""ACM"",""N7FF5DA5539C3A4A1""]]","[""exclude""]",not_included,0,Unassigned,,
doi:10.1145/3787370,10.1145/3787370,1,"[""ACM""]","[[""ACM"",""NB41DA9D2A4A09D25""]]","[""exclude""]",not_included,0,Unassigned,,
doi:10.1145/3787495,10.1145/3787495,1,"[""ACM""]","[[""ACM"",""E175""]]","[""exclude""]",not_included,0,Unassigned,,
doi:10.1145/3788059,10.1145/3788059,1,"[""ACM""]","[[""ACM"",""N45B1E60C16567D5A""]]","[""exclude""]",not_included,0,Unassigned,,
doi:10.1145/3788149,10.1145/3788149,1,"[""ACM""]","[[""ACM"",""N8E1AD7C339E8429A""]]","[""exclude""]",not_included,0,Unassigned,,
doi:10.1145/3788149.3788161,10.1145/3788149.3788161,1,"[""ACM""]","[[""ACM"",""N509141F895FD8F47""]]","[""exclude""]",not_included,0,Unassigned,,
doi:10.1145/3788149.3788227,10.1145/3788149.3788227,1,"[""ACM""]","[[""ACM"",""N544B9FD2D05E8713""]]","[""exclude""]",not_included,0,Unassigned,,
doi:10.1145/3788550.3794870,10.1145/3788550.3794870,1,"[""ACM""]","[[""ACM"",""N4A5803AE091B4174""]]","[""exclude""]",not_included,0,Unassigned,,
doi:10.1145/3788851,10.1145/3788851,1,"[""ACM""]","[[""ACM"",""N42A5011A8802B98C""]]","[""exclude""]",not_included,0,Unassigned,,
doi:10.1145/3788851.3805008,10.1145/3788851.3805008,1,"[""ACM""]","[[""ACM"",""N53AC0BC2468BF20D""]]","[""exclude""]",not_included,0,Unassigned,,
doi:10.1145/3788853.3801608,10.1145/3788853.3801608,1,"[""ACM""]","[[""ACM"",""N5502C99BDBAB0D02""]]","[""exclude""]",not_included,0,Unassigned,,
doi:10.1145/3788853.3802511,10.1145/3788853.3802511,1,"[""ACM""]","[[""ACM"",""E125""]]","[""exclude""]",not_included,0,Unassigned,,
doi:10.1145/3788879,10.1145/3788879,1,"[""ACM""]","[[""ACM"",""NF2D161F93018D823""]]","[""exclude""]",not_included,0,Unassigned,,
doi:10.1145/3788882.3788885,10.1145/3788882.3788885,1,"[""ACM""]","[[""ACM"",""E123""]]","[""exclude""]",not_included,0,Unassigned,,
doi:10.1145/3789240.3822606,10.1145/3789240.3822606,1,"[""ACM""]","[[""ACM"",""E064""]]","[""exclude""]",not_included,0,Unassigned,,
doi:10.1145/3789240.3829145,10.1145/3789240.3829145,1,"[""ACM""]","[[""ACM"",""NE9E4392E50699B70""]]","[""exclude""]",not_included,0,Unassigned,,
doi:10.1145/3789240.3829161,10.1145/3789240.3829161,1,"[""ACM""]","[[""ACM"",""N57E107013CBE4EF2""]]","[""exclude""]",not_included,0,Unassigned,,
doi:10.1145/3789240.3830284,10.1145/3789240.3830284,1,"[""ACM""]","[[""ACM"",""N1387AD75A769D1E2""]]","[""exclude""]",not_included,0,Unassigned,,
doi:10.1145/3789240.3830292,10.1145/3789240.3830292,1,"[""ACM""]","[[""ACM"",""E107""]]","[""include""]",included,0,Unassigned,,
doi:10.1145/3789270,10.1145/3789270,1,"[""ACM""]","[[""ACM"",""NAFE79D68DFAADDD6""]]","[""exclude""]",not_included,0,Unassigned,,
doi:10.1145/3789270.3789275,10.1145/3789270.3789275,1,"[""ACM""]","[[""ACM"",""N7FF2251AE5E75CF9""]]","[""exclude""]",not_included,0,Unassigned,,
doi:10.1145/3789270.3844419,10.1145/3789270.3844419,1,"[""ACM""]","[[""ACM"",""NA993E1C3D3E8DB00""]]","[""exclude""]",not_included,0,Unassigned,,
doi:10.1145/3789492.3796467,10.1145/3789492.3796467,1,"[""ACM""]","[[""ACM"",""N404C8B173760923D""]]","[""exclude""]",not_included,0,Unassigned,,
doi:10.1145/3789493,10.1145/3789493,1,"[""ACM""]","[[""ACM"",""NE5120FCA381B7B79""]]","[""exclude""]",not_included,0,Unassigned,,
doi:10.1145/3789514,10.1145/3789514,1,"[""ACM""]","[[""ACM"",""N727A1799251480CC""]]","[""exclude""]",not_included,0,Unassigned,,
doi:10.1145/3789514.3792054,10.1145/3789514.3792054,1,"[""ACM""]","[[""ACM"",""N3FC44E75DA9D4E52""]]","[""exclude""]",not_included,0,Unassigned,,
doi:10.1145/3789514.3793205,10.1145/3789514.3793205,1,"[""ACM""]","[[""ACM"",""N898F58446BD06FDA""]]","[""exclude""]",not_included,0,Unassigned,,
doi:10.1145/3789514.3796260,10.1145/3789514.3796260,1,"[""ACM""]","[[""ACM"",""N3F343F7942C691C0""]]","[""exclude""]",not_included,0,Unassigned,,
doi:10.1145/3789692,10.1145/3789692,1,"[""ACM""]","[[""ACM"",""N0D9FDA5E8FCE6FF6""]]","[""exclude""]",not_included,0,Unassigned,,
doi:10.1145/3789692.3789789,10.1145/3789692.3789789,1,"[""ACM""]","[[""ACM"",""E121""]]","[""exclude""]",not_included,0,Unassigned,,
doi:10.1145/3789692.3789854,10.1145/3789692.3789854,1,"[""ACM""]","[[""ACM"",""E159""]]","[""exclude""]",not_included,0,Unassigned,,
doi:10.1145/3793217.3793229,10.1145/3793217.3793229,1,"[""ACM""]","[[""ACM"",""N702905EE34282A7E""]]","[""exclude""]",not_included,0,Unassigned,,
doi:10.1145/3793302,10.1145/3793302,1,"[""ACM""]","[[""ACM"",""N75E08B01F8806D1F""]]","[""exclude""]",not_included,0,Unassigned,,
doi:10.1145/3793302.3793311,10.1145/3793302.3793311,1,"[""ACM""]","[[""ACM"",""N5F3873367AE51E25""]]","[""exclude""]",not_included,0,Unassigned,,
doi:10.1145/3793302.3793352,10.1145/3793302.3793352,1,"[""ACM""]","[[""ACM"",""N9C251947986008A6""]]","[""exclude""]",not_included,0,Unassigned,,
doi:10.1145/3793302.3793362,10.1145/3793302.3793362,1,"[""ACM""]","[[""ACM"",""NF9462927F45B9B93""]]","[""exclude""]",not_included,0,Unassigned,,
doi:10.1145/3793302.3793367,10.1145/3793302.3793367,1,"[""ACM""]","[[""ACM"",""N1F05EB3C7037100D""]]","[""exclude""]",not_included,0,Unassigned,,
doi:10.1145/3793302.3793375,10.1145/3793302.3793375,1,"[""ACM""]","[[""ACM"",""NE93B85EE7CF3FA26""]]","[""exclude""]",not_included,0,Unassigned,,
doi:10.1145/3793449,10.1145/3793449,1,"[""ACM""]","[[""ACM"",""NE88F8A743A4AD76D""]]","[""exclude""]",not_included,0,Unassigned,,
doi:10.1145/3793449.3793486,10.1145/3793449.3793486,1,"[""ACM""]","[[""ACM"",""NF36171FA04C39C2D""]]","[""exclude""]",not_included,0,Unassigned,,
doi:10.1145/3793449.3793498,10.1145/3793449.3793498,1,"[""ACM""]","[[""ACM"",""N30BAFD35D51D420E""]]","[""include""]",included,0,Unassigned,,
doi:10.1145/3793653,10.1145/3793653,1,"[""ACM""]","[[""ACM"",""N96252B6810272791""]]","[""exclude""]",not_included,0,Unassigned,,
doi:10.1145/3793653.3793759,10.1145/3793653.3793759,1,"[""ACM""]","[[""ACM"",""NB961A0ABE835D130""]]","[""exclude""]",not_included,0,Unassigned,,
doi:10.1145/3793653.3793773,10.1145/3793653.3793773,1,"[""ACM""]","[[""ACM"",""E086""]]","[""include""]",included,0,Unassigned,,
doi:10.1145/3793653.3793792,10.1145/3793653.3793792,1,"[""ACM""]","[[""ACM"",""N36F27C5107C673E6""]]","[""exclude""]",not_included,0,Unassigned,,
doi:10.1145/3793653.3793801,10.1145/3793653.3793801,1,"[""ACM""]","[[""ACM"",""N61CD9376CB3F82A0""]]","[""exclude""]",not_included,0,Unassigned,,
doi:10.1145/3793655,10.1145/3793655,1,"[""ACM""]","[[""ACM"",""N23B7A8EBFE2EC442""]]","[""exclude""]",not_included,0,Unassigned,,
doi:10.1145/3793655.3793722,10.1145/3793655.3793722,1,"[""ACM""]","[[""ACM"",""ND08B5CD340EF642D""]]","[""exclude""]",not_included,0,Unassigned,,
doi:10.1145/3793655.3793739,10.1145/3793655.3793739,1,"[""ACM""]","[[""ACM"",""NF72642237B97D711""]]","[""exclude""]",not_included,0,Unassigned,,
doi:10.1145/3793656,10.1145/3793656,1,"[""ACM""]","[[""ACM"",""N4F70F8BD7992E3EF""]]","[""exclude""]",not_included,0,Unassigned,,
doi:10.1145/3793656.3793690,10.1145/3793656.3793690,1,"[""ACM""]","[[""ACM"",""E144""]]","[""exclude""]",not_included,0,Unassigned,,
doi:10.1145/3794209,10.1145/3794209,1,"[""ACM""]","[[""ACM"",""NAFBAD5D5FC081D8F""]]","[""exclude""]",not_included,0,Unassigned,,
doi:10.1145/3794209.3794236,10.1145/3794209.3794236,1,"[""ACM""]","[[""ACM"",""E139""]]","[""exclude""]",not_included,0,Unassigned,,
doi:10.1145/3794858,10.1145/3794858,1,"[""ACM""]","[[""ACM"",""NC67E8D16DFFF5459""]]","[""exclude""]",not_included,0,Unassigned,,
doi:10.1145/3794915,10.1145/3794915,1,"[""ACM""]","[[""ACM"",""E174""]]","[""exclude""]",not_included,0,Unassigned,,
doi:10.1145/3794915.3795788,10.1145/3794915.3795788,1,"[""ACM""]","[[""ACM"",""NA8A2742911A2C256""]]","[""exclude""]",not_included,0,Unassigned,,
doi:10.1145/3795011,10.1145/3795011,1,"[""ACM""]","[[""ACM"",""N144163A9C9A61B15""]]","[""exclude""]",not_included,0,Unassigned,,
doi:10.1145/3795154,10.1145/3795154,1,"[""ACM""]","[[""ACM"",""N7D1E9142EFE4A26E""]]","[""exclude""]",not_included,0,Unassigned,,
doi:10.1145/3795496,10.1145/3795496,1,"[""ACM""]","[[""ACM"",""NBB073DEB33F7F1A2""]]","[""exclude""]",not_included,0,Unassigned,,
doi:10.1145/3795496.3795715,10.1145/3795496.3795715,1,"[""ACM""]","[[""ACM"",""N10631725C2C4EA2C""]]","[""exclude""]",not_included,0,Unassigned,,
doi:10.1145/3796130.3796140,10.1145/3796130.3796140,1,"[""ACM""]","[[""ACM"",""E036""]]","[""exclude""]",not_included,0,Unassigned,,
doi:10.1145/3796315,10.1145/3796315,1,"[""ACM""]","[[""ACM"",""N250134D56695FD89""]]","[""exclude""]",not_included,0,Unassigned,,
doi:10.1145/3796315.3796349,10.1145/3796315.3796349,1,"[""ACM""]","[[""ACM"",""ND9F51F05CA721299""]]","[""exclude""]",not_included,0,Unassigned,,
doi:10.1145/3796519,10.1145/3796519,1,"[""ACM""]","[[""ACM"",""E149""]]","[""include""]",included,0,Unassigned,,
doi:10.1145/3796624.3796647,10.1145/3796624.3796647,1,"[""ACM""]","[[""ACM"",""N515FD4656CBE37D5""]]","[""exclude""]",not_included,0,Unassigned,,
doi:10.1145/3797105,10.1145/3797105,1,"[""ACM""]","[[""ACM"",""N8A0F9AE02ACA452F""]]","[""exclude""]",not_included,0,Unassigned,,
doi:10.1145/3797118,10.1145/3797118,1,"[""ACM""]","[[""ACM"",""N74F2CE477B8C6478""]]","[""exclude""]",not_included,0,Unassigned,,
doi:10.1145/3797248,10.1145/3797248,1,"[""ACM""]","[[""ACM"",""N8BE6ACDE411ACCCC""]]","[""exclude""]",not_included,0,Unassigned,,
doi:10.1145/3797248.3815414,10.1145/3797248.3815414,1,"[""ACM""]","[[""ACM"",""N1463866D6529B478""]]","[""exclude""]",not_included,0,Unassigned,,
doi:10.1145/3798129,10.1145/3798129,1,"[""ACM""]","[[""ACM"",""E173""]]","[""exclude""]",not_included,0,Unassigned,,
doi:10.1145/3798129.3800786,10.1145/3798129.3800786,1,"[""ACM""]","[[""ACM"",""N957D22EEAA734D2D""]]","[""exclude""]",not_included,0,Unassigned,,
doi:10.1145/3798166,10.1145/3798166,1,"[""ACM""]","[[""ACM"",""N4E10D8612C51A437""]]","[""exclude""]",not_included,0,Unassigned,,
doi:10.1145/3798217,10.1145/3798217,1,"[""ACM""]","[[""ACM"",""E165""]]","[""exclude""]",not_included,0,Unassigned,,
doi:10.1145/3798285,10.1145/3798285,1,"[""ACM""]","[[""ACM"",""NC2AFD242F08FFF07""]]","[""exclude""]",not_included,0,Unassigned,,
doi:10.1145/3799818,10.1145/3799818,1,"[""ACM""]","[[""ACM"",""N098FBD3BAB0DCF34""]]","[""exclude""]",not_included,0,Unassigned,,
doi:10.1145/3799818.3812072,10.1145/3799818.3812072,1,"[""ACM""]","[[""ACM"",""N18E3F6BD8781F19F""]]","[""exclude""]",not_included,0,Unassigned,,
doi:10.1145/3800000.3800048,10.1145/3800000.3800048,1,"[""ACM""]","[[""ACM"",""E017""]]","[""exclude""]",not_included,0,Unassigned,,
doi:10.1145/3800000.3800156,10.1145/3800000.3800156,1,"[""ACM""]","[[""ACM"",""E021""]]","[""exclude""]",not_included,0,Unassigned,,
doi:10.1145/3800645,10.1145/3800645,1,"[""ACM""]","[[""ACM"",""N792B845137A9052C""]]","[""exclude""]",not_included,0,Unassigned,,
doi:10.1145/3800645.3813008,10.1145/3800645.3813008,1,"[""ACM""]","[[""ACM"",""NDC94089EC475F647""]]","[""exclude""]",not_included,0,Unassigned,,
doi:10.1145/3800645.3813089,10.1145/3800645.3813089,1,"[""ACM""]","[[""ACM"",""N27D052D4048073CE""]]","[""exclude""]",not_included,0,Unassigned,,
doi:10.1145/3800935,10.1145/3800935,1,"[""ACM""]","[[""ACM"",""N3B0E36B7527BF7EC""]]","[""exclude""]",not_included,0,Unassigned,,
doi:10.1145/3800935.3830837,10.1145/3800935.3830837,1,"[""ACM""]","[[""ACM"",""N0F98D99E64698123""]]","[""exclude""]",not_included,0,Unassigned,,
doi:10.1145/3800935.3830850,10.1145/3800935.3830850,1,"[""ACM""]","[[""ACM"",""N0BFEDE97F2005DA9""]]","[""exclude""]",not_included,0,Unassigned,,
doi:10.1145/3800935.3830851,10.1145/3800935.3830851,1,"[""ACM""]","[[""ACM"",""E078""]]","[""include""]",included,0,Unassigned,,
doi:10.1145/3800935.3830862,10.1145/3800935.3830862,1,"[""ACM""]","[[""ACM"",""N6DC99CA0FF2BFF33""]]","[""exclude""]",not_included,0,Unassigned,,
doi:10.1145/3800935.3830889,10.1145/3800935.3830889,1,"[""ACM""]","[[""ACM"",""NA83239CF5B5DBB05""]]","[""exclude""]",not_included,0,Unassigned,,
doi:10.1145/3801119,10.1145/3801119,1,"[""ACM""]","[[""ACM"",""N1B2C7B2A72666524""]]","[""exclude""]",not_included,0,Unassigned,,
doi:10.1145/3801119.3801131,10.1145/3801119.3801131,1,"[""ACM""]","[[""ACM"",""N5931A810766698CF""]]","[""exclude""]",not_included,0,Unassigned,,
doi:10.1145/3801154,10.1145/3801154,1,"[""ACM""]","[[""ACM"",""N218AB9B05C87D62A""]]","[""exclude""]",not_included,0,Unassigned,,
doi:10.1145/3801546,10.1145/3801546,1,"[""ACM""]","[[""ACM"",""N831178A7D409768F""]]","[""exclude""]",not_included,0,Unassigned,,
doi:10.1145/3801619,10.1145/3801619,1,"[""ACM""]","[[""ACM"",""ND6FEF2020C4FA460""]]","[""exclude""]",not_included,0,Unassigned,,
doi:10.1145/3801619.3801622,10.1145/3801619.3801622,1,"[""ACM""]","[[""ACM"",""N9AC44390237B6D75""]]","[""exclude""]",not_included,0,Unassigned,,
doi:10.1145/3801619.3801624,10.1145/3801619.3801624,1,"[""ACM""]","[[""ACM"",""NE5E30AE06FBDD639""]]","[""exclude""]",not_included,0,Unassigned,,
doi:10.1145/3802133,10.1145/3802133,1,"[""ACM""]","[[""ACM"",""NCCB8919949E4E84C""]]","[""exclude""]",not_included,0,Unassigned,,
doi:10.1145/3802133.3802268,10.1145/3802133.3802268,1,"[""ACM""]","[[""ACM"",""E085""]]","[""exclude""]",not_included,0,Unassigned,,
doi:10.1145/3802514,10.1145/3802514,1,"[""ACM""]","[[""ACM"",""NCCF05E0B8AAB525E""]]","[""exclude""]",not_included,0,Unassigned,,
doi:10.1145/3802514.3809176,10.1145/3802514.3809176,1,"[""ACM""]","[[""ACM"",""N38F82C6965FF9613""]]","[""exclude""]",not_included,0,Unassigned,,
doi:10.1145/3802607,10.1145/3802607,1,"[""ACM""]","[[""ACM"",""N143D6159DB1ECB0A""]]","[""exclude""]",not_included,0,Unassigned,,
doi:10.1145/3802607.3802620,10.1145/3802607.3802620,1,"[""ACM""]","[[""ACM"",""NFDD2FDD87EBA4D46""]]","[""exclude""]",not_included,0,Unassigned,,
doi:10.1145/3802802,10.1145/3802802,1,"[""ACM""]","[[""ACM"",""N2504D132AB826D13""]]","[""pending""]",not_included,1,Unassigned,,
doi:10.1145/3802842,10.1145/3802842,1,"[""ACM""]","[[""ACM"",""NE1ED8797FBAFCA09""]]","[""exclude""]",not_included,0,Unassigned,,
doi:10.1145/3802974,10.1145/3802974,1,"[""ACM""]","[[""ACM"",""NBDB169BF295EE052""]]","[""exclude""]",not_included,0,Unassigned,,
doi:10.1145/3802974.3807997,10.1145/3802974.3807997,1,"[""ACM""]","[[""ACM"",""N2A6BC5A07597010A""]]","[""exclude""]",not_included,0,Unassigned,,
doi:10.1145/3802974.3808678,10.1145/3802974.3808678,1,"[""ACM""]","[[""ACM"",""N1E98BEFBE9C3E84B""]]","[""exclude""]",not_included,0,Unassigned,,
doi:10.1145/3803431,10.1145/3803431,1,"[""ACM""]","[[""ACM"",""E096""]]","[""include""]",included,0,Unassigned,,
doi:10.1145/3803437.3805207,10.1145/3803437.3805207,1,"[""ACM""]","[[""ACM"",""N5E4D0CE537BA6B5D""]]","[""exclude""]",not_included,0,Unassigned,,
doi:10.1145/3803437.3805231,10.1145/3803437.3805231,1,"[""ACM""]","[[""ACM"",""E138""]]","[""exclude""]",not_included,0,Unassigned,,
doi:10.1145/3803437.3805261,10.1145/3803437.3805261,1,"[""ACM""]","[[""ACM"",""NC8620B51F5A6FECB""]]","[""exclude""]",not_included,0,Unassigned,,
doi:10.1145/3803437.3805532,10.1145/3803437.3805532,1,"[""ACM""]","[[""ACM"",""NE2392317B61556EA""]]","[""exclude""]",not_included,0,Unassigned,,
doi:10.1145/3803437.3805534,10.1145/3803437.3805534,1,"[""ACM""]","[[""ACM"",""NC7284FDEEE7E2A9C""]]","[""include""]",included,0,Unassigned,,
doi:10.1145/3803437.3805537,10.1145/3803437.3805537,1,"[""ACM""]","[[""ACM"",""NA076FDA8FB9D47CE""]]","[""exclude""]",not_included,0,Unassigned,,
doi:10.1145/3803437.3805554,10.1145/3803437.3805554,1,"[""ACM""]","[[""ACM"",""NBCC61B1009D0D13A""]]","[""exclude""]",not_included,0,Unassigned,,
doi:10.1145/3803437.3805617,10.1145/3803437.3805617,1,"[""ACM""]","[[""ACM"",""N9D24DC20336123E0""]]","[""exclude""]",not_included,0,Unassigned,,
doi:10.1145/3803437.3806411,10.1145/3803437.3806411,1,"[""ACM""]","[[""ACM"",""N0C1108528B9AF0E1""]]","[""exclude""]",not_included,0,Unassigned,,
doi:10.1145/3803437.3806422,10.1145/3803437.3806422,1,"[""ACM""]","[[""ACM"",""NF615629F6F77B1C1""]]","[""exclude""]",not_included,0,Unassigned,,
doi:10.1145/3803437.3806709,10.1145/3803437.3806709,1,"[""ACM""]","[[""ACM"",""N62A7CC55FEA48624""]]","[""exclude""]",not_included,0,Unassigned,,
doi:10.1145/3803437.3806715,10.1145/3803437.3806715,1,"[""ACM""]","[[""ACM"",""N19308EC0E4CC67F8""]]","[""exclude""]",not_included,0,Unassigned,,
doi:10.1145/3803437.3807394,10.1145/3803437.3807394,1,"[""ACM""]","[[""ACM"",""E079""]]","[""exclude""]",not_included,0,Unassigned,,
doi:10.1145/3803633,10.1145/3803633,1,"[""ACM""]","[[""ACM"",""N989CFEC40BEFB212""]]","[""exclude""]",not_included,0,Unassigned,,
doi:10.1145/3803633.3803641,10.1145/3803633.3803641,1,"[""ACM""]","[[""ACM"",""NE49D619084275F1E""]]","[""exclude""]",not_included,0,Unassigned,,
doi:10.1145/3803633.3803666,10.1145/3803633.3803666,1,"[""ACM""]","[[""ACM"",""N9EE207F4B5B2A096""]]","[""exclude""]",not_included,0,Unassigned,,
doi:10.1145/3803784,10.1145/3803784,1,"[""ACM""]","[[""ACM"",""NADB661ADE002DC8A""]]","[""exclude""]",not_included,0,Unassigned,,
doi:10.1145/3803784.3807539,10.1145/3803784.3807539,1,"[""ACM""]","[[""ACM"",""N4BD477575C352448""]]","[""exclude""]",not_included,0,Unassigned,,
doi:10.1145/3803784.3816870,10.1145/3803784.3816870,1,"[""ACM""]","[[""ACM"",""N7FD87268AD7E58E7""]]","[""exclude""]",not_included,0,Unassigned,,
doi:10.1145/3805029,10.1145/3805029,1,"[""ACM""]","[[""ACM"",""N4B8123D43C83F974""]]","[""exclude""]",not_included,0,Unassigned,,
doi:10.1145/3805029.3818296,10.1145/3805029.3818296,1,"[""ACM""]","[[""ACM"",""N28443FB56791F80F""]]","[""exclude""]",not_included,0,Unassigned,,
doi:10.1145/3805047,10.1145/3805047,1,"[""ACM""]","[[""ACM"",""N9DA76D09B1279F6E""]]","[""exclude""]",not_included,0,Unassigned,,
doi:10.1145/3805621,10.1145/3805621,1,"[""ACM""]","[[""ACM"",""N5E501C9C432AEDFD""]]","[""exclude""]",not_included,0,Unassigned,,
doi:10.1145/3805621.3807636,10.1145/3805621.3807636,1,"[""ACM""]","[[""ACM"",""N262C3275DB953415""]]","[""exclude""]",not_included,0,Unassigned,,
doi:10.1145/3805621.3807645,10.1145/3805621.3807645,1,"[""ACM""]","[[""ACM"",""NBCB00781806A5301""]]","[""exclude""]",not_included,0,Unassigned,,
doi:10.1145/3805621.3807649,10.1145/3805621.3807649,1,"[""ACM""]","[[""ACM"",""E076""]]","[""exclude""]",not_included,0,Unassigned,,
doi:10.1145/3805622,10.1145/3805622,1,"[""ACM""]","[[""ACM"",""NE03BD8A8CF787F5E""]]","[""exclude""]",not_included,0,Unassigned,,
doi:10.1145/3805622.3810431,10.1145/3805622.3810431,1,"[""ACM""]","[[""ACM"",""N1FBA10409C83FDB7""]]","[""exclude""]",not_included,0,Unassigned,,
doi:10.1145/3805622.3812604,10.1145/3805622.3812604,1,"[""ACM""]","[[""ACM"",""N609197051B0C2CAE""]]","[""exclude""]",not_included,0,Unassigned,,
doi:10.1145/3805637,10.1145/3805637,1,"[""ACM""]","[[""ACM"",""NF483796A9C2526C9""]]","[""exclude""]",not_included,0,Unassigned,,
doi:10.1145/3805689,10.1145/3805689,1,"[""ACM""]","[[""ACM"",""E172""]]","[""exclude""]",not_included,0,Unassigned,,
doi:10.1145/3805689.3806726,10.1145/3805689.3806726,1,"[""ACM""]","[[""ACM"",""N2539D64D4DABE0D7""]]","[""exclude""]",not_included,0,Unassigned,,
doi:10.1145/3805689.3806728,10.1145/3805689.3806728,1,"[""ACM""]","[[""ACM"",""E146""]]","[""exclude""]",not_included,0,Unassigned,,
doi:10.1145/3805689.3806748,10.1145/3805689.3806748,1,"[""ACM""]","[[""ACM"",""NB634FCA53260B385""]]","[""exclude""]",not_included,0,Unassigned,,
doi:10.1145/3805689.3812397,10.1145/3805689.3812397,1,"[""ACM""]","[[""ACM"",""N2CE0E2D56C8BF822""]]","[""exclude""]",not_included,0,Unassigned,,
doi:10.1145/3805689.3812402,10.1145/3805689.3812402,1,"[""ACM""]","[[""ACM"",""N032E156ECB332E39""]]","[""exclude""]",not_included,0,Unassigned,,
doi:10.1145/3805690.3805726,10.1145/3805690.3805726,1,"[""ACM""]","[[""ACM"",""N06EC4351D6AF26CF""]]","[""exclude""]",not_included,0,Unassigned,,
doi:10.1145/3805712.3808374,10.1145/3805712.3808374,1,"[""ACM""]","[[""ACM"",""N49B2071BA9084474""]]","[""exclude""]",not_included,0,Unassigned,,
doi:10.1145/3805712.3808376,10.1145/3805712.3808376,1,"[""ACM""]","[[""ACM"",""E081""]]","[""exclude""]",not_included,0,Unassigned,,
doi:10.1145/3805712.3808410,10.1145/3805712.3808410,1,"[""ACM""]","[[""ACM"",""E033""]]","[""exclude""]",not_included,0,Unassigned,,
doi:10.1145/3805712.3808447,10.1145/3805712.3808447,1,"[""ACM""]","[[""ACM"",""NBC389D326DC7F1DD""]]","[""exclude""]",not_included,0,Unassigned,,
doi:10.1145/3805712.3808459,10.1145/3805712.3808459,1,"[""ACM""]","[[""ACM"",""E042""]]","[""exclude""]",not_included,0,Unassigned,,
doi:10.1145/3805712.3808502,10.1145/3805712.3808502,1,"[""ACM""]","[[""ACM"",""N4DF3900117797F3F""]]","[""exclude""]",not_included,0,Unassigned,,
doi:10.1145/3805712.3808508,10.1145/3805712.3808508,1,"[""ACM""]","[[""ACM"",""E013""]]","[""exclude""]",not_included,0,Unassigned,,
doi:10.1145/3805712.3808579,10.1145/3805712.3808579,1,"[""ACM""]","[[""ACM"",""E015""]]","[""exclude""]",not_included,0,Unassigned,,
doi:10.1145/3805712.3808592,10.1145/3805712.3808592,1,"[""ACM""]","[[""ACM"",""E035""]]","[""include""]",included,0,Unassigned,,
doi:10.1145/3805712.3808611,10.1145/3805712.3808611,1,"[""ACM""]","[[""ACM"",""N1741D64DA2D73965""]]","[""exclude""]",not_included,0,Unassigned,,
doi:10.1145/3805712.3808629,10.1145/3805712.3808629,1,"[""ACM""]","[[""ACM"",""N1EBCC86CA01D0A88""]]","[""exclude""]",not_included,0,Unassigned,,
doi:10.1145/3805712.3808640,10.1145/3805712.3808640,1,"[""ACM""]","[[""ACM"",""NF504F2C76E6E8EB8""]]","[""exclude""]",not_included,0,Unassigned,,
doi:10.1145/3805712.3808643,10.1145/3805712.3808643,1,"[""ACM""]","[[""ACM"",""E014""]]","[""exclude""]",not_included,0,Unassigned,,
doi:10.1145/3805712.3809582,10.1145/3805712.3809582,1,"[""ACM""]","[[""ACM"",""E090""]]","[""include""]",included,0,Unassigned,,
doi:10.1145/3805712.3809954,10.1145/3805712.3809954,1,"[""ACM""]","[[""ACM"",""N6B3FA75663F4D57E""]]","[""exclude""]",not_included,0,Unassigned,,
doi:10.1145/3805713.3820408,10.1145/3805713.3820408,1,"[""ACM""]","[[""ACM"",""NC9A53840A9F926D6""]]","[""exclude""]",not_included,0,Unassigned,,
doi:10.1145/3805760,10.1145/3805760,1,"[""ACM""]","[[""ACM"",""ND9D92F9569934AB4""]]","[""exclude""]",not_included,0,Unassigned,,
doi:10.1145/3805760.3814887,10.1145/3805760.3814887,1,"[""ACM""]","[[""ACM"",""N1B552D2CC39EB53E""]]","[""exclude""]",not_included,0,Unassigned,,
doi:10.1145/3805760.3814889,10.1145/3805760.3814889,1,"[""ACM""]","[[""ACM"",""NFF0BABF9CEE4B68C""]]","[""exclude""]",not_included,0,Unassigned,,
doi:10.1145/3805760.3814895,10.1145/3805760.3814895,1,"[""ACM""]","[[""ACM"",""N2E4DE4A8C92E0099""]]","[""exclude""]",not_included,0,Unassigned,,
doi:10.1145/3805760.3814911,10.1145/3805760.3814911,1,"[""ACM""]","[[""ACM"",""NDACD7F73D3F8E0DF""]]","[""exclude""]",not_included,0,Unassigned,,
doi:10.1145/3805760.3814922,10.1145/3805760.3814922,1,"[""ACM""]","[[""ACM"",""NC0AA92891FC5CDD6""]]","[""exclude""]",not_included,0,Unassigned,,
doi:10.1145/3806007.3810961,10.1145/3806007.3810961,1,"[""ACM""]","[[""ACM"",""NC9F7D430A5E28078""]]","[""include""]",included,0,Unassigned,,
doi:10.1145/3806008.3811708,10.1145/3806008.3811708,1,"[""ACM""]","[[""ACM"",""N2BBFA01FC27E1133""]]","[""exclude""]",not_included,0,Unassigned,,
doi:10.1145/3806383.3815516,10.1145/3806383.3815516,1,"[""ACM""]","[[""ACM"",""N71A31D8899ECE775""]]","[""exclude""]",not_included,0,Unassigned,,
doi:10.1145/3806645,10.1145/3806645,1,"[""ACM""]","[[""ACM"",""N266BD37522FEBFE2""]]","[""exclude""]",not_included,0,Unassigned,,
doi:10.1145/3806645.3816129,10.1145/3806645.3816129,1,"[""ACM""]","[[""ACM"",""NBC0CC20DCEDC11AF""]]","[""exclude""]",not_included,0,Unassigned,,
doi:10.1145/3806655,10.1145/3806655,1,"[""ACM""]","[[""ACM"",""N9DA0ACF92A354E32""]]","[""exclude""]",not_included,0,Unassigned,,
doi:10.1145/3806774,10.1145/3806774,1,"[""ACM""]","[[""ACM"",""N1022DF4389ED24C9""]]","[""exclude""]",not_included,0,Unassigned,,
doi:10.1145/3806774.3827978,10.1145/3806774.3827978,1,"[""ACM""]","[[""ACM"",""N7C844723DDB06121""]]","[""exclude""]",not_included,0,Unassigned,,
doi:10.1145/3807246,10.1145/3807246,1,"[""ACM""]","[[""ACM"",""NBC32B9359446C0B2""]]","[""exclude""]",not_included,0,Unassigned,,
doi:10.1145/3807503,10.1145/3807503,1,"[""ACM""]","[[""ACM"",""N0CB7A410CF26C27F""]]","[""exclude""]",not_included,0,Unassigned,,
doi:10.1145/3807503.3819454,10.1145/3807503.3819454,1,"[""ACM""]","[[""ACM"",""N574C6C50ACF2B354""]]","[""exclude""]",not_included,0,Unassigned,,
doi:10.1145/3807965,10.1145/3807965,1,"[""ACM""]","[[""ACM"",""N1A154350194DC463""]]","[""exclude""]",not_included,0,Unassigned,,
doi:10.1145/3808045,10.1145/3808045,1,"[""ACM""]","[[""ACM"",""NCD904DEA44E382DF""]]","[""exclude""]",not_included,0,Unassigned,,
doi:10.1145/3808045.3808059,10.1145/3808045.3808059,1,"[""ACM""]","[[""ACM"",""N316CBEA38122524F""]]","[""exclude""]",not_included,0,Unassigned,,
doi:10.1145/3808103,10.1145/3808103,1,"[""ACM""]","[[""ACM"",""E080""]]","[""include""]",included,0,Unassigned,,
doi:10.1145/3808116,10.1145/3808116,1,"[""ACM""]","[[""ACM"",""NDA4911E842C62214""]]","[""exclude""]",not_included,0,Unassigned,,
doi:10.1145/3808707,10.1145/3808707,1,"[""ACM""]","[[""ACM"",""NC591E53DD62E7E76""]]","[""exclude""]",not_included,0,Unassigned,,
doi:10.1145/3809183,10.1145/3809183,1,"[""ACM""]","[[""ACM"",""ND9FD6F50FA64F9F7""]]","[""exclude""]",not_included,0,Unassigned,,
doi:10.1145/3809482,10.1145/3809482,1,"[""ACM""]","[[""ACM"",""E053""]]","[""exclude""]",not_included,0,Unassigned,,
doi:10.1145/3809487,10.1145/3809487,1,"[""ACM""]","[[""ACM"",""N2D6E70750143F17A""]]","[""exclude""]",not_included,0,Unassigned,,
doi:10.1145/3809500,10.1145/3809500,1,"[""ACM""]","[[""ACM"",""N160EB0F8DD3EE216""]]","[""exclude""]",not_included,0,Unassigned,,
doi:10.1145/3810212,10.1145/3810212,1,"[""ACM""]","[[""ACM"",""N4DE91E4BB5AFF616""]]","[""exclude""]",not_included,0,Unassigned,,
doi:10.1145/3810991,10.1145/3810991,1,"[""ACM""]","[[""ACM"",""NC372E01A52B5FD90""]]","[""exclude""]",not_included,0,Unassigned,,
doi:10.1145/3810991.3811630,10.1145/3810991.3811630,1,"[""ACM""]","[[""ACM"",""N5C96BC79388070C7""]]","[""exclude""]",not_included,0,Unassigned,,
doi:10.1145/3811402,10.1145/3811402,1,"[""ACM""]","[[""ACM"",""N3351367B74F92054""]]","[""exclude""]",not_included,0,Unassigned,,
doi:10.1145/3812835.3814970,10.1145/3812835.3814970,1,"[""ACM""]","[[""ACM"",""N796DE4BE165A65E5""]]","[""exclude""]",not_included,0,Unassigned,,
doi:10.1145/3813822,10.1145/3813822,1,"[""ACM""]","[[""ACM"",""N1A7FF836AEFAF2A9""]]","[""exclude""]",not_included,0,Unassigned,,
doi:10.1145/3813822.3814028,10.1145/3813822.3814028,1,"[""ACM""]","[[""ACM"",""N8375E6BC92DC5F2B""]]","[""exclude""]",not_included,0,Unassigned,,
doi:10.1145/3813822.3814079,10.1145/3813822.3814079,1,"[""ACM""]","[[""ACM"",""E018""]]","[""exclude""]",not_included,0,Unassigned,,
doi:10.1145/3814604,10.1145/3814604,1,"[""ACM""]","[[""ACM"",""NF7DEE3A263EF2D6D""]]","[""exclude""]",not_included,0,Unassigned,,
doi:10.1145/3814885,10.1145/3814885,1,"[""ACM""]","[[""ACM"",""NF148EC1AB73EF8BE""]]","[""exclude""]",not_included,0,Unassigned,,
doi:10.1145/3814885.3816409,10.1145/3814885.3816409,1,"[""ACM""]","[[""ACM"",""NE304DB65929121B2""]]","[""exclude""]",not_included,0,Unassigned,,
doi:10.1145/3814940.3815326,10.1145/3814940.3815326,1,"[""ACM""]","[[""ACM"",""N84A177BD8AD57A0A""]]","[""exclude""]",not_included,0,Unassigned,,
doi:10.1145/3814959,10.1145/3814959,1,"[""ACM""]","[[""ACM"",""E153""]]","[""include""]",included,0,Unassigned,,
doi:10.1145/3815189,10.1145/3815189,1,"[""ACM""]","[[""ACM"",""E170""]]","[""exclude""]",not_included,0,Unassigned,,
doi:10.1145/3815417,10.1145/3815417,1,"[""ACM""]","[[""ACM"",""N0F0D36C0CF7A0764""]]","[""exclude""]",not_included,0,Unassigned,,
doi:10.1145/3815423,10.1145/3815423,1,"[""ACM""]","[[""ACM"",""N12D2F7063C256B0D""]]","[""exclude""]",not_included,0,Unassigned,,
doi:10.1145/3816153,10.1145/3816153,1,"[""ACM""]","[[""ACM"",""N4F2DDD7F9DDD52D2""]]","[""exclude""]",not_included,0,Unassigned,,
doi:10.1145/3816251,10.1145/3816251,1,"[""ACM""]","[[""ACM"",""N3B49229BCD7AC5FF""]]","[""exclude""]",not_included,0,Unassigned,,
doi:10.1145/3816440,10.1145/3816440,1,"[""ACM""]","[[""ACM"",""N10A0C99155B9D5DB""]]","[""exclude""]",not_included,0,Unassigned,,
doi:10.1145/3816704,10.1145/3816704,1,"[""ACM""]","[[""ACM"",""N34BB5E576F6FA358""]]","[""exclude""]",not_included,0,Unassigned,,
doi:10.1145/3816713.3819066,10.1145/3816713.3819066,1,"[""ACM""]","[[""ACM"",""N9FA98F802711E151""]]","[""include""]",included,0,Unassigned,,
doi:10.1145/3816762,10.1145/3816762,1,"[""ACM""]","[[""ACM"",""N5433E2C96A18128E""]]","[""exclude""]",not_included,0,Unassigned,,
doi:10.1145/3816895,10.1145/3816895,1,"[""ACM""]","[[""ACM"",""N9AD5C9E7ADC7D188""]]","[""exclude""]",not_included,0,Unassigned,,
doi:10.1145/3817124,10.1145/3817124,1,"[""ACM""]","[[""ACM"",""N54E6473A7827A307""]]","[""exclude""]",not_included,0,Unassigned,,
doi:10.1145/3817124.3817247,10.1145/3817124.3817247,1,"[""ACM""]","[[""ACM"",""E022""]]","[""exclude""]",not_included,0,Unassigned,,
doi:10.1145/3819083,10.1145/3819083,1,"[""ACM""]","[[""ACM"",""NE7A6263ADB981198""]]","[""exclude""]",not_included,0,Unassigned,,
doi:10.1145/3819577,10.1145/3819577,1,"[""ACM""]","[[""ACM"",""N9D6DD8C0000D842B""]]","[""exclude""]",not_included,0,Unassigned,,
doi:10.1145/3819836,10.1145/3819836,1,"[""ACM""]","[[""ACM"",""N9D9A9A4219528328""]]","[""exclude""]",not_included,0,Unassigned,,
doi:10.1145/3819836.3819865,10.1145/3819836.3819865,1,"[""ACM""]","[[""ACM"",""N9461F4D38D8B7DBF""]]","[""exclude""]",not_included,0,Unassigned,,
doi:10.1145/3819990,10.1145/3819990,1,"[""ACM""]","[[""ACM"",""N352049D5BD82E4F5""]]","[""exclude""]",not_included,0,Unassigned,,
doi:10.1145/3819990.3820033,10.1145/3819990.3820033,1,"[""ACM""]","[[""ACM"",""N90EBD50D1CA7E71D""]]","[""exclude""]",not_included,0,Unassigned,,
doi:10.1145/3820253,10.1145/3820253,1,"[""ACM""]","[[""ACM"",""N75A2252C02BC8146""]]","[""exclude""]",not_included,0,Unassigned,,
doi:10.1145/3820253.3820266,10.1145/3820253.3820266,1,"[""ACM""]","[[""ACM"",""NA4198C86F8531097""]]","[""exclude""]",not_included,0,Unassigned,,
doi:10.1145/3820355.3820384,10.1145/3820355.3820384,1,"[""ACM""]","[[""ACM"",""N06E58A1BE90AB558""]]","[""exclude""]",not_included,0,Unassigned,,
doi:10.1145/3820441,10.1145/3820441,1,"[""ACM""]","[[""ACM"",""N9F9085834750FACC""]]","[""exclude""]",not_included,0,Unassigned,,
doi:10.1145/3820441.3821233,10.1145/3820441.3821233,1,"[""ACM""]","[[""ACM"",""N8263CB806B053025""]]","[""exclude""]",not_included,0,Unassigned,,
doi:10.1145/3820441.3821234,10.1145/3820441.3821234,1,"[""ACM""]","[[""ACM"",""NB8B3A4893EAD26CA""]]","[""include""]",included,0,Unassigned,,
doi:10.1145/3820441.3821235,10.1145/3820441.3821235,1,"[""ACM""]","[[""ACM"",""E072""]]","[""include""]",included,0,Unassigned,,
doi:10.1145/3820755,10.1145/3820755,1,"[""ACM""]","[[""ACM"",""N4F14E1F2685DC5F5""]]","[""exclude""]",not_included,0,Unassigned,,
doi:10.1145/3820755.3821646,10.1145/3820755.3821646,1,"[""ACM""]","[[""ACM"",""N38711D225E126DB9""]]","[""exclude""]",not_included,0,Unassigned,,
doi:10.1145/3820770,10.1145/3820770,1,"[""ACM""]","[[""ACM"",""N460C0E10AF0156A2""]]","[""exclude""]",not_included,0,Unassigned,,
doi:10.1145/3820915.3820953,10.1145/3820915.3820953,1,"[""ACM""]","[[""ACM"",""E007""]]","[""exclude""]",not_included,0,Unassigned,,
doi:10.1145/3821216,10.1145/3821216,1,"[""ACM""]","[[""ACM"",""E054""]]","[""include""]",included,0,Unassigned,,
doi:10.1145/3821409,10.1145/3821409,1,"[""ACM""]","[[""ACM"",""ND1386CB4891D1FA6""]]","[""exclude""]",not_included,0,Unassigned,,
doi:10.1145/3821566,10.1145/3821566,1,"[""ACM""]","[[""ACM"",""N316CFE40CB4DD2DD""]]","[""exclude""]",not_included,0,Unassigned,,
doi:10.1145/3821576,10.1145/3821576,1,"[""ACM""]","[[""ACM"",""E095""]]","[""include""]",included,0,Unassigned,,
doi:10.1145/3821966.3821974,10.1145/3821966.3821974,1,"[""ACM""]","[[""ACM"",""NAFCA2C59F0CB7764""]]","[""exclude""]",not_included,0,Unassigned,,
doi:10.1145/3822180,10.1145/3822180,1,"[""ACM""]","[[""ACM"",""NE65CF24B1165D8EB""]]","[""exclude""]",not_included,0,Unassigned,,
doi:10.1145/3822183,10.1145/3822183,1,"[""ACM""]","[[""ACM"",""N4082BACE85A56FA3""]]","[""exclude""]",not_included,0,Unassigned,,
doi:10.1145/3822455.3830311,10.1145/3822455.3830311,1,"[""ACM""]","[[""ACM"",""N9255024D631281E2""]]","[""exclude""]",not_included,0,Unassigned,,
doi:10.1145/3822455.3830317,10.1145/3822455.3830317,1,"[""ACM""]","[[""ACM"",""E152""]]","[""exclude""]",not_included,0,Unassigned,,
doi:10.1145/3822455.3838763,10.1145/3822455.3838763,1,"[""ACM""]","[[""ACM"",""NCE68460C039A6591""]]","[""exclude""]",not_included,0,Unassigned,,
doi:10.1145/3822513,10.1145/3822513,1,"[""ACM""]","[[""ACM"",""N67435B35C618BAE2""]]","[""exclude""]",not_included,0,Unassigned,,
doi:10.1145/382266.382430,10.1145/382266.382430,1,"[""ACM""]","[[""ACM"",""N3670848800A91A58""]]","[""exclude""]",not_included,0,Unassigned,,
doi:10.1145/3828183,10.1145/3828183,1,"[""ACM""]","[[""ACM"",""N5ACFB0602C5A7124""]]","[""exclude""]",not_included,0,Unassigned,,
doi:10.1145/3828183.3828192,10.1145/3828183.3828192,1,"[""ACM""]","[[""ACM"",""N09BCF6CE05DE6F4A""]]","[""exclude""]",not_included,0,Unassigned,,
doi:10.1145/3828648,10.1145/3828648,1,"[""ACM""]","[[""ACM"",""N95434B8BEC6920AC""]]","[""exclude""]",not_included,0,Unassigned,,
doi:10.1145/3828700,10.1145/3828700,1,"[""ACM""]","[[""ACM"",""NED63BECFBABCDE9E""]]","[""exclude""]",not_included,0,Unassigned,,
doi:10.1145/3828709,10.1145/3828709,1,"[""ACM""]","[[""ACM"",""NE96A7420CBC75561""]]","[""exclude""]",not_included,0,Unassigned,,
doi:10.1145/3829213,10.1145/3829213,1,"[""ACM""]","[[""ACM"",""N876C829BD2ADC696""]]","[""pending""]",not_included,1,Unassigned,,
doi:10.1145/3829441,10.1145/3829441,1,"[""ACM""]","[[""ACM"",""N4FAF01B3BB70AE01""]]","[""exclude""]",not_included,0,Unassigned,,
doi:10.1145/3829441.3829514,10.1145/3829441.3829514,1,"[""ACM""]","[[""ACM"",""E093""]]","[""exclude""]",not_included,0,Unassigned,,
doi:10.1145/3829641,10.1145/3829641,1,"[""ACM""]","[[""ACM"",""N20980AA25FA6A875""]]","[""exclude""]",not_included,0,Unassigned,,
doi:10.1145/3830274,10.1145/3830274,1,"[""ACM""]","[[""ACM"",""N9D97DDC0ABC40BEA""]]","[""pending""]",not_included,1,Unassigned,,
doi:10.1145/3830418,10.1145/3830418,1,"[""ACM""]","[[""ACM"",""NA3BAEF4281ECA59C""]]","[""exclude""]",not_included,0,Unassigned,,
doi:10.1145/3830418.3843858,10.1145/3830418.3843858,1,"[""ACM""]","[[""ACM"",""NC5029D269AC41272""]]","[""exclude""]",not_included,0,Unassigned,,
doi:10.1145/3830418.3843875,10.1145/3830418.3843875,1,"[""ACM""]","[[""ACM"",""N84A1F019479F3793""]]","[""exclude""]",not_included,0,Unassigned,,
doi:10.1145/3830422.3830429,10.1145/3830422.3830429,1,"[""ACM""]","[[""ACM"",""N528996BA564A4677""]]","[""exclude""]",not_included,0,Unassigned,,
doi:10.1145/3830455.3830459,10.1145/3830455.3830459,1,"[""ACM""]","[[""ACM"",""N4443B8FCA3D75EB8""]]","[""exclude""]",not_included,0,Unassigned,,
doi:10.1145/3830467,10.1145/3830467,1,"[""ACM""]","[[""ACM"",""E150""]]","[""include""]",included,0,Unassigned,,
doi:10.1145/3830910,10.1145/3830910,1,"[""ACM""]","[[""ACM"",""E141""]]","[""exclude""]",not_included,0,Unassigned,,
doi:10.1145/3831675,10.1145/3831675,1,"[""ACM""]","[[""ACM"",""N86301A150CC2A16C""]]","[""exclude""]",not_included,0,Unassigned,,
doi:10.1145/3832101,10.1145/3832101,1,"[""ACM""]","[[""ACM"",""NDD5D31229B339569""]]","[""exclude""]",not_included,0,Unassigned,,
doi:10.1145/3832113,10.1145/3832113,1,"[""ACM""]","[[""ACM"",""N5F1D385B7CC00B75""]]","[""exclude""]",not_included,0,Unassigned,,
doi:10.1145/3832115,10.1145/3832115,1,"[""ACM""]","[[""ACM"",""NCA6544A462042231""]]","[""exclude""]",not_included,0,Unassigned,,
doi:10.1145/3832121,10.1145/3832121,1,"[""ACM""]","[[""ACM"",""NBBDC3578132E62C4""]]","[""exclude""]",not_included,0,Unassigned,,
doi:10.1145/3832122,10.1145/3832122,1,"[""ACM""]","[[""ACM"",""N54D6C4E05BB64F3B""]]","[""exclude""]",not_included,0,Unassigned,,
doi:10.1145/3832165,10.1145/3832165,1,"[""ACM""]","[[""ACM"",""N02F6B771883C8329""]]","[""exclude""]",not_included,0,Unassigned,,
doi:10.1145/3832228,10.1145/3832228,1,"[""ACM""]","[[""ACM"",""N8E32A04AF275A3B3""]]","[""exclude""]",not_included,0,Unassigned,,
doi:10.1145/3832267,10.1145/3832267,1,"[""ACM""]","[[""ACM"",""N397D577F72F17AA4""]]","[""exclude""]",not_included,0,Unassigned,,
doi:10.1145/3832292,10.1145/3832292,1,"[""ACM""]","[[""ACM"",""NA936CF3EF5119427""]]","[""exclude""]",not_included,0,Unassigned,,
doi:10.1145/3832294,10.1145/3832294,1,"[""ACM""]","[[""ACM"",""N3B923CADCF45E676""]]","[""exclude""]",not_included,0,Unassigned,,
doi:10.1145/3832310,10.1145/3832310,1,"[""ACM""]","[[""ACM"",""N68260FD032F2A843""]]","[""exclude""]",not_included,0,Unassigned,,
doi:10.1145/3832810,10.1145/3832810,1,"[""ACM""]","[[""ACM"",""N155ECD42D5F757A1""]]","[""exclude""]",not_included,0,Unassigned,,
doi:10.1145/3833393,10.1145/3833393,1,"[""ACM""]","[[""ACM"",""N5C679B82233FB47A""]]","[""include""]",included,0,Unassigned,,
doi:10.1145/3833450,10.1145/3833450,1,"[""ACM""]","[[""ACM"",""N4DCB714848C3199A""]]","[""exclude""]",not_included,0,Unassigned,,
doi:10.1145/3833541,10.1145/3833541,1,"[""ACM""]","[[""ACM"",""NE62DE6E6C0887CFF""]]","[""exclude""]",not_included,0,Unassigned,,
doi:10.1145/3833541.3833669,10.1145/3833541.3833669,1,"[""ACM""]","[[""ACM"",""E011""]]","[""exclude""]",not_included,0,Unassigned,,
doi:10.1145/3833541.3833681,10.1145/3833541.3833681,1,"[""ACM""]","[[""ACM"",""NE1754B2CEA029AB7""]]","[""include""]",included,0,Unassigned,,
doi:10.1145/3834580.3838744,10.1145/3834580.3838744,1,"[""ACM""]","[[""ACM"",""NA1B952D16B098DD3""]]","[""exclude""]",not_included,0,Unassigned,,
doi:10.1145/383779.383786,10.1145/383779.383786,1,"[""ACM""]","[[""ACM"",""N4DA6578CED989531""]]","[""exclude""]",not_included,0,Unassigned,,
doi:10.1145/3837873,10.1145/3837873,1,"[""ACM""]","[[""ACM"",""N2129EECFF839D341""]]","[""exclude""]",not_included,0,Unassigned,,
doi:10.1145/3837873.3838005,10.1145/3837873.3838005,1,"[""ACM""]","[[""ACM"",""E020""]]","[""exclude""]",not_included,0,Unassigned,,
doi:10.1145/3837873.3838012,10.1145/3837873.3838012,1,"[""ACM""]","[[""ACM"",""E029""]]","[""exclude""]",not_included,0,Unassigned,,
doi:10.1145/3837873.3838040,10.1145/3837873.3838040,1,"[""ACM""]","[[""ACM"",""E039""]]","[""exclude""]",not_included,0,Unassigned,,
doi:10.1145/3838457,10.1145/3838457,1,"[""ACM""]","[[""ACM"",""N2F0FFC518AB03B8E""]]","[""exclude""]",not_included,0,Unassigned,,
doi:10.1145/3838457.3838551,10.1145/3838457.3838551,1,"[""ACM""]","[[""ACM"",""N47700A2B64CA64E9""]]","[""exclude""]",not_included,0,Unassigned,,
doi:10.1145/3838803,10.1145/3838803,1,"[""ACM""]","[[""ACM"",""ND71A12CD0720B468""]]","[""exclude""]",not_included,0,Unassigned,,
doi:10.1145/3839117,10.1145/3839117,1,"[""ACM""]","[[""ACM"",""N355F7D096904F5AA""]]","[""exclude""]",not_included,0,Unassigned,,
doi:10.1145/3839234,10.1145/3839234,1,"[""ACM""]","[[""ACM"",""NBC0C6B85280CC5DD""]]","[""exclude""]",not_included,0,Unassigned,,
doi:10.1145/3839487,10.1145/3839487,1,"[""ACM""]","[[""ACM"",""NB1687B20257ED27D""]]","[""exclude""]",not_included,0,Unassigned,,
doi:10.1145/3840295,10.1145/3840295,1,"[""ACM""]","[[""ACM"",""NF246394AE0A38EE5""]]","[""exclude""]",not_included,0,Unassigned,,
doi:10.1145/384101.384147,10.1145/384101.384147,1,"[""ACM""]","[[""ACM"",""NBFBBB6D2ED8C491A""]]","[""exclude""]",not_included,0,Unassigned,,
doi:10.1145/3841298.3841310,10.1145/3841298.3841310,1,"[""ACM""]","[[""ACM"",""N55C907B15BA60A69""]]","[""exclude""]",not_included,0,Unassigned,,
doi:10.1145/3842203.3844584,10.1145/3842203.3844584,1,"[""ACM""]","[[""ACM"",""ND7A767E2C542D19C""]]","[""exclude""]",not_included,0,Unassigned,,
doi:10.1145/3842390,10.1145/3842390,1,"[""ACM""]","[[""ACM"",""E010""]]","[""exclude""]",not_included,0,Unassigned,,
doi:10.1145/3842675,10.1145/3842675,1,"[""ACM""]","[[""ACM"",""N88804D0C1EE844D7""]]","[""exclude""]",not_included,0,Unassigned,,
doi:10.1145/3842676,10.1145/3842676,1,"[""ACM""]","[[""ACM"",""N9E8C56B71930AF7B""]]","[""exclude""]",not_included,0,Unassigned,,
doi:10.1145/3844179,10.1145/3844179,1,"[""ACM""]","[[""ACM"",""N0F60D1C74B16A665""]]","[""exclude""]",not_included,0,Unassigned,,
doi:10.1145/3845988,10.1145/3845988,1,"[""ACM""]","[[""ACM"",""N3F6ABDBE780147A1""]]","[""exclude""]",not_included,0,Unassigned,,
doi:10.1145/3847119,10.1145/3847119,1,"[""ACM""]","[[""ACM"",""E154""]]","[""include""]",included,0,Unassigned,,
doi:10.1145/3847195,10.1145/3847195,1,"[""ACM""]","[[""ACM"",""NCDBBC5D58C3FE6F8""]]","[""exclude""]",not_included,0,Unassigned,,
doi:10.1145/3847288,10.1145/3847288,1,"[""ACM""]","[[""ACM"",""N83BB0CDE9F037E7C""]]","[""exclude""]",not_included,0,Unassigned,,
doi:10.1145/3847667,10.1145/3847667,1,"[""ACM""]","[[""ACM"",""NA8ADB8521315BA40""]]","[""exclude""]",not_included,0,Unassigned,,
doi:10.1145/3850159,10.1145/3850159,1,"[""ACM""]","[[""ACM"",""E148""]]","[""exclude""]",not_included,0,Unassigned,,
doi:10.1145/41526.41531,10.1145/41526.41531,1,"[""ACM""]","[[""ACM"",""N7D0716977810FF50""]]","[""exclude""]",not_included,0,Unassigned,,
doi:10.1145/500141.500257,10.1145/500141.500257,1,"[""ACM""]","[[""ACM"",""N74D8D680BA77E169""]]","[""exclude""]",not_included,0,Unassigned,,
doi:10.1145/501158.501160,10.1145/501158.501160,1,"[""ACM""]","[[""ACM"",""N6E83BD590957814B""]]","[""exclude""]",not_included,0,Unassigned,,
doi:10.1145/501158.501162,10.1145/501158.501162,1,"[""ACM""]","[[""ACM"",""N8018C165FDCB65EE""]]","[""include""]",included,0,Unassigned,,
doi:10.1145/501158.501170,10.1145/501158.501170,1,"[""ACM""]","[[""ACM"",""NE21D8C0BC76EE51C""]]","[""exclude""]",not_included,0,Unassigned,,
doi:10.1145/501158.501171,10.1145/501158.501171,1,"[""ACM""]","[[""ACM"",""N1D40076318E16349""]]","[""include""]",included,0,Unassigned,,
doi:10.1145/501158.501173,10.1145/501158.501173,1,"[""ACM""]","[[""ACM"",""N0A2C162B4DD1D845""]]","[""exclude""]",not_included,0,Unassigned,,
doi:10.1145/501158.501182,10.1145/501158.501182,1,"[""ACM""]","[[""ACM"",""N07221F7606C2EBBD""]]","[""include""]",included,0,Unassigned,,
doi:10.1145/501158.501183,10.1145/501158.501183,1,"[""ACM""]","[[""ACM"",""N173EF6562AFBCDFA""]]","[""include""]",included,0,Unassigned,,
doi:10.1145/501158.501189,10.1145/501158.501189,1,"[""ACM""]","[[""ACM"",""N6CF2403B46AC2AE2""]]","[""exclude""]",not_included,0,Unassigned,,
doi:10.1145/501158.501191,10.1145/501158.501191,1,"[""ACM""]","[[""ACM"",""NB42E1DCBAA92A062""]]","[""include""]",included,0,Unassigned,,
doi:10.1145/501158.501193,10.1145/501158.501193,1,"[""ACM""]","[[""ACM"",""N05841BF0A9E3B020""]]","[""include""]",included,0,Unassigned,,
doi:10.1145/501317.501342,10.1145/501317.501342,1,"[""ACM""]","[[""ACM"",""NB4F38B0704D99E8E""]]","[""exclude""]",not_included,0,Unassigned,,
doi:10.1145/501983.501991,10.1145/501983.501991,1,"[""ACM""]","[[""ACM"",""N541405E828589C6D""]]","[""exclude""]",not_included,0,Unassigned,,
doi:10.1145/501983.501999,10.1145/501983.501999,1,"[""ACM""]","[[""ACM"",""NB940A1B81FE8B35B""]]","[""exclude""]",not_included,0,Unassigned,,
doi:10.1145/502716.502777,10.1145/502716.502777,1,"[""ACM""]","[[""ACM"",""N9FCBD0848F972F81""]]","[""exclude""]",not_included,0,Unassigned,,
doi:10.1145/505168.505183,10.1145/505168.505183,1,"[""ACM""]","[[""ACM"",""NFD47F3017819747C""]]","[""exclude""]",not_included,0,Unassigned,,
doi:10.1145/505863.505873,10.1145/505863.505873,1,"[""ACM""]","[[""ACM"",""NB487530171B72E53""]]","[""exclude""]",not_included,0,Unassigned,,
doi:10.1145/506106.506113,10.1145/506106.506113,1,"[""ACM""]","[[""ACM"",""N4288D8E1D3275AA3""]]","[""include""]",included,0,Unassigned,,
doi:10.1145/507234.507236,10.1145/507234.507236,1,"[""ACM""]","[[""ACM"",""N8EACA84439387BF5""]]","[""exclude""]",not_included,0,Unassigned,,
doi:10.1145/511446.511460,10.1145/511446.511460,1,"[""ACM""]","[[""ACM"",""NA65964631596EEB1""]]","[""include""]",included,0,Unassigned,,
doi:10.1145/511446.511461,10.1145/511446.511461,1,"[""ACM""]","[[""ACM"",""ND90856B9B371348F""]]","[""include""]",included,0,Unassigned,,
doi:10.1145/511446.511496,10.1145/511446.511496,1,"[""ACM""]","[[""ACM"",""NBB86D0E2EAB85353""]]","[""exclude""]",not_included,0,Unassigned,,
doi:10.1145/512000.512001,10.1145/512000.512001,1,"[""ACM""]","[[""ACM"",""NC1F886B2A9AF75F9""]]","[""exclude""]",not_included,0,Unassigned,,
doi:10.1145/512760.512784,10.1145/512760.512784,1,"[""ACM""]","[[""ACM"",""NDD8CD4640BB5186B""]]","[""pending""]",not_included,1,Unassigned,,
doi:10.1145/52324.52336,10.1145/52324.52336,1,"[""ACM""]","[[""ACM"",""N6A46B22873306700""]]","[""exclude""]",not_included,0,Unassigned,,
doi:10.1145/544220.544313,10.1145/544220.544313,1,"[""ACM""]","[[""ACM"",""N74B0AF81D955F999""]]","[""exclude""]",not_included,0,Unassigned,,
doi:10.1145/544741,10.1145/544741,1,"[""ACM""]","[[""ACM"",""N72335586ED09BB70""]]","[""exclude""]",not_included,0,Unassigned,,
doi:10.1145/544741.544753,10.1145/544741.544753,1,"[""ACM""]","[[""ACM"",""NB897A9004653E0BA""]]","[""exclude""]",not_included,0,Unassigned,,
doi:10.1145/544741.544759,10.1145/544741.544759,1,"[""ACM""]","[[""ACM"",""NC4DC3294A2522F0C""]]","[""exclude""]",not_included,0,Unassigned,,
doi:10.1145/544741.544760,10.1145/544741.544760,1,"[""ACM""]","[[""ACM"",""N50C883D2349D796B""]]","[""exclude""]",not_included,0,Unassigned,,
doi:10.1145/544741.544761,10.1145/544741.544761,1,"[""ACM""]","[[""ACM"",""N9D0012A97A342D3C""]]","[""exclude""]",not_included,0,Unassigned,,
doi:10.1145/544741.544770,10.1145/544741.544770,1,"[""ACM""]","[[""ACM"",""ND3B25D486989C752""]]","[""include""]",included,0,Unassigned,,
doi:10.1145/544741.544776,10.1145/544741.544776,1,"[""ACM""]","[[""ACM"",""N6118B50B38BA3DAB""]]","[""include""]",included,0,Unassigned,,
doi:10.1145/544741.544777,10.1145/544741.544777,1,"[""ACM""]","[[""ACM"",""NE0861B204B9AB8A5""]]","[""exclude""]",not_included,0,Unassigned,,
doi:10.1145/544741.544836,10.1145/544741.544836,1,"[""ACM""]","[[""ACM"",""N9C172B9D6CFECAB2""]]","[""include""]",included,0,Unassigned,,
doi:10.1145/544741.544848,10.1145/544741.544848,1,"[""ACM""]","[[""ACM"",""N88FE8929A0FD9A06""]]","[""exclude""]",not_included,0,Unassigned,,
doi:10.1145/544862,10.1145/544862,1,"[""ACM""]","[[""ACM"",""NDD31D0A9CA7BDEDE""]]","[""exclude""]",not_included,0,Unassigned,,
doi:10.1145/544862.544867,10.1145/544862.544867,1,"[""ACM""]","[[""ACM"",""N007850C31D3D37C0""]]","[""exclude""]",not_included,0,Unassigned,,
doi:10.1145/544862.544885,10.1145/544862.544885,1,"[""ACM""]","[[""ACM"",""N0060678F42217168""]]","[""include""]",included,0,Unassigned,,
doi:10.1145/544862.544887,10.1145/544862.544887,1,"[""ACM""]","[[""ACM"",""NBDAB5D428F69A711""]]","[""exclude""]",not_included,0,Unassigned,,
doi:10.1145/544862.544888,10.1145/544862.544888,1,"[""ACM""]","[[""ACM"",""N2C5F126E9511349C""]]","[""include""]",included,0,Unassigned,,
doi:10.1145/544862.544921,10.1145/544862.544921,1,"[""ACM""]","[[""ACM"",""N626252278446EF4B""]]","[""exclude""]",not_included,0,Unassigned,,
doi:10.1145/544862.544928,10.1145/544862.544928,1,"[""ACM""]","[[""ACM"",""N618236CDEDD18B77""]]","[""exclude""]",not_included,0,Unassigned,,
doi:10.1145/545056,10.1145/545056,1,"[""ACM""]","[[""ACM"",""N80AA313152EA63CC""]]","[""exclude""]",not_included,0,Unassigned,,
doi:10.1145/545056.545057,10.1145/545056.545057,1,"[""ACM""]","[[""ACM"",""N613171182436AC27""]]","[""exclude""]",not_included,0,Unassigned,,
doi:10.1145/545056.545065,10.1145/545056.545065,1,"[""ACM""]","[[""ACM"",""N9CCAB85B20D884B4""]]","[""exclude""]",not_included,0,Unassigned,,
doi:10.1145/545056.545117,10.1145/545056.545117,1,"[""ACM""]","[[""ACM"",""N7EC0DA394A72060F""]]","[""include""]",included,0,Unassigned,,
doi:10.1145/545056.545119,10.1145/545056.545119,1,"[""ACM""]","[[""ACM"",""N3417EB4C69EC5764""]]","[""include""]",included,0,Unassigned,,
doi:10.1145/545056.545123,10.1145/545056.545123,1,"[""ACM""]","[[""ACM"",""N8593EA67C423A36C""]]","[""exclude""]",not_included,0,Unassigned,,
doi:10.1145/564376.564499,10.1145/564376.564499,1,"[""ACM""]","[[""ACM"",""N40BDAD6EF1D5C130""]]","[""exclude""]",not_included,0,Unassigned,,
doi:10.1145/570705.570707,10.1145/570705.570707,1,"[""ACM""]","[[""ACM"",""NCB7292E763F28706""]]","[""exclude""]",not_included,0,Unassigned,,
doi:10.1145/570907.570931,10.1145/570907.570931,1,"[""ACM""]","[[""ACM"",""N3D2F48F0716724B5""]]","[""exclude""]",not_included,0,Unassigned,,
doi:10.1145/571825.571856,10.1145/571825.571856,1,"[""ACM""]","[[""ACM"",""NE238694FA58AE221""]]","[""exclude""]",not_included,0,Unassigned,,
doi:10.1145/582353.582382,10.1145/582353.582382,1,"[""ACM""]","[[""ACM"",""N839E780A64F3F019""]]","[""exclude""]",not_included,0,Unassigned,,
doi:10.1145/584066.584067,10.1145/584066.584067,1,"[""ACM""]","[[""ACM"",""N626D07066BE5A83F""]]","[""exclude""]",not_included,0,Unassigned,,
doi:10.1145/590806.590809,10.1145/590806.590809,1,"[""ACM""]","[[""ACM"",""NBD40EAE476A9036F""]]","[""exclude""]",not_included,0,Unassigned,,
doi:10.1145/590806.590811,10.1145/590806.590811,1,"[""ACM""]","[[""ACM"",""NDE9E54B8D91F2CAB""]]","[""exclude""]",not_included,0,Unassigned,,
doi:10.1145/602421.602448,10.1145/602421.602448,1,"[""ACM""]","[[""ACM"",""N8D2F2DBD149BCD57""]]","[""exclude""]",not_included,0,Unassigned,,
doi:10.1145/604045.604124,10.1145/604045.604124,1,"[""ACM""]","[[""ACM"",""N351600D6987D00E8""]]","[""exclude""]",not_included,0,Unassigned,,
doi:10.1145/633292.633512,10.1145/633292.633512,1,"[""ACM""]","[[""ACM"",""N40D88BFA6E8B202A""]]","[""exclude""]",not_included,0,Unassigned,,
doi:10.1145/64135.65014,10.1145/64135.65014,1,"[""ACM""]","[[""ACM"",""NBC157EF38AF7C52A""]]","[""exclude""]",not_included,0,Unassigned,,
doi:10.1145/644527.644528,10.1145/644527.644528,1,"[""ACM""]","[[""ACM"",""NED9BA7B5A19B6A3B""]]","[""exclude""]",not_included,0,Unassigned,,
doi:10.1145/763973.763977,10.1145/763973.763977,1,"[""ACM""]","[[""ACM"",""N26B8A4F33B8537B8""]]","[""exclude""]",not_included,0,Unassigned,,
doi:10.1145/76619.76644,10.1145/76619.76644,1,"[""ACM""]","[[""ACM"",""N64A98D847A4D8696""]]","[""exclude""]",not_included,0,Unassigned,,
doi:10.1145/775047.775103,10.1145/775047.775103,1,"[""ACM""]","[[""ACM"",""N1034F0A2057584CF""]]","[""exclude""]",not_included,0,Unassigned,,
doi:10.1145/775152.775199,10.1145/775152.775199,1,"[""ACM""]","[[""ACM"",""N174BC9C52B910BAF""]]","[""exclude""]",not_included,0,Unassigned,,
doi:10.1145/775152.775200,10.1145/775152.775200,1,"[""ACM""]","[[""ACM"",""N398D053C64E7BAD7""]]","[""include""]",included,0,Unassigned,,
doi:10.1145/775280.775282,10.1145/775280.775282,1,"[""ACM""]","[[""ACM"",""N9DAF00680A73507B""]]","[""pending""]",not_included,1,Unassigned,,
doi:10.1145/775832.776062,10.1145/775832.776062,1,"[""ACM""]","[[""ACM"",""N41D241AACEF06BD2""]]","[""exclude""]",not_included,0,Unassigned,,
doi:10.1145/777005.777040,10.1145/777005.777040,1,"[""ACM""]","[[""ACM"",""N018C68AAD7972AFA""]]","[""exclude""]",not_included,0,Unassigned,,
doi:10.1145/779928.779931,10.1145/779928.779931,1,"[""ACM""]","[[""ACM"",""NDADC28269B190DAE""]]","[""exclude""]",not_included,0,Unassigned,,
doi:10.1145/779928.779936,10.1145/779928.779936,1,"[""ACM""]","[[""ACM"",""N2973E60288C5A165""]]","[""include""]",included,0,Unassigned,,
doi:10.1145/779928.779937,10.1145/779928.779937,1,"[""ACM""]","[[""ACM"",""N473EBEB30212C30C""]]","[""exclude""]",not_included,0,Unassigned,,
doi:10.1145/779928.779939,10.1145/779928.779939,1,"[""ACM""]","[[""ACM"",""N90E272959888627D""]]","[""exclude""]",not_included,0,Unassigned,,
doi:10.1145/779928.779946,10.1145/779928.779946,1,"[""ACM""]","[[""ACM"",""N30D8115AB68B71B6""]]","[""exclude""]",not_included,0,Unassigned,,
doi:10.1145/779928.779948,10.1145/779928.779948,1,"[""ACM""]","[[""ACM"",""N57E49A163F5E5703""]]","[""exclude""]",not_included,0,Unassigned,,
doi:10.1145/779928.779949,10.1145/779928.779949,1,"[""ACM""]","[[""ACM"",""N0EC7B0B2FF4D6431""]]","[""exclude""]",not_included,0,Unassigned,,
doi:10.1145/779928.779965,10.1145/779928.779965,1,"[""ACM""]","[[""ACM"",""NC6B90BB34D2A469D""]]","[""exclude""]",not_included,0,Unassigned,,
doi:10.1145/779928.779971,10.1145/779928.779971,1,"[""ACM""]","[[""ACM"",""NDF5754B795C3BC5B""]]","[""exclude""]",not_included,0,Unassigned,,
doi:10.1145/779928.779973,10.1145/779928.779973,1,"[""ACM""]","[[""ACM"",""N8BBFD4D2DF6437F3""]]","[""exclude""]",not_included,0,Unassigned,,
doi:10.1145/779928.779974,10.1145/779928.779974,1,"[""ACM""]","[[""ACM"",""N79636ECFD39E79B3""]]","[""exclude""]",not_included,0,Unassigned,,
doi:10.1145/779928.779977,10.1145/779928.779977,1,"[""ACM""]","[[""ACM"",""N6443B68FA076A0E0""]]","[""exclude""]",not_included,0,Unassigned,,
doi:10.1145/780542.780617,10.1145/780542.780617,1,"[""ACM""]","[[""ACM"",""N29F8458F8AF30B92""]]","[""exclude""]",not_included,0,Unassigned,,
doi:10.1145/800017.800513,10.1145/800017.800513,1,"[""ACM""]","[[""ACM"",""NA76E7B574357D01A""]]","[""pending""]",not_included,1,Unassigned,,
doi:10.1145/800056.802086,10.1145/800056.802086,1,"[""ACM""]","[[""ACM"",""NB3B4A803DE0FEE83""]]","[""exclude""]",not_included,0,Unassigned,,
doi:10.1145/800104.803374,10.1145/800104.803374,1,"[""ACM""]","[[""ACM"",""N1143834FE333B5FD""]]","[""exclude""]",not_included,0,Unassigned,,
doi:10.1145/800173.809692,10.1145/800173.809692,1,"[""ACM""]","[[""ACM"",""NC36BABEF58D46323""]]","[""exclude""]",not_included,0,Unassigned,,
doi:10.1145/800186.810617,10.1145/800186.810617,1,"[""ACM""]","[[""ACM"",""N8AEFB795AA8EB97F""]]","[""exclude""]",not_included,0,Unassigned,,
doi:10.1145/800216.806602,10.1145/800216.806602,1,"[""ACM""]","[[""ACM"",""N7965C950678A9370""]]","[""exclude""]",not_included,0,Unassigned,,
doi:10.1145/800234.807055,10.1145/800234.807055,1,"[""ACM""]","[[""ACM"",""N700DA136846AB7C5""]]","[""exclude""]",not_included,0,Unassigned,,
doi:10.1145/844309.844312,10.1145/844309.844312,1,"[""ACM""]","[[""ACM"",""N1FC86B953EDB63F4""]]","[""exclude""]",not_included,0,Unassigned,,
doi:10.1145/844309.844315,10.1145/844309.844315,1,"[""ACM""]","[[""ACM"",""NF450F8C80FBEF816""]]","[""exclude""]",not_included,0,Unassigned,,
doi:10.1145/844316.844319,10.1145/844316.844319,1,"[""ACM""]","[[""ACM"",""N8D46A0220E05BCE8""]]","[""include""]",included,0,Unassigned,,
doi:10.1145/844316.844323,10.1145/844316.844323,1,"[""ACM""]","[[""ACM"",""N517C6227438E8734""]]","[""exclude""]",not_included,0,Unassigned,,
doi:10.1145/844324.844327,10.1145/844324.844327,1,"[""ACM""]","[[""ACM"",""NF03CBBF147239490""]]","[""include""]",included,0,Unassigned,,
doi:10.1145/844324.844328,10.1145/844324.844328,1,"[""ACM""]","[[""ACM"",""N0BB954B3ECEA29FA""]]","[""include""]",included,0,Unassigned,,
doi:10.1145/844331.844335,10.1145/844331.844335,1,"[""ACM""]","[[""ACM"",""N4D03FCF2D4CCDF2C""]]","[""exclude""]",not_included,0,Unassigned,,
doi:10.1145/844331.844336,10.1145/844331.844336,1,"[""ACM""]","[[""ACM"",""NA62EE236FCFB91EB""]]","[""exclude""]",not_included,0,Unassigned,,
doi:10.1145/844331.844338,10.1145/844331.844338,1,"[""ACM""]","[[""ACM"",""N906CA742B29083FD""]]","[""exclude""]",not_included,0,Unassigned,,
doi:10.1145/846183.846195,10.1145/846183.846195,1,"[""ACM""]","[[""ACM"",""NF690881B3311AE45""]]","[""exclude""]",not_included,0,Unassigned,,
doi:10.1145/857166.857167,10.1145/857166.857167,1,"[""ACM""]","[[""ACM"",""NBC8FBEC7FF7CFD4A""]]","[""include""]",included,0,Unassigned,,
doi:10.1145/857166.857168,10.1145/857166.857168,1,"[""ACM""]","[[""ACM"",""N26FDF0F47B724DD6""]]","[""include""]",included,0,Unassigned,,
doi:10.1145/860575.860580,10.1145/860575.860580,1,"[""ACM""]","[[""ACM"",""NE7BA7F5EDEACB692""]]","[""exclude""]",not_included,0,Unassigned,,
doi:10.1145/860575.860619,10.1145/860575.860619,1,"[""ACM""]","[[""ACM"",""N9FB58519EC4FB569""]]","[""exclude""]",not_included,0,Unassigned,,
doi:10.1145/860575.860629,10.1145/860575.860629,1,"[""ACM""]","[[""ACM"",""NE8A6729B6CD2D4F6""]]","[""exclude""]",not_included,0,Unassigned,,
doi:10.1145/860575.860632,10.1145/860575.860632,1,"[""ACM""]","[[""ACM"",""N52AD35400AE48E42""]]","[""include""]",included,0,Unassigned,,
doi:10.1145/860575.860641,10.1145/860575.860641,1,"[""ACM""]","[[""ACM"",""NE4AE1D3FBAE6F546""]]","[""exclude""]",not_included,0,Unassigned,,
doi:10.1145/860575.860649,10.1145/860575.860649,1,"[""ACM""]","[[""ACM"",""N16747653C97F4086""]]","[""include""]",included,0,Unassigned,,
doi:10.1145/860575.860651,10.1145/860575.860651,1,"[""ACM""]","[[""ACM"",""N34B01D22EC0B8546""]]","[""include""]",included,0,Unassigned,,
doi:10.1145/860575.860652,10.1145/860575.860652,1,"[""ACM""]","[[""ACM"",""N0359709A4228C25F""]]","[""exclude""]",not_included,0,Unassigned,,
doi:10.1145/860575.860654,10.1145/860575.860654,1,"[""ACM""]","[[""ACM"",""N0DB9F0611CA81479""]]","[""exclude""]",not_included,0,Unassigned,,
doi:10.1145/860575.860659,10.1145/860575.860659,1,"[""ACM""]","[[""ACM"",""N0108FDBF2D2B57E7""]]","[""include""]",included,0,Unassigned,,
doi:10.1145/860575.860671,10.1145/860575.860671,1,"[""ACM""]","[[""ACM"",""NA268CE3178EF8A9D""]]","[""exclude""]",not_included,0,Unassigned,,
doi:10.1145/860575.860675,10.1145/860575.860675,1,"[""ACM""]","[[""ACM"",""NB4708433785A2412""]]","[""include""]",included,0,Unassigned,,
doi:10.1145/860575.860769,10.1145/860575.860769,1,"[""ACM""]","[[""ACM"",""N9667B142F8F2422C""]]","[""exclude""]",not_included,0,Unassigned,,
doi:10.1145/860575.860772,10.1145/860575.860772,1,"[""ACM""]","[[""ACM"",""N38721718F85AE4D9""]]","[""exclude""]",not_included,0,Unassigned,,
doi:10.1145/860575.860788,10.1145/860575.860788,1,"[""ACM""]","[[""ACM"",""E098""]]","[""exclude""]",not_included,0,Unassigned,,
doi:10.1145/872035.872088,10.1145/872035.872088,1,"[""ACM""]","[[""ACM"",""N9F210FBE565DC7B2""]]","[""exclude""]",not_included,0,Unassigned,,
doi:10.1145/881783.881788,10.1145/881783.881788,1,"[""ACM""]","[[""ACM"",""N8D570D4CB36A79E0""]]","[""exclude""]",not_included,0,Unassigned,,
doi:10.1145/938985.939011,10.1145/938985.939011,1,"[""ACM""]","[[""ACM"",""N6BC26D52417E8FC9""]]","[""include""]",included,0,Unassigned,,
doi:10.1145/940071.940077,10.1145/940071.940077,1,"[""ACM""]","[[""ACM"",""NB57B685E48171BFA""]]","[""exclude""]",not_included,0,Unassigned,,
doi:10.1145/941326.941333,10.1145/941326.941333,1,"[""ACM""]","[[""ACM"",""N4A4667E405791501""]]","[""exclude""]",not_included,0,Unassigned,,
doi:10.1145/945445.945454,10.1145/945445.945454,1,"[""ACM""]","[[""ACM"",""NCACD3573EBCF56D5""]]","[""exclude""]",not_included,0,Unassigned,,
doi:10.1145/948005,10.1145/948005,1,"[""ACM""]","[[""ACM"",""N19D144774219F8FB""]]","[""exclude""]",not_included,0,Unassigned,,
doi:10.1145/948005.948007,10.1145/948005.948007,1,"[""ACM""]","[[""ACM"",""N295CD2525FCE603C""]]","[""include""]",included,0,Unassigned,,
doi:10.1145/948005.948008,10.1145/948005.948008,1,"[""ACM""]","[[""ACM"",""NE568C2ACF709261B""]]","[""exclude""]",not_included,0,Unassigned,,
doi:10.1145/948005.948018,10.1145/948005.948018,1,"[""ACM""]","[[""ACM"",""N6062740B278A92D8""]]","[""include""]",included,0,Unassigned,,
doi:10.1145/948005.948021,10.1145/948005.948021,1,"[""ACM""]","[[""ACM"",""ND0395C9800F6EC4F""]]","[""include""]",included,0,Unassigned,,
doi:10.1145/948005.948026,10.1145/948005.948026,1,"[""ACM""]","[[""ACM"",""N0520A22F9EA47902""]]","[""include""]",included,0,Unassigned,,
doi:10.1145/948005.948040,10.1145/948005.948040,1,"[""ACM""]","[[""ACM"",""NBA2706FF3A0FDFA9""]]","[""exclude""]",not_included,0,Unassigned,,
doi:10.1145/948005.948043,10.1145/948005.948043,1,"[""ACM""]","[[""ACM"",""NAB4E03887F77415A""]]","[""exclude""]",not_included,0,Unassigned,,
doi:10.1145/948005.948051,10.1145/948005.948051,1,"[""ACM""]","[[""ACM"",""NB0012992829375B1""]]","[""exclude""]",not_included,0,Unassigned,,
doi:10.1145/948005.948067,10.1145/948005.948067,1,"[""ACM""]","[[""ACM"",""N21F7F9413791681E""]]","[""include""]",included,0,Unassigned,,
doi:10.1145/948005.948068,10.1145/948005.948068,1,"[""ACM""]","[[""ACM"",""N12DAC92FF1C03632""]]","[""include""]",included,0,Unassigned,,
doi:10.1145/948005.948069,10.1145/948005.948069,1,"[""ACM""]","[[""ACM"",""N6A3DE06B264D9C46""]]","[""exclude""]",not_included,0,Unassigned,,
doi:10.1145/952532.952649,10.1145/952532.952649,1,"[""ACM""]","[[""ACM"",""N76CC73A68F491124""]]","[""exclude""]",not_included,0,Unassigned,,
doi:10.1145/952532.952650,10.1145/952532.952650,1,"[""ACM""]","[[""ACM"",""N4C57A8EA961E4515""]]","[""include""]",included,0,Unassigned,,
doi:10.1145/961053.961090,10.1145/961053.961090,1,"[""ACM""]","[[""ACM"",""N4D6115CB3A2EC695""]]","[""exclude""]",not_included,0,Unassigned,,
doi:10.1145/967900.968058,10.1145/967900.968058,1,"[""ACM""]","[[""ACM"",""NB3EE19F893C0D41D""]]","[""include""]",included,0,Unassigned,,
doi:10.1145/967900.968060,10.1145/967900.968060,1,"[""ACM""]","[[""ACM"",""N0492936D994AED92""]]","[""include""]",included,0,Unassigned,,
doi:10.1145/967900.968063,10.1145/967900.968063,1,"[""ACM""]","[[""ACM"",""N4B76D0D309CCE652""]]","[""exclude""]",not_included,0,Unassigned,,
doi:10.1145/967900.968124,10.1145/967900.968124,1,"[""ACM""]","[[""ACM"",""N3C505897301D7604""]]","[""exclude""]",not_included,0,Unassigned,,
doi:10.1145/971300.971378,10.1145/971300.971378,1,"[""ACM""]","[[""ACM"",""NB18335EDED2D9069""]]","[""exclude""]",not_included,0,Unassigned,,
doi:10.1145/988772.988783,10.1145/988772.988783,1,"[""ACM""]","[[""ACM"",""NE4D3D4EC3FC344D6""]]","[""exclude""]",not_included,0,Unassigned,,
doi:10.1145/988772.988784,10.1145/988772.988784,1,"[""ACM""]","[[""ACM"",""NB89091293BF534CC""]]","[""exclude""]",not_included,0,Unassigned,,
doi:10.1145/988772.988793,10.1145/988772.988793,1,"[""ACM""]","[[""ACM"",""NAE108308A51484ED""]]","[""exclude""]",not_included,0,Unassigned,,
doi:10.1145/988772.988819,10.1145/988772.988819,1,"[""ACM""]","[[""ACM"",""N5A59830ED9844417""]]","[""exclude""]",not_included,0,Unassigned,,
doi:10.1145/988772.988825,10.1145/988772.988825,1,"[""ACM""]","[[""ACM"",""NE9044E6B6179A8C3""]]","[""exclude""]",not_included,0,Unassigned,,
doi:10.1147/sj.2003.5386833,10.1147/sj.2003.5386833,1,"[""IEEE""]","[[""IEEE"",""I9D6F9444577FE063""]]","[""exclude""]",not_included,0,Unassigned,,
doi:10.1162/105474603322955897,10.1162/105474603322955897,1,"[""IEEE""]","[[""IEEE"",""IFF5E50D9DBDFF9A2""]]","[""exclude""]",not_included,0,Unassigned,,
doi:10.1162/1054746041422352,10.1162/1054746041422352,1,"[""IEEE""]","[[""IEEE"",""I8D3FD01EB97BCE30""]]","[""pending""]",not_included,1,Unassigned,,
doi:10.1162/105474605775196544,10.1162/105474605775196544,1,"[""IEEE""]","[[""IEEE"",""I293D12B7860D5316""]]","[""exclude""]",not_included,0,Unassigned,,
doi:10.1162/evco_a_00062,10.1162/evco_a_00062,1,"[""ACM""]","[[""ACM"",""NA236586F5F44A8DF""]]","[""exclude""]",not_included,0,Unassigned,,
doi:10.1162/evco_a_00232,10.1162/evco_a_00232,1,"[""ACM""]","[[""ACM"",""NDD647BD0BA73E037""]]","[""exclude""]",not_included,0,Unassigned,,
doi:10.13052/jwe1540-9589.2521,10.13052/jwe1540-9589.2521,1,"[""IEEE""]","[[""IEEE"",""ICC2325458D03A63A""]]","[""exclude""]",not_included,0,Unassigned,,
doi:10.14778/2733004.2733032,10.14778/2733004.2733032,1,"[""ACM""]","[[""ACM"",""N821A30EC7BE2B164""]]","[""exclude""]",not_included,0,Unassigned,,
doi:10.14778/3184470.3184474,10.14778/3184470.3184474,1,"[""ACM""]","[[""ACM"",""N1938F33F9377C3A4""]]","[""exclude""]",not_included,0,Unassigned,,
doi:10.14778/3199517.3199521,10.14778/3199517.3199521,1,"[""ACM""]","[[""ACM"",""N7E75DD6DEF1EA918""]]","[""exclude""]",not_included,0,Unassigned,,
doi:10.14778/3415478.3415572,10.14778/3415478.3415572,1,"[""ACM""]","[[""ACM"",""NDC561D9512FCDD3F""]]","[""exclude""]",not_included,0,Unassigned,,
doi:10.14778/3681954.3682029,10.14778/3681954.3682029,1,"[""ACM""]","[[""ACM"",""N830F100655B6060C""]]","[""exclude""]",not_included,0,Unassigned,,
doi:10.14778/3685800.3685822,10.14778/3685800.3685822,1,"[""ACM""]","[[""ACM"",""N19089F026AB5C55B""]]","[""exclude""]",not_included,0,Unassigned,,
doi:10.14778/3734839.3734859,10.14778/3734839.3734859,1,"[""ACM""]","[[""ACM"",""E023""]]","[""exclude""]",not_included,0,Unassigned,,
doi:10.14778/3819518.3819568,10.14778/3819518.3819568,1,"[""ACM""]","[[""ACM"",""N9D2B2D40D2748448""]]","[""exclude""]",not_included,0,Unassigned,,
doi:10.14778/3827998.3828066,10.14778/3827998.3828066,1,"[""ACM""]","[[""ACM"",""E055""]]","[""include""]",included,0,Unassigned,,
doi:10.14778/3827998.3828081,10.14778/3827998.3828081,1,"[""ACM""]","[[""ACM"",""E012""]]","[""exclude""]",not_included,0,Unassigned,,
doi:10.14778/3827998.3828095,10.14778/3827998.3828095,1,"[""ACM""]","[[""ACM"",""N65E4B1465AF0A1BC""]]","[""exclude""]",not_included,0,Unassigned,,
doi:10.14778/3827998.3828105,10.14778/3827998.3828105,1,"[""ACM""]","[[""ACM"",""NF54230BD2ECB2842""]]","[""exclude""]",not_included,0,Unassigned,,
doi:10.14778/3827998.3838712,10.14778/3827998.3838712,1,"[""ACM""]","[[""ACM"",""N25A6A8009EEDA341""]]","[""exclude""]",not_included,0,Unassigned,,
doi:10.1609/aaai.v24i1.7614,10.1609/aaai.v24i1.7614,1,"[""AAAI""]","[[""AAAI"",""AA-31a54298b497c3fc03fd""]]","[""include""]",included,0,Unassigned,,
doi:10.1609/aaai.v24i1.7618,10.1609/aaai.v24i1.7618,1,"[""AAAI""]","[[""AAAI"",""AA-55f0afd26be72ed2534b""]]","[""exclude""]",not_included,0,Unassigned,,
doi:10.1609/aaai.v24i1.7625,10.1609/aaai.v24i1.7625,1,"[""AAAI""]","[[""AAAI"",""AA-00aae28350e143d818d4""]]","[""pending""]",not_included,1,Unassigned,,
doi:10.1609/aaai.v24i1.7628,10.1609/aaai.v24i1.7628,1,"[""AAAI""]","[[""AAAI"",""AA-4d7303b283ca37a84f48""]]","[""exclude""]",not_included,0,Unassigned,,
doi:10.1609/aaai.v24i1.7764,10.1609/aaai.v24i1.7764,1,"[""AAAI""]","[[""AAAI"",""AA-aa9dd013bb85f7c942ef""]]","[""exclude""]",not_included,0,Unassigned,,
doi:10.1609/aaai.v25i1.7863,10.1609/aaai.v25i1.7863,1,"[""AAAI""]","[[""AAAI"",""AA-16fa8fefbd769593f48a""]]","[""exclude""]",not_included,0,Unassigned,,
doi:10.1609/aaai.v25i1.7865,10.1609/aaai.v25i1.7865,1,"[""AAAI""]","[[""AAAI"",""AA-b59d8ef0237ecc4cf204""]]","[""exclude""]",not_included,0,Unassigned,,
doi:10.1609/aaai.v25i1.7883,10.1609/aaai.v25i1.7883,1,"[""AAAI""]","[[""AAAI"",""AA-6b600000f466342fd0d7""]]","[""exclude""]",not_included,0,Unassigned,,
doi:10.1609/aaai.v26i1.8172,10.1609/aaai.v26i1.8172,1,"[""AAAI""]","[[""AAAI"",""AA-4be94d702a76f3a8d955""]]","[""include""]",included,0,Unassigned,,
doi:10.1609/aaai.v26i1.8193,10.1609/aaai.v26i1.8193,1,"[""AAAI""]","[[""AAAI"",""AA-4dd3596629f190773a93""]]","[""exclude""]",not_included,0,Unassigned,,
doi:10.1609/aaai.v26i1.8235,10.1609/aaai.v26i1.8235,1,"[""AAAI""]","[[""AAAI"",""AA-fbc78177bd9b10b4d4d6""]]","[""exclude""]",not_included,0,Unassigned,,
doi:10.1609/aaai.v26i1.8245,10.1609/aaai.v26i1.8245,1,"[""AAAI""]","[[""AAAI"",""AA-2e977288ab05838f572d""]]","[""pending""]",not_included,1,Unassigned,,
doi:10.1609/aaai.v26i1.8262,10.1609/aaai.v26i1.8262,1,"[""AAAI""]","[[""AAAI"",""AA-a67f6f9de62a86931d91""]]","[""exclude""]",not_included,0,Unassigned,,
doi:10.1609/aaai.v26i1.8263,10.1609/aaai.v26i1.8263,1,"[""AAAI""]","[[""AAAI"",""AA-a70944b2f9dc7969697d""]]","[""exclude""]",not_included,0,Unassigned,,
doi:10.1609/aaai.v26i1.8395,10.1609/aaai.v26i1.8395,1,"[""AAAI""]","[[""AAAI"",""AA-c1c0765d26c38146ae4b""]]","[""exclude""]",not_included,0,Unassigned,,
doi:10.1609/aaai.v26i1.8416,10.1609/aaai.v26i1.8416,1,"[""AAAI""]","[[""AAAI"",""AA-7658986befa0a69372d3""]]","[""exclude""]",not_included,0,Unassigned,,
doi:10.1609/aaai.v27i1.8607,10.1609/aaai.v27i1.8607,1,"[""AAAI""]","[[""AAAI"",""AA-b79d2f2cb2edd53da520""]]","[""include""]",included,0,Unassigned,,
doi:10.1609/aaai.v28i1.8789,10.1609/aaai.v28i1.8789,1,"[""AAAI""]","[[""AAAI"",""AA-ee32dd1dbf6449a96bd0""]]","[""exclude""]",not_included,0,Unassigned,,
doi:10.1609/aaai.v28i1.8793,10.1609/aaai.v28i1.8793,1,"[""AAAI""]","[[""AAAI"",""AA-497fef6c007de9fea245""]]","[""pending""]",not_included,1,Unassigned,,
doi:10.1609/aaai.v28i1.8803,10.1609/aaai.v28i1.8803,1,"[""AAAI""]","[[""AAAI"",""AA-38b5925b46f31d00bb8c""]]","[""exclude""]",not_included,0,Unassigned,,
doi:10.1609/aaai.v28i1.8817,10.1609/aaai.v28i1.8817,1,"[""AAAI""]","[[""AAAI"",""AA-7df0a9f1fc5272331c89""]]","[""exclude""]",not_included,0,Unassigned,,
doi:10.1609/aaai.v28i1.8825,10.1609/aaai.v28i1.8825,1,"[""AAAI""]","[[""AAAI"",""AA-413eed6f883cfded920d""]]","[""exclude""]",not_included,0,Unassigned,,
doi:10.1609/aaai.v28i1.8828,10.1609/aaai.v28i1.8828,1,"[""AAAI""]","[[""AAAI"",""AA-041181d1b5e4e3c0c1a4""]]","[""exclude""]",not_included,0,Unassigned,,
doi:10.1609/aaai.v28i1.9089,10.1609/aaai.v28i1.9089,1,"[""AAAI""]","[[""AAAI"",""AA-5fc3aeaaa2464f820d33""]]","[""include""]",included,0,Unassigned,,
doi:10.1609/aaai.v29i1.9318,10.1609/aaai.v29i1.9318,1,"[""AAAI""]","[[""AAAI"",""AA-ac3a5492745c3246959e""]]","[""exclude""]",not_included,0,Unassigned,,
doi:10.1609/aaai.v29i1.9340,10.1609/aaai.v29i1.9340,1,"[""AAAI""]","[[""AAAI"",""AA-4f663990799913e6769e""]]","[""exclude""]",not_included,0,Unassigned,,
doi:10.1609/aaai.v29i1.9427,10.1609/aaai.v29i1.9427,1,"[""AAAI""]","[[""AAAI"",""AA-6ee462189e3431d7ac8a""]]","[""exclude""]",not_included,0,Unassigned,,
doi:10.1609/aaai.v29i1.9436,10.1609/aaai.v29i1.9436,1,"[""AAAI""]","[[""AAAI"",""AA-2c5ab3bca78e8d1d1132""]]","[""pending""]",not_included,1,Unassigned,,
doi:10.1609/aaai.v31i1.10609,10.1609/aaai.v31i1.10609,1,"[""AAAI""]","[[""AAAI"",""AA-57f03c7e3e4beff78c8e""]]","[""exclude""]",not_included,0,Unassigned,,
doi:10.1609/aaai.v31i1.10618,10.1609/aaai.v31i1.10618,1,"[""AAAI""]","[[""AAAI"",""AA-beed64efefa91a5dce6d""]]","[""exclude""]",not_included,0,Unassigned,,
doi:10.1609/aaai.v31i1.10624,10.1609/aaai.v31i1.10624,1,"[""AAAI""]","[[""AAAI"",""AA-8e08f3304dac448e59ed""]]","[""include""]",included,0,Unassigned,,
doi:10.1609/aaai.v32i1.11445,10.1609/aaai.v32i1.11445,1,"[""AAAI""]","[[""AAAI"",""AA-a0a54ea3c084e5aa3a97""]]","[""include""]",included,0,Unassigned,,
doi:10.1609/aaai.v32i1.11450,10.1609/aaai.v32i1.11450,1,"[""AAAI""]","[[""AAAI"",""AA-7a8c578a0b94742e9da1""]]","[""exclude""]",not_included,0,Unassigned,,
doi:10.1609/aaai.v32i1.11452,10.1609/aaai.v32i1.11452,1,"[""AAAI""]","[[""AAAI"",""AA-c504c57858262cb17a49""]]","[""exclude""]",not_included,0,Unassigned,,
doi:10.1609/aaai.v33i01.33011989,10.1609/aaai.v33i01.33011989,1,"[""AAAI""]","[[""AAAI"",""AA-159e83e56077ecd456d2""]]","[""exclude""]",not_included,0,Unassigned,,
doi:10.1609/aaai.v33i01.3301914,10.1609/aaai.v33i01.3301914,1,"[""AAAI""]","[[""AAAI"",""AA-d4c1f36ea3c9684448d0""]]","[""include""]",included,0,Unassigned,,
doi:10.1609/aaai.v34i02.5566,10.1609/aaai.v34i02.5566,1,"[""AAAI""]","[[""AAAI"",""AA-1683248aa43d1ddd2c2b""]]","[""exclude""]",not_included,0,Unassigned,,
doi:10.1609/aaai.v34i02.5568,10.1609/aaai.v34i02.5568,1,"[""AAAI""]","[[""AAAI"",""AA-aad952b7544fdba8e855""]]","[""include""]",included,0,Unassigned,,
doi:10.1609/aaai.v34i02.5571,10.1609/aaai.v34i02.5571,1,"[""AAAI""]","[[""AAAI"",""AA-a0c3c706940664379d14""]]","[""pending""]",not_included,1,Unassigned,,
doi:10.1609/aaai.v34i02.5600,10.1609/aaai.v34i02.5600,1,"[""AAAI""]","[[""AAAI"",""AA-88cdef3a754404ae5679""]]","[""include""]",included,0,Unassigned,,
doi:10.1609/aaai.v34i02.5607,10.1609/aaai.v34i02.5607,1,"[""AAAI""]","[[""AAAI"",""AA-8bf4cc13ce257d637741""]]","[""pending""]",not_included,1,Unassigned,,
doi:10.1609/aaai.v35i6.16644,10.1609/aaai.v35i6.16644,1,"[""AAAI""]","[[""AAAI"",""AA-bb976e6bd54c86d136e8""]]","[""exclude""]",not_included,0,Unassigned,,
doi:10.1609/aaai.v35i6.16645,10.1609/aaai.v35i6.16645,1,"[""AAAI""]","[[""AAAI"",""AA-8d39d22ee88cde7cebf3""]]","[""exclude""]",not_included,0,Unassigned,,
doi:10.1609/aaai.v35i6.16648,10.1609/aaai.v35i6.16648,1,"[""AAAI""]","[[""AAAI"",""AA-6d9385775356a4eee7fa""]]","[""exclude""]",not_included,0,Unassigned,,
doi:10.1609/aaai.v35i6.16671,10.1609/aaai.v35i6.16671,1,"[""AAAI""]","[[""AAAI"",""AA-633f0867d6b6a65cbd08""]]","[""exclude""]",not_included,0,Unassigned,,
doi:10.1609/aaai.v35i6.16679,10.1609/aaai.v35i6.16679,1,"[""AAAI""]","[[""AAAI"",""AA-35fde61f79d189cc5a36""]]","[""exclude""]",not_included,0,Unassigned,,
doi:10.1609/aaai.v35i6.16696,10.1609/aaai.v35i6.16696,1,"[""AAAI""]","[[""AAAI"",""AA-bad53f6f33307cc34d66""]]","[""include""]",included,0,Unassigned,,
doi:10.1609/aaai.v36i11.21506,10.1609/aaai.v36i11.21506,1,"[""AAAI""]","[[""AAAI"",""AA-f5d10feb427bfcab0c3b""]]","[""exclude""]",not_included,0,Unassigned,,
doi:10.1609/aaai.v36i11.21578,10.1609/aaai.v36i11.21578,1,"[""AAAI""]","[[""AAAI"",""AA-4eb28dca7742e8ff411c""]]","[""include""]",included,0,Unassigned,,
doi:10.1609/aaai.v37i10.26366,10.1609/aaai.v37i10.26366,1,"[""AAAI""]","[[""AAAI"",""AA-f4b3ab479af68abc226a""]]","[""pending""]",not_included,1,Unassigned,,
doi:10.1609/aaai.v37i5.25679,10.1609/aaai.v37i5.25679,1,"[""AAAI""]","[[""AAAI"",""AA-f47d9f05374ba3ca7092""]]","[""exclude""]",not_included,0,Unassigned,,
doi:10.1609/aaai.v37i5.25690,10.1609/aaai.v37i5.25690,1,"[""AAAI""]","[[""AAAI"",""AA-16ab783544266de77524""]]","[""exclude""]",not_included,0,Unassigned,,
doi:10.1609/aaai.v37i5.25726,10.1609/aaai.v37i5.25726,1,"[""AAAI""]","[[""AAAI"",""AA-67bf6dc3162dbabbda6b""]]","[""include""]",included,0,Unassigned,,
doi:10.1609/aaai.v38i16.29683,10.1609/aaai.v38i16.29683,1,"[""AAAI""]","[[""AAAI"",""AA-0aeaf23797c46fba0aae""]]","[""exclude""]",not_included,0,Unassigned,,
doi:10.1609/aaai.v38i9.28832,10.1609/aaai.v38i9.28832,1,"[""AAAI""]","[[""AAAI"",""AA-e0c5016d743523ced40b""]]","[""exclude""]",not_included,0,Unassigned,,
doi:10.1609/aaai.v38i9.28856,10.1609/aaai.v38i9.28856,1,"[""AAAI""]","[[""AAAI"",""AA-7f5c8a0623db7772cca1""]]","[""pending""]",not_included,1,Unassigned,,
doi:10.1609/aaai.v39i13.33494,10.1609/aaai.v39i13.33494,1,"[""AAAI""]","[[""AAAI"",""AA-5a99e958ef6db0bd91b5""]]","[""exclude""]",not_included,0,Unassigned,,
doi:10.1609/aaai.v39i13.33510,10.1609/aaai.v39i13.33510,1,"[""AAAI""]","[[""AAAI"",""AA-0d1da298a741d358f85d""]]","[""exclude""]",not_included,0,Unassigned,,
doi:10.1609/aaai.v39i13.33540,10.1609/aaai.v39i13.33540,1,"[""AAAI""]","[[""AAAI"",""AA-1e49f384ce1b980a11ea""]]","[""exclude""]",not_included,0,Unassigned,,
doi:10.1609/aaai.v39i13.33553,10.1609/aaai.v39i13.33553,1,"[""AAAI""]","[[""AAAI"",""AA-a9a1e46743d2740527a8""]]","[""exclude""]",not_included,0,Unassigned,,
doi:10.1609/aaai.v40i21.38822,10.1609/aaai.v40i21.38822,1,"[""AAAI""]","[[""AAAI"",""AA-635e838d07af75aa98a8""]]","[""include""]",included,0,Unassigned,,
doi:10.1609/aaai.v40i35.40182,10.1609/aaai.v40i35.40182,1,"[""AAAI""]","[[""AAAI"",""AA-bddc8a1fbd52daa3ad87""]]","[""exclude""]",not_included,0,Unassigned,,
doi:10.1609/aaai.v40i37.40347,10.1609/aaai.v40i37.40347,1,"[""AAAI""]","[[""AAAI"",""AA-91e04f1dcf9ae9eef561""]]","[""include""]",included,0,Unassigned,,
doi:10.1609/aaai.v40i37.40380,10.1609/aaai.v40i37.40380,1,"[""AAAI""]","[[""AAAI"",""AA-b782e5b6de62f8fd7cf6""]]","[""exclude""]",not_included,0,Unassigned,,
doi:10.1609/aaai.v40i39.40640,10.1609/aaai.v40i39.40640,1,"[""AAAI""]","[[""AAAI"",""AA-b72b78f81636ae07f839""]]","[""exclude""]",not_included,0,Unassigned,,
doi:10.1609/aaai.v40i42.40895,10.1609/aaai.v40i42.40895,1,"[""AAAI""]","[[""AAAI"",""AA-07a5420ece15afd7b289""]]","[""include""]",included,0,Unassigned,,
doi:10.1609/aaai.v40i42.40898,10.1609/aaai.v40i42.40898,1,"[""AAAI""]","[[""AAAI"",""AA-dd570ad0021232c2630a""]]","[""include""]",included,0,Unassigned,,
doi:10.1609/aaai.v40i47.41468,10.1609/aaai.v40i47.41468,1,"[""AAAI""]","[[""AAAI"",""AA-2358e28829254709c12d""]]","[""include""]",included,0,Unassigned,,
doi:10.1609/aaai.v40i48.42347,10.1609/aaai.v40i48.42347,1,"[""AAAI""]","[[""AAAI"",""AA-1db8afb120fd00d2419e""]]","[""exclude""]",not_included,0,Unassigned,,
doi:10.1609/aaai.v40i48.42381,10.1609/aaai.v40i48.42381,1,"[""AAAI""]","[[""AAAI"",""AA-413c9b6b4e455dd03f3d""]]","[""exclude""]",not_included,0,Unassigned,,
doi:10.1613/jair.1.11204,10.1613/jair.1.11204,1,"[""ACM""]","[[""ACM"",""N05639A9F331B3A0B""]]","[""exclude""]",not_included,0,Unassigned,,
doi:10.1613/jair.1.11215,10.1613/jair.1.11215,1,"[""ACM""]","[[""ACM"",""NBED79D48F3DB2150""]]","[""exclude""]",not_included,0,Unassigned,,
doi:10.1613/jair.1.11254,10.1613/jair.1.11254,1,"[""ACM""]","[[""ACM"",""N3A08D30600FD3511""]]","[""exclude""]",not_included,0,Unassigned,,
doi:10.1613/jair.1.12107,10.1613/jair.1.12107,1,"[""ACM""]","[[""ACM"",""N90574AA93701AD84""]]","[""exclude""]",not_included,0,Unassigned,,
doi:10.1613/jair.1.12594,10.1613/jair.1.12594,1,"[""ACM""]","[[""ACM"",""N13A2C75326347BEF""]]","[""exclude""]",not_included,0,Unassigned,,
doi:10.1613/jair.1.12918,10.1613/jair.1.12918,1,"[""ACM""]","[[""ACM"",""N80ACF4E131011707""]]","[""exclude""]",not_included,0,Unassigned,,
doi:10.1613/jair.1.13734,10.1613/jair.1.13734,1,"[""ACM""]","[[""ACM"",""N8041C4E6DC0A519A""]]","[""exclude""]",not_included,0,Unassigned,,
doi:10.1613/jair.1.14126,10.1613/jair.1.14126,1,"[""ACM""]","[[""ACM"",""N34A34084672E5E56""]]","[""include""]",included,0,Unassigned,,
doi:10.1613/jair.1.16146,10.1613/jair.1.16146,1,"[""ACM""]","[[""ACM"",""ND5BC8E62579D155C""]]","[""exclude""]",not_included,0,Unassigned,,
doi:10.1613/jair.1.16299,10.1613/jair.1.16299,1,"[""ACM""]","[[""ACM"",""N7701223B57030CEB""]]","[""exclude""]",not_included,0,Unassigned,,
doi:10.1613/jair.1.16817,10.1613/jair.1.16817,1,"[""ACM""]","[[""ACM"",""N7E6147A9F10978F9""]]","[""exclude""]",not_included,0,Unassigned,,
doi:10.1613/jair.1.18675,10.1613/jair.1.18675,1,"[""ACM""]","[[""ACM"",""NE8C8A8D533407CB3""]]","[""exclude""]",not_included,0,Unassigned,,
doi:10.17775/cseejpes.2020.06660,10.17775/cseejpes.2020.06660,1,"[""IEEE""]","[[""IEEE"",""I17B5F5882B81C02A""]]","[""include""]",included,0,Unassigned,,
doi:10.17775/cseejpes.2022.05640,10.17775/cseejpes.2022.05640,1,"[""IEEE""]","[[""IEEE"",""I77427895EA38ACC1""]]","[""exclude""]",not_included,0,Unassigned,,
doi:10.17775/cseejpes.2024.05300,10.17775/cseejpes.2024.05300,1,"[""IEEE""]","[[""IEEE"",""IF14A0A11EC77BACB""]]","[""include""]",included,0,Unassigned,,
doi:10.17775/cseejpes.2024.07290,10.17775/cseejpes.2024.07290,1,"[""IEEE""]","[[""IEEE"",""I406CAD6A47ADB3CC""]]","[""include""]",included,0,Unassigned,,
doi:10.23919/acc.2019.8814920,10.23919/acc.2019.8814920,1,"[""IEEE""]","[[""IEEE"",""I854D38CD5D9842A2""]]","[""exclude""]",not_included,0,Unassigned,,
doi:10.23919/acc60939.2024.10644203,10.23919/acc60939.2024.10644203,1,"[""IEEE""]","[[""IEEE"",""I2732EDAC2007A0E6""]]","[""exclude""]",not_included,0,Unassigned,,
doi:10.23919/acc63710.2025.11108101,10.23919/acc63710.2025.11108101,1,"[""IEEE""]","[[""IEEE"",""I39DFFD50954F520F""]]","[""exclude""]",not_included,0,Unassigned,,
doi:10.23919/aeit56783.2022.9951806,10.23919/aeit56783.2022.9951806,1,"[""IEEE""]","[[""IEEE"",""IBFC15D8E82F70710""]]","[""include""]",included,0,Unassigned,,
doi:10.23919/ccc63176.2024.10661197,10.23919/ccc63176.2024.10661197,1,"[""IEEE""]","[[""IEEE"",""I153E14B34795545D""]]","[""exclude""]",not_included,0,Unassigned,,
doi:10.23919/ccc64809.2025.11179618,10.23919/ccc64809.2025.11179618,1,"[""IEEE""]","[[""IEEE"",""I93D7322861235510""]]","[""exclude""]",not_included,0,Unassigned,,
doi:10.23919/chicc.2017.8028544,10.23919/chicc.2017.8028544,1,"[""IEEE""]","[[""IEEE"",""ID7E06F0B631CD66C""]]","[""include""]",included,0,Unassigned,,
doi:10.23919/cje.2014.10848015,10.23919/cje.2014.10848015,1,"[""IEEE""]","[[""IEEE"",""I0BF6DB7DCE4B87BB""]]","[""include""]",included,0,Unassigned,,
doi:10.23919/cje.2022.00.334,10.23919/cje.2022.00.334,1,"[""IEEE""]","[[""IEEE"",""I45D95D4178DB01AF""]]","[""exclude""]",not_included,0,Unassigned,,
doi:10.23919/ecc.2013.6669392,10.23919/ecc.2013.6669392,1,"[""IEEE""]","[[""IEEE"",""IB454832EAAA4E264""]]","[""exclude""]",not_included,0,Unassigned,,
doi:10.23919/ecc51009.2020.9143969,10.23919/ecc51009.2020.9143969,1,"[""IEEE""]","[[""IEEE"",""IFCC78769095B414A""]]","[""exclude""]",not_included,0,Unassigned,,
doi:10.23919/ecc57647.2023.10178126,10.23919/ecc57647.2023.10178126,1,"[""IEEE""]","[[""IEEE"",""IAD6EB4464FB40D8C""]]","[""exclude""]",not_included,0,Unassigned,,
doi:10.23919/eleco54474.2021.9677701,10.23919/eleco54474.2021.9677701,1,"[""IEEE""]","[[""IEEE"",""IAA10C79E7C89EC00""]]","[""exclude""]",not_included,0,Unassigned,,
doi:10.23919/fruct48121.2019.8981496,10.23919/fruct48121.2019.8981496,1,"[""IEEE""]","[[""IEEE"",""IE3613A61493D3FEA""]]","[""include""]",included,0,Unassigned,,
doi:10.23919/icmsscps00005.2026.00020,10.23919/icmsscps00005.2026.00020,1,"[""IEEE""]","[[""IEEE"",""I1F4DD2EE69C9DF6C""]]","[""exclude""]",not_included,0,Unassigned,,
doi:10.23919/iiai-aaicps00095.2026.00065,10.23919/iiai-aaicps00095.2026.00065,1,"[""IEEE""]","[[""IEEE"",""I20B2A821A062BA30""]]","[""exclude""]",not_included,0,Unassigned,,
doi:10.23919/iiai-aaicps00095.2026.00185,10.23919/iiai-aaicps00095.2026.00185,1,"[""IEEE""]","[[""IEEE"",""ID2D8E73F8F1980EB""]]","[""include""]",included,0,Unassigned,,
doi:10.23919/indiacom70271.2026.11526454,10.23919/indiacom70271.2026.11526454,1,"[""IEEE""]","[[""IEEE"",""I256E8FE84A2B47E4""]]","[""include""]",included,0,Unassigned,,
doi:10.23919/irs57608.2023.10172473,10.23919/irs57608.2023.10172473,1,"[""IEEE""]","[[""IEEE"",""I7684219F765A0149""]]","[""exclude""]",not_included,0,Unassigned,,
doi:10.23919/jsc.2025.0015,10.23919/jsc.2025.0015,1,"[""IEEE""]","[[""IEEE"",""I39F938F4F4B9C374""]]","[""exclude""]",not_included,0,Unassigned,,
doi:10.23919/mipro52101.2021.9597153,10.23919/mipro52101.2021.9597153,1,"[""IEEE""]","[[""IEEE"",""IF66CDF99C2D3B264""]]","[""exclude""]",not_included,0,Unassigned,,
doi:10.23919/ondm68511.2026.11618834,10.23919/ondm68511.2026.11618834,1,"[""IEEE""]","[[""IEEE"",""IEA54C657402F4708""]]","[""include""]",included,0,Unassigned,,
doi:10.23919/wiopt.2018.8362857,10.23919/wiopt.2018.8362857,1,"[""IEEE""]","[[""IEEE"",""I394C9026DDB7FE24""]]","[""exclude""]",not_included,0,Unassigned,,
doi:10.23919/wiopt66569.2025.11123293,10.23919/wiopt66569.2025.11123293,1,"[""IEEE""]","[[""IEEE"",""I7482576D69D8FD96""]]","[""pending""]",not_included,1,Unassigned,,
doi:10.23919/wiopt71098.2026.11568171,10.23919/wiopt71098.2026.11568171,1,"[""IEEE""]","[[""IEEE"",""I884497C0E9B31395""]]","[""exclude""]",not_included,0,Unassigned,,
doi:10.23919/wiopt71098.2026.11568240,10.23919/wiopt71098.2026.11568240,1,"[""IEEE""]","[[""IEEE"",""I0B4B45161B49FC1C""]]","[""exclude""]",not_included,0,Unassigned,,
doi:10.24963/ijcai.2017/15,10.24963/ijcai.2017/15,1,"[""IJCAI""]","[[""IJCAI"",""JH-305c57e243d82abde929""]]","[""pending""]",not_included,1,Unassigned,,
doi:10.24963/ijcai.2017/707,10.24963/ijcai.2017/707,1,"[""IJCAI""]","[[""IJCAI"",""JH-7addbfb32e5de4bea24e""]]","[""exclude""]",not_included,0,Unassigned,,
doi:10.24963/ijcai.2018/23,10.24963/ijcai.2018/23,1,"[""IJCAI""]","[[""IJCAI"",""JH-2452042c1b53afb23734""]]","[""include""]",included,0,Unassigned,,
doi:10.24963/ijcai.2018/61,10.24963/ijcai.2018/61,1,"[""IJCAI""]","[[""IJCAI"",""JH-5b642ff94d8428f39e9b""]]","[""include""]",included,0,Unassigned,,
doi:10.24963/ijcai.2018/693,10.24963/ijcai.2018/693,1,"[""IJCAI""]","[[""IJCAI"",""JH-cf40336107155bcc474f""]]","[""exclude""]",not_included,0,Unassigned,,
doi:10.24963/ijcai.2019/64,10.24963/ijcai.2019/64,1,"[""IJCAI""]","[[""IJCAI"",""JH-675ba8bae95e19cb8420""]]","[""exclude""]",not_included,0,Unassigned,,
doi:10.24963/ijcai.2019/957,10.24963/ijcai.2019/957,1,"[""IJCAI""]","[[""IJCAI"",""JH-21b33cf549d7fd066d0b""]]","[""include""]",included,0,Unassigned,,
doi:10.24963/ijcai.2020/33,10.24963/ijcai.2020/33,1,"[""IJCAI""]","[[""IJCAI"",""JH-58b3791efa6937825e45""]]","[""exclude""]",not_included,0,Unassigned,,
doi:10.24963/ijcai.2021/16,10.24963/ijcai.2021/16,1,"[""IJCAI""]","[[""IJCAI"",""JH-ef2830acb673a92afd5c""]]","[""exclude""]",not_included,0,Unassigned,,
doi:10.24963/ijcai.2021/401,10.24963/ijcai.2021/401,1,"[""IJCAI""]","[[""IJCAI"",""JH-29704b906512a8c8a748""]]","[""include""]",included,0,Unassigned,,
doi:10.24963/ijcai.2021/706,10.24963/ijcai.2021/706,1,"[""IJCAI""]","[[""IJCAI"",""JH-37dee9a65b8b83ea0173""]]","[""pending""]",not_included,1,Unassigned,,
doi:10.24963/ijcai.2022/23,10.24963/ijcai.2022/23,1,"[""IJCAI""]","[[""IJCAI"",""JH-523d11180c0488653e63""]]","[""include""]",included,0,Unassigned,,
doi:10.24963/ijcai.2022/711,10.24963/ijcai.2022/711,1,"[""IJCAI""]","[[""IJCAI"",""JH-2cea451ccff5d7af29fc""]]","[""exclude""]",not_included,0,Unassigned,,
doi:10.24963/ijcai.2022/77,10.24963/ijcai.2022/77,1,"[""IJCAI""]","[[""IJCAI"",""JH-4694a6f085a3e7574f38""]]","[""include""]",included,0,Unassigned,,
doi:10.24963/ijcai.2023/283,10.24963/ijcai.2023/283,1,"[""IJCAI""]","[[""IJCAI"",""JH-d3f14a122b64eeed5469""]]","[""include""]",included,0,Unassigned,,
doi:10.24963/ijcai.2023/474,10.24963/ijcai.2023/474,1,"[""IJCAI""]","[[""IJCAI"",""JH-c7f5f7eb586c4dbaf92e""]]","[""include""]",included,0,Unassigned,,
doi:10.24963/ijcai.2024/18,10.24963/ijcai.2024/18,1,"[""IJCAI""]","[[""IJCAI"",""JH-89a4b2ae0386ba70954b""]]","[""include""]",included,0,Unassigned,,
doi:10.24963/ijcai.2024/297,10.24963/ijcai.2024/297,1,"[""IJCAI""]","[[""IJCAI"",""JH-4078276a9ea11f30f1fc""]]","[""exclude""]",not_included,0,Unassigned,,
doi:10.24963/ijcai.2024/325,10.24963/ijcai.2024/325,1,"[""IJCAI""]","[[""IJCAI"",""JH-d0587b5e23a9eb491b6e""]]","[""include""]",included,0,Unassigned,,
doi:10.24963/ijcai.2024/912,10.24963/ijcai.2024/912,1,"[""IJCAI""]","[[""IJCAI"",""JH-32a4af42207e59cafc8e""]]","[""include""]",included,0,Unassigned,,
doi:10.24963/ijcai.2025/1210,10.24963/ijcai.2025/1210,1,"[""IJCAI""]","[[""IJCAI"",""JH-724019de377c0fb0ce52""]]","[""include""]",included,0,Unassigned,,
doi:10.24963/ijcai.2025/1263,10.24963/ijcai.2025/1263,1,"[""IJCAI""]","[[""IJCAI"",""JH-a28e1b2e406ebe76f1d7""]]","[""exclude""]",not_included,0,Unassigned,,
doi:10.24963/ijcai.2025/21,10.24963/ijcai.2025/21,1,"[""IJCAI""]","[[""IJCAI"",""JH-e6563734dc2457016ef7""]]","[""exclude""]",not_included,0,Unassigned,,
doi:10.24963/ijcai.2026/15,10.24963/ijcai.2026/15,1,"[""IJCAI""]","[[""IJCAI"",""JH-88ed8a738694837b1f35""]]","[""exclude""]",not_included,0,Unassigned,,
doi:10.24963/ijcai.2026/376,10.24963/ijcai.2026/376,1,"[""IJCAI""]","[[""IJCAI"",""JH-1bd8dbc7b8bde8f6e423""]]","[""exclude""]",not_included,0,Unassigned,,
doi:10.24963/ijcai.2026/386,10.24963/ijcai.2026/386,1,"[""IJCAI""]","[[""IJCAI"",""JH-f35c6145166aa65cc555""]]","[""exclude""]",not_included,0,Unassigned,,
doi:10.24963/ijcai.2026/41,10.24963/ijcai.2026/41,1,"[""IJCAI""]","[[""IJCAI"",""JH-9e012c3bed1b6c560e0c""]]","[""include""]",included,0,Unassigned,,
doi:10.24963/ijcai.2026/801,10.24963/ijcai.2026/801,1,"[""IJCAI""]","[[""IJCAI"",""JH-240cad87a17f90fa7fcf""]]","[""exclude""]",not_included,0,Unassigned,,
doi:10.26599/ijcs.2022.9100022,10.26599/ijcs.2022.9100022,1,"[""IEEE""]","[[""IEEE"",""I32B99FD08916CEF9""]]","[""exclude""]",not_included,0,Unassigned,,
doi:10.26599/ijcs.2025.9100001,10.26599/ijcs.2025.9100001,1,"[""IEEE""]","[[""IEEE"",""IC2237392BE77AC0C""]]","[""exclude""]",not_included,0,Unassigned,,
doi:10.26599/jic.2026.9180111,10.26599/jic.2026.9180111,1,"[""IEEE""]","[[""IEEE"",""I70F7BD56210F96CD""]]","[""include""]",included,0,Unassigned,,
doi:10.26599/jic.2026.9180130,10.26599/jic.2026.9180130,1,"[""IEEE""]","[[""IEEE"",""I2C8A3B921222B50B""]]","[""exclude""]",not_included,0,Unassigned,,
doi:10.4108/icst.5gu.2014.257843,10.4108/icst.5gu.2014.257843,1,"[""IEEE""]","[[""IEEE"",""IC0E988C29758CFE2""]]","[""include""]",included,0,Unassigned,,
doi:10.4108/icst.bodynets.2013.253682,10.4108/icst.bodynets.2013.253682,1,"[""ACM""]","[[""ACM"",""N3257E5BBA4912825""]]","[""exclude""]",not_included,0,Unassigned,,
doi:10.5555/1018409.1018735,10.5555/1018409.1018735,1,"[""ACM""]","[[""ACM"",""N223C1671751D9CE8""]]","[""exclude""]",not_included,0,Unassigned,,
doi:10.5555/1018409.1018740,10.5555/1018409.1018740,1,"[""ACM""]","[[""ACM"",""NCB4929D5814F994C""]]","[""exclude""]",not_included,0,Unassigned,,
doi:10.5555/1018409.1018749,10.5555/1018409.1018749,1,"[""ACM""]","[[""ACM"",""N23C4A2C1331985B9""]]","[""exclude""]",not_included,0,Unassigned,,
doi:10.5555/1018409.1018758,10.5555/1018409.1018758,1,"[""ACM""]","[[""ACM"",""N54CCFB69EA8D0C34""]]","[""include""]",included,0,Unassigned,,
doi:10.5555/1018409.1018770,10.5555/1018409.1018770,1,"[""ACM""]","[[""ACM"",""N2BD6F343B4CF8B38""]]","[""exclude""]",not_included,0,Unassigned,,
doi:10.5555/1018409.1018771,10.5555/1018409.1018771,1,"[""ACM""]","[[""ACM"",""NB50AB3A8CCD0A63C""]]","[""exclude""]",not_included,0,Unassigned,,
doi:10.5555/1018409.1018772,10.5555/1018409.1018772,1,"[""ACM""]","[[""ACM"",""NF47D7EE2AD8CDFBE""]]","[""exclude""]",not_included,0,Unassigned,,
doi:10.5555/1018410.1018823,10.5555/1018410.1018823,1,"[""ACM""]","[[""ACM"",""N947A75CABFF83AEC""]]","[""exclude""]",not_included,0,Unassigned,,
doi:10.5555/1018411.1018857,10.5555/1018411.1018857,1,"[""ACM""]","[[""ACM"",""N15E796D49550C669""]]","[""exclude""]",not_included,0,Unassigned,,
doi:10.5555/1018411.1018905,10.5555/1018411.1018905,1,"[""ACM""]","[[""ACM"",""NF5A060485C0B6179""]]","[""exclude""]",not_included,0,Unassigned,,
doi:10.5555/1018411.1018917,10.5555/1018411.1018917,1,"[""ACM""]","[[""ACM"",""N687812F5CDBD7B3C""]]","[""exclude""]",not_included,0,Unassigned,,
doi:10.5555/1018411.1018919,10.5555/1018411.1018919,1,"[""ACM""]","[[""ACM"",""N3E287D5922CCA668""]]","[""include""]",included,0,Unassigned,,
doi:10.5555/1018411.1018971,10.5555/1018411.1018971,1,"[""ACM""]","[[""ACM"",""NE11277BF1F89CD28""]]","[""exclude""]",not_included,0,Unassigned,,
doi:10.5555/1018411.1018977,10.5555/1018411.1018977,1,"[""ACM""]","[[""ACM"",""N72C907A6B7511305""]]","[""include""]",included,0,Unassigned,,
doi:10.5555/1018411.1018982,10.5555/1018411.1018982,1,"[""ACM""]","[[""ACM"",""N36EDCED322C5B3C7""]]","[""exclude""]",not_included,0,Unassigned,,
doi:10.5555/1018411.1018994,10.5555/1018411.1018994,1,"[""ACM""]","[[""ACM"",""NFC03AC3231FED18B""]]","[""exclude""]",not_included,0,Unassigned,,
doi:10.5555/1025132.1026291,10.5555/1025132.1026291,1,"[""ACM""]","[[""ACM"",""N8711D5665E82EF80""]]","[""exclude""]",not_included,0,Unassigned,,
doi:10.5555/1025132.1026312,10.5555/1025132.1026312,1,"[""ACM""]","[[""ACM"",""N081B2DC8EBCD61F7""]]","[""exclude""]",not_included,0,Unassigned,,
doi:10.5555/1025132.1026402,10.5555/1025132.1026402,1,"[""ACM""]","[[""ACM"",""N6093B351C5FD7F16""]]","[""exclude""]",not_included,0,Unassigned,,
doi:10.5555/1030818.1030972,10.5555/1030818.1030972,1,"[""ACM""]","[[""ACM"",""N628FD7A1CDA0F67F""]]","[""exclude""]",not_included,0,Unassigned,,
doi:10.5555/1036843.1036869,10.5555/1036843.1036869,1,"[""ACM""]","[[""ACM"",""N532615748BC83EA8""]]","[""include""]",included,0,Unassigned,,
doi:10.5555/1036843.1036900,10.5555/1036843.1036900,1,"[""ACM""]","[[""ACM"",""N254B7856BA5AE812""]]","[""exclude""]",not_included,0,Unassigned,,
doi:10.5555/1036843.1036909,10.5555/1036843.1036909,1,"[""ACM""]","[[""ACM"",""N1AD3179D30B446B3""]]","[""exclude""]",not_included,0,Unassigned,,
doi:10.5555/1040231.1040253,10.5555/1040231.1040253,1,"[""ACM""]","[[""ACM"",""N809B2F8719604578""]]","[""exclude""]",not_included,0,Unassigned,,
doi:10.5555/1065226.1065339,10.5555/1065226.1065339,1,"[""ACM""]","[[""ACM"",""N4D6D7A0A191DB2F2""]]","[""exclude""]",not_included,0,Unassigned,,
doi:10.5555/1070432.1070518,10.5555/1070432.1070518,1,"[""ACM""]","[[""ACM"",""N6A42BB87F3B62A91""]]","[""exclude""]",not_included,0,Unassigned,,
doi:10.5555/1072430.1072431,10.5555/1072430.1072431,1,"[""ACM""]","[[""ACM"",""N89E60DDD395B7AEF""]]","[""exclude""]",not_included,0,Unassigned,,
doi:10.5555/1074100.1074620,10.5555/1074100.1074620,1,"[""ACM""]","[[""ACM"",""N391F65203E7A5EAD""]]","[""exclude""]",not_included,0,Unassigned,,
doi:10.5555/1082338.1082346,10.5555/1082338.1082346,1,"[""ACM""]","[[""ACM"",""N1703CC3751EC6A3A""]]","[""exclude""]",not_included,0,Unassigned,,
doi:10.5555/1105634.1105647,10.5555/1105634.1105647,1,"[""ACM""]","[[""ACM"",""N9D1CD03693C50E5E""]]","[""include""]",included,0,Unassigned,,
doi:10.5555/1109557.1109674,10.5555/1109557.1109674,1,"[""ACM""]","[[""ACM"",""N37F624BFEA928C04""]]","[""exclude""]",not_included,0,Unassigned,,
doi:10.5555/1109557.1109677,10.5555/1109557.1109677,1,"[""ACM""]","[[""ACM"",""N5601EED3013FD964""]]","[""exclude""]",not_included,0,Unassigned,,
doi:10.5555/1124191.1124290,10.5555/1124191.1124290,1,"[""ACM""]","[[""ACM"",""NE4B20B218F5519AE""]]","[""exclude""]",not_included,0,Unassigned,,
doi:10.5555/1124191.1124311,10.5555/1124191.1124311,1,"[""ACM""]","[[""ACM"",""N416DFA784F295A85""]]","[""exclude""]",not_included,0,Unassigned,,
doi:10.5555/1162708.1162726,10.5555/1162708.1162726,1,"[""ACM""]","[[""ACM"",""N397BD3260582D19D""]]","[""exclude""]",not_included,0,Unassigned,,
doi:10.5555/1218064.1218067,10.5555/1218064.1218067,1,"[""ACM""]","[[""ACM"",""NDA7CF0F5BD242408""]]","[""exclude""]",not_included,0,Unassigned,,
doi:10.5555/1283383.1283400,10.5555/1283383.1283400,1,"[""ACM""]","[[""ACM"",""N2EE74ECEACE373F2""]]","[""exclude""]",not_included,0,Unassigned,,
doi:10.5555/1283383.1283459,10.5555/1283383.1283459,1,"[""ACM""]","[[""ACM"",""N0971AD4A5C83157F""]]","[""exclude""]",not_included,0,Unassigned,,
doi:10.5555/1286711.1286732,10.5555/1286711.1286732,1,"[""ACM""]","[[""ACM"",""NCD52EFF6089FA5BA""]]","[""exclude""]",not_included,0,Unassigned,,
doi:10.5555/1325851.1325874,10.5555/1325851.1325874,1,"[""ACM""]","[[""ACM"",""ND025858C14D80C68""]]","[""exclude""]",not_included,0,Unassigned,,
doi:10.5555/1339264.1339641,10.5555/1339264.1339641,1,"[""ACM""]","[[""ACM"",""N340D4789DD640B72""]]","[""include""]",included,0,Unassigned,,
doi:10.5555/1339264.1339748,10.5555/1339264.1339748,1,"[""ACM""]","[[""ACM"",""NF839B71982708A34""]]","[""include""]",included,0,Unassigned,,
doi:10.5555/1339264.1339749,10.5555/1339264.1339749,1,"[""ACM""]","[[""ACM"",""N9BC027332654F0CD""]]","[""include""]",included,0,Unassigned,,
doi:10.5555/1347082.1347177,10.5555/1347082.1347177,1,"[""ACM""]","[[""ACM"",""N972A2A5D0EA538FD""]]","[""exclude""]",not_included,0,Unassigned,,
doi:10.5555/1347082.1347179,10.5555/1347082.1347179,1,"[""ACM""]","[[""ACM"",""NB72076B04CA9FA36""]]","[""exclude""]",not_included,0,Unassigned,,
doi:10.5555/1366804.1366856,10.5555/1366804.1366856,1,"[""ACM""]","[[""ACM"",""N4476CFB174601287""]]","[""exclude""]",not_included,0,Unassigned,,
doi:10.5555/1367832.1367838,10.5555/1367832.1367838,1,"[""ACM""]","[[""ACM"",""N041C9CEFF9ED2E41""]]","[""exclude""]",not_included,0,Unassigned,,
doi:10.5555/1390681.1442787,10.5555/1390681.1442787,1,"[""ACM""]","[[""ACM"",""NEBC3CF3C7824EDFA""]]","[""exclude""]",not_included,0,Unassigned,,
doi:10.5555/1400549.1400561,10.5555/1400549.1400561,1,"[""ACM""]","[[""ACM"",""N938CDCD3736CCCBD""]]","[""exclude""]",not_included,0,Unassigned,,
doi:10.5555/1402298.1402301,10.5555/1402298.1402301,1,"[""ACM""]","[[""ACM"",""N351A9CB636497E1D""]]","[""exclude""]",not_included,0,Unassigned,,
doi:10.5555/1402298.1402361,10.5555/1402298.1402361,1,"[""ACM""]","[[""ACM"",""N47C6E095F1F3A3CC""]]","[""exclude""]",not_included,0,Unassigned,,
doi:10.5555/1402298.1402366,10.5555/1402298.1402366,1,"[""ACM""]","[[""ACM"",""N2D5A188187E25295""]]","[""exclude""]",not_included,0,Unassigned,,
doi:10.5555/1402298.1402367,10.5555/1402298.1402367,1,"[""ACM""]","[[""ACM"",""N5CD640CA8512CC22""]]","[""exclude""]",not_included,0,Unassigned,,
doi:10.5555/1402298.1402370,10.5555/1402298.1402370,1,"[""ACM""]","[[""ACM"",""NEAEC6586387BFAFC""]]","[""exclude""]",not_included,0,Unassigned,,
doi:10.5555/1402383.1402409,10.5555/1402383.1402409,1,"[""ACM""]","[[""ACM"",""N7DB455E7D768F909""]]","[""exclude""]",not_included,0,Unassigned,,
doi:10.5555/1402383.1402413,10.5555/1402383.1402413,1,"[""ACM""]","[[""ACM"",""N91EE16D1C1D3E935""]]","[""exclude""]",not_included,0,Unassigned,,
doi:10.5555/1402744.1402748,10.5555/1402744.1402748,1,"[""ACM""]","[[""ACM"",""NC8318D53FF985169""]]","[""exclude""]",not_included,0,Unassigned,,
doi:10.5555/1402744.1402772,10.5555/1402744.1402772,1,"[""ACM""]","[[""ACM"",""N8F41EEF3809C325D""]]","[""include""]",included,0,Unassigned,,
doi:10.5555/1402782.1402784,10.5555/1402782.1402784,1,"[""ACM""]","[[""ACM"",""N8666D3522ECEB634""]]","[""include""]",included,0,Unassigned,,
doi:10.5555/1402782.1402790,10.5555/1402782.1402790,1,"[""ACM""]","[[""ACM"",""NCF05AA036DAC6B77""]]","[""exclude""]",not_included,0,Unassigned,,
doi:10.5555/1402782.1402792,10.5555/1402782.1402792,1,"[""ACM""]","[[""ACM"",""N74CB884CB2D86ADE""]]","[""exclude""]",not_included,0,Unassigned,,
doi:10.5555/1402795,10.5555/1402795,1,"[""ACM""]","[[""ACM"",""ND5CEB97448DA2F9E""]]","[""exclude""]",not_included,0,Unassigned,,
doi:10.5555/1402795.1402797,10.5555/1402795.1402797,1,"[""ACM""]","[[""ACM"",""N9A8A348F9BB2252F""]]","[""include""]",included,0,Unassigned,,
doi:10.5555/1402795.1402808,10.5555/1402795.1402808,1,"[""ACM""]","[[""ACM"",""NFAA6408C616739B2""]]","[""exclude""]",not_included,0,Unassigned,,
doi:10.5555/1402821.1402922,10.5555/1402821.1402922,1,"[""ACM""]","[[""ACM"",""NFDD01B490C897FE5""]]","[""exclude""]",not_included,0,Unassigned,,
doi:10.5555/1402821.1402929,10.5555/1402821.1402929,1,"[""ACM""]","[[""ACM"",""ND886CDA773C56674""]]","[""exclude""]",not_included,0,Unassigned,,
doi:10.5555/1402821.1402931,10.5555/1402821.1402931,1,"[""ACM""]","[[""ACM"",""N21103324AF85A8A6""]]","[""exclude""]",not_included,0,Unassigned,,
doi:10.5555/1402821.1402932,10.5555/1402821.1402932,1,"[""ACM""]","[[""ACM"",""N124E03F369E00BFD""]]","[""exclude""]",not_included,0,Unassigned,,
doi:10.5555/1402821.1402933,10.5555/1402821.1402933,1,"[""ACM""]","[[""ACM"",""NE1C3662E510185A1""]]","[""include""]",included,0,Unassigned,,
doi:10.5555/1402821.1402934,10.5555/1402821.1402934,1,"[""ACM""]","[[""ACM"",""N3B93EC94936B8122""]]","[""include""]",included,0,Unassigned,,
doi:10.5555/1402821.1402938,10.5555/1402821.1402938,1,"[""ACM""]","[[""ACM"",""N6E916C53E5CCBC6E""]]","[""include""]",included,0,Unassigned,,
doi:10.5555/1402821.1402940,10.5555/1402821.1402940,1,"[""ACM""]","[[""ACM"",""NE1AFB54021843F0E""]]","[""exclude""]",not_included,0,Unassigned,,
doi:10.5555/1517524.1517527,10.5555/1517524.1517527,1,"[""ACM""]","[[""ACM"",""N8898E43707B25129""]]","[""include""]",included,0,Unassigned,,
doi:10.5555/1558013,10.5555/1558013,1,"[""ACM""]","[[""ACM"",""N49A76476A7CD1890""]]","[""exclude""]",not_included,0,Unassigned,,
doi:10.5555/1558013.1558049,10.5555/1558013.1558049,1,"[""ACM""]","[[""ACM"",""N55B175010A217CBF""]]","[""exclude""]",not_included,0,Unassigned,,
doi:10.5555/1558109.1558224,10.5555/1558109.1558224,1,"[""ACM""]","[[""ACM"",""NB7A6A335AA56BACA""]]","[""include""]",included,0,Unassigned,,
doi:10.5555/1558109.1558253,10.5555/1558109.1558253,1,"[""ACM""]","[[""ACM"",""NFD12F22E9D6CF8F1""]]","[""include""]",included,0,Unassigned,,
doi:10.5555/1558109.1558254,10.5555/1558109.1558254,1,"[""ACM""]","[[""ACM"",""N22BFE01C5FA07D44""]]","[""include""]",included,0,Unassigned,,
doi:10.5555/1558109.1558257,10.5555/1558109.1558257,1,"[""ACM""]","[[""ACM"",""N65B41F27D7AD81DA""]]","[""exclude""]",not_included,0,Unassigned,,
doi:10.5555/1558109.1558267,10.5555/1558109.1558267,1,"[""ACM""]","[[""ACM"",""N1103488754962DEB""]]","[""exclude""]",not_included,0,Unassigned,,
doi:10.5555/1558109.1558303,10.5555/1558109.1558303,1,"[""ACM""]","[[""ACM"",""NAF563CB04EC77965""]]","[""exclude""]",not_included,0,Unassigned,,
doi:10.5555/1558109.1558309,10.5555/1558109.1558309,1,"[""ACM""]","[[""ACM"",""N39C5820A9CEE1D37""]]","[""exclude""]",not_included,0,Unassigned,,
doi:10.5555/1622434.1622442,10.5555/1622434.1622442,1,"[""ACM""]","[[""ACM"",""N140116D0EAD60470""]]","[""include""]",included,0,Unassigned,,
doi:10.5555/1622434.1622449,10.5555/1622434.1622449,1,"[""ACM""]","[[""ACM"",""NAF2030111727C2AA""]]","[""include""]",included,0,Unassigned,,
doi:10.5555/1622467.1622470,10.5555/1622467.1622470,1,"[""ACM""]","[[""ACM"",""NCC721B2A1C1819FC""]]","[""exclude""]",not_included,0,Unassigned,,
doi:10.5555/1622487.1622494,10.5555/1622487.1622494,1,"[""ACM""]","[[""ACM"",""N9281A7066FA19BE3""]]","[""include""]",included,0,Unassigned,,
doi:10.5555/1622572.1622587,10.5555/1622572.1622587,1,"[""ACM""]","[[""ACM"",""NB7E2DF221711F221""]]","[""exclude""]",not_included,0,Unassigned,,
doi:10.5555/1622606.1622608,10.5555/1622606.1622608,1,"[""ACM""]","[[""ACM"",""NA8C36E2D89EBB11E""]]","[""exclude""]",not_included,0,Unassigned,,
doi:10.5555/1622637.1622641,10.5555/1622637.1622641,1,"[""ACM""]","[[""ACM"",""ND9DEAE5F255B94F5""]]","[""include""]",included,0,Unassigned,,
doi:10.5555/1622655.1622671,10.5555/1622655.1622671,1,"[""ACM""]","[[""ACM"",""N4B21AFC9EDA1AC40""]]","[""exclude""]",not_included,0,Unassigned,,
doi:10.5555/1622673.1622691,10.5555/1622673.1622691,1,"[""ACM""]","[[""ACM"",""N3913F543CF47B227""]]","[""include""]",included,0,Unassigned,,
doi:10.5555/1622673.1622697,10.5555/1622673.1622697,1,"[""ACM""]","[[""ACM"",""N384DDE30516BD394""]]","[""exclude""]",not_included,0,Unassigned,,
doi:10.5555/1622716.1622720,10.5555/1622716.1622720,1,"[""ACM""]","[[""ACM"",""NB870A0285C07BB26""]]","[""exclude""]",not_included,0,Unassigned,,
doi:10.5555/1622810.1622822,10.5555/1622810.1622822,1,"[""ACM""]","[[""ACM"",""N973E47AA03002023""]]","[""exclude""]",not_included,0,Unassigned,,
doi:10.5555/1734953.1734965,10.5555/1734953.1734965,1,"[""ACM""]","[[""ACM"",""N37EA024E861A8417""]]","[""include""]",included,0,Unassigned,,
doi:10.5555/1775223.1775244,10.5555/1775223.1775244,1,"[""ACM""]","[[""ACM"",""NC9C6CF2BBC86A6E1""]]","[""exclude""]",not_included,0,Unassigned,,
doi:10.5555/1782254.1782314,10.5555/1782254.1782314,1,"[""ACM""]","[[""ACM"",""NA02CF1B87092122D""]]","[""exclude""]",not_included,0,Unassigned,,
doi:10.5555/1838206.1838250,10.5555/1838206.1838250,1,"[""ACM""]","[[""ACM"",""N0A3D79FFBD142B7F""]]","[""exclude""]",not_included,0,Unassigned,,
doi:10.5555/1838206.1838266,10.5555/1838206.1838266,1,"[""ACM""]","[[""ACM"",""N3F1FDD60B1062F32""]]","[""exclude""]",not_included,0,Unassigned,,
doi:10.5555/1838206.1838323,10.5555/1838206.1838323,1,"[""ACM""]","[[""ACM"",""N2DD0D546DA376511""]]","[""exclude""]",not_included,0,Unassigned,,
doi:10.5555/1838206.1838324,10.5555/1838206.1838324,1,"[""ACM""]","[[""ACM"",""ND6A00A46F2F8E90B""]]","[""exclude""]",not_included,0,Unassigned,,
doi:10.5555/1838206.1838338,10.5555/1838206.1838338,1,"[""ACM""]","[[""ACM"",""NB6EF7183813C3F96""]]","[""include""]",included,0,Unassigned,,
doi:10.5555/1838206.1838372,10.5555/1838206.1838372,1,"[""ACM""]","[[""ACM"",""N9787D42B663B113A""]]","[""include""]",included,0,Unassigned,,
doi:10.5555/1838206.1838373,10.5555/1838206.1838373,1,"[""ACM""]","[[""ACM"",""N07301784C0282A1D""]]","[""exclude""]",not_included,0,Unassigned,,
doi:10.5555/1838206.1838391,10.5555/1838206.1838391,1,"[""ACM""]","[[""ACM"",""N3A62116B706887BE""]]","[""exclude""]",not_included,0,Unassigned,,
doi:10.5555/1838206.1838413,10.5555/1838206.1838413,1,"[""ACM""]","[[""ACM"",""N7DA0CEC5D14DCE21""]]","[""include""]",included,0,Unassigned,,
doi:10.5555/1838206.1838439,10.5555/1838206.1838439,1,"[""ACM""]","[[""ACM"",""N15A86103E2A2DCD8""]]","[""exclude""]",not_included,0,Unassigned,,
doi:10.5555/1838206.1838442,10.5555/1838206.1838442,1,"[""ACM""]","[[""ACM"",""N8AD8E39D8822C34A""]]","[""exclude""]",not_included,0,Unassigned,,
doi:10.5555/1838206.1838443,10.5555/1838206.1838443,1,"[""ACM""]","[[""ACM"",""NE713EB2A2B46FB96""]]","[""exclude""]",not_included,0,Unassigned,,
doi:10.5555/1838206.1838479,10.5555/1838206.1838479,1,"[""ACM""]","[[""ACM"",""E105""]]","[""exclude""]",not_included,0,Unassigned,,
doi:10.5555/1862805.1862820,10.5555/1862805.1862820,1,"[""ACM""]","[[""ACM"",""N91705144DABE3239""]]","[""exclude""]",not_included,0,Unassigned,,
doi:10.5555/1866939.1866947,10.5555/1866939.1866947,1,"[""ACM""]","[[""ACM"",""NAFE0C3B41F8D1AD0""]]","[""exclude""]",not_included,0,Unassigned,,
doi:10.5555/1873601.1873647,10.5555/1873601.1873647,1,"[""ACM""]","[[""ACM"",""NCC45B61A5579DDFC""]]","[""exclude""]",not_included,0,Unassigned,,
doi:10.5555/1873601.1873649,10.5555/1873601.1873649,1,"[""ACM""]","[[""ACM"",""N353F55C79449B711""]]","[""exclude""]",not_included,0,Unassigned,,
doi:10.5555/1926058.1926105,10.5555/1926058.1926105,1,"[""ACM""]","[[""ACM"",""N387A222D6A961EE4""]]","[""exclude""]",not_included,0,Unassigned,,
doi:10.5555/1929237.1929258,10.5555/1929237.1929258,1,"[""ACM""]","[[""ACM"",""NCA1CC59FD17420B2""]]","[""exclude""]",not_included,0,Unassigned,,
doi:10.5555/1946417.1946431,10.5555/1946417.1946431,1,"[""ACM""]","[[""ACM"",""N9001290776B76407""]]","[""exclude""]",not_included,0,Unassigned,,
doi:10.5555/1999416.1999425,10.5555/1999416.1999425,1,"[""ACM""]","[[""ACM"",""N48CC2C475D9A383B""]]","[""exclude""]",not_included,0,Unassigned,,
doi:10.5555/2016945.2016952,10.5555/2016945.2016952,1,"[""ACM""]","[[""ACM"",""N12152ACEBF18D77C""]]","[""exclude""]",not_included,0,Unassigned,,
doi:10.5555/2030470.2030532,10.5555/2030470.2030532,1,"[""ACM""]","[[""ACM"",""NB54DD5331AB56163""]]","[""exclude""]",not_included,0,Unassigned,,
doi:10.5555/2031678.2031694,10.5555/2031678.2031694,1,"[""ACM""]","[[""ACM"",""NB73A445A0ADE9E6E""]]","[""exclude""]",not_included,0,Unassigned,,
doi:10.5555/2031678.2031710,10.5555/2031678.2031710,1,"[""ACM""]","[[""ACM"",""NF24590502462D540""]]","[""exclude""]",not_included,0,Unassigned,,
doi:10.5555/2031678.2031730,10.5555/2031678.2031730,1,"[""ACM""]","[[""ACM"",""N632F0EF7211807F3""]]","[""include""]",included,0,Unassigned,,
doi:10.5555/2031678.2031733,10.5555/2031678.2031733,1,"[""ACM""]","[[""ACM"",""N0EAEA8E1CD731EE8""]]","[""include""]",included,0,Unassigned,,
doi:10.5555/2031678.2031742,10.5555/2031678.2031742,1,"[""ACM""]","[[""ACM"",""N81967ADD498C62C0""]]","[""exclude""]",not_included,0,Unassigned,,
doi:10.5555/2031678.2031744,10.5555/2031678.2031744,1,"[""ACM""]","[[""ACM"",""N93472A1B9EDEF35E""]]","[""exclude""]",not_included,0,Unassigned,,
doi:10.5555/2034396.2034462,10.5555/2034396.2034462,1,"[""ACM""]","[[""ACM"",""NE3EEB87FD4D7491D""]]","[""exclude""]",not_included,0,Unassigned,,
doi:10.5555/2034396.2034466,10.5555/2034396.2034466,1,"[""ACM""]","[[""ACM"",""N854F10738063B87F""]]","[""exclude""]",not_included,0,Unassigned,,
doi:10.5555/2034396.2034467,10.5555/2034396.2034467,1,"[""ACM""]","[[""ACM"",""N7216215E7E8BCB9C""]]","[""exclude""]",not_included,0,Unassigned,,
doi:10.5555/2034396.2034570,10.5555/2034396.2034570,1,"[""ACM""]","[[""ACM"",""N7BFB94F2218EFAC3""]]","[""exclude""]",not_included,0,Unassigned,,
doi:10.5555/2038836.2038856,10.5555/2038836.2038856,1,"[""ACM""]","[[""ACM"",""N9C444395E448EEF5""]]","[""exclude""]",not_included,0,Unassigned,,
doi:10.5555/2095116.2095186,10.5555/2095116.2095186,1,"[""ACM""]","[[""ACM"",""N1292434F2772DDBC""]]","[""exclude""]",not_included,0,Unassigned,,
doi:10.5555/2095116.2095187,10.5555/2095116.2095187,1,"[""ACM""]","[[""ACM"",""N5C24D80CBBE7E90D""]]","[""exclude""]",not_included,0,Unassigned,,
doi:10.5555/2133036.2133093,10.5555/2133036.2133093,1,"[""ACM""]","[[""ACM"",""NC3C7BD58EC5D1DFF""]]","[""exclude""]",not_included,0,Unassigned,,
doi:10.5555/2147671.2147747,10.5555/2147671.2147747,1,"[""ACM""]","[[""ACM"",""E048""]]","[""include""]",included,0,Unassigned,,
doi:10.5555/2163970.2163996,10.5555/2163970.2163996,1,"[""ACM""]","[[""ACM"",""N470EA9979334F479""]]","[""exclude""]",not_included,0,Unassigned,,
doi:10.5555/2343776.2343791,10.5555/2343776.2343791,1,"[""ACM""]","[[""ACM"",""N4293524C267DBE18""]]","[""include""]",included,0,Unassigned,,
doi:10.5555/2343776.2343795,10.5555/2343776.2343795,1,"[""ACM""]","[[""ACM"",""NDD4AF436DB2C5A67""]]","[""exclude""]",not_included,0,Unassigned,,
doi:10.5555/2343776.2343801,10.5555/2343776.2343801,1,"[""ACM""]","[[""ACM"",""NCFC3399CF234CE1C""]]","[""exclude""]",not_included,0,Unassigned,,
doi:10.5555/2343776.2343803,10.5555/2343776.2343803,1,"[""ACM""]","[[""ACM"",""N074B9F85468DBA15""]]","[""exclude""]",not_included,0,Unassigned,,
doi:10.5555/2343896.2343901,10.5555/2343896.2343901,1,"[""ACM""]","[[""ACM"",""NFB5C3DCD2A4114F1""]]","[""exclude""]",not_included,0,Unassigned,,
doi:10.5555/2343896.2343914,10.5555/2343896.2343914,1,"[""ACM""]","[[""ACM"",""N8010920E7EBEDF79""]]","[""exclude""]",not_included,0,Unassigned,,
doi:10.5555/2343896.2343932,10.5555/2343896.2343932,1,"[""ACM""]","[[""ACM"",""NBE6D5609D30C2B96""]]","[""exclude""]",not_included,0,Unassigned,,
doi:10.5555/2343896.2343969,10.5555/2343896.2343969,1,"[""ACM""]","[[""ACM"",""N530D1D389CF51642""]]","[""exclude""]",not_included,0,Unassigned,,
doi:10.5555/2343896.2343970,10.5555/2343896.2343970,1,"[""ACM""]","[[""ACM"",""N1A5B5580D4A0B233""]]","[""exclude""]",not_included,0,Unassigned,,
doi:10.5555/2343896.2343983,10.5555/2343896.2343983,1,"[""ACM""]","[[""ACM"",""N3EE6587D915BAE2C""]]","[""exclude""]",not_included,0,Unassigned,,
doi:10.5555/2343896.2344014,10.5555/2343896.2344014,1,"[""ACM""]","[[""ACM"",""NF78A6B064FFC6C19""]]","[""exclude""]",not_included,0,Unassigned,,
doi:10.5555/2343896.2344018,10.5555/2343896.2344018,1,"[""ACM""]","[[""ACM"",""NCA3FE09F5EBFCBA6""]]","[""exclude""]",not_included,0,Unassigned,,
doi:10.5555/2384368.2384402,10.5555/2384368.2384402,1,"[""ACM""]","[[""ACM"",""NAFA7BE0768901AD9""]]","[""exclude""]",not_included,0,Unassigned,,
doi:10.5555/2387915.2387931,10.5555/2387915.2387931,1,"[""ACM""]","[[""ACM"",""N20F22EE6AF8DC17D""]]","[""exclude""]",not_included,0,Unassigned,,
doi:10.5555/2429759.2429864,10.5555/2429759.2429864,1,"[""ACM""]","[[""ACM"",""N81A61274CF269A91""]]","[""include""]",included,0,Unassigned,,
doi:10.5555/2429759.2430182,10.5555/2429759.2430182,1,"[""ACM""]","[[""ACM"",""N0645F7CA3C6298ED""]]","[""exclude""]",not_included,0,Unassigned,,
doi:10.5555/2429759.2430195,10.5555/2429759.2430195,1,"[""ACM""]","[[""ACM"",""NAE2FEFCA458CE898""]]","[""exclude""]",not_included,0,Unassigned,,
doi:10.5555/2433508.2433525,10.5555/2433508.2433525,1,"[""ACM""]","[[""ACM"",""N1A21E35AB475120E""]]","[""exclude""]",not_included,0,Unassigned,,
doi:10.5555/2433508.2433547,10.5555/2433508.2433547,1,"[""ACM""]","[[""ACM"",""NFC42E654A6AA4DB9""]]","[""exclude""]",not_included,0,Unassigned,,
doi:10.5555/2433508.2433671,10.5555/2433508.2433671,1,"[""ACM""]","[[""ACM"",""N71DCF859F1D647C2""]]","[""exclude""]",not_included,0,Unassigned,,
doi:10.5555/2484920.2484961,10.5555/2484920.2484961,1,"[""ACM""]","[[""ACM"",""N0663E97F477C6E8C""]]","[""exclude""]",not_included,0,Unassigned,,
doi:10.5555/2484920.2485020,10.5555/2484920.2485020,1,"[""ACM""]","[[""ACM"",""NCF611CDA05A67A1A""]]","[""exclude""]",not_included,0,Unassigned,,
doi:10.5555/2484920.2485023,10.5555/2484920.2485023,1,"[""ACM""]","[[""ACM"",""NB59152521ABDB352""]]","[""exclude""]",not_included,0,Unassigned,,
doi:10.5555/2484920.2485026,10.5555/2484920.2485026,1,"[""ACM""]","[[""ACM"",""N494D1089FEDB60AA""]]","[""exclude""]",not_included,0,Unassigned,,
doi:10.5555/2484920.2485027,10.5555/2484920.2485027,1,"[""ACM""]","[[""ACM"",""E162""]]","[""exclude""]",not_included,0,Unassigned,,
doi:10.5555/2484920.2485074,10.5555/2484920.2485074,1,"[""ACM""]","[[""ACM"",""N44529714C1E32225""]]","[""exclude""]",not_included,0,Unassigned,,
doi:10.5555/2484920.2485076,10.5555/2484920.2485076,1,"[""ACM""]","[[""ACM"",""NB2B7E60B79ED7AD5""]]","[""exclude""]",not_included,0,Unassigned,,
doi:10.5555/2484920.2485079,10.5555/2484920.2485079,1,"[""ACM""]","[[""ACM"",""ND2C7EE3BB00125EC""]]","[""exclude""]",not_included,0,Unassigned,,
doi:10.5555/2484920.2485121,10.5555/2484920.2485121,1,"[""ACM""]","[[""ACM"",""N01DED2CA88457B09""]]","[""include""]",included,0,Unassigned,,
doi:10.5555/2484920.2485123,10.5555/2484920.2485123,1,"[""ACM""]","[[""ACM"",""NCE530285E99C9DE2""]]","[""exclude""]",not_included,0,Unassigned,,
doi:10.5555/2484920.2485169,10.5555/2484920.2485169,1,"[""ACM""]","[[""ACM"",""N5F1C909865B508EB""]]","[""include""]",included,0,Unassigned,,
doi:10.5555/2484920.2485200,10.5555/2484920.2485200,1,"[""ACM""]","[[""ACM"",""N2670DEAD06E4F02E""]]","[""exclude""]",not_included,0,Unassigned,,
doi:10.5555/2484920.2485271,10.5555/2484920.2485271,1,"[""ACM""]","[[""ACM"",""NC647C3B64BF46E95""]]","[""exclude""]",not_included,0,Unassigned,,
doi:10.5555/2512538.2512542,10.5555/2512538.2512542,1,"[""ACM""]","[[""ACM"",""N3EA7BCA390D27E23""]]","[""exclude""]",not_included,0,Unassigned,,
doi:10.5555/2567429.2567459,10.5555/2567429.2567459,1,"[""ACM""]","[[""ACM"",""N604F0EBD8411066E""]]","[""exclude""]",not_included,0,Unassigned,,
doi:10.5555/2581999,10.5555/2581999,1,"[""ACM""]","[[""ACM"",""NCDFBD06AD3364798""]]","[""exclude""]",not_included,0,Unassigned,,
doi:10.5555/2615731.2615769,10.5555/2615731.2615769,1,"[""ACM""]","[[""ACM"",""N8BEFA903EDF4F4D7""]]","[""exclude""]",not_included,0,Unassigned,,
doi:10.5555/2615731.2615771,10.5555/2615731.2615771,1,"[""ACM""]","[[""ACM"",""NCBBBDE2955D18EF9""]]","[""exclude""]",not_included,0,Unassigned,,
doi:10.5555/2615731.2615809,10.5555/2615731.2615809,1,"[""ACM""]","[[""ACM"",""NAC80519FE616BB0D""]]","[""exclude""]",not_included,0,Unassigned,,
doi:10.5555/2615731.2616027,10.5555/2615731.2616027,1,"[""ACM""]","[[""ACM"",""N22C2BB0089BEDB90""]]","[""exclude""]",not_included,0,Unassigned,,
doi:10.5555/2615731.2616044,10.5555/2615731.2616044,1,"[""ACM""]","[[""ACM"",""NA119E203F2E7B372""]]","[""exclude""]",not_included,0,Unassigned,,
doi:10.5555/2615731.2616055,10.5555/2615731.2616055,1,"[""ACM""]","[[""ACM"",""N3A2D4C6F6A150633""]]","[""include""]",included,0,Unassigned,,
doi:10.5555/2615731.2616121,10.5555/2615731.2616121,1,"[""ACM""]","[[""ACM"",""N29A5A7A67A5AFFFC""]]","[""exclude""]",not_included,0,Unassigned,,
doi:10.5555/2615731.2617410,10.5555/2615731.2617410,1,"[""ACM""]","[[""ACM"",""NA642257AC658EE71""]]","[""exclude""]",not_included,0,Unassigned,,
doi:10.5555/2615731.2617412,10.5555/2615731.2617412,1,"[""ACM""]","[[""ACM"",""NC51E32D6F2CC3103""]]","[""exclude""]",not_included,0,Unassigned,,
doi:10.5555/2615731.2617413,10.5555/2615731.2617413,1,"[""ACM""]","[[""ACM"",""NDD638DECD337DB7A""]]","[""exclude""]",not_included,0,Unassigned,,
doi:10.5555/2615731.2617422,10.5555/2615731.2617422,1,"[""ACM""]","[[""ACM"",""N3CEB7823E2DBEFC1""]]","[""exclude""]",not_included,0,Unassigned,,
doi:10.5555/2615731.2617439,10.5555/2615731.2617439,1,"[""ACM""]","[[""ACM"",""N475D073BFECEA24A""]]","[""exclude""]",not_included,0,Unassigned,,
doi:10.5555/2615731.2617457,10.5555/2615731.2617457,1,"[""ACM""]","[[""ACM"",""N6D38E57279EC692C""]]","[""exclude""]",not_included,0,Unassigned,,
doi:10.5555/2615731.2617499,10.5555/2615731.2617499,1,"[""ACM""]","[[""ACM"",""ND08EE24066BC7287""]]","[""exclude""]",not_included,0,Unassigned,,
doi:10.5555/2615731.2617514,10.5555/2615731.2617514,1,"[""ACM""]","[[""ACM"",""N496E9069246E8F1A""]]","[""exclude""]",not_included,0,Unassigned,,
doi:10.5555/2616606.2616797,10.5555/2616606.2616797,1,"[""ACM""]","[[""ACM"",""N1988DD6C721A7C35""]]","[""exclude""]",not_included,0,Unassigned,,
doi:10.5555/2616606.2617080,10.5555/2616606.2617080,1,"[""ACM""]","[[""ACM"",""NC09FBF7304FB38F4""]]","[""exclude""]",not_included,0,Unassigned,,
doi:10.5555/2627817.2627907,10.5555/2627817.2627907,1,"[""ACM""]","[[""ACM"",""N034135117B78FEA7""]]","[""exclude""]",not_included,0,Unassigned,,
doi:10.5555/2627817.2627910,10.5555/2627817.2627910,1,"[""ACM""]","[[""ACM"",""N4DE2E0D7D6523E1C""]]","[""exclude""]",not_included,0,Unassigned,,
doi:10.5555/2655713.2655723,10.5555/2655713.2655723,1,"[""ACM""]","[[""ACM"",""ND2C68B97D6B4D194""]]","[""exclude""]",not_included,0,Unassigned,,
doi:10.5555/2655713.2655725,10.5555/2655713.2655725,1,"[""ACM""]","[[""ACM"",""N26F39F9C216213A0""]]","[""exclude""]",not_included,0,Unassigned,,
doi:10.5555/2667702.2667703,10.5555/2667702.2667703,1,"[""ACM""]","[[""ACM"",""N48078EF25B52CC0D""]]","[""exclude""]",not_included,0,Unassigned,,
doi:10.5555/2675983.2676159,10.5555/2675983.2676159,1,"[""ACM""]","[[""ACM"",""NE3A41EBB325D1174""]]","[""include""]",included,0,Unassigned,,
doi:10.5555/2675983.2676196,10.5555/2675983.2676196,1,"[""ACM""]","[[""ACM"",""N6656C387C3AF98B9""]]","[""exclude""]",not_included,0,Unassigned,,
doi:10.5555/2675983.2676209,10.5555/2675983.2676209,1,"[""ACM""]","[[""ACM"",""N9ADAA9F2DFB4AC7C""]]","[""exclude""]",not_included,0,Unassigned,,
doi:10.5555/2675983.2676360,10.5555/2675983.2676360,1,"[""ACM""]","[[""ACM"",""N09F2BA7EB5A0D8D6""]]","[""exclude""]",not_included,0,Unassigned,,
doi:10.5555/2693848.2693906,10.5555/2693848.2693906,1,"[""ACM""]","[[""ACM"",""N6F9DAD31005647FC""]]","[""include""]",included,0,Unassigned,,
doi:10.5555/2722129.2722136,10.5555/2722129.2722136,1,"[""ACM""]","[[""ACM"",""NDA595CA477DC1BDF""]]","[""exclude""]",not_included,0,Unassigned,,
doi:10.5555/2722129.2722139,10.5555/2722129.2722139,1,"[""ACM""]","[[""ACM"",""NC5F746EDEF3DD9E8""]]","[""exclude""]",not_included,0,Unassigned,,
doi:10.5555/2750423.2750427,10.5555/2750423.2750427,1,"[""ACM""]","[[""ACM"",""N349FBEBABA602C95""]]","[""exclude""]",not_included,0,Unassigned,,
doi:10.5555/2772879.2772882,10.5555/2772879.2772882,1,"[""ACM""]","[[""ACM"",""NF943D73E2337DE8F""]]","[""exclude""]",not_included,0,Unassigned,,
doi:10.5555/2772879.2772892,10.5555/2772879.2772892,1,"[""ACM""]","[[""ACM"",""NF87BC7C3DA9FE27A""]]","[""exclude""]",not_included,0,Unassigned,,
doi:10.5555/2772879.2772930,10.5555/2772879.2772930,1,"[""ACM""]","[[""ACM"",""NAC0F0B94A9D4A2C0""]]","[""exclude""]",not_included,0,Unassigned,,
doi:10.5555/2772879.2773240,10.5555/2772879.2773240,1,"[""ACM""]","[[""ACM"",""NB5CD75636DB422DC""]]","[""exclude""]",not_included,0,Unassigned,,
doi:10.5555/2772879.2773383,10.5555/2772879.2773383,1,"[""ACM""]","[[""ACM"",""N4AC7010FB2244A37""]]","[""exclude""]",not_included,0,Unassigned,,
doi:10.5555/2772879.2773438,10.5555/2772879.2773438,1,"[""ACM""]","[[""ACM"",""N5E924D2636E610A5""]]","[""exclude""]",not_included,0,Unassigned,,
doi:10.5555/2772879.2773474,10.5555/2772879.2773474,1,"[""ACM""]","[[""ACM"",""N63C2357B77EA0D9F""]]","[""exclude""]",not_included,0,Unassigned,,
doi:10.5555/2772879.2773503,10.5555/2772879.2773503,1,"[""ACM""]","[[""ACM"",""N80F3F4B26CEED582""]]","[""include""]",included,0,Unassigned,,
doi:10.5555/2772879.2773544,10.5555/2772879.2773544,1,"[""ACM""]","[[""ACM"",""NFA9551D6A35BAE57""]]","[""exclude""]",not_included,0,Unassigned,,
doi:10.5555/2814058.3252438,10.5555/2814058.3252438,1,"[""ACM""]","[[""ACM"",""N04DD415C5305843B""]]","[""pending""]",not_included,1,Unassigned,,
doi:10.5555/2831071.2831074,10.5555/2831071.2831074,1,"[""ACM""]","[[""ACM"",""NAB5E46C2820A242C""]]","[""exclude""]",not_included,0,Unassigned,,
doi:10.5555/2872550.2872553,10.5555/2872550.2872553,1,"[""ACM""]","[[""ACM"",""N086B0A31EB88E8E3""]]","[""exclude""]",not_included,0,Unassigned,,
doi:10.5555/2884435.2884535,10.5555/2884435.2884535,1,"[""ACM""]","[[""ACM"",""N5EC8AD744181F58E""]]","[""include""]",included,0,Unassigned,,
doi:10.5555/2936924.2936937,10.5555/2936924.2936937,1,"[""ACM""]","[[""ACM"",""N21BC197D2233E4EA""]]","[""exclude""]",not_included,0,Unassigned,,
doi:10.5555/2936924.2936940,10.5555/2936924.2936940,1,"[""ACM""]","[[""ACM"",""N99B7FB3F381392E7""]]","[""include""]",included,0,Unassigned,,
doi:10.5555/2936924.2937046,10.5555/2936924.2937046,1,"[""ACM""]","[[""ACM"",""NA572E35FDA43D590""]]","[""exclude""]",not_included,0,Unassigned,,
doi:10.5555/2936924.2937056,10.5555/2936924.2937056,1,"[""ACM""]","[[""ACM"",""N33F05CC0282B31CB""]]","[""exclude""]",not_included,0,Unassigned,,
doi:10.5555/2936924.2937087,10.5555/2936924.2937087,1,"[""ACM""]","[[""ACM"",""N2B62A448A2754AD1""]]","[""exclude""]",not_included,0,Unassigned,,
doi:10.5555/2936924.2937162,10.5555/2936924.2937162,1,"[""ACM""]","[[""ACM"",""NB9C8BD79C19DBC01""]]","[""exclude""]",not_included,0,Unassigned,,
doi:10.5555/2936924.2937182,10.5555/2936924.2937182,1,"[""ACM""]","[[""ACM"",""N05F5F5DB86934B19""]]","[""exclude""]",not_included,0,Unassigned,,
doi:10.5555/2936924.2937234,10.5555/2936924.2937234,1,"[""ACM""]","[[""ACM"",""N647582310DB85945""]]","[""exclude""]",not_included,0,Unassigned,,
doi:10.5555/2936924.2937240,10.5555/2936924.2937240,1,"[""ACM""]","[[""ACM"",""N6B5AD88FAE24DFD9""]]","[""exclude""]",not_included,0,Unassigned,,
doi:10.5555/3013558.3013568,10.5555/3013558.3013568,1,"[""ACM""]","[[""ACM"",""NCBF1B35C73F9109F""]]","[""exclude""]",not_included,0,Unassigned,,
doi:10.5555/3013558.3013575,10.5555/3013558.3013575,1,"[""ACM""]","[[""ACM"",""NB276AADF70A23E0B""]]","[""exclude""]",not_included,0,Unassigned,,
doi:10.5555/3013589.3013601,10.5555/3013589.3013601,1,"[""ACM""]","[[""ACM"",""NBC497D03BD4B88A6""]]","[""exclude""]",not_included,0,Unassigned,,
doi:10.5555/3039686.3039719,10.5555/3039686.3039719,1,"[""ACM""]","[[""ACM"",""N1B181029D565DA61""]]","[""exclude""]",not_included,0,Unassigned,,
doi:10.5555/3039686.3039854,10.5555/3039686.3039854,1,"[""ACM""]","[[""ACM"",""NF2D61095A5846858""]]","[""exclude""]",not_included,0,Unassigned,,
doi:10.5555/3042094.3042310,10.5555/3042094.3042310,1,"[""ACM""]","[[""ACM"",""NCD492D842B94CD76""]]","[""include""]",included,0,Unassigned,,
doi:10.5555/3042094.3042518,10.5555/3042094.3042518,1,"[""ACM""]","[[""ACM"",""NB7462D16C4BF1255""]]","[""include""]",included,0,Unassigned,,
doi:10.5555/3091125.3091140,10.5555/3091125.3091140,1,"[""ACM""]","[[""ACM"",""NCD30298B11C2A514""]]","[""exclude""]",not_included,0,Unassigned,,
doi:10.5555/3091125.3091143,10.5555/3091125.3091143,1,"[""ACM""]","[[""ACM"",""N3C8928D738FC47E0""]]","[""exclude""]",not_included,0,Unassigned,,
doi:10.5555/3091125.3091218,10.5555/3091125.3091218,1,"[""ACM""]","[[""ACM"",""NB6558F546B5F42D5""]]","[""exclude""]",not_included,0,Unassigned,,
doi:10.5555/3091125.3091294,10.5555/3091125.3091294,1,"[""ACM""]","[[""ACM"",""N29836737578315A6""]]","[""exclude""]",not_included,0,Unassigned,,
doi:10.5555/3091125.3091371,10.5555/3091125.3091371,1,"[""ACM""]","[[""ACM"",""NDC6B2AE9E6727195""]]","[""exclude""]",not_included,0,Unassigned,,
doi:10.5555/3091125.3091394,10.5555/3091125.3091394,1,"[""ACM""]","[[""ACM"",""N062208061602F49D""]]","[""include""]",included,0,Unassigned,,
doi:10.5555/3091125.3091398,10.5555/3091125.3091398,1,"[""ACM""]","[[""ACM"",""N90F61C91F8CC8398""]]","[""exclude""]",not_included,0,Unassigned,,
doi:10.5555/3091125.3091429,10.5555/3091125.3091429,1,"[""ACM""]","[[""ACM"",""N9F74C28CE9BD85AF""]]","[""exclude""]",not_included,0,Unassigned,,
doi:10.5555/3091125.3091463,10.5555/3091125.3091463,1,"[""ACM""]","[[""ACM"",""NFB48C8D54028DF4D""]]","[""exclude""]",not_included,0,Unassigned,,
doi:10.5555/3091125.3091466,10.5555/3091125.3091466,1,"[""ACM""]","[[""ACM"",""NC9910F0311358F5F""]]","[""exclude""]",not_included,0,Unassigned,,
doi:10.5555/3091125.3091468,10.5555/3091125.3091468,1,"[""ACM""]","[[""ACM"",""N6CE29017CBCEA6C1""]]","[""exclude""]",not_included,0,Unassigned,,
doi:10.5555/3145862.3145884,10.5555/3145862.3145884,1,"[""ACM""]","[[""ACM"",""E134""]]","[""exclude""]",not_included,0,Unassigned,,
doi:10.5555/3176788.3176795,10.5555/3176788.3176795,1,"[""ACM""]","[[""ACM"",""NC947091C2A9C9B6A""]]","[""exclude""]",not_included,0,Unassigned,,
doi:10.5555/3176788.3176806,10.5555/3176788.3176806,1,"[""ACM""]","[[""ACM"",""NC65997E40DEC0A63""]]","[""exclude""]",not_included,0,Unassigned,,
doi:10.5555/3191835.3192009,10.5555/3191835.3192009,1,"[""ACM""]","[[""ACM"",""N2F596DB7F63B9095""]]","[""exclude""]",not_included,0,Unassigned,,
doi:10.5555/3199517.3199521,10.5555/3199517.3199521,1,"[""ACM""]","[[""ACM"",""N52EB8C024B94E424""]]","[""exclude""]",not_included,0,Unassigned,,
doi:10.5555/3237383.3237415,10.5555/3237383.3237415,1,"[""ACM""]","[[""ACM"",""N2B048C50472793B4""]]","[""exclude""]",not_included,0,Unassigned,,
doi:10.5555/3237383.3237438,10.5555/3237383.3237438,1,"[""ACM""]","[[""ACM"",""N9B628D525C060BA8""]]","[""exclude""]",not_included,0,Unassigned,,
doi:10.5555/3237383.3237475,10.5555/3237383.3237475,1,"[""ACM""]","[[""ACM"",""NC15028C5873C2FC9""]]","[""exclude""]",not_included,0,Unassigned,,
doi:10.5555/3237383.3237876,10.5555/3237383.3237876,1,"[""ACM""]","[[""ACM"",""N7881BCBE6881EB41""]]","[""exclude""]",not_included,0,Unassigned,,
doi:10.5555/3237383.3237926,10.5555/3237383.3237926,1,"[""ACM""]","[[""ACM"",""NEB09AEDF0172CD17""]]","[""exclude""]",not_included,0,Unassigned,,
doi:10.5555/3237383.3237930,10.5555/3237383.3237930,1,"[""ACM""]","[[""ACM"",""NEB69D8E8010D0CD0""]]","[""exclude""]",not_included,0,Unassigned,,
doi:10.5555/3237383.3237993,10.5555/3237383.3237993,1,"[""ACM""]","[[""ACM"",""N170C4025E1AFADEF""]]","[""exclude""]",not_included,0,Unassigned,,
doi:10.5555/3237383.3238016,10.5555/3237383.3238016,1,"[""ACM""]","[[""ACM"",""NB8E317D49DA8B0AC""]]","[""include""]",included,0,Unassigned,,
doi:10.5555/3237383.3238021,10.5555/3237383.3238021,1,"[""ACM""]","[[""ACM"",""N7735978BFB16BE34""]]","[""exclude""]",not_included,0,Unassigned,,
doi:10.5555/3237383.3238055,10.5555/3237383.3238055,1,"[""ACM""]","[[""ACM"",""N1C1A3C829C5DFC65""]]","[""exclude""]",not_included,0,Unassigned,,
doi:10.5555/3237383.3238079,10.5555/3237383.3238079,1,"[""ACM""]","[[""ACM"",""N3AD2F0EB417419AC""]]","[""exclude""]",not_included,0,Unassigned,,
doi:10.5555/3237383.3238086,10.5555/3237383.3238086,1,"[""ACM""]","[[""ACM"",""N40EFF754952DE61F""]]","[""exclude""]",not_included,0,Unassigned,,
doi:10.5555/3241691.3241702,10.5555/3241691.3241702,1,"[""ACM""]","[[""ACM"",""N587DEE567ED09ABD""]]","[""exclude""]",not_included,0,Unassigned,,
doi:10.5555/3242181.3242277,10.5555/3242181.3242277,1,"[""ACM""]","[[""ACM"",""NC5037FD555B3F0BE""]]","[""exclude""]",not_included,0,Unassigned,,
doi:10.5555/3306127.3331722,10.5555/3306127.3331722,1,"[""ACM""]","[[""ACM"",""NC49948033E4F2028""]]","[""exclude""]",not_included,0,Unassigned,,
doi:10.5555/3306127.3331826,10.5555/3306127.3331826,1,"[""ACM""]","[[""ACM"",""NF427219D87A4C8BB""]]","[""exclude""]",not_included,0,Unassigned,,
doi:10.5555/3306127.3331827,10.5555/3306127.3331827,1,"[""ACM""]","[[""ACM"",""N5B70798204325547""]]","[""exclude""]",not_included,0,Unassigned,,
doi:10.5555/3306127.3331859,10.5555/3306127.3331859,1,"[""ACM""]","[[""ACM"",""N452328FB3177B66B""]]","[""exclude""]",not_included,0,Unassigned,,
doi:10.5555/3306127.3331876,10.5555/3306127.3331876,1,"[""ACM""]","[[""ACM"",""N7ED2F3B899FFD3B5""]]","[""exclude""]",not_included,0,Unassigned,,
doi:10.5555/3306127.3331879,10.5555/3306127.3331879,1,"[""ACM""]","[[""ACM"",""N3444818F1679E4CC""]]","[""exclude""]",not_included,0,Unassigned,,
doi:10.5555/3306127.3331898,10.5555/3306127.3331898,1,"[""ACM""]","[[""ACM"",""N60C98E9787506256""]]","[""exclude""]",not_included,0,Unassigned,,
doi:10.5555/3306127.3331927,10.5555/3306127.3331927,1,"[""ACM""]","[[""ACM"",""N9B1EA1077A744EAF""]]","[""exclude""]",not_included,0,Unassigned,,
doi:10.5555/3306127.3331962,10.5555/3306127.3331962,1,"[""ACM""]","[[""ACM"",""E067""]]","[""exclude""]",not_included,0,Unassigned,,
doi:10.5555/3306127.3332020,10.5555/3306127.3332020,1,"[""ACM""]","[[""ACM"",""NBCD87C5979F13142""]]","[""include""]",included,0,Unassigned,,
doi:10.5555/3306127.3332027,10.5555/3306127.3332027,1,"[""ACM""]","[[""ACM"",""N6117839D917907B0""]]","[""exclude""]",not_included,0,Unassigned,,
doi:10.5555/3306127.3332137,10.5555/3306127.3332137,1,"[""ACM""]","[[""ACM"",""N4AE19E73D4F0522E""]]","[""exclude""]",not_included,0,Unassigned,,
doi:10.5555/3310435.3310446,10.5555/3310435.3310446,1,"[""ACM""]","[[""ACM"",""N427A339BD54C8028""]]","[""exclude""]",not_included,0,Unassigned,,
doi:10.5555/3320516.3320791,10.5555/3320516.3320791,1,"[""ACM""]","[[""ACM"",""NE4BA399062FEE815""]]","[""exclude""]",not_included,0,Unassigned,,
doi:10.5555/3320516.3321081,10.5555/3320516.3321081,1,"[""ACM""]","[[""ACM"",""N9BA1BD7854D32427""]]","[""exclude""]",not_included,0,Unassigned,,
doi:10.5555/3375069.3375072,10.5555/3375069.3375072,1,"[""ACM""]","[[""ACM"",""N951F9AD465B8B775""]]","[""exclude""]",not_included,0,Unassigned,,
doi:10.5555/3381089.3381240,10.5555/3381089.3381240,1,"[""ACM""]","[[""ACM"",""N65BC53B09C94E6F5""]]","[""exclude""]",not_included,0,Unassigned,,
doi:10.5555/3381089.3381253,10.5555/3381089.3381253,1,"[""ACM""]","[[""ACM"",""N795747E8C0303ED6""]]","[""exclude""]",not_included,0,Unassigned,,
doi:10.5555/3381089.3381254,10.5555/3381089.3381254,1,"[""ACM""]","[[""ACM"",""ND3F4BD77FDE92A77""]]","[""exclude""]",not_included,0,Unassigned,,
doi:10.5555/3398761.3398775,10.5555/3398761.3398775,1,"[""ACM""]","[[""ACM"",""N561C2385150346FA""]]","[""exclude""]",not_included,0,Unassigned,,
doi:10.5555/3398761.3398776,10.5555/3398761.3398776,1,"[""ACM""]","[[""ACM"",""ND55491B468043BA2""]]","[""exclude""]",not_included,0,Unassigned,,
doi:10.5555/3398761.3398826,10.5555/3398761.3398826,1,"[""ACM""]","[[""ACM"",""N9D667DD4A3807F44""]]","[""exclude""]",not_included,0,Unassigned,,
doi:10.5555/3398761.3398857,10.5555/3398761.3398857,1,"[""ACM""]","[[""ACM"",""N051500BBC5078B09""]]","[""exclude""]",not_included,0,Unassigned,,
doi:10.5555/3398761.3398936,10.5555/3398761.3398936,1,"[""ACM""]","[[""ACM"",""N4B04BDC746D0EA43""]]","[""exclude""]",not_included,0,Unassigned,,
doi:10.5555/3398761.3398944,10.5555/3398761.3398944,1,"[""ACM""]","[[""ACM"",""N3DD7A31BF2C1BE8D""]]","[""exclude""]",not_included,0,Unassigned,,
doi:10.5555/3398761.3398964,10.5555/3398761.3398964,1,"[""ACM""]","[[""ACM"",""N53FC194A8B4BFD71""]]","[""exclude""]",not_included,0,Unassigned,,
doi:10.5555/3398761.3398990,10.5555/3398761.3398990,1,"[""ACM""]","[[""ACM"",""N9811A0B114140E2B""]]","[""exclude""]",not_included,0,Unassigned,,
doi:10.5555/3398761.3399022,10.5555/3398761.3399022,1,"[""ACM""]","[[""ACM"",""N91FB24932C700E35""]]","[""include""]",included,0,Unassigned,,
doi:10.5555/3398761.3399074,10.5555/3398761.3399074,1,"[""ACM""]","[[""ACM"",""ND8E71850C8A89F4C""]]","[""exclude""]",not_included,0,Unassigned,,
doi:10.5555/3398761.3399103,10.5555/3398761.3399103,1,"[""ACM""]","[[""ACM"",""NDA5CB89A0ED3BA13""]]","[""exclude""]",not_included,0,Unassigned,,
doi:10.5555/3432601.3432611,10.5555/3432601.3432611,1,"[""ACM""]","[[""ACM"",""NAFD0DD021CB2676D""]]","[""exclude""]",not_included,0,Unassigned,,
doi:10.5555/3458064.3458134,10.5555/3458064.3458134,1,"[""ACM""]","[[""ACM"",""N725F364C3A9E7233""]]","[""exclude""]",not_included,0,Unassigned,,
doi:10.5555/3458064.3458177,10.5555/3458064.3458177,1,"[""ACM""]","[[""ACM"",""N266449C19E5A6F05""]]","[""exclude""]",not_included,0,Unassigned,,
doi:10.5555/3463952.3464000,10.5555/3463952.3464000,1,"[""ACM""]","[[""ACM"",""N8FD4A112CB4E7D4F""]]","[""exclude""]",not_included,0,Unassigned,,
doi:10.5555/3463952.3464017,10.5555/3463952.3464017,1,"[""ACM""]","[[""ACM"",""NA57E2D26ED6AD842""]]","[""exclude""]",not_included,0,Unassigned,,
doi:10.5555/3463952.3464054,10.5555/3463952.3464054,1,"[""ACM""]","[[""ACM"",""N0DB8D034E1C0B8D5""]]","[""exclude""]",not_included,0,Unassigned,,
doi:10.5555/3463952.3464117,10.5555/3463952.3464117,1,"[""ACM""]","[[""ACM"",""N823078FBB51E09ED""]]","[""exclude""]",not_included,0,Unassigned,,
doi:10.5555/3463952.3464135,10.5555/3463952.3464135,1,"[""ACM""]","[[""ACM"",""N2F56C90B59EFFB92""]]","[""exclude""]",not_included,0,Unassigned,,
doi:10.5555/3466184.3466322,10.5555/3466184.3466322,1,"[""ACM""]","[[""ACM"",""N34252C5C53996314""]]","[""exclude""]",not_included,0,Unassigned,,
doi:10.5555/3522802.3522899,10.5555/3522802.3522899,1,"[""ACM""]","[[""ACM"",""NE6952C01B8441579""]]","[""include""]",included,0,Unassigned,,
doi:10.5555/3522802.3522908,10.5555/3522802.3522908,1,"[""ACM""]","[[""ACM"",""NEC2F6E003B486BEF""]]","[""exclude""]",not_included,0,Unassigned,,
doi:10.5555/3535850.3535859,10.5555/3535850.3535859,1,"[""ACM""]","[[""ACM"",""N0279982F15E61A54""]]","[""exclude""]",not_included,0,Unassigned,,
doi:10.5555/3535850.3535904,10.5555/3535850.3535904,1,"[""ACM""]","[[""ACM"",""N38209B0E7493F987""]]","[""exclude""]",not_included,0,Unassigned,,
doi:10.5555/3535850.3535943,10.5555/3535850.3535943,1,"[""ACM""]","[[""ACM"",""N3C61F6B32B9CFCCD""]]","[""include""]",included,0,Unassigned,,
doi:10.5555/3535850.3535972,10.5555/3535850.3535972,1,"[""ACM""]","[[""ACM"",""N226D5DC53F321728""]]","[""exclude""]",not_included,0,Unassigned,,
doi:10.5555/3535850.3535973,10.5555/3535850.3535973,1,"[""ACM""]","[[""ACM"",""N9019216AA8BC96FD""]]","[""exclude""]",not_included,0,Unassigned,,
doi:10.5555/3535850.3536023,10.5555/3535850.3536023,1,"[""ACM""]","[[""ACM"",""NBADC3F2232051B74""]]","[""exclude""]",not_included,0,Unassigned,,
doi:10.5555/3535850.3536037,10.5555/3535850.3536037,1,"[""ACM""]","[[""ACM"",""NEFF6F958B17EA791""]]","[""include""]",included,0,Unassigned,,
doi:10.5555/3535850.3536091,10.5555/3535850.3536091,1,"[""ACM""]","[[""ACM"",""NEA6A732798B78AB9""]]","[""exclude""]",not_included,0,Unassigned,,
doi:10.5555/3535850.3536125,10.5555/3535850.3536125,1,"[""ACM""]","[[""ACM"",""N5746E6922F22AF18""]]","[""exclude""]",not_included,0,Unassigned,,
doi:10.5555/3535850.3536129,10.5555/3535850.3536129,1,"[""ACM""]","[[""ACM"",""N8A278E457C2CC186""]]","[""exclude""]",not_included,0,Unassigned,,
doi:10.5555/3539845.3540004,10.5555/3539845.3540004,1,"[""ACM""]","[[""ACM"",""N9D35CCDB7FCE243D""]]","[""exclude""]",not_included,0,Unassigned,,
doi:10.5555/3545946.3598622,10.5555/3545946.3598622,1,"[""ACM""]","[[""ACM"",""N8E5D6556F0D4A7E0""]]","[""exclude""]",not_included,0,Unassigned,,
doi:10.5555/3545946.3598662,10.5555/3545946.3598662,1,"[""ACM""]","[[""ACM"",""NAE32E610A6AA51A4""]]","[""exclude""]",not_included,0,Unassigned,,
doi:10.5555/3545946.3598677,10.5555/3545946.3598677,1,"[""ACM""]","[[""ACM"",""NA0F266B26ACD3ADC""]]","[""exclude""]",not_included,0,Unassigned,,
doi:10.5555/3545946.3598692,10.5555/3545946.3598692,1,"[""ACM""]","[[""ACM"",""N4E1CDDE63465CDB4""]]","[""exclude""]",not_included,0,Unassigned,,
doi:10.5555/3545946.3598737,10.5555/3545946.3598737,1,"[""ACM""]","[[""ACM"",""N3CD96FF04B51313F""]]","[""exclude""]",not_included,0,Unassigned,,
doi:10.5555/3545946.3598752,10.5555/3545946.3598752,1,"[""ACM""]","[[""ACM"",""N63E5AD2F5FC9BFB1""]]","[""exclude""]",not_included,0,Unassigned,,
doi:10.5555/3545946.3598785,10.5555/3545946.3598785,1,"[""ACM""]","[[""ACM"",""N3A1B7098E1FCD26D""]]","[""exclude""]",not_included,0,Unassigned,,
doi:10.5555/3545946.3598787,10.5555/3545946.3598787,1,"[""ACM""]","[[""ACM"",""N026F03CD44CD0AB8""]]","[""exclude""]",not_included,0,Unassigned,,
doi:10.5555/3545946.3598807,10.5555/3545946.3598807,1,"[""ACM""]","[[""ACM"",""N05E92D91506D02BF""]]","[""exclude""]",not_included,0,Unassigned,,
doi:10.5555/3545946.3598884,10.5555/3545946.3598884,1,"[""ACM""]","[[""ACM"",""N64888447166DBE43""]]","[""exclude""]",not_included,0,Unassigned,,
doi:10.5555/3545946.3598886,10.5555/3545946.3598886,1,"[""ACM""]","[[""ACM"",""N28BE976BDF2A9FFF""]]","[""exclude""]",not_included,0,Unassigned,,
doi:10.5555/3545946.3598986,10.5555/3545946.3598986,1,"[""ACM""]","[[""ACM"",""NC3BBE46FC6B6A992""]]","[""include""]",included,0,Unassigned,,
doi:10.5555/3545946.3599001,10.5555/3545946.3599001,1,"[""ACM""]","[[""ACM"",""ND2EC61BA1DDF03CD""]]","[""exclude""]",not_included,0,Unassigned,,
doi:10.5555/3545946.3599024,10.5555/3545946.3599024,1,"[""ACM""]","[[""ACM"",""NB0EE6C418D9F1B68""]]","[""exclude""]",not_included,0,Unassigned,,
doi:10.5555/3545946.3599063,10.5555/3545946.3599063,1,"[""ACM""]","[[""ACM"",""N100372D26ECB9B76""]]","[""exclude""]",not_included,0,Unassigned,,
doi:10.5555/3546258.3546265,10.5555/3546258.3546265,1,"[""ACM""]","[[""ACM"",""NBC6AFA5F79EAC0BB""]]","[""exclude""]",not_included,0,Unassigned,,
doi:10.5555/3546258.3546371,10.5555/3546258.3546371,1,"[""ACM""]","[[""ACM"",""NE9A202F573ABA388""]]","[""exclude""]",not_included,0,Unassigned,,
doi:10.5555/3546258.3546373,10.5555/3546258.3546373,1,"[""ACM""]","[[""ACM"",""N4D46D2ECADA1E2DB""]]","[""exclude""]",not_included,0,Unassigned,,
doi:10.5555/3546258.3546535,10.5555/3546258.3546535,1,"[""ACM""]","[[""ACM"",""N36279D31274C9A88""]]","[""exclude""]",not_included,0,Unassigned,,
doi:10.5555/3571885,10.5555/3571885,1,"[""ACM""]","[[""ACM"",""N1A1E06A1BDD7D293""]]","[""exclude""]",not_included,0,Unassigned,,
doi:10.5555/3586210.3586319,10.5555/3586210.3586319,1,"[""ACM""]","[[""ACM"",""NE981E8155ECD76E0""]]","[""exclude""]",not_included,0,Unassigned,,
doi:10.5555/3606010,10.5555/3606010,1,"[""ACM""]","[[""ACM"",""N5B8EC5D8540E2831""]]","[""exclude""]",not_included,0,Unassigned,,
doi:10.5555/3635637.3662854,10.5555/3635637.3662854,1,"[""ACM""]","[[""ACM"",""N0B375ACA154A1399""]]","[""exclude""]",not_included,0,Unassigned,,
doi:10.5555/3635637.3662867,10.5555/3635637.3662867,1,"[""ACM""]","[[""ACM"",""N1A4835A733BD5231""]]","[""exclude""]",not_included,0,Unassigned,,
doi:10.5555/3635637.3662919,10.5555/3635637.3662919,1,"[""ACM""]","[[""ACM"",""NAAF664CF33A6A505""]]","[""exclude""]",not_included,0,Unassigned,,
doi:10.5555/3635637.3662938,10.5555/3635637.3662938,1,"[""ACM""]","[[""ACM"",""N2AA037D0D358239F""]]","[""include""]",included,0,Unassigned,,
doi:10.5555/3635637.3663139,10.5555/3635637.3663139,1,"[""ACM""]","[[""ACM"",""N09C25DE7914CA6CA""]]","[""exclude""]",not_included,0,Unassigned,,
doi:10.5555/3635637.3663166,10.5555/3635637.3663166,1,"[""ACM""]","[[""ACM"",""N240130D0000B2AFF""]]","[""exclude""]",not_included,0,Unassigned,,
doi:10.5555/3643142,10.5555/3643142,1,"[""ACM""]","[[""ACM"",""N43A00699C3362A52""]]","[""exclude""]",not_included,0,Unassigned,,
doi:10.5555/3643142.3643290,10.5555/3643142.3643290,1,"[""ACM""]","[[""ACM"",""N429E2AF5DC19436C""]]","[""include""]",included,0,Unassigned,,
doi:10.5555/369279.369293,10.5555/369279.369293,1,"[""ACM""]","[[""ACM"",""N5894C794C843EE38""]]","[""exclude""]",not_included,0,Unassigned,,
doi:10.5555/3709347,10.5555/3709347,1,"[""ACM""]","[[""ACM"",""N8DFFBFC984787E2B""]]","[""exclude""]",not_included,0,Unassigned,,
doi:10.5555/3709347.3743519,10.5555/3709347.3743519,1,"[""ACM""]","[[""ACM"",""NC578E4A415F3174C""]]","[""exclude""]",not_included,0,Unassigned,,
doi:10.5555/3709347.3743521,10.5555/3709347.3743521,1,"[""ACM""]","[[""ACM"",""N7F03CC1C857900E9""]]","[""exclude""]",not_included,0,Unassigned,,
doi:10.5555/3709347.3743528,10.5555/3709347.3743528,1,"[""ACM""]","[[""ACM"",""N836DE932812CAA37""]]","[""exclude""]",not_included,0,Unassigned,,
doi:10.5555/3709347.3743546,10.5555/3709347.3743546,1,"[""ACM""]","[[""ACM"",""N130435B07D8C7ED8""]]","[""include""]",included,0,Unassigned,,
doi:10.5555/3709347.3743612,10.5555/3709347.3743612,1,"[""ACM""]","[[""ACM"",""N09FD5AB1A62FD99D""]]","[""exclude""]",not_included,0,Unassigned,,
doi:10.5555/3709347.3743629,10.5555/3709347.3743629,1,"[""ACM""]","[[""ACM"",""N6E8CFD872A0A76ED""]]","[""exclude""]",not_included,0,Unassigned,,
doi:10.5555/3709347.3743640,10.5555/3709347.3743640,1,"[""ACM""]","[[""ACM"",""NE4102087796BA803""]]","[""exclude""]",not_included,0,Unassigned,,
doi:10.5555/3709347.3743829,10.5555/3709347.3743829,1,"[""ACM""]","[[""ACM"",""E116""]]","[""exclude""]",not_included,0,Unassigned,,
doi:10.5555/3709347.3743873,10.5555/3709347.3743873,1,"[""ACM""]","[[""ACM"",""N3FE711189AEBB9E6""]]","[""exclude""]",not_included,0,Unassigned,,
doi:10.5555/3709347.3743893,10.5555/3709347.3743893,1,"[""ACM""]","[[""ACM"",""NBB1F27427A5868A2""]]","[""exclude""]",not_included,0,Unassigned,,
doi:10.5555/3709347.3743905,10.5555/3709347.3743905,1,"[""ACM""]","[[""ACM"",""N3EE84788E8B2C3D9""]]","[""exclude""]",not_included,0,Unassigned,,
doi:10.5555/3709347.3744003,10.5555/3709347.3744003,1,"[""ACM""]","[[""ACM"",""E025""]]","[""include""]",included,0,Unassigned,,
doi:10.5555/3709347.3744087,10.5555/3709347.3744087,1,"[""ACM""]","[[""ACM"",""E113""]]","[""exclude""]",not_included,0,Unassigned,,
doi:10.5555/3712729.3712917,10.5555/3712729.3712917,1,"[""ACM""]","[[""ACM"",""NE1C9AE8C15427F19""]]","[""exclude""]",not_included,0,Unassigned,,
doi:10.5555/3712729.3712950,10.5555/3712729.3712950,1,"[""ACM""]","[[""ACM"",""E124""]]","[""exclude""]",not_included,0,Unassigned,,
doi:10.5555/3715674,10.5555/3715674,1,"[""ACM""]","[[""ACM"",""NA8C46B24EEEEBFAD""]]","[""exclude""]",not_included,0,Unassigned,,
doi:10.5555/3722577.3722744,10.5555/3722577.3722744,1,"[""ACM""]","[[""ACM"",""NA86416F179967D95""]]","[""exclude""]",not_included,0,Unassigned,,
doi:10.5555/3722577.3722885,10.5555/3722577.3722885,1,"[""ACM""]","[[""ACM"",""ND769CEAF2FF0C9D7""]]","[""exclude""]",not_included,0,Unassigned,,
doi:10.5555/3722577.3722947,10.5555/3722577.3722947,1,"[""ACM""]","[[""ACM"",""NAE5F44FCF44CCC81""]]","[""exclude""]",not_included,0,Unassigned,,
doi:10.5555/3722577.3722966,10.5555/3722577.3722966,1,"[""ACM""]","[[""ACM"",""N5C93347F84BE5701""]]","[""exclude""]",not_included,0,Unassigned,,
doi:10.5555/3786160.3816371,10.5555/3786160.3816371,1,"[""ACM""]","[[""ACM"",""NC69FE656F12EBC91""]]","[""exclude""]",not_included,0,Unassigned,,
doi:10.5555/3786161.3816369,10.5555/3786161.3816369,1,"[""ACM""]","[[""ACM"",""NCF9BEAB52763ED80""]]","[""exclude""]",not_included,0,Unassigned,,
doi:10.5555/3786167.3818232,10.5555/3786167.3818232,1,"[""ACM""]","[[""ACM"",""N6F24F58E5178DD85""]]","[""exclude""]",not_included,0,Unassigned,,
doi:10.5555/3799943.3799970,10.5555/3799943.3799970,1,"[""ACM""]","[[""ACM"",""NF0C52501D594202D""]]","[""exclude""]",not_included,0,Unassigned,,
doi:10.5555/3800935.3846162,10.5555/3800935.3846162,1,"[""ACM""]","[[""ACM"",""NEB596B26DA941A82""]]","[""exclude""]",not_included,0,Unassigned,,
doi:10.5555/3814246.3814272,10.5555/3814246.3814272,1,"[""ACM""]","[[""ACM"",""NC7F3A090A403C0A1""]]","[""exclude""]",not_included,0,Unassigned,,
doi:10.5555/3820586.3820617,10.5555/3820586.3820617,1,"[""ACM""]","[[""ACM"",""NE046B3AACD7E45AC""]]","[""exclude""]",not_included,0,Unassigned,,
doi:10.5555/3820643.3820644,10.5555/3820643.3820644,1,"[""ACM""]","[[""ACM"",""N56F4CACC67FE01D4""]]","[""exclude""]",not_included,0,Unassigned,,
doi:10.5555/42040.42152,10.5555/42040.42152,1,"[""ACM""]","[[""ACM"",""N8D01D828F1AC95EA""]]","[""exclude""]",not_included,0,Unassigned,,
doi:10.5555/509058.509129,10.5555/509058.509129,1,"[""ACM""]","[[""ACM"",""E102""]]","[""exclude""]",not_included,0,Unassigned,,
doi:10.5555/510378.510400,10.5555/510378.510400,1,"[""ACM""]","[[""ACM"",""NC9BD0E091782BA2A""]]","[""exclude""]",not_included,0,Unassigned,,
doi:10.5555/510378.510637,10.5555/510378.510637,1,"[""ACM""]","[[""ACM"",""N059A4A2A30F96F5D""]]","[""include""]",included,0,Unassigned,,
doi:10.5555/545381.545509,10.5555/545381.545509,1,"[""ACM""]","[[""ACM"",""ND1C998A072D7F16E""]]","[""exclude""]",not_included,0,Unassigned,,
doi:10.5555/55823.55866,10.5555/55823.55866,1,"[""ACM""]","[[""ACM"",""NF755798720ACD9DC""]]","[""exclude""]",not_included,0,Unassigned,,
doi:10.5555/563801.563824,10.5555/563801.563824,1,"[""ACM""]","[[""ACM"",""NA9F46F1BAC83086E""]]","[""include""]",included,0,Unassigned,,
doi:10.5555/564124.564200,10.5555/564124.564200,1,"[""ACM""]","[[""ACM"",""N7286F84A1D99A13E""]]","[""exclude""]",not_included,0,Unassigned,,
doi:10.5555/564124.564220,10.5555/564124.564220,1,"[""ACM""]","[[""ACM"",""N408C03B8D9DFA4C3""]]","[""exclude""]",not_included,0,Unassigned,,
doi:10.5555/602770.602844,10.5555/602770.602844,1,"[""ACM""]","[[""ACM"",""NED9E4FFEB864CEE8""]]","[""exclude""]",not_included,0,Unassigned,,
doi:10.5555/644108.644144,10.5555/644108.644144,1,"[""ACM""]","[[""ACM"",""N58E6B42ABE1E94CD""]]","[""exclude""]",not_included,0,Unassigned,,
doi:10.5555/772636.772670,10.5555/772636.772670,1,"[""ACM""]","[[""ACM"",""N0C8EBF63417E60C5""]]","[""exclude""]",not_included,0,Unassigned,,
doi:10.5555/775339.775385,10.5555/775339.775385,1,"[""ACM""]","[[""ACM"",""ND30FE75A2BD5F13E""]]","[""exclude""]",not_included,0,Unassigned,,
doi:10.5555/777092.777152,10.5555/777092.777152,1,"[""ACM""]","[[""ACM"",""N84B8D2B7FE04DC46""]]","[""include""]",included,0,Unassigned,,
doi:10.5555/777092.777154,10.5555/777092.777154,1,"[""ACM""]","[[""ACM"",""N7D601EB2098D27F1""]]","[""include""]",included,0,Unassigned,,
doi:10.5555/777092.777157,10.5555/777092.777157,1,"[""ACM""]","[[""ACM"",""N58A4CF7B4BFA7942""]]","[""exclude""]",not_included,0,Unassigned,,
doi:10.5555/783106.783128,10.5555/783106.783128,1,"[""ACM""]","[[""ACM"",""N18ADF8B03088E441""]]","[""exclude""]",not_included,0,Unassigned,,
doi:10.5555/827140.827220,10.5555/827140.827220,1,"[""ACM""]","[[""ACM"",""N6810B5A673BCD3EA""]]","[""exclude""]",not_included,0,Unassigned,,
doi:10.5555/882452.874377,10.5555/882452.874377,1,"[""ACM""]","[[""ACM"",""N3EBA34FA2B07A8BB""]]","[""exclude""]",not_included,0,Unassigned,,
doi:10.5555/957289.957346,10.5555/957289.957346,1,"[""ACM""]","[[""ACM"",""NC37F1A43ACAE45D0""]]","[""exclude""]",not_included,0,Unassigned,,
doi:10.5555/963600.963668,10.5555/963600.963668,1,"[""ACM""]","[[""ACM"",""N828954B1BB34BCB1""]]","[""exclude""]",not_included,0,Unassigned,,
doi:10.5555/982792.982900,10.5555/982792.982900,1,"[""ACM""]","[[""ACM"",""NAB460B66F26914C4""]]","[""exclude""]",not_included,0,Unassigned,,
doi:10.65109/bhtf7700,10.65109/bhtf7700,1,"[""ACM""]","[[""ACM"",""N2BEB5F226F69D3AF""]]","[""exclude""]",not_included,0,Unassigned,,
doi:10.65109/bmjz4532,10.65109/bmjz4532,1,"[""ACM""]","[[""ACM"",""N398138FAF34529DD""]]","[""exclude""]",not_included,0,Unassigned,,
doi:10.65109/dpvb1014,10.65109/dpvb1014,1,"[""ACM""]","[[""ACM"",""E114""]]","[""exclude""]",not_included,0,Unassigned,,
doi:10.65109/exii2056,10.65109/exii2056,1,"[""ACM""]","[[""ACM"",""N5F47CE3BD52D7304""]]","[""include""]",included,0,Unassigned,,
doi:10.65109/eyfd4743,10.65109/eyfd4743,1,"[""ACM""]","[[""ACM"",""NB1D01E55C6987080""]]","[""exclude""]",not_included,0,Unassigned,,
doi:10.65109/frtb6682,10.65109/frtb6682,1,"[""ACM""]","[[""ACM"",""E108""]]","[""exclude""]",not_included,0,Unassigned,,
doi:10.65109/gilc9892,10.65109/gilc9892,1,"[""ACM""]","[[""ACM"",""N7F668449D0010905""]]","[""exclude""]",not_included,0,Unassigned,,
doi:10.65109/gmhb4353,10.65109/gmhb4353,1,"[""ACM""]","[[""ACM"",""E084""]]","[""exclude""]",not_included,0,Unassigned,,
doi:10.65109/kapy7208,10.65109/kapy7208,1,"[""ACM""]","[[""ACM"",""N21355BDAA57C55FA""]]","[""exclude""]",not_included,0,Unassigned,,
doi:10.65109/ktwn2820,10.65109/ktwn2820,1,"[""ACM""]","[[""ACM"",""NB1E74034233A5C43""]]","[""exclude""]",not_included,0,Unassigned,,
doi:10.65109/norv5629,10.65109/norv5629,1,"[""ACM""]","[[""ACM"",""E026""]]","[""exclude""]",not_included,0,Unassigned,,
doi:10.65109/ooig5670,10.65109/ooig5670,1,"[""ACM""]","[[""ACM"",""N474BD44B2970D21F""]]","[""exclude""]",not_included,0,Unassigned,,
doi:10.65109/phrw6922,10.65109/phrw6922,1,"[""ACM""]","[[""ACM"",""E140""]]","[""exclude""]",not_included,0,Unassigned,,
doi:10.65109/pjgh6650,10.65109/pjgh6650,1,"[""ACM""]","[[""ACM"",""E073""]]","[""include""]",included,0,Unassigned,,
doi:10.65109/seot8410,10.65109/seot8410,1,"[""ACM""]","[[""ACM"",""NE8761A9B5D85E424""]]","[""include""]",included,0,Unassigned,,
doi:10.65109/ubwr1103,10.65109/ubwr1103,1,"[""ACM""]","[[""ACM"",""NE2D1221D5C5F6C8E""]]","[""include""]",included,0,Unassigned,,
doi:10.65109/vevz5917,10.65109/vevz5917,1,"[""ACM""]","[[""ACM"",""N1DA986C4F05CA3DD""]]","[""exclude""]",not_included,0,Unassigned,,
doi:10.65109/ycvt1762,10.65109/ycvt1762,1,"[""ACM""]","[[""ACM"",""N91B9918D24756CFE""]]","[""include""]",included,0,Unassigned,,
doi:10.65109/ydmy4904,10.65109/ydmy4904,1,"[""ACM""]","[[""ACM"",""E001""]]","[""include""]",included,0,Unassigned,,
doi:10.65109/zqxk7747,10.65109/zqxk7747,1,"[""ACM""]","[[""ACM"",""N6E24065FECF2341A""]]","[""exclude""]",not_included,0,Unassigned,,
doi:10.7873/date.2014.346,10.7873/date.2014.346,1,"[""IEEE""]","[[""IEEE"",""I2085E115C551F21D""]]","[""exclude""]",not_included,0,Unassigned,,
platform:AAAI-legacy:https://aaai.org/papers/00017-aaai08-003-a-theory-of-expressiveness-in-mechanisms,aaai-legacy:https://aaai.org/papers/00017-aaai08-003-a-theory-of-expressiveness-in-mechanisms,1,"[""AAAI""]","[[""AAAI"",""AL-86d7eb4d4417aa965b50""]]","[""exclude""]",not_included,0,Unassigned,,
platform:AAAI-legacy:https://aaai.org/papers/00036-aaai97-006-benefits-of-learning-in-negotiation,aaai-legacy:https://aaai.org/papers/00036-aaai97-006-benefits-of-learning-in-negotiation,1,"[""AAAI""]","[[""AAAI"",""AL-eebb748f2c9739525bd2""]]","[""include""]",included,0,Unassigned,,
platform:AAAI-legacy:https://aaai.org/papers/00074-aaai00-012-iterative-combinatorial-auctions-theory-and-practice,aaai-legacy:https://aaai.org/papers/00074-aaai00-012-iterative-combinatorial-auctions-theory-and-practice,1,"[""AAAI""]","[[""AAAI"",""AL-6a89e41523448519da76""]]","[""include""]",included,0,Unassigned,,
platform:AAAI-legacy:https://aaai.org/papers/00082-aaai00-013-preventing-strategic-manipulation-in-iterative-auctions-proxy-agents-and-price-adjustment,aaai-legacy:https://aaai.org/papers/00082-aaai00-013-preventing-strategic-manipulation-in-iterative-auctions-proxy-agents-and-price-adjustment,1,"[""AAAI""]","[[""AAAI"",""AL-bd164b637d83cfd6154c""]]","[""include""]",included,0,Unassigned,,
platform:AAAI-legacy:https://aaai.org/papers/00090-aaai00-014-improved-algorithms-for-optimal-winner-determination-in-combinatorial-auctions-and-generalizations,aaai-legacy:https://aaai.org/papers/00090-aaai00-014-improved-algorithms-for-optimal-winner-determination-in-combinatorial-auctions-and-generalizations,1,"[""AAAI""]","[[""AAAI"",""AL-ed8c8e3c10a4dcfc29fe""]]","[""exclude""]",not_included,0,Unassigned,,
platform:AAAI-legacy:https://aaai.org/papers/00101-aaai08-016-agent-coordination-with-regret-clearing,aaai-legacy:https://aaai.org/papers/00101-aaai08-016-agent-coordination-with-regret-clearing,1,"[""AAAI""]","[[""AAAI"",""AL-2fe0beff1c9bd87b87b9""]]","[""exclude""]",not_included,0,Unassigned,,
platform:AAAI-legacy:https://aaai.org/papers/00110-aaai00-017-robust-combinatorial-auction-protocol-against-false-name-bids,aaai-legacy:https://aaai.org/papers/00110-aaai00-017-robust-combinatorial-auction-protocol-against-false-name-bids,1,"[""AAAI""]","[[""AAAI"",""AL-9d0cd9eb74529f6ba6c8""]]","[""pending""]",not_included,1,Unassigned,,
platform:AAAI-legacy:https://aaai.org/papers/00148-aaai07-022-valuation-uncertainty-and-imperfect-introspection-in-second-price-auctions,aaai-legacy:https://aaai.org/papers/00148-aaai07-022-valuation-uncertainty-and-imperfect-introspection-in-second-price-auctions,1,"[""AAAI""]","[[""AAAI"",""AL-b612872812db493e846d""]]","[""exclude""]",not_included,0,Unassigned,,
platform:AAAI-legacy:https://aaai.org/papers/00158-aaai05-026-cooperative-exploration-in-the-electronic-marketplace,aaai-legacy:https://aaai.org/papers/00158-aaai05-026-cooperative-exploration-in-the-electronic-marketplace,1,"[""AAAI""]","[[""AAAI"",""AL-7690ccb43412611dae13""]]","[""pending""]",not_included,1,Unassigned,,
platform:AAAI-legacy:https://aaai.org/papers/00164-aaai05-027-solving-the-auction-based-task-allocation-problem-in-an-open-environment,aaai-legacy:https://aaai.org/papers/00164-aaai05-027-solving-the-auction-based-task-allocation-problem-in-an-open-environment,1,"[""AAAI""]","[[""AAAI"",""AL-056e5d30dee89c31bdd7""]]","[""include""]",included,0,Unassigned,,
platform:AAAI-legacy:https://aaai.org/papers/00182-aaai08-029-bidding-strategies-for-realistic-multi-unit-sealed-bid-auctions,aaai-legacy:https://aaai.org/papers/00182-aaai08-029-bidding-strategies-for-realistic-multi-unit-sealed-bid-auctions,1,"[""AAAI""]","[[""AAAI"",""AL-e18a2e722c5178beb528""]]","[""include""]",included,0,Unassigned,,
platform:AAAI-legacy:https://aaai.org/papers/00241-aaai05-039-mechanism-design-for-single-value-domains,aaai-legacy:https://aaai.org/papers/00241-aaai05-039-mechanism-design-for-single-value-domains,1,"[""AAAI""]","[[""AAAI"",""AL-fa7ee9cf2f4f9a7e3d0f""]]","[""exclude""]",not_included,0,Unassigned,,
platform:AAAI-legacy:https://aaai.org/papers/00255-aaai05-041-expressive-negotiation-in-settings-with-externalities,aaai-legacy:https://aaai.org/papers/00255-aaai05-041-expressive-negotiation-in-settings-with-externalities,1,"[""AAAI""]","[[""AAAI"",""AL-1e07eda662f70f9bcb57""]]","[""exclude""]",not_included,0,Unassigned,,
platform:AAAI-legacy:https://aaai.org/papers/00373-aaai02-057-bidding-clubs-in-first-price-auctions,aaai-legacy:https://aaai.org/papers/00373-aaai02-057-bidding-clubs-in-first-price-auctions,1,"[""AAAI""]","[[""AAAI"",""AL-8922876f9c70d00d80c8""]]","[""exclude""]",not_included,0,Unassigned,,
platform:AAAI-legacy:https://aaai.org/papers/00385-aaai02-059-structural-leverage-and-fictitious-play-in-sequential-auctions,aaai-legacy:https://aaai.org/papers/00385-aaai02-059-structural-leverage-and-fictitious-play-in-sequential-auctions,1,"[""AAAI""]","[[""AAAI"",""AL-e676eecdca70bf14f883""]]","[""include""]",included,0,Unassigned,,
platform:AAAI-legacy:https://aaai.org/papers/00404-aaai02-062-competitive-safety-analysis,aaai-legacy:https://aaai.org/papers/00404-aaai02-062-competitive-safety-analysis,1,"[""AAAI""]","[[""AAAI"",""AL-6493f371a31b5289b086""]]","[""exclude""]",not_included,0,Unassigned,,
platform:AAAI-legacy:https://aaai.org/papers/00414-aaai94-063-forming-coalitions-in-the-face-of-uncertain-rewards,aaai-legacy:https://aaai.org/papers/00414-aaai94-063-forming-coalitions-in-the-face-of-uncertain-rewards,1,"[""AAAI""]","[[""AAAI"",""AL-1decf4a69df493b35c62""]]","[""exclude""]",not_included,0,Unassigned,,
platform:AAAI-legacy:https://aaai.org/papers/00592-aaai06-095-impersonation-based-mechanisms,aaai-legacy:https://aaai.org/papers/00592-aaai06-095-impersonation-based-mechanisms,1,"[""AAAI""]","[[""AAAI"",""AL-bd679762d005550846bf""]]","[""exclude""]",not_included,0,Unassigned,,
platform:AAAI-legacy:https://aaai.org/papers/00672-aaai06-107-regret-based-incremental-partial-revelation-mechanisms,aaai-legacy:https://aaai.org/papers/00672-aaai06-107-regret-based-incremental-partial-revelation-mechanisms,1,"[""AAAI""]","[[""AAAI"",""AL-d1111410b6278bc81ed6""]]","[""exclude""]",not_included,0,Unassigned,,
platform:AAAI-legacy:https://aaai.org/papers/00734-aaai06-117-mechanisms-for-partial-information-elicitation-the-truth-but-not-the-whole-truth,aaai-legacy:https://aaai.org/papers/00734-aaai06-117-mechanisms-for-partial-information-elicitation-the-truth-but-not-the-whole-truth,1,"[""AAAI""]","[[""AAAI"",""AL-5cb7db1b1d7801197900""]]","[""exclude""]",not_included,0,Unassigned,,
platform:AAAI-legacy:https://aaai.org/papers/00740-aaai06-118-robust-mechanisms-for-information-elicitation,aaai-legacy:https://aaai.org/papers/00740-aaai06-118-robust-mechanisms-for-information-elicitation,1,"[""AAAI""]","[[""AAAI"",""AL-494696ee6d49da7eaefc""]]","[""exclude""]",not_included,0,Unassigned,,
platform:AAAI-legacy:https://aaai.org/papers/013-aaai99-013-a-limitation-of-the-generalized-vickrey-auction-in-electronic-commerce-robustness-against-false-name-bids,aaai-legacy:https://aaai.org/papers/013-aaai99-013-a-limitation-of-the-generalized-vickrey-auction-in-electronic-commerce-robustness-against-false-name-bids,1,"[""AAAI""]","[[""AAAI"",""AL-343e26e37d986708e20c""]]","[""exclude""]",not_included,0,Unassigned,,
platform:AAAI-legacy:https://aaai.org/papers/01495-aaai07-237-design-of-a-mechanism-for-promoting-honesty-in-e-marketplaces,aaai-legacy:https://aaai.org/papers/01495-aaai07-237-design-of-a-mechanism-for-promoting-honesty-in-e-marketplaces,1,"[""AAAI""]","[[""AAAI"",""AL-2265e9bd9f2ed71afc8c""]]","[""include""]",included,0,Unassigned,,
platform:AAAI-legacy:https://aaai.org/papers/01585-aaai06-256-handling-self-interest-in-groups-with-minimal-cost,aaai-legacy:https://aaai.org/papers/01585-aaai06-256-handling-self-interest-in-groups-with-minimal-cost,1,"[""AAAI""]","[[""AAAI"",""AL-155330df85a614d99606""]]","[""exclude""]",not_included,0,Unassigned,,
platform:AAAI-legacy:https://aaai.org/papers/01844-aaai06-304-multiagent-coalition-formation-for-computer-supported-cooperative-learning,aaai-legacy:https://aaai.org/papers/01844-aaai06-304-multiagent-coalition-formation-for-computer-supported-cooperative-learning,1,"[""AAAI""]","[[""AAAI"",""AL-0cd94961f41a08c6edf7""]]","[""exclude""]",not_included,0,Unassigned,,
platform:AAAI-legacy:https://aaai.org/papers/140-aaai99-140-emediator-a-next-generation-electronic-commerce-server,aaai-legacy:https://aaai.org/papers/140-aaai99-140-emediator-a-next-generation-electronic-commerce-server,1,"[""AAAI""]","[[""AAAI"",""AL-eb59946556c65618e2ad""]]","[""include""]",included,0,Unassigned,,
platform:IEEE:10258217,ieee:10258217,1,"[""IEEE""]","[[""IEEE"",""ID58D1CDC3DC13D0B""]]","[""pending""]",not_included,1,Unassigned,,
platform:IEEE:10778345,ieee:10778345,1,"[""IEEE""]","[[""IEEE"",""I4EB419A4CE0C4436""]]","[""exclude""]",not_included,0,Unassigned,,
platform:IEEE:11118913,ieee:11118913,1,"[""IEEE""]","[[""IEEE"",""I7CEFD44D4822F2FE""]]","[""include""]",included,0,Unassigned,,
platform:IEEE:11244332,ieee:11244332,1,"[""IEEE""]","[[""IEEE"",""I1D6670F7915747EB""]]","[""exclude""]",not_included,0,Unassigned,,
platform:IEEE:11244333,ieee:11244333,1,"[""IEEE""]","[[""IEEE"",""I167B213731F18BBF""]]","[""exclude""]",not_included,0,Unassigned,,
platform:IEEE:11244358,ieee:11244358,1,"[""IEEE""]","[[""IEEE"",""I1563A3A6F9FC4BFA""]]","[""exclude""]",not_included,0,Unassigned,,
platform:IEEE:11244365,ieee:11244365,1,"[""IEEE""]","[[""IEEE"",""IEA0EB37661DC66DF""]]","[""exclude""]",not_included,0,Unassigned,,
platform:IEEE:11297053,ieee:11297053,1,"[""IEEE""]","[[""IEEE"",""I92A92654B6EAC38A""]]","[""exclude""]",not_included,0,Unassigned,,
platform:IEEE:11297083,ieee:11297083,1,"[""IEEE""]","[[""IEEE"",""I13EE630F42DA055E""]]","[""exclude""]",not_included,0,Unassigned,,
platform:IEEE:11297110,ieee:11297110,1,"[""IEEE""]","[[""IEEE"",""I0A40DA00BBE9339D""]]","[""exclude""]",not_included,0,Unassigned,,
platform:IEEE:11338660,ieee:11338660,1,"[""IEEE""]","[[""IEEE"",""I53FDF7898BAFB60C""]]","[""exclude""]",not_included,0,Unassigned,,
platform:IEEE:11421620,ieee:11421620,1,"[""IEEE""]","[[""IEEE"",""I3F915EE15B4DA930""]]","[""exclude""]",not_included,0,Unassigned,,
platform:IEEE:11433628,ieee:11433628,1,"[""IEEE""]","[[""IEEE"",""I0FADC8C2FBEAE47C""]]","[""exclude""]",not_included,0,Unassigned,,
platform:IEEE:11514925,ieee:11514925,1,"[""IEEE""]","[[""IEEE"",""I80F31622F74B2823""]]","[""exclude""]",not_included,0,Unassigned,,
platform:IEEE:11514937,ieee:11514937,1,"[""IEEE""]","[[""IEEE"",""IA60FFC7F8C5E2963""]]","[""exclude""]",not_included,0,Unassigned,,
platform:IEEE:11514940,ieee:11514940,1,"[""IEEE""]","[[""IEEE"",""I831840D9E9E2D596""]]","[""exclude""]",not_included,0,Unassigned,,
platform:IEEE:11589553,ieee:11589553,1,"[""IEEE""]","[[""IEEE"",""I40DB33E60A59EF18""]]","[""exclude""]",not_included,0,Unassigned,,
platform:IEEE:11589556,ieee:11589556,1,"[""IEEE""]","[[""IEEE"",""I08E7517D93559874""]]","[""exclude""]",not_included,0,Unassigned,,
platform:IEEE:11625216,ieee:11625216,1,"[""IEEE""]","[[""IEEE"",""ID71E2CB777E00776""]]","[""exclude""]",not_included,0,Unassigned,,
platform:IEEE:11707515,ieee:11707515,1,"[""IEEE""]","[[""IEEE"",""I775D6DC1F4343144""]]","[""exclude""]",not_included,0,Unassigned,,
platform:IEEE:11707565,ieee:11707565,1,"[""IEEE""]","[[""IEEE"",""I888B1D8641FF851C""]]","[""exclude""]",not_included,0,Unassigned,,
platform:IEEE:11711255,ieee:11711255,1,"[""IEEE""]","[[""IEEE"",""I91D6E4A94F6CCC25""]]","[""exclude""]",not_included,0,Unassigned,,
platform:IEEE:11711259,ieee:11711259,1,"[""IEEE""]","[[""IEEE"",""IC24C75E40E9DCB16""]]","[""exclude""]",not_included,0,Unassigned,,
platform:IEEE:11711268,ieee:11711268,1,"[""IEEE""]","[[""IEEE"",""ICB2EA23108E1D4E8""]]","[""exclude""]",not_included,0,Unassigned,,
platform:IEEE:1222636,ieee:1222636,1,"[""IEEE""]","[[""IEEE"",""IDB8967C2C5B9CBFB""]]","[""exclude""]",not_included,0,Unassigned,,
platform:IEEE:1323348,ieee:1323348,1,"[""IEEE""]","[[""IEEE"",""I1519CF35AA111FB2""]]","[""exclude""]",not_included,0,Unassigned,,
platform:IEEE:1323937,ieee:1323937,1,"[""IEEE""]","[[""IEEE"",""I32D695A1C7863A4B""]]","[""exclude""]",not_included,0,Unassigned,,
platform:IEEE:1373543,ieee:1373543,1,"[""IEEE""]","[[""IEEE"",""I0C439B67EDCDCFDC""]]","[""exclude""]",not_included,0,Unassigned,,
platform:IEEE:5332928,ieee:5332928,1,"[""IEEE""]","[[""IEEE"",""IB335663C638B513D""]]","[""include""]",included,0,Unassigned,,
platform:IEEE:5573980,ieee:5573980,1,"[""IEEE""]","[[""IEEE"",""IB3CCB347B56D178E""]]","[""include""]",included,0,Unassigned,,
platform:IEEE:5602491,ieee:5602491,1,"[""IEEE""]","[[""IEEE"",""I24BF3F8D85DF1088""]]","[""include""]",included,0,Unassigned,,
platform:IEEE:5603423,ieee:5603423,1,"[""IEEE""]","[[""IEEE"",""IE3A7341DB7395E25""]]","[""exclude""]",not_included,0,Unassigned,,
platform:IEEE:5678015,ieee:5678015,1,"[""IEEE""]","[[""IEEE"",""I10D19FD9AF7AF5C5""]]","[""include""]",included,0,Unassigned,,
platform:IEEE:5681700,ieee:5681700,1,"[""IEEE""]","[[""IEEE"",""I4227918B896BCF54""]]","[""exclude""]",not_included,0,Unassigned,,
platform:IEEE:5758227,ieee:5758227,1,"[""IEEE""]","[[""IEEE"",""IA4B276F57C0B6768""]]","[""include""]",included,0,Unassigned,,
platform:IEEE:6017710,ieee:6017710,1,"[""IEEE""]","[[""IEEE"",""I100E947CF4172880""]]","[""include""]",included,0,Unassigned,,
platform:IEEE:6060185,ieee:6060185,1,"[""IEEE""]","[[""IEEE"",""IC33BA1C0035FFB5E""]]","[""pending""]",not_included,1,Unassigned,,
platform:IEEE:6060713,ieee:6060713,1,"[""IEEE""]","[[""IEEE"",""I0CF4666611DB5E38""]]","[""include""]",included,0,Unassigned,,
platform:IEEE:6060714,ieee:6060714,1,"[""IEEE""]","[[""IEEE"",""I67EB15BCDFF41F15""]]","[""include""]",included,0,Unassigned,,
platform:IEEE:6085676,ieee:6085676,1,"[""IEEE""]","[[""IEEE"",""IB337DBDE65169EB2""]]","[""include""]",included,0,Unassigned,,
platform:IEEE:6103993,ieee:6103993,1,"[""IEEE""]","[[""IEEE"",""I8134278DE3CA9A72""]]","[""include""]",included,0,Unassigned,,
platform:IEEE:6125562,ieee:6125562,1,"[""IEEE""]","[[""IEEE"",""ICE13110861AEADFB""]]","[""include""]",included,0,Unassigned,,
platform:IEEE:6268926,ieee:6268926,1,"[""IEEE""]","[[""IEEE"",""IC2C9458C748BB2E3""]]","[""exclude""]",not_included,0,Unassigned,,
platform:IEEE:6275199,ieee:6275199,1,"[""IEEE""]","[[""IEEE"",""I48E682169D498A45""]]","[""pending""]",not_included,1,Unassigned,,
platform:IEEE:6354389,ieee:6354389,1,"[""IEEE""]","[[""IEEE"",""I2DE47FD130F47C6F""]]","[""exclude""]",not_included,0,Unassigned,,
platform:IEEE:6379291,ieee:6379291,1,"[""IEEE""]","[[""IEEE"",""I703F95648355DB09""]]","[""exclude""]",not_included,0,Unassigned,,
platform:IEEE:6615893,ieee:6615893,1,"[""IEEE""]","[[""IEEE"",""I0D66010DA8587E0A""]]","[""pending""]",not_included,1,Unassigned,,
platform:IEEE:6639866,ieee:6639866,1,"[""IEEE""]","[[""IEEE"",""I154830697F5654CE""]]","[""include""]",included,0,Unassigned,,
platform:IEEE:6640682,ieee:6640682,1,"[""IEEE""]","[[""IEEE"",""IDFD91358D83270C5""]]","[""pending""]",not_included,1,Unassigned,,
platform:IEEE:6641018,ieee:6641018,1,"[""IEEE""]","[[""IEEE"",""IAD1BB29D1F40AB6F""]]","[""include""]",included,0,Unassigned,,
platform:IEEE:6641020,ieee:6641020,1,"[""IEEE""]","[[""IEEE"",""I7E5EB2CC216F7568""]]","[""pending""]",not_included,1,Unassigned,,
platform:IEEE:6644140,ieee:6644140,1,"[""IEEE""]","[[""IEEE"",""IF3E17E517D918D01""]]","[""exclude""]",not_included,0,Unassigned,,
platform:IEEE:6731076,ieee:6731076,1,"[""IEEE""]","[[""IEEE"",""IEAF43D3B6B41EAB6""]]","[""exclude""]",not_included,0,Unassigned,,
platform:IEEE:6731250,ieee:6731250,1,"[""IEEE""]","[[""IEEE"",""I086EBEBAB5BD54D0""]]","[""exclude""]",not_included,0,Unassigned,,
platform:IEEE:6732128,ieee:6732128,1,"[""IEEE""]","[[""IEEE"",""ID46480866B5B14D5""]]","[""exclude""]",not_included,0,Unassigned,,
platform:IEEE:6732361,ieee:6732361,1,"[""IEEE""]","[[""IEEE"",""IF0094A90A85E34D0""]]","[""exclude""]",not_included,0,Unassigned,,
platform:IEEE:6835764,ieee:6835764,1,"[""IEEE""]","[[""IEEE"",""I6D8B301D2E52715B""]]","[""exclude""]",not_included,0,Unassigned,,
platform:IEEE:7733444,ieee:7733444,1,"[""IEEE""]","[[""IEEE"",""I3A5C87AE16377E3D""]]","[""exclude""]",not_included,0,Unassigned,,
platform:IEEE:7943399,ieee:7943399,1,"[""IEEE""]","[[""IEEE"",""I184BC210DCCD48E8""]]","[""include""]",included,0,Unassigned,,
platform:IEEE:8571687,ieee:8571687,1,"[""IEEE""]","[[""IEEE"",""I1A3C7D302179494C""]]","[""exclude""]",not_included,0,Unassigned,,
platform:IEEE:9044951,ieee:9044951,1,"[""IEEE""]","[[""IEEE"",""I18308AD0C74525D7""]]","[""exclude""]",separate_standard_track,0,Unassigned,,
platform:IEEE:9079691,ieee:9079691,1,"[""IEEE""]","[[""IEEE"",""I7578B11F476EC1B8""]]","[""exclude""]",separate_standard_track,0,Unassigned,,
platform:IEEE:9100210,ieee:9100210,1,"[""IEEE""]","[[""IEEE"",""I968E1917FB5BA99B""]]","[""exclude""]",not_included,0,Unassigned,,
platform:IEEE:9144068,ieee:9144068,1,"[""IEEE""]","[[""IEEE"",""I9D45BB54C4C5DC60""]]","[""exclude""]",not_included,0,Unassigned,,
platform:IEEE:9626368,ieee:9626368,1,"[""IEEE""]","[[""IEEE"",""I7F0E75BACE05C0B2""]]","[""pending""]",not_included,1,Unassigned,,
platform:IEEE:9953432,ieee:9953432,1,"[""IEEE""]","[[""IEEE"",""I9594F482430871CE""]]","[""exclude""]",not_included,0,Unassigned,,
platform:IJCAI-PDF:/proceedings/03/papers/099.pdf,ijcai-pdf:/proceedings/03/papers/099.pdf,1,"[""IJCAI""]","[[""IJCAI"",""JP-586fa913804b143639ab""]]","[""exclude""]",not_included,0,Unassigned,,
platform:IJCAI-PDF:/proceedings/03/papers/296.pdf,ijcai-pdf:/proceedings/03/papers/296.pdf,1,"[""IJCAI""]","[[""IJCAI"",""JP-11f2aee43c7f3ff0c61f""]]","[""pending""]",not_included,1,Unassigned,,
platform:IJCAI-PDF:/proceedings/05/papers/0527.pdf,ijcai-pdf:/proceedings/05/papers/0527.pdf,1,"[""IJCAI""]","[[""IJCAI"",""JP-b3b83fcd9cf6bd676574""]]","[""exclude""]",not_included,0,Unassigned,,
platform:IJCAI-PDF:/proceedings/05/papers/post-0154.pdf,ijcai-pdf:/proceedings/05/papers/post-0154.pdf,1,"[""IJCAI""]","[[""IJCAI"",""JP-73e90aaef37a0e4998bc""]]","[""exclude""]",not_included,0,Unassigned,,
platform:IJCAI-PDF:/proceedings/95-1/papers/091.pdf,ijcai-pdf:/proceedings/95-1/papers/091.pdf,1,"[""IJCAI""]","[[""IJCAI"",""JP-4b8be9783c63e43e4170""]]","[""include""]",included,0,Unassigned,,
platform:IJCAI-PDF:/proceedings/99-1/papers/076.pdf,ijcai-pdf:/proceedings/99-1/papers/076.pdf,1,"[""IJCAI""]","[[""IJCAI"",""JP-63ad7b99b25cac92f88b""]]","[""include""]",included,0,Unassigned,,
platform:IJCAI-PDF:/proceedings/99-1/papers/077.pdf,ijcai-pdf:/proceedings/99-1/papers/077.pdf,1,"[""IJCAI""]","[[""IJCAI"",""JP-34faf6ad94775fc1fdef""]]","[""include""]",included,0,Unassigned,,
platform:IJCAI-PDF:/proceedings/99-1/papers/078.pdf,ijcai-pdf:/proceedings/99-1/papers/078.pdf,1,"[""IJCAI""]","[[""IJCAI"",""JP-8f7ced3e1d38abb1913b""]]","[""exclude""]",not_included,0,Unassigned,,
platform:IJCAI-PDF:/proceedings/99-1/papers/079.pdf,ijcai-pdf:/proceedings/99-1/papers/079.pdf,1,"[""IJCAI""]","[[""IJCAI"",""JP-70bd5d4048943728978a""]]","[""include""]",included,0,Unassigned,,
platform:IJCAI:abstract/07/195,ijcai:abstract/07/195,1,"[""IJCAI""]","[[""IJCAI"",""JH-fd0bc62a62cc70d1c1ba""]]","[""exclude""]",not_included,0,Unassigned,,
platform:IJCAI:abstract/07/197,ijcai:abstract/07/197,1,"[""IJCAI""]","[[""IJCAI"",""JH-80d23689e90b1e8773b4""]]","[""exclude""]",not_included,0,Unassigned,,
platform:IJCAI:abstract/07/202,ijcai:abstract/07/202,1,"[""IJCAI""]","[[""IJCAI"",""JH-2ac6a5a1e9298686ff9a""]]","[""exclude""]",not_included,0,Unassigned,,
platform:IJCAI:abstract/07/219,ijcai:abstract/07/219,1,"[""IJCAI""]","[[""IJCAI"",""JH-b48aa4ed5807f4cc836a""]]","[""exclude""]",not_included,0,Unassigned,,
platform:IJCAI:abstract/07/222,ijcai:abstract/07/222,1,"[""IJCAI""]","[[""IJCAI"",""JH-bf7b55bd12258ddc2614""]]","[""include""]",included,0,Unassigned,,
platform:IJCAI:abstract/07/249,ijcai:abstract/07/249,1,"[""IJCAI""]","[[""IJCAI"",""JH-1fe2f36b526f4e13efb0""]]","[""include""]",included,0,Unassigned,,
platform:IJCAI:abstract/09/041,ijcai:abstract/09/041,1,"[""IJCAI""]","[[""IJCAI"",""JH-089e6b967fa6255bc271""]]","[""exclude""]",not_included,0,Unassigned,,
platform:IJCAI:abstract/09/042,ijcai:abstract/09/042,1,"[""IJCAI""]","[[""IJCAI"",""JH-588419a78c2ba00c8e70""]]","[""pending""]",not_included,1,Unassigned,,
platform:IJCAI:abstract/09/054,ijcai:abstract/09/054,1,"[""IJCAI""]","[[""IJCAI"",""JH-980a330970f57017f226""]]","[""exclude""]",not_included,0,Unassigned,,
platform:IJCAI:abstract/09/063,ijcai:abstract/09/063,1,"[""IJCAI""]","[[""IJCAI"",""JH-b6b0dfd92fc068e42291""]]","[""pending""]",not_included,1,Unassigned,,
platform:IJCAI:abstract/11/034,ijcai:abstract/11/034,1,"[""IJCAI""]","[[""IJCAI"",""JH-2458b70e1ce31802ef7e""]]","[""exclude""]",not_included,0,Unassigned,,
platform:IJCAI:abstract/11/041,ijcai:abstract/11/041,1,"[""IJCAI""]","[[""IJCAI"",""JH-c19f9155979beb684975""]]","[""include""]",included,0,Unassigned,,
platform:IJCAI:abstract/11/072,ijcai:abstract/11/072,1,"[""IJCAI""]","[[""IJCAI"",""JH-6a9eebf57a9d33eab573""]]","[""exclude""]",not_included,0,Unassigned,,
platform:IJCAI:abstract/11/073,ijcai:abstract/11/073,1,"[""IJCAI""]","[[""IJCAI"",""JH-2c408b88021d7df27d86""]]","[""exclude""]",not_included,0,Unassigned,,
platform:IJCAI:abstract/11/087,ijcai:abstract/11/087,1,"[""IJCAI""]","[[""IJCAI"",""JH-1ab06aed4f5f757aed86""]]","[""exclude""]",not_included,0,Unassigned,,
platform:IJCAI:abstract/11/358,ijcai:abstract/11/358,1,"[""IJCAI""]","[[""IJCAI"",""JH-f3c96ce51055902749a5""]]","[""exclude""]",not_included,0,Unassigned,,
platform:IJCAI:abstract/13/045,ijcai:abstract/13/045,1,"[""IJCAI""]","[[""IJCAI"",""JH-14374e05a18d271cb6b2""]]","[""exclude""]",not_included,0,Unassigned,,
platform:IJCAI:abstract/13/058,ijcai:abstract/13/058,1,"[""IJCAI""]","[[""IJCAI"",""JH-070396ecb610ba14a904""]]","[""exclude""]",not_included,0,Unassigned,,
platform:IJCAI:abstract/16/035,ijcai:abstract/16/035,1,"[""IJCAI""]","[[""IJCAI"",""JH-f356f9cb0864e3969821""]]","[""exclude""]",not_included,0,Unassigned,,
platform:IJCAI:abstract/16/048,ijcai:abstract/16/048,1,"[""IJCAI""]","[[""IJCAI"",""JH-fae4b9d964092a666b82""]]","[""pending""]",not_included,1,Unassigned,,
platform:IJCAI:abstract/16/056,ijcai:abstract/16/056,1,"[""IJCAI""]","[[""IJCAI"",""JH-1d303f363c067a9ba1ac""]]","[""exclude""]",not_included,0,Unassigned,,
platform:IJCAI:abstract/16/057,ijcai:abstract/16/057,1,"[""IJCAI""]","[[""IJCAI"",""JH-9d8ec828399a2825e779""]]","[""exclude""]",not_included,0,Unassigned,,
primary-url:IFAAMAS:https://www.ifaamas.org/Proceedings/aamas2010/pdf/01 Full Papers/06_01_FP_0040.pdf,https://www.ifaamas.org/Proceedings/aamas2010/pdf/01 Full Papers/06_01_FP_0040.pdf,1,"[""AAMAS""]","[[""AAMAS"",""AAMAS2010-2A49A3008D8D3CE3""]]","[""pending""]",not_applicable_relation_only,0,Unassigned,,
primary-url:IFAAMAS:https://www.ifaamas.org/Proceedings/aamas2010/pdf/01 Full Papers/18_03_FP_0228.pdf,https://www.ifaamas.org/Proceedings/aamas2010/pdf/01 Full Papers/18_03_FP_0228.pdf,1,"[""AAMAS""]","[[""AAMAS"",""AAMAS2010-03D1F4C8496E210A""]]","[""pending""]",not_applicable_relation_only,0,Unassigned,,
primary-url:IFAAMAS:https://www.ifaamas.org/Proceedings/aamas2010/pdf/01 Full Papers/18_04_FP_0251.pdf,https://www.ifaamas.org/Proceedings/aamas2010/pdf/01 Full Papers/18_04_FP_0251.pdf,1,"[""AAMAS""]","[[""AAMAS"",""AAMAS2010-3B13FE520583675A""]]","[""pending""]",not_applicable_relation_only,0,Unassigned,,
primary-url:IFAAMAS:https://www.ifaamas.org/Proceedings/aamas2010/pdf/01 Full Papers/20_04_FP_0757.pdf,https://www.ifaamas.org/Proceedings/aamas2010/pdf/01 Full Papers/20_04_FP_0757.pdf,1,"[""AAMAS""]","[[""AAMAS"",""AAMAS2010-A848AAC506DA8CFC""]]","[""pending""]",not_applicable_relation_only,0,Unassigned,,
primary-url:IFAAMAS:https://www.ifaamas.org/Proceedings/aamas2010/pdf/01 Full Papers/26_03_FP_0670.pdf,https://www.ifaamas.org/Proceedings/aamas2010/pdf/01 Full Papers/26_03_FP_0670.pdf,1,"[""AAMAS""]","[[""AAMAS"",""AAMAS2010-686B43D270CE7EE3""]]","[""pending""]",not_applicable_relation_only,0,Unassigned,,
primary-url:IFAAMAS:https://www.ifaamas.org/Proceedings/aamas2010/pdf/02 Extended Abstracts/Blue/B-33.pdf,https://www.ifaamas.org/Proceedings/aamas2010/pdf/02 Extended Abstracts/Blue/B-33.pdf,1,"[""AAMAS""]","[[""AAMAS"",""AAMAS2010-7819A6F54C58AEDD""]]","[""pending""]",not_applicable_relation_only,0,Unassigned,,
primary-url:IFAAMAS:https://www.ifaamas.org/Proceedings/aamas2010/pdf/02 Extended Abstracts/Red/R-06.pdf,https://www.ifaamas.org/Proceedings/aamas2010/pdf/02 Extended Abstracts/Red/R-06.pdf,1,"[""AAMAS""]","[[""AAMAS"",""AAMAS2010-6C5B98FD70790B3E""]]","[""pending""]",not_applicable_relation_only,0,Unassigned,,
primary-url:IFAAMAS:https://www.ifaamas.org/Proceedings/aamas2010/pdf/02 Extended Abstracts/Red/R-28.pdf,https://www.ifaamas.org/Proceedings/aamas2010/pdf/02 Extended Abstracts/Red/R-28.pdf,1,"[""AAMAS""]","[[""AAMAS"",""AAMAS2010-4805653EA5C46E17""]]","[""pending""]",not_applicable_relation_only,0,Unassigned,,
primary-url:IFAAMAS:https://www.ifaamas.org/Proceedings/aamas2010/pdf/02 Extended Abstracts/Red/R-54.pdf,https://www.ifaamas.org/Proceedings/aamas2010/pdf/02 Extended Abstracts/Red/R-54.pdf,1,"[""AAMAS""]","[[""AAMAS"",""AAMAS2010-9D53E2E880B5F528""]]","[""pending""]",not_applicable_relation_only,0,Unassigned,,
primary-url:IFAAMAS:https://www.ifaamas.org/Proceedings/aamas2010/pdf/02 Extended Abstracts/Red/R-58.pdf,https://www.ifaamas.org/Proceedings/aamas2010/pdf/02 Extended Abstracts/Red/R-58.pdf,1,"[""AAMAS""]","[[""AAMAS"",""AAMAS2010-4C26C0EF320610E2""]]","[""pending""]",not_applicable_relation_only,0,Unassigned,,
primary-url:IFAAMAS:https://www.ifaamas.org/Proceedings/aamas2011/papers/B4_G59.pdf,https://www.ifaamas.org/Proceedings/aamas2011/papers/B4_G59.pdf,1,"[""AAMAS""]","[[""AAMAS"",""AAMAS2011-6CC65FFBBB9B1663""]]","[""pending""]",not_applicable_relation_only,0,Unassigned,,
primary-url:IFAAMAS:https://www.ifaamas.org/Proceedings/aamas2011/papers/B5.pdf,https://www.ifaamas.org/Proceedings/aamas2011/papers/B5.pdf,1,"[""AAMAS""]","[[""AAMAS"",""AAMAS2011-E783B79E750882E1""]]","[""pending""]",not_applicable_relation_only,0,Unassigned,,
primary-url:IFAAMAS:https://www.ifaamas.org/Proceedings/aamas2011/papers/B5_G62.pdf,https://www.ifaamas.org/Proceedings/aamas2011/papers/B5_G62.pdf,1,"[""AAMAS""]","[[""AAMAS"",""AAMAS2011-ECFD489A86CE5407""]]","[""pending""]",not_applicable_relation_only,0,Unassigned,,
primary-url:IFAAMAS:https://www.ifaamas.org/Proceedings/aamas2011/papers/B6_B70.pdf,https://www.ifaamas.org/Proceedings/aamas2011/papers/B6_B70.pdf,1,"[""AAMAS""]","[[""AAMAS"",""AAMAS2011-010E9186ACEA2889""]]","[""pending""]",not_applicable_relation_only,0,Unassigned,,
primary-url:IFAAMAS:https://www.ifaamas.org/Proceedings/aamas2011/papers/B6_R72.pdf,https://www.ifaamas.org/Proceedings/aamas2011/papers/B6_R72.pdf,1,"[""AAMAS""]","[[""AAMAS"",""AAMAS2011-0BEA9B82AA8588FD""]]","[""pending""]",not_applicable_relation_only,0,Unassigned,,
primary-url:IFAAMAS:https://www.ifaamas.org/Proceedings/aamas2011/papers/D6_G68.pdf,https://www.ifaamas.org/Proceedings/aamas2011/papers/D6_G68.pdf,1,"[""AAMAS""]","[[""AAMAS"",""AAMAS2011-621D2986E789DDC7""]]","[""pending""]",not_applicable_relation_only,0,Unassigned,,
primary-url:IFAAMAS:https://www.ifaamas.org/Proceedings/aamas2011/papers/D6_G69.pdf,https://www.ifaamas.org/Proceedings/aamas2011/papers/D6_G69.pdf,1,"[""AAMAS""]","[[""AAMAS"",""AAMAS2011-5270572D1FA11EE8""]]","[""pending""]",not_applicable_relation_only,0,Unassigned,,
primary-url:IFAAMAS:https://www.ifaamas.org/Proceedings/aamas2011/papers/DC20.pdf,https://www.ifaamas.org/Proceedings/aamas2011/papers/DC20.pdf,1,"[""AAMAS""]","[[""AAMAS"",""AAMAS2011-EB8FAA1CAA00338A""]]","[""pending""]",not_applicable_relation_only,0,Unassigned,,
primary-url:IFAAMAS:https://www.ifaamas.org/Proceedings/aamas2012/papers/3D_3.pdf,https://www.ifaamas.org/Proceedings/aamas2012/papers/3D_3.pdf,1,"[""AAMAS""]","[[""AAMAS"",""AAMAS2012-A5B7683A426D2B16""]]","[""pending""]",not_applicable_relation_only,0,Unassigned,,
primary-url:IFAAMAS:https://www.ifaamas.org/Proceedings/aamas2012/papers/5D_1.pdf,https://www.ifaamas.org/Proceedings/aamas2012/papers/5D_1.pdf,1,"[""AAMAS""]","[[""AAMAS"",""AAMAS2012-C640CD80724545E2""]]","[""pending""]",not_applicable_relation_only,0,Unassigned,,
primary-url:IFAAMAS:https://www.ifaamas.org/Proceedings/aamas2012/papers/5D_3.pdf,https://www.ifaamas.org/Proceedings/aamas2012/papers/5D_3.pdf,1,"[""AAMAS""]","[[""AAMAS"",""AAMAS2012-7005E267F9CD8DC8""]]","[""pending""]",not_applicable_relation_only,0,Unassigned,,
