union_identifier_key,normalized_identifier,source_record_count,source_members,source_record_members,original_scientific_dispositions,final_selection,user_disposition_source_record_count,global_scientific_verdict,independent_work_count,version_count
doi:10.1007/11575726_10,10.1007/11575726_10,1,"[""ACM""]","[[""ACM"",""N2A72429E6C4281CE""]]","[""include""]",included,0,Unassigned,,
doi:10.1007/11575726_11,10.1007/11575726_11,1,"[""ACM""]","[[""ACM"",""N6294CFE377C272AD""]]","[""include""]",included,0,Unassigned,,
doi:10.1007/11575726_9,10.1007/11575726_9,1,"[""ACM""]","[[""ACM"",""N043E5DBCE337375B""]]","[""include""]",included,0,Unassigned,,
doi:10.1007/s40565-017-0327-7,10.1007/s40565-017-0327-7,1,"[""IEEE""]","[[""IEEE"",""IB54032E8CCF1F7C3""]]","[""include""]",included,0,Unassigned,,
doi:10.1093/comjnl/bxp028,10.1093/comjnl/bxp028,1,"[""IEEE""]","[[""IEEE"",""IE6AC1A15EEF5F459""]]","[""include""]",included,0,Unassigned,,
doi:10.1093/imaman/dpq009,10.1093/imaman/dpq009,1,"[""IEEE""]","[[""IEEE"",""I0F904829CFAD7AC5""]]","[""include""]",included,0,Unassigned,,
doi:10.1093/logcom/exi014,10.1093/logcom/exi014,1,"[""IEEE""]","[[""IEEE"",""I025663E68B585A6C""]]","[""include""]",included,0,Unassigned,,
doi:10.1109/2.589910,10.1109/2.589910,1,"[""IEEE""]","[[""IEEE"",""I1C6ABCDC438690E5""]]","[""include""]",included,0,Unassigned,,
doi:10.1109/2575-8411.2026.00029,10.1109/2575-8411.2026.00029,1,"[""IEEE""]","[[""IEEE"",""I837B1BE98C9CEF6F""]]","[""include""]",included,0,Unassigned,,
doi:10.1109/3468.983399,10.1109/3468.983399,1,"[""IEEE""]","[[""IEEE"",""I3C31A3F514386C81""]]","[""include""]",included,0,Unassigned,,
doi:10.1109/4235.956709,10.1109/4235.956709,1,"[""IEEE""]","[[""IEEE"",""I637DF3371AD54FE0""]]","[""include""]",included,0,Unassigned,,
doi:10.1109/4236.612214,10.1109/4236.612214,1,"[""IEEE""]","[[""IEEE"",""I7A797196B86DD254""]]","[""include""]",included,0,Unassigned,,
doi:10.1109/4236.643936,10.1109/4236.643936,1,"[""IEEE""]","[[""IEEE"",""I7E008C614DEB7850""]]","[""include""]",included,0,Unassigned,,
doi:10.1109/4236.769429,10.1109/4236.769429,1,"[""IEEE""]","[[""IEEE"",""ID40B294462A8FFBD""]]","[""include""]",included,0,Unassigned,,
doi:10.1109/4236.780967,10.1109/4236.780967,1,"[""IEEE""]","[[""IEEE"",""IC947B3CD6364DCA6""]]","[""include""]",included,0,Unassigned,,
doi:10.1109/4236.832950,10.1109/4236.832950,1,"[""IEEE""]","[[""IEEE"",""IA76DF06419B4D494""]]","[""include""]",included,0,Unassigned,,
doi:10.1109/4236.914648,10.1109/4236.914648,1,"[""IEEE""]","[[""IEEE"",""ICC4F55194F97289E""]]","[""include""]",included,0,Unassigned,,
doi:10.1109/5254.988446,10.1109/5254.988446,1,"[""IEEE""]","[[""IEEE"",""I78825BDAD1107583""]]","[""include""]",included,0,Unassigned,,
doi:10.1109/5326.897074,10.1109/5326.897074,1,"[""IEEE""]","[[""IEEE"",""I6D8F07441B513DBB""]]","[""include""]",included,0,Unassigned,,
doi:10.1109/6294.869380,10.1109/6294.869380,1,"[""IEEE""]","[[""IEEE"",""I14245DFC0DE6D145""]]","[""include""]",included,0,Unassigned,,
doi:10.1109/69.790796,10.1109/69.790796,1,"[""IEEE""]","[[""IEEE"",""I45043BF8E80270B7""]]","[""include""]",included,0,Unassigned,,
doi:10.1109/acai68217.2025.11406667,10.1109/acai68217.2025.11406667,1,"[""IEEE""]","[[""IEEE"",""I2216BB5191664A08""]]","[""include""]",included,0,Unassigned,,
doi:10.1109/access.2016.2591912,10.1109/access.2016.2591912,1,"[""IEEE""]","[[""IEEE"",""IB979AC94EED2E8B3""]]","[""include""]",included,0,Unassigned,,
doi:10.1109/access.2018.2846779,10.1109/access.2018.2846779,1,"[""IEEE""]","[[""IEEE"",""I0B28EB947054BBB5""]]","[""include""]",included,0,Unassigned,,
doi:10.1109/access.2018.2868476,10.1109/access.2018.2868476,1,"[""IEEE""]","[[""IEEE"",""IA5BE26B595CECF1F""]]","[""include""]",included,0,Unassigned,,
doi:10.1109/access.2019.2919450,10.1109/access.2019.2919450,1,"[""IEEE""]","[[""IEEE"",""I5702A528B86898EC""]]","[""include""]",included,0,Unassigned,,
doi:10.1109/access.2019.2922688,10.1109/access.2019.2922688,1,"[""IEEE""]","[[""IEEE"",""I16EEE1B8A66139A8""]]","[""include""]",included,0,Unassigned,,
doi:10.1109/access.2019.2961155,10.1109/access.2019.2961155,1,"[""IEEE""]","[[""IEEE"",""I1D6E4D33B04D12C8""]]","[""include""]",included,0,Unassigned,,
doi:10.1109/access.2020.2985254,10.1109/access.2020.2985254,1,"[""IEEE""]","[[""IEEE"",""ID7480559B28E8F25""]]","[""include""]",included,0,Unassigned,,
doi:10.1109/access.2020.3037940,10.1109/access.2020.3037940,1,"[""IEEE""]","[[""IEEE"",""IEF960FF43AB10211""]]","[""include""]",included,0,Unassigned,,
doi:10.1109/access.2020.3045713,10.1109/access.2020.3045713,1,"[""IEEE""]","[[""IEEE"",""IBC2E1BFF625210C7""]]","[""include""]",included,0,Unassigned,,
doi:10.1109/access.2022.3224460,10.1109/access.2022.3224460,1,"[""IEEE""]","[[""IEEE"",""I3D38832456CBE51A""]]","[""include""]",included,0,Unassigned,,
doi:10.1109/access.2024.3384092,10.1109/access.2024.3384092,1,"[""IEEE""]","[[""IEEE"",""IE9660B82E8BF7E72""]]","[""include""]",included,0,Unassigned,,
doi:10.1109/access.2024.3491189,10.1109/access.2024.3491189,1,"[""IEEE""]","[[""IEEE"",""I1E4E7AFEC5BF1A25""]]","[""include""]",included,0,Unassigned,,
doi:10.1109/access.2025.3586465,10.1109/access.2025.3586465,1,"[""IEEE""]","[[""IEEE"",""ID8AAA4597E903ADB""]]","[""include""]",included,0,Unassigned,,
doi:10.1109/access.2025.3615136,10.1109/access.2025.3615136,1,"[""IEEE""]","[[""IEEE"",""I516E4647DFC8669C""]]","[""include""]",included,0,Unassigned,,
doi:10.1109/access.2026.3680140,10.1109/access.2026.3680140,1,"[""IEEE""]","[[""IEEE"",""I2601573B514BBFFA""]]","[""include""]",included,0,Unassigned,,
doi:10.1109/access.2026.3681621,10.1109/access.2026.3681621,1,"[""IEEE""]","[[""IEEE"",""I26D058039D767274""]]","[""include""]",included,0,Unassigned,,
doi:10.1109/access.2026.3694881,10.1109/access.2026.3694881,1,"[""IEEE""]","[[""IEEE"",""I8F90F918F9451884""]]","[""include""]",included,0,Unassigned,,
doi:10.1109/acctcs53867.2022.00105,10.1109/acctcs53867.2022.00105,1,"[""IEEE""]","[[""IEEE"",""IE48B16FDECC1F03F""]]","[""include""]",included,0,Unassigned,,
doi:10.1109/acdsa67686.2026.11468096,10.1109/acdsa67686.2026.11468096,1,"[""IEEE""]","[[""IEEE"",""ID64959D02883FE27""]]","[""include""]",included,0,Unassigned,,
doi:10.1109/acfpe56003.2022.9952237,10.1109/acfpe56003.2022.9952237,1,"[""IEEE""]","[[""IEEE"",""IBB213285342679E0""]]","[""include""]",included,0,Unassigned,,
doi:10.1109/acsacw69556.2025.00043,10.1109/acsacw69556.2025.00043,1,"[""IEEE""]","[[""IEEE"",""I425635147BC9D82D""]]","[""include""]",included,0,Unassigned,,
doi:10.1109/aeeca49918.2020.9213474,10.1109/aeeca49918.2020.9213474,1,"[""IEEE""]","[[""IEEE"",""I966EF1965B12C637""]]","[""include""]",included,0,Unassigned,,
doi:10.1109/aero.2004.1368113,10.1109/aero.2004.1368113,1,"[""IEEE""]","[[""IEEE"",""IFB56C8BED517395B""]]","[""include""]",included,0,Unassigned,,
doi:10.1109/aetcse69203.2026.11504442,10.1109/aetcse69203.2026.11504442,1,"[""IEEE""]","[[""IEEE"",""I258754CFE6734582""]]","[""include""]",included,0,Unassigned,,
doi:10.1109/aiact.2019.8847855,10.1109/aiact.2019.8847855,1,"[""IEEE""]","[[""IEEE"",""I0E6FE4DB6A81C1EC""]]","[""include""]",included,0,Unassigned,,
doi:10.1109/aicconf69182.2026.11600651,10.1109/aicconf69182.2026.11600651,1,"[""IEEE""]","[[""IEEE"",""IBCA43C6E34A51F07""]]","[""include""]",included,0,Unassigned,,
doi:10.1109/aiccsa.2003.1227478,10.1109/aiccsa.2003.1227478,1,"[""IEEE""]","[[""IEEE"",""I8656A8BEC6C572B5""]]","[""include""]",included,0,Unassigned,,
doi:10.1109/aiccsa.2003.1227554,10.1109/aiccsa.2003.1227554,1,"[""IEEE""]","[[""IEEE"",""I075FECD8D4080654""]]","[""include""]",included,0,Unassigned,,
doi:10.1109/aiccsa66935.2025.11315260,10.1109/aiccsa66935.2025.11315260,1,"[""IEEE""]","[[""IEEE"",""IDE22215C47EE2F1A""]]","[""include""]",included,0,Unassigned,,
doi:10.1109/aici.2009.102,10.1109/aici.2009.102,1,"[""IEEE""]","[[""IEEE"",""I323024AA5BCE8768""]]","[""include""]",included,0,Unassigned,,
doi:10.1109/aici.2009.180,10.1109/aici.2009.180,1,"[""IEEE""]","[[""IEEE"",""I1595FFA875BD7371""]]","[""include""]",included,0,Unassigned,,
doi:10.1109/aiiot68874.2026.11569555,10.1109/aiiot68874.2026.11569555,1,"[""IEEE""]","[[""IEEE"",""I0AAA9275BFE93C02""]]","[""include""]",included,0,Unassigned,,
doi:10.1109/aim.2005.1511206,10.1109/aim.2005.1511206,1,"[""IEEE""]","[[""IEEE"",""ICCC394ED49B003A4""]]","[""include""]",included,0,Unassigned,,
doi:10.1109/aina.2003.1192869,10.1109/aina.2003.1192869,1,"[""IEEE""]","[[""IEEE"",""IE5C68E91061FB758""]]","[""include""]",included,0,Unassigned,,
doi:10.1109/aina.2003.1192894,10.1109/aina.2003.1192894,1,"[""IEEE""]","[[""IEEE"",""IE18552381FD7C2E1""]]","[""include""]",included,0,Unassigned,,
doi:10.1109/aina.2004.1283823,10.1109/aina.2004.1283823,1,"[""IEEE""]","[[""IEEE"",""IE1E5D71F47596C99""]]","[""include""]",included,0,Unassigned,,
doi:10.1109/aina.2004.1283962,10.1109/aina.2004.1283962,1,"[""IEEE""]","[[""IEEE"",""I46288ACDBDE488FB""]]","[""include""]",included,0,Unassigned,,
doi:10.1109/aina.2005.81,10.1109/aina.2005.81,1,"[""IEEE""]","[[""IEEE"",""IDAD4F2896257E29C""]]","[""include""]",included,0,Unassigned,,
doi:10.1109/aiot66900.2025.00032,10.1109/aiot66900.2025.00032,1,"[""IEEE""]","[[""IEEE"",""I64ACEBA635514A58""]]","[""include""]",included,0,Unassigned,,
doi:10.1109/aipip66876.2025.11299220,10.1109/aipip66876.2025.11299220,1,"[""IEEE""]","[[""IEEE"",""IECCD0E59BDEEC4F7""]]","[""include""]",included,0,Unassigned,,
doi:10.1109/aiworc.2000.843283,10.1109/aiworc.2000.843283,1,"[""IEEE""]","[[""IEEE"",""IC2690BD774745628""]]","[""include""]",included,0,Unassigned,,
doi:10.1109/aixdke67294.2026.00022,10.1109/aixdke67294.2026.00022,1,"[""IEEE""]","[[""IEEE"",""I5D7B7FE548E40D3E""]]","[""include""]",included,0,Unassigned,,
doi:10.1109/aixse64906.2025.00023,10.1109/aixse64906.2025.00023,1,"[""IEEE""]","[[""IEEE"",""I3F45B1F6ADCE77EE""]]","[""include""]",included,0,Unassigned,,
doi:10.1109/alife-cis64968.2025.10979836,10.1109/alife-cis64968.2025.10979836,1,"[""IEEE""]","[[""IEEE"",""IB970FE03B765A513""]]","[""include""]",included,0,Unassigned,,
doi:10.1109/amige.2008.ecp.15,10.1109/amige.2008.ecp.15,1,"[""IEEE""]","[[""IEEE"",""I70EAB15340F6B0EA""]]","[""include""]",included,0,Unassigned,,
doi:10.1109/amt.2005.1505317,10.1109/amt.2005.1505317,1,"[""IEEE""]","[[""IEEE"",""IF2B3976DF7D3485F""]]","[""include""]",included,0,Unassigned,,
doi:10.1109/amt.2005.1505318,10.1109/amt.2005.1505318,1,"[""IEEE""]","[[""IEEE"",""IC5F4F6B3552C57FB""]]","[""include""]",included,0,Unassigned,,
doi:10.1109/amt.2005.1505423,10.1109/amt.2005.1505423,1,"[""IEEE""]","[[""IEEE"",""I661CFD7E9602CE36""]]","[""include""]",included,0,Unassigned,,
doi:10.1109/apccas.2002.1114962,10.1109/apccas.2002.1114962,1,"[""IEEE""]","[[""IEEE"",""I5AC5A02B695F5389""]]","[""include""]",included,0,Unassigned,,
doi:10.1109/apscc.2008.185,10.1109/apscc.2008.185,1,"[""IEEE""]","[[""IEEE"",""IC4627B7FB7C20CEF""]]","[""include""]",included,0,Unassigned,,
doi:10.1109/argencon.2016.7585332,10.1109/argencon.2016.7585332,1,"[""IEEE""]","[[""IEEE"",""I150963A1020C7423""]]","[""include""]",included,0,Unassigned,,
doi:10.1109/asiancon58793.2023.10269877,10.1109/asiancon58793.2023.10269877,1,"[""IEEE""]","[[""IEEE"",""IE677C5FC6233DE98""]]","[""include""]",included,0,Unassigned,,
doi:10.1109/aswec.2010.15,10.1109/aswec.2010.15,1,"[""IEEE""]","[[""IEEE"",""I980DF49527174A4D""]]","[""include""]",included,0,Unassigned,,
doi:10.1109/bcca66705.2025.11229749,10.1109/bcca66705.2025.11229749,1,"[""IEEE""]","[[""IEEE"",""I607351C87CBB331A""]]","[""include""]",included,0,Unassigned,,
doi:10.1109/bdai70753.2026.11655126,10.1109/bdai70753.2026.11655126,1,"[""IEEE""]","[[""IEEE"",""IA14FC72DB3A55854""]]","[""include""]",included,0,Unassigned,,
doi:10.1109/besc.2017.8256360,10.1109/besc.2017.8256360,1,"[""IEEE""]","[[""IEEE"",""I4F718ABB04F267F9""]]","[""include""]",included,0,Unassigned,,
doi:10.1109/bigdata66926.2025.11402337,10.1109/bigdata66926.2025.11402337,1,"[""IEEE""]","[[""IEEE"",""IECEB47F8E8C53D4B""]]","[""include""]",included,0,Unassigned,,
doi:10.1109/blockchain55522.2022.00046,10.1109/blockchain55522.2022.00046,1,"[""IEEE""]","[[""IEEE"",""I3E928486170DBB8D""]]","[""include""]",included,0,Unassigned,,
doi:10.1109/c366505.2025.11340318,10.1109/c366505.2025.11340318,1,"[""IEEE""]","[[""IEEE"",""I55C4D62F01A10189""]]","[""include""]",included,0,Unassigned,,
doi:10.1109/cacwd.2004.1349034,10.1109/cacwd.2004.1349034,1,"[""IEEE""]","[[""IEEE"",""I580488919F895041""]]","[""include""]",included,0,Unassigned,,
doi:10.1109/cai68641.2026.11536236,10.1109/cai68641.2026.11536236,1,"[""IEEE""]","[[""IEEE"",""IAE8D6E799524287D""]]","[""include""]",included,0,Unassigned,,
doi:10.1109/caibda70336.2026.11621400,10.1109/caibda70336.2026.11621400,1,"[""IEEE""]","[[""IEEE"",""IF0F554698ACDA86E""]]","[""include""]",included,0,Unassigned,,
doi:10.1109/cars67163.2025.11337310,10.1109/cars67163.2025.11337310,1,"[""IEEE""]","[[""IEEE"",""I919550BA957ABCBC""]]","[""include""]",included,0,Unassigned,,
doi:10.1109/cars67163.2025.11337769,10.1109/cars67163.2025.11337769,1,"[""IEEE""]","[[""IEEE"",""I7CAD8E802CCB8028""]]","[""include""]",included,0,Unassigned,,
doi:10.1109/casset.2004.1322906,10.1109/casset.2004.1322906,1,"[""IEEE""]","[[""IEEE"",""ICA71A53700149BE8""]]","[""include""]",included,0,Unassigned,,
doi:10.1109/cbdcom68404.2025.00041,10.1109/cbdcom68404.2025.00041,1,"[""IEEE""]","[[""IEEE"",""I951A2E869E74D889""]]","[""include""]",included,0,Unassigned,,
doi:10.1109/cbi.2013.37,10.1109/cbi.2013.37,1,"[""IEEE""]","[[""IEEE"",""I136F17C84CDB295F""]]","[""include""]",included,0,Unassigned,,
doi:10.1109/ccaa.2015.7148508,10.1109/ccaa.2015.7148508,1,"[""IEEE""]","[[""IEEE"",""IC0799D408142AC44""]]","[""include""]",included,0,Unassigned,,
doi:10.1109/ccai69603.2026.11642106,10.1109/ccai69603.2026.11642106,1,"[""IEEE""]","[[""IEEE"",""IFA0CD99F7F22919B""]]","[""include""]",included,0,Unassigned,,
doi:10.1109/cccm.2008.217,10.1109/cccm.2008.217,1,"[""IEEE""]","[[""IEEE"",""I97DA2FB4979ADB45""]]","[""include""]",included,0,Unassigned,,
doi:10.1109/ccdc.2009.5192561,10.1109/ccdc.2009.5192561,1,"[""IEEE""]","[[""IEEE"",""I43A7F894807ADA48""]]","[""include""]",included,0,Unassigned,,
doi:10.1109/ccdc.2009.5195205,10.1109/ccdc.2009.5195205,1,"[""IEEE""]","[[""IEEE"",""I3E13627CCDBCE821""]]","[""include""]",included,0,Unassigned,,
doi:10.1109/ccdc.2010.5498548,10.1109/ccdc.2010.5498548,1,"[""IEEE""]","[[""IEEE"",""IB30F996FFCF564C4""]]","[""include""]",included,0,Unassigned,,
doi:10.1109/ccdc.2012.6244332,10.1109/ccdc.2012.6244332,1,"[""IEEE""]","[[""IEEE"",""IF651D1C0459E438D""]]","[""include""]",included,0,Unassigned,,
doi:10.1109/ccdc49329.2020.9164350,10.1109/ccdc49329.2020.9164350,1,"[""IEEE""]","[[""IEEE"",""I67AD73869B581EF0""]]","[""include""]",included,0,Unassigned,,
doi:10.1109/ccdc49329.2020.9164742,10.1109/ccdc49329.2020.9164742,1,"[""IEEE""]","[[""IEEE"",""I58EB8F11E1CF6466""]]","[""include""]",included,0,Unassigned,,
doi:10.1109/ccdc65474.2025.11090612,10.1109/ccdc65474.2025.11090612,1,"[""IEEE""]","[[""IEEE"",""I7DB8099C1446CFE8""]]","[""include""]",included,0,Unassigned,,
doi:10.1109/ccece.2006.277699,10.1109/ccece.2006.277699,1,"[""IEEE""]","[[""IEEE"",""I65E187158E2ED208""]]","[""include""]",included,0,Unassigned,,
doi:10.1109/ccece.2006.277722,10.1109/ccece.2006.277722,1,"[""IEEE""]","[[""IEEE"",""I931BB311955EFB2C""]]","[""include""]",included,0,Unassigned,,
doi:10.1109/ccece47787.2020.9255804,10.1109/ccece47787.2020.9255804,1,"[""IEEE""]","[[""IEEE"",""I84EB114EDA72C816""]]","[""include""]",included,0,Unassigned,,
doi:10.1109/ccgrid.2001.923245,10.1109/ccgrid.2001.923245,1,"[""IEEE""]","[[""IEEE"",""I3B041811BECFCBB5""]]","[""include""]",included,0,Unassigned,,
doi:10.1109/ccgrid.2008.13,10.1109/ccgrid.2008.13,1,"[""IEEE""]","[[""IEEE"",""IB593C98CDB99158D""]]","[""include""]",included,0,Unassigned,,
doi:10.1109/ccgrid68966.2026.00047,10.1109/ccgrid68966.2026.00047,1,"[""IEEE""]","[[""IEEE"",""IC4D487F3D8C26AF3""]]","[""include""]",included,0,Unassigned,,
doi:10.1109/ccgridw69005.2026.00035,10.1109/ccgridw69005.2026.00035,1,"[""IEEE""]","[[""IEEE"",""I27B824F81AE4AED1""]]","[""include""]",included,0,Unassigned,,
doi:10.1109/ccst.2003.1297566,10.1109/ccst.2003.1297566,1,"[""IEEE""]","[[""IEEE"",""IFCA5D22FB00DF102""]]","[""include""]",included,0,Unassigned,,
doi:10.1109/ccta.2017.8062773,10.1109/ccta.2017.8062773,1,"[""IEEE""]","[[""IEEE"",""IB68B70844D14BF01""]]","[""include""]",included,0,Unassigned,,
doi:10.1109/cdc.2004.1430264,10.1109/cdc.2004.1430264,1,"[""IEEE""]","[[""IEEE"",""IE31C18E83A100DF1""]]","[""include""]",included,0,Unassigned,,
doi:10.1109/cdc.2009.5400496,10.1109/cdc.2009.5400496,1,"[""IEEE""]","[[""IEEE"",""IE137111BCCDCBFB7""]]","[""include""]",included,0,Unassigned,,
doi:10.1109/cdc.2013.6759939,10.1109/cdc.2013.6759939,1,"[""IEEE""]","[[""IEEE"",""I9D0DC80D0FB2F496""]]","[""include""]",included,0,Unassigned,,
doi:10.1109/cdc49753.2023.10383887,10.1109/cdc49753.2023.10383887,1,"[""IEEE""]","[[""IEEE"",""I922019315657BE62""]]","[""include""]",included,0,Unassigned,,
doi:10.1109/cec-eee.2006.37,10.1109/cec-eee.2006.37,1,"[""IEEE""]","[[""IEEE"",""I1DB827B344870A58""]]","[""include""]",included,0,Unassigned,,
doi:10.1109/cec-eee.2006.40,10.1109/cec-eee.2006.40,1,"[""IEEE""]","[[""IEEE"",""I9F420EE349F4EEE4""]]","[""include""]",included,0,Unassigned,,
doi:10.1109/cec-eee.2006.43,10.1109/cec-eee.2006.43,1,"[""IEEE""]","[[""IEEE"",""I606C8EC700A2C148""]]","[""include""]",included,0,Unassigned,,
doi:10.1109/cec-eee.2007.14,10.1109/cec-eee.2007.14,1,"[""IEEE""]","[[""IEEE"",""I610511D9D6B79601""]]","[""include""]",included,0,Unassigned,,
doi:10.1109/cec-eee.2007.17,10.1109/cec-eee.2007.17,1,"[""IEEE""]","[[""IEEE"",""IB889144AF7E3CD54""]]","[""include""]",included,0,Unassigned,,
doi:10.1109/cec-eee.2007.31,10.1109/cec-eee.2007.31,1,"[""IEEE""]","[[""IEEE"",""ID1020A00B2D8C9C6""]]","[""include""]",included,0,Unassigned,,
doi:10.1109/cec.2000.870763,10.1109/cec.2000.870763,1,"[""IEEE""]","[[""IEEE"",""IF44D73F3E1A3048B""]]","[""include""]",included,0,Unassigned,,
doi:10.1109/cec.2002.1004555,10.1109/cec.2002.1004555,1,"[""IEEE""]","[[""IEEE"",""I6C512C016210F99E""]]","[""include""]",included,0,Unassigned,,
doi:10.1109/cec.2005.1555001,10.1109/cec.2005.1555001,1,"[""IEEE""]","[[""IEEE"",""ID38BD33F54642D0A""]]","[""include""]",included,0,Unassigned,,
doi:10.1109/cec.2007.4424548,10.1109/cec.2007.4424548,1,"[""IEEE""]","[[""IEEE"",""I3C5CBD79DC8EB805""]]","[""include""]",included,0,Unassigned,,
doi:10.1109/cec.2008.4630972,10.1109/cec.2008.4630972,1,"[""IEEE""]","[[""IEEE"",""IA49E593C31EEB640""]]","[""include""]",included,0,Unassigned,,
doi:10.1109/cec.2009.4983314,10.1109/cec.2009.4983314,1,"[""IEEE""]","[[""IEEE"",""IDE05627A2A2786C0""]]","[""include""]",included,0,Unassigned,,
doi:10.1109/cec.2010.5585963,10.1109/cec.2010.5585963,1,"[""IEEE""]","[[""IEEE"",""IBC21C927EE978928""]]","[""include""]",included,0,Unassigned,,
doi:10.1109/cec.2010.5586254,10.1109/cec.2010.5586254,1,"[""IEEE""]","[[""IEEE"",""I47D685DFD145CF46""]]","[""include""]",included,0,Unassigned,,
doi:10.1109/cec.2011.5949932,10.1109/cec.2011.5949932,1,"[""IEEE""]","[[""IEEE"",""IA9B7DBFFBE94E777""]]","[""include""]",included,0,Unassigned,,
doi:10.1109/cecandeee.2008.123,10.1109/cecandeee.2008.123,1,"[""IEEE""]","[[""IEEE"",""I9C8031D58836F1C2""]]","[""include""]",included,0,Unassigned,,
doi:10.1109/cecandeee.2008.133,10.1109/cecandeee.2008.133,1,"[""IEEE""]","[[""IEEE"",""I3363C99A62E105EA""]]","[""include""]",included,0,Unassigned,,
doi:10.1109/cei66465.2025.11398540,10.1109/cei66465.2025.11398540,1,"[""IEEE""]","[[""IEEE"",""I084EA042446563AE""]]","[""include""]",included,0,Unassigned,,
doi:10.1109/cencon.2014.6967477,10.1109/cencon.2014.6967477,1,"[""IEEE""]","[[""IEEE"",""IF92C61AD2173BD5E""]]","[""include""]",included,0,Unassigned,,
doi:10.1109/centcon52345.2021.9688037,10.1109/centcon52345.2021.9688037,1,"[""IEEE""]","[[""IEEE"",""IDC9BD746EAEE43C6""]]","[""include""]",included,0,Unassigned,,
doi:10.1109/chinacom.2006.344654,10.1109/chinacom.2006.344654,1,"[""IEEE""]","[[""IEEE"",""IDC5A39B4A916510A""]]","[""include""]",included,0,Unassigned,,
doi:10.1109/ciasg.2014.7011556,10.1109/ciasg.2014.7011556,1,"[""IEEE""]","[[""IEEE"",""IDE6CACD3AE32051A""]]","[""include""]",included,0,Unassigned,,
doi:10.1109/ciced.2016.7576416,10.1109/ciced.2016.7576416,1,"[""IEEE""]","[[""IEEE"",""IAFC3FC6397F67C8A""]]","[""include""]",included,0,Unassigned,,
doi:10.1109/cifer.1998.690152,10.1109/cifer.1998.690152,1,"[""IEEE""]","[[""IEEE"",""IE05DE08C0E701E90""]]","[""include""]",included,0,Unassigned,,
doi:10.1109/cifer.2003.1196257,10.1109/cifer.2003.1196257,1,"[""IEEE""]","[[""IEEE"",""IBE13FC7AF79EF02D""]]","[""include""]",included,0,Unassigned,,
doi:10.1109/cifer52523.2022.9776070,10.1109/cifer52523.2022.9776070,1,"[""IEEE""]","[[""IEEE"",""IF722C5F56D1D3312""]]","[""include""]",included,0,Unassigned,,
doi:10.1109/cimca.2005.1631304,10.1109/cimca.2005.1631304,1,"[""IEEE""]","[[""IEEE"",""I9238136BB92320BA""]]","[""include""]",included,0,Unassigned,,
doi:10.1109/cimca.2005.1631362,10.1109/cimca.2005.1631362,1,"[""IEEE""]","[[""IEEE"",""I6D6564D68BE5FC75""]]","[""include""]",included,0,Unassigned,,
doi:10.1109/cimca.2005.1631584,10.1109/cimca.2005.1631584,1,"[""IEEE""]","[[""IEEE"",""IEFFDFFBADD4F3EE9""]]","[""include""]",included,0,Unassigned,,
doi:10.1109/cimca.2005.1631586,10.1109/cimca.2005.1631586,1,"[""IEEE""]","[[""IEEE"",""IEFE9D01194FA1E2A""]]","[""include""]",included,0,Unassigned,,
doi:10.1109/cimca.2008.103,10.1109/cimca.2008.103,1,"[""IEEE""]","[[""IEEE"",""I4245D601729F09F0""]]","[""include""]",included,0,Unassigned,,
doi:10.1109/cimca.2008.24,10.1109/cimca.2008.24,1,"[""IEEE""]","[[""IEEE"",""I8376DCB7F19B720B""]]","[""include""]",included,0,Unassigned,,
doi:10.1109/cimca.2008.60,10.1109/cimca.2008.60,1,"[""IEEE""]","[[""IEEE"",""I10F8BD38CA417D16""]]","[""include""]",included,0,Unassigned,,
doi:10.1109/cinc.2009.263,10.1109/cinc.2009.263,1,"[""IEEE""]","[[""IEEE"",""I11A4C02E93A37338""]]","[""include""]",included,0,Unassigned,,
doi:10.1109/cinc.2009.30,10.1109/cinc.2009.30,1,"[""IEEE""]","[[""IEEE"",""I414FAF487E9E296F""]]","[""include""]",included,0,Unassigned,,
doi:10.1109/cinti67731.2025.11311789,10.1109/cinti67731.2025.11311789,1,"[""IEEE""]","[[""IEEE"",""ID5B4A530A4B3255C""]]","[""include""]",included,0,Unassigned,,
doi:10.1109/cise.2010.5676783,10.1109/cise.2010.5676783,1,"[""IEEE""]","[[""IEEE"",""I40AFA58784166636""]]","[""include""]",included,0,Unassigned,,
doi:10.1109/cisim.2007.8,10.1109/cisim.2007.8,1,"[""IEEE""]","[[""IEEE"",""I207E1CBECB6E5A89""]]","[""include""]",included,0,Unassigned,,
doi:10.1109/cisp.2008.558,10.1109/cisp.2008.558,1,"[""IEEE""]","[[""IEEE"",""I746E7F9288E91225""]]","[""include""]",included,0,Unassigned,,
doi:10.1109/cit.2004.1357241,10.1109/cit.2004.1357241,1,"[""IEEE""]","[[""IEEE"",""I489E5ACF08914BAE""]]","[""include""]",included,0,Unassigned,,
doi:10.1109/cit.2005.163,10.1109/cit.2005.163,1,"[""IEEE""]","[[""IEEE"",""ICC56E5FA986925B1""]]","[""include""]",included,0,Unassigned,,
doi:10.1109/citisia.2009.5224248,10.1109/citisia.2009.5224248,1,"[""IEEE""]","[[""IEEE"",""IAA195AB8E15CCDC9""]]","[""include""]",included,0,Unassigned,,
doi:10.1109/cloudsummit68932.2026.00009,10.1109/cloudsummit68932.2026.00009,1,"[""IEEE""]","[[""IEEE"",""I60BA98295026A27F""]]","[""include""]",included,0,Unassigned,,
doi:10.1109/cloudsummit68932.2026.00010,10.1109/cloudsummit68932.2026.00010,1,"[""IEEE""]","[[""IEEE"",""I02FD9426249077A2""]]","[""include""]",included,0,Unassigned,,
doi:10.1109/cloudsummit68932.2026.00020,10.1109/cloudsummit68932.2026.00020,1,"[""IEEE""]","[[""IEEE"",""I8A7BCCB27B9EB3E0""]]","[""include""]",included,0,Unassigned,,
doi:10.1109/cloudsummit68932.2026.00028,10.1109/cloudsummit68932.2026.00028,1,"[""IEEE""]","[[""IEEE"",""IADB397D6B059C614""]]","[""include""]",included,0,Unassigned,,
doi:10.1109/clustr.2002.1137780,10.1109/clustr.2002.1137780,1,"[""IEEE""]","[[""IEEE"",""I568E947777EF3337""]]","[""include""]",included,0,Unassigned,,
doi:10.1109/cmpsac.1999.814322,10.1109/cmpsac.1999.814322,1,"[""IEEE""]","[[""IEEE"",""IC3C9555EE9E283FD""]]","[""include""]",included,0,Unassigned,,
doi:10.1109/cmpsac.2000.884704,10.1109/cmpsac.2000.884704,1,"[""IEEE""]","[[""IEEE"",""I8C1CF6FC322CBD40""]]","[""include""]",included,0,Unassigned,,
doi:10.1109/cmpsac.2002.1044554,10.1109/cmpsac.2002.1044554,1,"[""IEEE""]","[[""IEEE"",""I42C60454538C0439""]]","[""include""]",included,0,Unassigned,,
doi:10.1109/cmpsac.2004.1342803,10.1109/cmpsac.2004.1342803,1,"[""IEEE""]","[[""IEEE"",""IB892124E483C3DA5""]]","[""include""]",included,0,Unassigned,,
doi:10.1109/cncit56797.2022.00017,10.1109/cncit56797.2022.00017,1,"[""IEEE""]","[[""IEEE"",""I63538F6CF9EDAD15""]]","[""include""]",included,0,Unassigned,,
doi:10.1109/coase.2015.7294070,10.1109/coase.2015.7294070,1,"[""IEEE""]","[[""IEEE"",""I3ADBBFBCFE2413B9""]]","[""include""]",included,0,Unassigned,,
doi:10.1109/codit66093.2025.11321879,10.1109/codit66093.2025.11321879,1,"[""IEEE""]","[[""IEEE"",""IC696EE1D30F9D0CE""]]","[""include""]",included,0,Unassigned,,
doi:10.1109/coec.2003.1210225,10.1109/coec.2003.1210225,1,"[""IEEE""]","[[""IEEE"",""IFEC3AE0EAD8DF3AF""]]","[""include""]",included,0,Unassigned,,
doi:10.1109/coec.2003.1210238,10.1109/coec.2003.1210238,1,"[""IEEE""]","[[""IEEE"",""I5B08B9CF96416FDC""]]","[""include""]",included,0,Unassigned,,
doi:10.1109/coec.2003.1210245,10.1109/coec.2003.1210245,1,"[""IEEE""]","[[""IEEE"",""I88ED9E1013126F44""]]","[""include""]",included,0,Unassigned,,
doi:10.1109/coec.2003.1210263,10.1109/coec.2003.1210263,1,"[""IEEE""]","[[""IEEE"",""I63D36326BDD6F521""]]","[""include""]",included,0,Unassigned,,
doi:10.1109/coginf.2006.365673,10.1109/coginf.2006.365673,1,"[""IEEE""]","[[""IEEE"",""I1ADE22A27FBE9697""]]","[""include""]",included,0,Unassigned,,
doi:10.1109/coginf.2009.5250678,10.1109/coginf.2009.5250678,1,"[""IEEE""]","[[""IEEE"",""I3A3767F3CD957DA3""]]","[""include""]",included,0,Unassigned,,
doi:10.1109/cogmi67134.2025.00067,10.1109/cogmi67134.2025.00067,1,"[""IEEE""]","[[""IEEE"",""I9A8824EB5E0141C2""]]","[""include""]",included,0,Unassigned,,
doi:10.1109/compeng.2012.6242961,10.1109/compeng.2012.6242961,1,"[""IEEE""]","[[""IEEE"",""I372265C87C387A75""]]","[""include""]",included,0,Unassigned,,
doi:10.1109/compsac.2006.157,10.1109/compsac.2006.157,1,"[""IEEE""]","[[""IEEE"",""IE80454AD50A1FE29""]]","[""include""]",included,0,Unassigned,,
doi:10.1109/compsac.2009.112,10.1109/compsac.2009.112,1,"[""IEEE""]","[[""IEEE"",""I827C4D78D0D7216E""]]","[""include""]",included,0,Unassigned,,
doi:10.1109/compsac.2010.22,10.1109/compsac.2010.22,1,"[""IEEE""]","[[""IEEE"",""IABB005CB55319ED4""]]","[""include""]",included,0,Unassigned,,
doi:10.1109/compsac.2012.90,10.1109/compsac.2012.90,1,"[""IEEE""]","[[""IEEE"",""I1B36FBB46B14DF4B""]]","[""include""]",included,0,Unassigned,,
doi:10.1109/comsnets.2013.6465595,10.1109/comsnets.2013.6465595,1,"[""IEEE""]","[[""IEEE"",""I61D714E632662E5F""]]","[""include""]",included,0,Unassigned,,
doi:10.1109/comsnets67989.2026.11418261,10.1109/comsnets67989.2026.11418261,1,"[""IEEE""]","[[""IEEE"",""I5B31FDADF42EE551""]]","[""include""]",included,0,Unassigned,,
doi:10.1109/coopis.1999.792146,10.1109/coopis.1999.792146,1,"[""IEEE""]","[[""IEEE"",""I0EFA3DBE53685F7D""]]","[""include""]",included,0,Unassigned,,
doi:10.1109/cscwd.2014.6846869,10.1109/cscwd.2014.6846869,1,"[""IEEE""]","[[""IEEE"",""IC4A90DCA0F76EACC""]]","[""include""]",included,0,Unassigned,,
doi:10.1109/cscwd68734.2026.11582512,10.1109/cscwd68734.2026.11582512,1,"[""IEEE""]","[[""IEEE"",""I95E406BDDC3111F7""]]","[""include""]",included,0,Unassigned,,
doi:10.1109/csf57540.2023.00010,10.1109/csf57540.2023.00010,1,"[""IEEE""]","[[""IEEE"",""I45D2191960A8D06F""]]","[""include""]",included,0,Unassigned,,
doi:10.1109/csitss67709.2025.11294866,10.1109/csitss67709.2025.11294866,1,"[""IEEE""]","[[""IEEE"",""I33248566D6B1CD6D""]]","[""include""]",included,0,Unassigned,,
doi:10.1109/csss.2011.5972186,10.1109/csss.2011.5972186,1,"[""IEEE""]","[[""IEEE"",""IB6F592229C68DACD""]]","[""include""]",included,0,Unassigned,,
doi:10.1109/cw.2002.1180894,10.1109/cw.2002.1180894,1,"[""IEEE""]","[[""IEEE"",""I49BDC64C152B7C58""]]","[""include""]",included,0,Unassigned,,
doi:10.1109/cyberc.2009.5342190,10.1109/cyberc.2009.5342190,1,"[""IEEE""]","[[""IEEE"",""ICF3832FC4B6CB6D7""]]","[""include""]",included,0,Unassigned,,
doi:10.1109/dasc-picom-datacom-cyberscitec.2016.35,10.1109/dasc-picom-datacom-cyberscitec.2016.35,1,"[""IEEE""]","[[""IEEE"",""I9C28984DF6FD4AF7""]]","[""include""]",included,0,Unassigned,,
doi:10.1109/dasc.2009.122,10.1109/dasc.2009.122,1,"[""IEEE""]","[[""IEEE"",""I38B150C613856133""]]","[""include""]",included,0,Unassigned,,
doi:10.1109/dasc/picom/datacom/cyberscitec.2018.00125,10.1109/dasc/picom/datacom/cyberscitec.2018.00125,1,"[""IEEE""]","[[""IEEE"",""IC55A01489F216934""]]","[""include""]",included,0,Unassigned,,
doi:10.1109/dbta.2009.136,10.1109/dbta.2009.136,1,"[""IEEE""]","[[""IEEE"",""I8855A1C136858BCE""]]","[""include""]",included,0,Unassigned,,
doi:10.1109/deec.2005.6,10.1109/deec.2005.6,1,"[""IEEE""]","[[""IEEE"",""IAD3F08987FF034F3""]]","[""include""]",included,0,Unassigned,,
doi:10.1109/dexa.1999.795295,10.1109/dexa.1999.795295,1,"[""IEEE""]","[[""IEEE"",""ID6EDCE08F33704E0""]]","[""include""]",included,0,Unassigned,,
doi:10.1109/dexa.2000.875063,10.1109/dexa.2000.875063,1,"[""IEEE""]","[[""IEEE"",""I762377FAEF2E6D0A""]]","[""include""]",included,0,Unassigned,,
doi:10.1109/dexa.2000.875151,10.1109/dexa.2000.875151,1,"[""IEEE""]","[[""IEEE"",""IFEF9D4663F7F477B""]]","[""include""]",included,0,Unassigned,,
doi:10.1109/dexa.2000.875153,10.1109/dexa.2000.875153,1,"[""IEEE""]","[[""IEEE"",""I264479FA906A86A8""]]","[""include""]",included,0,Unassigned,,
doi:10.1109/dexa.2001.953046,10.1109/dexa.2001.953046,1,"[""IEEE""]","[[""IEEE"",""I56B3081F27112095""]]","[""include""]",included,0,Unassigned,,
doi:10.1109/dexa.2001.953134,10.1109/dexa.2001.953134,1,"[""IEEE""]","[[""IEEE"",""ID3BAC9A3B17A296E""]]","[""include""]",included,0,Unassigned,,
doi:10.1109/dexa.2001.953140,10.1109/dexa.2001.953140,1,"[""IEEE""]","[[""IEEE"",""I9D0C251814AB41AD""]]","[""include""]",included,0,Unassigned,,
doi:10.1109/dexa.2001.953142,10.1109/dexa.2001.953142,1,"[""IEEE""]","[[""IEEE"",""IB9C4916A92BF569D""]]","[""include""]",included,0,Unassigned,,
doi:10.1109/dexa.2002.1045947,10.1109/dexa.2002.1045947,1,"[""IEEE""]","[[""IEEE"",""IFAD41A61B643AF81""]]","[""include""]",included,0,Unassigned,,
doi:10.1109/dexa.2005.61,10.1109/dexa.2005.61,1,"[""IEEE""]","[[""IEEE"",""I481E4610A1CF74B8""]]","[""include""]",included,0,Unassigned,,
doi:10.1109/dexa.2006.126,10.1109/dexa.2006.126,1,"[""IEEE""]","[[""IEEE"",""ID06B43EC5BB85C1F""]]","[""include""]",included,0,Unassigned,,
doi:10.1109/dis.2006.25,10.1109/dis.2006.25,1,"[""IEEE""]","[[""IEEE"",""IED5A0EFCA5130948""]]","[""include""]",included,0,Unassigned,,
doi:10.1109/drpt.2004.1338471,10.1109/drpt.2004.1338471,1,"[""IEEE""]","[[""IEEE"",""I6BFD8937CA2B8D70""]]","[""include""]",included,0,Unassigned,,
doi:10.1109/dsn-s70715.2026.00036,10.1109/dsn-s70715.2026.00036,1,"[""IEEE""]","[[""IEEE"",""I3CA4BEC18BCED5EA""]]","[""include""]",included,0,Unassigned,,
doi:10.1109/dsn69566.2026.00046,10.1109/dsn69566.2026.00046,1,"[""IEEE""]","[[""IEEE"",""IE5D15A7C9B0C76BF""]]","[""include""]",included,0,Unassigned,,
doi:10.1109/dyspan.2007.66,10.1109/dyspan.2007.66,1,"[""IEEE""]","[[""IEEE"",""IDEACA956981111C1""]]","[""include""]",included,0,Unassigned,,
doi:10.1109/dyspan.2008.95,10.1109/dyspan.2008.95,1,"[""IEEE""]","[[""IEEE"",""IA51C3289F4CDB6D9""]]","[""include""]",included,0,Unassigned,,
doi:10.1109/dyspan.2010.5457849,10.1109/dyspan.2010.5457849,1,"[""IEEE""]","[[""IEEE"",""IDA4DB865FF63C237""]]","[""include""]",included,0,Unassigned,,
doi:10.1109/e-science.2006.261164,10.1109/e-science.2006.261164,1,"[""IEEE""]","[[""IEEE"",""I09C93E017B2F2850""]]","[""include""]",included,0,Unassigned,,
doi:10.1109/ebiss.2009.5138018,10.1109/ebiss.2009.5138018,1,"[""IEEE""]","[[""IEEE"",""I9E81B84E57D57E00""]]","[""include""]",included,0,Unassigned,,
doi:10.1109/ecai69016.2026.11613632,10.1109/ecai69016.2026.11613632,1,"[""IEEE""]","[[""IEEE"",""I053E98BE78DA284A""]]","[""include""]",included,0,Unassigned,,
doi:10.1109/ecbs.2002.999849,10.1109/ecbs.2002.999849,1,"[""IEEE""]","[[""IEEE"",""I0BF906BD8A0375B0""]]","[""include""]",included,0,Unassigned,,
doi:10.1109/ecdc.2014.6836766,10.1109/ecdc.2014.6836766,1,"[""IEEE""]","[[""IEEE"",""IFC72DB60DDECFFBD""]]","[""include""]",included,0,Unassigned,,
doi:10.1109/ecmdd.1999.776412,10.1109/ecmdd.1999.776412,1,"[""IEEE""]","[[""IEEE"",""ID4EF4939DE3C1448""]]","[""include""]",included,0,Unassigned,,
doi:10.1109/ecmdd.1999.776415,10.1109/ecmdd.1999.776415,1,"[""IEEE""]","[[""IEEE"",""I7DD7CDCD640A2484""]]","[""include""]",included,0,Unassigned,,
doi:10.1109/edgecom66327.2025.00032,10.1109/edgecom66327.2025.00032,1,"[""IEEE""]","[[""IEEE"",""IF0C6EA6AE94FC06E""]]","[""include""]",included,0,Unassigned,,
doi:10.1109/edoc.1997.628376,10.1109/edoc.1997.628376,1,"[""IEEE""]","[[""IEEE"",""IC2CCE07CDEB48C76""]]","[""include""]",included,0,Unassigned,,
doi:10.1109/eee.2004.1287341,10.1109/eee.2004.1287341,1,"[""IEEE""]","[[""IEEE"",""IC405F50F99BA6199""]]","[""include""]",included,0,Unassigned,,
doi:10.1109/eee.2005.29,10.1109/eee.2005.29,1,"[""IEEE""]","[[""IEEE"",""I8DFC1F4E8BFEB64F""]]","[""include""]",included,0,Unassigned,,
doi:10.1109/eee.2005.38,10.1109/eee.2005.38,1,"[""IEEE""]","[[""IEEE"",""I7BAD50365BECA21C""]]","[""include""]",included,0,Unassigned,,
doi:10.1109/eee.2005.6,10.1109/eee.2005.6,1,"[""IEEE""]","[[""IEEE"",""I7086052FCCCDF3D8""]]","[""include""]",included,0,Unassigned,,
doi:10.1109/eee.2005.90,10.1109/eee.2005.90,1,"[""IEEE""]","[[""IEEE"",""I3E3AD853861A97BF""]]","[""include""]",included,0,Unassigned,,
doi:10.1109/eee.2005.91,10.1109/eee.2005.91,1,"[""IEEE""]","[[""IEEE"",""I4ED34761A5801950""]]","[""include""]",included,0,Unassigned,,
doi:10.1109/eee.2005.92,10.1109/eee.2005.92,1,"[""IEEE""]","[[""IEEE"",""IDE927E72E4421D5B""]]","[""include""]",included,0,Unassigned,,
doi:10.1109/eeeic.2018.8494458,10.1109/eeeic.2018.8494458,1,"[""IEEE""]","[[""IEEE"",""I7F67F8A5B0557C92""]]","[""include""]",included,0,Unassigned,,
doi:10.1109/eeeic.2019.8783521,10.1109/eeeic.2019.8783521,1,"[""IEEE""]","[[""IEEE"",""I85D09C15393C93AB""]]","[""include""]",included,0,Unassigned,,
doi:10.1109/eem.2010.5558675,10.1109/eem.2010.5558675,1,"[""IEEE""]","[[""IEEE"",""I02795E14635543A5""]]","[""include""]",included,0,Unassigned,,
doi:10.1109/eem.2012.6254704,10.1109/eem.2012.6254704,1,"[""IEEE""]","[[""IEEE"",""IC550EE4FE1AF6D93""]]","[""include""]",included,0,Unassigned,,
doi:10.1109/eem.2012.6254715,10.1109/eem.2012.6254715,1,"[""IEEE""]","[[""IEEE"",""I59DE675E000A43D2""]]","[""include""]",included,0,Unassigned,,
doi:10.1109/eem.2016.7521243,10.1109/eem.2016.7521243,1,"[""IEEE""]","[[""IEEE"",""I1E05E25B8A6EA114""]]","[""include""]",included,0,Unassigned,,
doi:10.1109/eem68581.2026.11589842,10.1109/eem68581.2026.11589842,1,"[""IEEE""]","[[""IEEE"",""IE981F011F1CB7D46""]]","[""include""]",included,0,Unassigned,,
doi:10.1109/eespe68405.2026.11649193,10.1109/eespe68405.2026.11649193,1,"[""IEEE""]","[[""IEEE"",""I4E6760FF0A576BD1""]]","[""include""]",included,0,Unassigned,,
doi:10.1109/eit.2010.5612121,10.1109/eit.2010.5612121,1,"[""IEEE""]","[[""IEEE"",""I0269551E834CD399""]]","[""include""]",included,0,Unassigned,,
doi:10.1109/eleco69582.2025.11329273,10.1109/eleco69582.2025.11329273,1,"[""IEEE""]","[[""IEEE"",""IC785B609CCF84F72""]]","[""include""]",included,0,Unassigned,,
doi:10.1109/enabl.2001.953383,10.1109/enabl.2001.953383,1,"[""IEEE""]","[[""IEEE"",""I2CE46730A4993AC8""]]","[""include""]",included,0,Unassigned,,
doi:10.1109/epdc56235.2022.9817339,10.1109/epdc56235.2022.9817339,1,"[""IEEE""]","[[""IEEE"",""I4CACCFF42AB87259""]]","[""include""]",included,0,Unassigned,,
doi:10.1109/esiat.2009.525,10.1109/esiat.2009.525,1,"[""IEEE""]","[[""IEEE"",""I83028D617E8DC3B7""]]","[""include""]",included,0,Unassigned,,
doi:10.1109/etcc69750.2026.11681964,10.1109/etcc69750.2026.11681964,1,"[""IEEE""]","[[""IEEE"",""I1321B26F8D842FA2""]]","[""include""]",included,0,Unassigned,,
doi:10.1109/etfa.2015.7301528,10.1109/etfa.2015.7301528,1,"[""IEEE""]","[[""IEEE"",""I1994868AF34044E6""]]","[""include""]",included,0,Unassigned,,
doi:10.1109/etis64005.2025.10961724,10.1109/etis64005.2025.10961724,1,"[""IEEE""]","[[""IEEE"",""IC2C833AF472A6E0C""]]","[""include""]",included,0,Unassigned,,
doi:10.1109/eucnc/6gsummit68295.2026.11577551,10.1109/eucnc/6gsummit68295.2026.11577551,1,"[""IEEE""]","[[""IEEE"",""ID9C82AE9211BF22E""]]","[""include""]",included,0,Unassigned,,
doi:10.1109/eurcon.2001.937783,10.1109/eurcon.2001.937783,1,"[""IEEE""]","[[""IEEE"",""I49FB514260D18D2D""]]","[""include""]",included,0,Unassigned,,
doi:10.1109/eurocon.2011.5929230,10.1109/eurocon.2011.5929230,1,"[""IEEE""]","[[""IEEE"",""ID6F07D82D3998E77""]]","[""include""]",included,0,Unassigned,,
doi:10.1109/fcc.2009.23,10.1109/fcc.2009.23,1,"[""IEEE""]","[[""IEEE"",""IC9DE6FBEBFD158F8""]]","[""include""]",included,0,Unassigned,,
doi:10.1109/fes57669.2023.10182437,10.1109/fes57669.2023.10182437,1,"[""IEEE""]","[[""IEEE"",""I044144ABEF407077""]]","[""include""]",included,0,Unassigned,,
doi:10.1109/fet68771.2026.11601527,10.1109/fet68771.2026.11601527,1,"[""IEEE""]","[[""IEEE"",""I2864977F24919F54""]]","[""include""]",included,0,Unassigned,,
doi:10.1109/fitme.2009.141,10.1109/fitme.2009.141,1,"[""IEEE""]","[[""IEEE"",""I9DFE85724D5AB058""]]","[""include""]",included,0,Unassigned,,
doi:10.1109/fllm67465.2025.11391050,10.1109/fllm67465.2025.11391050,1,"[""IEEE""]","[[""IEEE"",""IA748C6535C792432""]]","[""include""]",included,0,Unassigned,,
doi:10.1109/foci.2007.372189,10.1109/foci.2007.372189,1,"[""IEEE""]","[[""IEEE"",""I4C79D2A77F28CE73""]]","[""include""]",included,0,Unassigned,,
doi:10.1109/fskd.2008.368,10.1109/fskd.2008.368,1,"[""IEEE""]","[[""IEEE"",""ICF78A5F9E4C10D9E""]]","[""include""]",included,0,Unassigned,,
doi:10.1109/ftdcs.1997.644704,10.1109/ftdcs.1997.644704,1,"[""IEEE""]","[[""IEEE"",""I1331D573E7811F46""]]","[""include""]",included,0,Unassigned,,
doi:10.1109/ftdcs.1999.818797,10.1109/ftdcs.1999.818797,1,"[""IEEE""]","[[""IEEE"",""I40187523157C5C9F""]]","[""include""]",included,0,Unassigned,,
doi:10.1109/fuzz-ieee.2013.6622317,10.1109/fuzz-ieee.2013.6622317,1,"[""IEEE""]","[[""IEEE"",""I88B1E90E12FE5260""]]","[""include""]",included,0,Unassigned,,
doi:10.1109/fuzz-ieee.2014.6891664,10.1109/fuzz-ieee.2014.6891664,1,"[""IEEE""]","[[""IEEE"",""I79A11DB7F3B984AE""]]","[""include""]",included,0,Unassigned,,
doi:10.1109/fuzzy.2004.1375400,10.1109/fuzzy.2004.1375400,1,"[""IEEE""]","[[""IEEE"",""I513419134DB1A1D0""]]","[""include""]",included,0,Unassigned,,
doi:10.1109/fuzzy.2004.1375515,10.1109/fuzzy.2004.1375515,1,"[""IEEE""]","[[""IEEE"",""I1D3628BBE0A969E9""]]","[""include""]",included,0,Unassigned,,
doi:10.1109/fuzzy.2007.4295334,10.1109/fuzzy.2007.4295334,1,"[""IEEE""]","[[""IEEE"",""I59154D3AF8CA0C96""]]","[""include""]",included,0,Unassigned,,
doi:10.1109/fuzzy.2010.5584680,10.1109/fuzzy.2010.5584680,1,"[""IEEE""]","[[""IEEE"",""I6EF418CC8F6303B3""]]","[""include""]",included,0,Unassigned,,
doi:10.1109/gast67799.2026.11523345,10.1109/gast67799.2026.11523345,1,"[""IEEE""]","[[""IEEE"",""IF1AA085D81C985FF""]]","[""include""]",included,0,Unassigned,,
doi:10.1109/gcis.2010.176,10.1109/gcis.2010.176,1,"[""IEEE""]","[[""IEEE"",""I90BE20BBBCB4E886""]]","[""include""]",included,0,Unassigned,,
doi:10.1109/gefs.2008.4484567,10.1109/gefs.2008.4484567,1,"[""IEEE""]","[[""IEEE"",""I79187BA83669C0BC""]]","[""include""]",included,0,Unassigned,,
doi:10.1109/globecom54140.2023.10437967,10.1109/globecom54140.2023.10437967,1,"[""IEEE""]","[[""IEEE"",""I93A92A068192A051""]]","[""include""]",included,0,Unassigned,,
doi:10.1109/globecom59602.2025.11431660,10.1109/globecom59602.2025.11431660,1,"[""IEEE""]","[[""IEEE"",""I22555AF6C69420BC""]]","[""include""]",included,0,Unassigned,,
doi:10.1109/globecom59602.2025.11431960,10.1109/globecom59602.2025.11431960,1,"[""IEEE""]","[[""IEEE"",""I8BD4F111C848D25E""]]","[""include""]",included,0,Unassigned,,
doi:10.1109/glocom.2004.1378882,10.1109/glocom.2004.1378882,1,"[""IEEE""]","[[""IEEE"",""I379E9D06954F0675""]]","[""include""]",included,0,Unassigned,,
doi:10.1109/glocomw.2018.8644407,10.1109/glocomw.2018.8644407,1,"[""IEEE""]","[[""IEEE"",""IDDD530DDBF4851F4""]]","[""include""]",included,0,Unassigned,,
doi:10.1109/gridedge61154.2025.10887526,10.1109/gridedge61154.2025.10887526,1,"[""IEEE""]","[[""IEEE"",""I9CC7C7848FA25B7F""]]","[""include""]",included,0,Unassigned,,
doi:10.1109/gsis.2007.4443528,10.1109/gsis.2007.4443528,1,"[""IEEE""]","[[""IEEE"",""I4C686D747E012907""]]","[""include""]",included,0,Unassigned,,
doi:10.1109/gsis.2009.5408117,10.1109/gsis.2009.5408117,1,"[""IEEE""]","[[""IEEE"",""I6C58A16C1C0B012D""]]","[""include""]",included,0,Unassigned,,
doi:10.1109/hase.2002.1173110,10.1109/hase.2002.1173110,1,"[""IEEE""]","[[""IEEE"",""I2D9BA00C784D1766""]]","[""include""]",included,0,Unassigned,,
doi:10.1109/hicss.1996.495355,10.1109/hicss.1996.495355,1,"[""IEEE""]","[[""IEEE"",""I1174B9A4E45ED8F8""]]","[""include""]",included,0,Unassigned,,
doi:10.1109/hicss.1997.663394,10.1109/hicss.1997.663394,1,"[""IEEE""]","[[""IEEE"",""ID61DEDA26AE78A80""]]","[""include""]",included,0,Unassigned,,
doi:10.1109/hicss.1997.663420,10.1109/hicss.1997.663420,1,"[""IEEE""]","[[""IEEE"",""I6D55E87542F8CF89""]]","[""include""]",included,0,Unassigned,,
doi:10.1109/hicss.1998.651684,10.1109/hicss.1998.651684,1,"[""IEEE""]","[[""IEEE"",""I1553A2943369BB4D""]]","[""include""]",included,0,Unassigned,,
doi:10.1109/hicss.1999.772765,10.1109/hicss.1999.772765,1,"[""IEEE""]","[[""IEEE"",""I132C43E824513EDF""]]","[""include""]",included,0,Unassigned,,
doi:10.1109/hicss.1999.772918,10.1109/hicss.1999.772918,1,"[""IEEE""]","[[""IEEE"",""I784EF6195BE4ABB2""]]","[""include""]",included,0,Unassigned,,
doi:10.1109/hicss.2000.926879,10.1109/hicss.2000.926879,1,"[""IEEE""]","[[""IEEE"",""I1122B6D42097EF9C""]]","[""include""]",included,0,Unassigned,,
doi:10.1109/hicss.2000.926995,10.1109/hicss.2000.926995,1,"[""IEEE""]","[[""IEEE"",""I0AEAA1FACA0DBA93""]]","[""include""]",included,0,Unassigned,,
doi:10.1109/hicss.2001.926222,10.1109/hicss.2001.926222,1,"[""IEEE""]","[[""IEEE"",""I4483E650730CB4AD""]]","[""include""]",included,0,Unassigned,,
doi:10.1109/hicss.2001.927039,10.1109/hicss.2001.927039,1,"[""IEEE""]","[[""IEEE"",""I56FD2ECEA3FB2E1E""]]","[""include""]",included,0,Unassigned,,
doi:10.1109/hicss.2001.927211,10.1109/hicss.2001.927211,1,"[""IEEE""]","[[""IEEE"",""IEDC1160E3ED9A7DB""]]","[""include""]",included,0,Unassigned,,
doi:10.1109/hicss.2002.994534,10.1109/hicss.2002.994534,1,"[""IEEE""]","[[""IEEE"",""IE8290A31B33BF06E""]]","[""include""]",included,0,Unassigned,,
doi:10.1109/hicss.2003.1173682,10.1109/hicss.2003.1173682,1,"[""IEEE""]","[[""IEEE"",""IACBD5058538F05C2""]]","[""include""]",included,0,Unassigned,,
doi:10.1109/hicss.2003.1173869,10.1109/hicss.2003.1173869,1,"[""IEEE""]","[[""IEEE"",""I1584E178327DEDB2""]]","[""include""]",included,0,Unassigned,,
doi:10.1109/hicss.2003.1174815,10.1109/hicss.2003.1174815,1,"[""IEEE""]","[[""IEEE"",""IA801260A256C2571""]]","[""include""]",included,0,Unassigned,,
doi:10.1109/hicss.2004.1265099,10.1109/hicss.2004.1265099,1,"[""IEEE""]","[[""IEEE"",""ID4E2F498918B8E14""]]","[""include""]",included,0,Unassigned,,
doi:10.1109/hicss.2004.1265173,10.1109/hicss.2004.1265173,1,"[""IEEE""]","[[""IEEE"",""ID07615024016B03E""]]","[""include""]",included,0,Unassigned,,
doi:10.1109/hicss.2004.1265401,10.1109/hicss.2004.1265401,1,"[""IEEE""]","[[""IEEE"",""IDAE6BDCED2E865CB""]]","[""include""]",included,0,Unassigned,,
doi:10.1109/hicss.2004.1265403,10.1109/hicss.2004.1265403,1,"[""IEEE""]","[[""IEEE"",""I62ADB2A1CAF59668""]]","[""include""]",included,0,Unassigned,,
doi:10.1109/hicss.2004.1265405,10.1109/hicss.2004.1265405,1,"[""IEEE""]","[[""IEEE"",""IFF056BB2E97EA60C""]]","[""include""]",included,0,Unassigned,,
doi:10.1109/hicss.2005.30,10.1109/hicss.2005.30,1,"[""IEEE""]","[[""IEEE"",""I374135482A704995""]]","[""include""]",included,0,Unassigned,,
doi:10.1109/hicss.2005.583,10.1109/hicss.2005.583,1,"[""IEEE""]","[[""IEEE"",""IFF865F8671E64BBE""]]","[""include""]",included,0,Unassigned,,
doi:10.1109/hicss.2005.59,10.1109/hicss.2005.59,1,"[""IEEE""]","[[""IEEE"",""I55C4039A7743C861""]]","[""include""]",included,0,Unassigned,,
doi:10.1109/hicss.2006.142,10.1109/hicss.2006.142,1,"[""IEEE""]","[[""IEEE"",""I570CC8602FE1A13D""]]","[""include""]",included,0,Unassigned,,
doi:10.1109/hicss.2007.595,10.1109/hicss.2007.595,1,"[""IEEE""]","[[""IEEE"",""I2D9714FA6AE4C29B""]]","[""include""]",included,0,Unassigned,,
doi:10.1109/hicss.2008.24,10.1109/hicss.2008.24,1,"[""IEEE""]","[[""IEEE"",""ID946EC6CDA8D4174""]]","[""include""]",included,0,Unassigned,,
doi:10.1109/hicss.2009.151,10.1109/hicss.2009.151,1,"[""IEEE""]","[[""IEEE"",""I8B149ABEF2A9EDA4""]]","[""include""]",included,0,Unassigned,,
doi:10.1109/hicss.2009.170,10.1109/hicss.2009.170,1,"[""IEEE""]","[[""IEEE"",""IF65FDFEA1B3F01ED""]]","[""include""]",included,0,Unassigned,,
doi:10.1109/hicss.2009.306,10.1109/hicss.2009.306,1,"[""IEEE""]","[[""IEEE"",""I6FC2BFC255F3B582""]]","[""include""]",included,0,Unassigned,,
doi:10.1109/hicss.2011.396,10.1109/hicss.2011.396,1,"[""IEEE""]","[[""IEEE"",""I70C5A6FFABE243A0""]]","[""include""]",included,0,Unassigned,,
doi:10.1109/hicss.2014.40,10.1109/hicss.2014.40,1,"[""IEEE""]","[[""IEEE"",""I111B6B0CA0079393""]]","[""include""]",included,0,Unassigned,,
doi:10.1109/hicss.2016.52,10.1109/hicss.2016.52,1,"[""IEEE""]","[[""IEEE"",""ICFC945DF74DB510B""]]","[""include""]",included,0,Unassigned,,
doi:10.1109/his.2011.6122076,10.1109/his.2011.6122076,1,"[""IEEE""]","[[""IEEE"",""IA1BBE988459418FD""]]","[""include""]",included,0,Unassigned,,
doi:10.1109/hoticn50779.2020.9350841,10.1109/hoticn50779.2020.9350841,1,"[""IEEE""]","[[""IEEE"",""I0B48E960E9CEE621""]]","[""include""]",included,0,Unassigned,,
doi:10.1109/ia.2011.5953610,10.1109/ia.2011.5953610,1,"[""IEEE""]","[[""IEEE"",""I901C365B762C0A00""]]","[""include""]",included,0,Unassigned,,
doi:10.1109/ia.2014.7009456,10.1109/ia.2014.7009456,1,"[""IEEE""]","[[""IEEE"",""I46141BE08B20F6C3""]]","[""include""]",included,0,Unassigned,,
doi:10.1109/iacsit-sc.2009.131,10.1109/iacsit-sc.2009.131,1,"[""IEEE""]","[[""IEEE"",""I62A12695D879D894""]]","[""include""]",included,0,Unassigned,,
doi:10.1109/ias.2017.8101788,10.1109/ias.2017.8101788,1,"[""IEEE""]","[[""IEEE"",""IC66D65EA077790B5""]]","[""include""]",included,0,Unassigned,,
doi:10.1109/iat.2003.1241102,10.1109/iat.2003.1241102,1,"[""IEEE""]","[[""IEEE"",""IAD9E7201FAF97EF6""]]","[""include""]",included,0,Unassigned,,
doi:10.1109/iat.2003.1241109,10.1109/iat.2003.1241109,1,"[""IEEE""]","[[""IEEE"",""I629FAEE7132410B4""]]","[""include""]",included,0,Unassigned,,
doi:10.1109/iat.2003.1241133,10.1109/iat.2003.1241133,1,"[""IEEE""]","[[""IEEE"",""I664EB71B6653D0A8""]]","[""include""]",included,0,Unassigned,,
doi:10.1109/iat.2003.1241152,10.1109/iat.2003.1241152,1,"[""IEEE""]","[[""IEEE"",""I83D6CA6CB966471A""]]","[""include""]",included,0,Unassigned,,
doi:10.1109/iat.2004.1342943,10.1109/iat.2004.1342943,1,"[""IEEE""]","[[""IEEE"",""IEC11C84FFC94E226""]]","[""include""]",included,0,Unassigned,,
doi:10.1109/iat.2004.1342990,10.1109/iat.2004.1342990,1,"[""IEEE""]","[[""IEEE"",""IEB8A5B9AA77FEA0C""]]","[""include""]",included,0,Unassigned,,
doi:10.1109/iat.2005.10,10.1109/iat.2005.10,1,"[""IEEE""]","[[""IEEE"",""I71EB8D0803224AB9""]]","[""include""]",included,0,Unassigned,,
doi:10.1109/iat.2005.13,10.1109/iat.2005.13,1,"[""IEEE""]","[[""IEEE"",""I94D722C3D49E2DBC""]]","[""include""]",included,0,Unassigned,,
doi:10.1109/iat.2005.135,10.1109/iat.2005.135,1,"[""IEEE""]","[[""IEEE"",""ICB7994B9CCBA21D3""]]","[""include""]",included,0,Unassigned,,
doi:10.1109/iat.2005.26,10.1109/iat.2005.26,1,"[""IEEE""]","[[""IEEE"",""I1DDB4DE2D5522C17""]]","[""include""]",included,0,Unassigned,,
doi:10.1109/iat.2005.30,10.1109/iat.2005.30,1,"[""IEEE""]","[[""IEEE"",""I605F3E3565C5343F""]]","[""include""]",included,0,Unassigned,,
doi:10.1109/iat.2005.70,10.1109/iat.2005.70,1,"[""IEEE""]","[[""IEEE"",""I4653481DCC97FF56""]]","[""include""]",included,0,Unassigned,,
doi:10.1109/iat.2006.106,10.1109/iat.2006.106,2,"[""ACM"",""IEEE""]","[[""ACM"",""N8229176B1C933212""],[""IEEE"",""I8229176B1C933212""]]","[""exclude"",""include""]",included,0,Unassigned,,
doi:10.1109/iat.2006.32,10.1109/iat.2006.32,2,"[""ACM"",""IEEE""]","[[""ACM"",""N587BD53F8E2F5E53""],[""IEEE"",""I587BD53F8E2F5E53""]]","[""include""]",included,0,Unassigned,,
doi:10.1109/iat.2006.60,10.1109/iat.2006.60,2,"[""ACM"",""IEEE""]","[[""ACM"",""NCF04B89D6D23236A""],[""IEEE"",""ICF04B89D6D23236A""]]","[""include""]",included,0,Unassigned,,
doi:10.1109/iat.2006.64,10.1109/iat.2006.64,2,"[""ACM"",""IEEE""]","[[""ACM"",""N125B7678816553A3""],[""IEEE"",""I125B7678816553A3""]]","[""include""]",included,0,Unassigned,,
doi:10.1109/iat.2007.78,10.1109/iat.2007.78,1,"[""IEEE""]","[[""IEEE"",""I6FD683768727B01D""]]","[""include""]",included,0,Unassigned,,
doi:10.1109/ibdap69915.2026.11677753,10.1109/ibdap69915.2026.11677753,1,"[""IEEE""]","[[""IEEE"",""IC832805F93AEDA22""]]","[""include""]",included,0,Unassigned,,
doi:10.1109/ic3sis69949.2026.11608312,10.1109/ic3sis69949.2026.11608312,1,"[""IEEE""]","[[""IEEE"",""IDBAEE7F000178D99""]]","[""include""]",included,0,Unassigned,,
doi:10.1109/ica.2016.023,10.1109/ica.2016.023,1,"[""IEEE""]","[[""IEEE"",""I3A55E9D3AEA783D0""]]","[""include""]",included,0,Unassigned,,
doi:10.1109/ica67499.2025.00015,10.1109/ica67499.2025.00015,1,"[""IEEE""]","[[""IEEE"",""IEBC8B69B55B891B8""]]","[""include""]",included,0,Unassigned,,
doi:10.1109/icaace69793.2026.11509103,10.1109/icaace69793.2026.11509103,1,"[""IEEE""]","[[""IEEE"",""IDDF4E41FD9DA0096""]]","[""include""]",included,0,Unassigned,,
doi:10.1109/icacte.2008.75,10.1109/icacte.2008.75,1,"[""IEEE""]","[[""IEEE"",""IF128A8B0BEC91479""]]","[""include""]",included,0,Unassigned,,
doi:10.1109/icad69378.2026.11608918,10.1109/icad69378.2026.11608918,1,"[""IEEE""]","[[""IEEE"",""I13C946A62BAFA293""]]","[""include""]",included,0,Unassigned,,
doi:10.1109/icaic67076.2026.11395723,10.1109/icaic67076.2026.11395723,1,"[""IEEE""]","[[""IEEE"",""I7988FAC6C9F1C0A8""]]","[""include""]",included,0,Unassigned,,
doi:10.1109/icaic67076.2026.11395757,10.1109/icaic67076.2026.11395757,1,"[""IEEE""]","[[""IEEE"",""I5FEBB16E158F1373""]]","[""include""]",included,0,Unassigned,,
doi:10.1109/icaic67076.2026.11395759,10.1109/icaic67076.2026.11395759,1,"[""IEEE""]","[[""IEEE"",""IB6C3CBB50CA9243C""]]","[""include""]",included,0,Unassigned,,
doi:10.1109/icaic67076.2026.11395813,10.1109/icaic67076.2026.11395813,1,"[""IEEE""]","[[""IEEE"",""I6B04BCBDC685FECE""]]","[""include""]",included,0,Unassigned,,
doi:10.1109/icaic67076.2026.11395848,10.1109/icaic67076.2026.11395848,1,"[""IEEE""]","[[""IEEE"",""IFED59CD32870B038""]]","[""include""]",included,0,Unassigned,,
doi:10.1109/icaide65466.2025.11189623,10.1109/icaide65466.2025.11189623,1,"[""IEEE""]","[[""IEEE"",""I9AAF8C9E98615ACE""]]","[""include""]",included,0,Unassigned,,
doi:10.1109/icaiset66439.2026.11541321,10.1109/icaiset66439.2026.11541321,1,"[""IEEE""]","[[""IEEE"",""IA7DF7F7734680938""]]","[""include""]",included,0,Unassigned,,
doi:10.1109/icaiset66439.2026.11541711,10.1109/icaiset66439.2026.11541711,1,"[""IEEE""]","[[""IEEE"",""I82736C12B10875A7""]]","[""include""]",included,0,Unassigned,,
doi:10.1109/icaiset66439.2026.11541769,10.1109/icaiset66439.2026.11541769,1,"[""IEEE""]","[[""IEEE"",""I2282704AE5EA8AFA""]]","[""include""]",included,0,Unassigned,,
doi:10.1109/icaiset66439.2026.11541974,10.1109/icaiset66439.2026.11541974,1,"[""IEEE""]","[[""IEEE"",""IA07628B9C7B8CC7F""]]","[""include""]",included,0,Unassigned,,
doi:10.1109/ical.2007.4339069,10.1109/ical.2007.4339069,1,"[""IEEE""]","[[""IEEE"",""ID4D9D710F49FFAA7""]]","[""include""]",included,0,Unassigned,,
doi:10.1109/icalt.2005.247,10.1109/icalt.2005.247,1,"[""IEEE""]","[[""IEEE"",""IBEA1AFFD1049FBFC""]]","[""include""]",included,0,Unassigned,,
doi:10.1109/icarai70085.2026.11635361,10.1109/icarai70085.2026.11635361,1,"[""IEEE""]","[[""IEEE"",""I2F470BC36D71F84B""]]","[""include""]",included,0,Unassigned,,
doi:10.1109/icat57854.2023.10171284,10.1109/icat57854.2023.10171284,1,"[""IEEE""]","[[""IEEE"",""I6683FD52FF3CCE14""]]","[""include""]",included,0,Unassigned,,
doi:10.1109/icbaie49996.2020.00088,10.1109/icbaie49996.2020.00088,1,"[""IEEE""]","[[""IEEE"",""I12ADBE43B4E6C3EE""]]","[""include""]",included,0,Unassigned,,
doi:10.1109/icbc51069.2021.9461112,10.1109/icbc51069.2021.9461112,1,"[""IEEE""]","[[""IEEE"",""I5A9599B8E8C53D56""]]","[""include""]",included,0,Unassigned,,
doi:10.1109/icbc64466.2025.11114626,10.1109/icbc64466.2025.11114626,1,"[""IEEE""]","[[""IEEE"",""I7EE13002C4756C8D""]]","[""include""]",included,0,Unassigned,,
doi:10.1109/icbc64466.2025.11114671,10.1109/icbc64466.2025.11114671,1,"[""IEEE""]","[[""IEEE"",""ICF9ECCCB86678890""]]","[""include""]",included,0,Unassigned,,
doi:10.1109/icbc67748.2026.11575532,10.1109/icbc67748.2026.11575532,1,"[""IEEE""]","[[""IEEE"",""ICE1CD1A2F1F2B83E""]]","[""include""]",included,0,Unassigned,,
doi:10.1109/icbmei.2011.5916972,10.1109/icbmei.2011.5916972,1,"[""IEEE""]","[[""IEEE"",""I384812D9D3D32019""]]","[""include""]",included,0,Unassigned,,
doi:10.1109/icc.2017.7997242,10.1109/icc.2017.7997242,1,"[""IEEE""]","[[""IEEE"",""I2511281FE6BD3098""]]","[""include""]",included,0,Unassigned,,
doi:10.1109/icc45041.2023.10279659,10.1109/icc45041.2023.10279659,1,"[""IEEE""]","[[""IEEE"",""I85D9DA3C94FD88A9""]]","[""include""]",included,0,Unassigned,,
doi:10.1109/icc59461.2026.11587771,10.1109/icc59461.2026.11587771,1,"[""IEEE""]","[[""IEEE"",""I48DBA6A56A161678""]]","[""include""]",included,0,Unassigned,,
doi:10.1109/icca.2007.4376665,10.1109/icca.2007.4376665,1,"[""IEEE""]","[[""IEEE"",""I9DD55201FEE44482""]]","[""include""]",included,0,Unassigned,,
doi:10.1109/icca66035.2025.11431093,10.1109/icca66035.2025.11431093,1,"[""IEEE""]","[[""IEEE"",""ICF14C7F707E52DBE""]]","[""include""]",included,0,Unassigned,,
doi:10.1109/iccar69571.2026.11549721,10.1109/iccar69571.2026.11549721,1,"[""IEEE""]","[[""IEEE"",""I6305D32C48CE26B8""]]","[""include""]",included,0,Unassigned,,
doi:10.1109/iccasm.2010.5622569,10.1109/iccasm.2010.5622569,1,"[""IEEE""]","[[""IEEE"",""I3950212D55BFC948""]]","[""include""]",included,0,Unassigned,,
doi:10.1109/iccbi68589.2026.11619741,10.1109/iccbi68589.2026.11619741,1,"[""IEEE""]","[[""IEEE"",""I6BBD20F3548F9D03""]]","[""include""]",included,0,Unassigned,,
doi:10.1109/iccci70321.2026.11666528,10.1109/iccci70321.2026.11666528,1,"[""IEEE""]","[[""IEEE"",""I38976FE1EB5E2433""]]","[""include""]",included,0,Unassigned,,
doi:10.1109/icccnt.2013.6726503,10.1109/icccnt.2013.6726503,1,"[""IEEE""]","[[""IEEE"",""I7D7409571FE030F5""]]","[""include""]",included,0,Unassigned,,
doi:10.1109/icccnt61001.2024.10725071,10.1109/icccnt61001.2024.10725071,1,"[""IEEE""]","[[""IEEE"",""I9A1070399DB61B5E""]]","[""include""]",included,0,Unassigned,,
doi:10.1109/iccct.2012.65,10.1109/iccct.2012.65,1,"[""IEEE""]","[[""IEEE"",""IA8E2B10271C8F430""]]","[""include""]",included,0,Unassigned,,
doi:10.1109/iccda.2010.5541088,10.1109/iccda.2010.5541088,1,"[""IEEE""]","[[""IEEE"",""I3F97D63F7F05795C""]]","[""include""]",included,0,Unassigned,,
doi:10.1109/icce.2000.854521,10.1109/icce.2000.854521,1,"[""IEEE""]","[[""IEEE"",""I3D24CC77C407F512""]]","[""include""]",included,0,Unassigned,,
doi:10.1109/icce.2000.854522,10.1109/icce.2000.854522,1,"[""IEEE""]","[[""IEEE"",""IA6EEF7EAAE4C5089""]]","[""include""]",included,0,Unassigned,,
doi:10.1109/icce67443.2026.11449867,10.1109/icce67443.2026.11449867,1,"[""IEEE""]","[[""IEEE"",""I43706F8EC52CF1A5""]]","[""include""]",included,0,Unassigned,,
doi:10.1109/iccece69715.2026.11493023,10.1109/iccece69715.2026.11493023,1,"[""IEEE""]","[[""IEEE"",""I154ED778466C90C1""]]","[""include""]",included,0,Unassigned,,
doi:10.1109/icces.2007.4447027,10.1109/icces.2007.4447027,1,"[""IEEE""]","[[""IEEE"",""I61550650FB2F2C89""]]","[""include""]",included,0,Unassigned,,
doi:10.1109/icces.2012.6408525,10.1109/icces.2012.6408525,1,"[""IEEE""]","[[""IEEE"",""I3707AF54551DD654""]]","[""include""]",included,0,Unassigned,,
doi:10.1109/icces.2012.6408526,10.1109/icces.2012.6408526,1,"[""IEEE""]","[[""IEEE"",""IE0654751B85A5788""]]","[""include""]",included,0,Unassigned,,
doi:10.1109/iccet.2010.5485560,10.1109/iccet.2010.5485560,1,"[""IEEE""]","[[""IEEE"",""I4D0FF10B59636AF1""]]","[""include""]",included,0,Unassigned,,
doi:10.1109/iccgi.2008.32,10.1109/iccgi.2008.32,1,"[""IEEE""]","[[""IEEE"",""I91EA4A93272F0CC2""]]","[""include""]",included,0,Unassigned,,
doi:10.1109/iccias.2006.294261,10.1109/iccias.2006.294261,1,"[""IEEE""]","[[""IEEE"",""I7CF11B57F013FD18""]]","[""include""]",included,0,Unassigned,,
doi:10.1109/iccima.2003.1238127,10.1109/iccima.2003.1238127,1,"[""IEEE""]","[[""IEEE"",""I52C5E880D8378086""]]","[""include""]",included,0,Unassigned,,
doi:10.1109/iccima.2007.374,10.1109/iccima.2007.374,1,"[""IEEE""]","[[""IEEE"",""IC6B0FCF729F063F3""]]","[""include""]",included,0,Unassigned,,
doi:10.1109/iccis.2004.1460738,10.1109/iccis.2004.1460738,1,"[""IEEE""]","[[""IEEE"",""I705295F805AE2B18""]]","[""include""]",included,0,Unassigned,,
doi:10.1109/iccis.2004.1460757,10.1109/iccis.2004.1460757,1,"[""IEEE""]","[[""IEEE"",""I1AB98DE35D496837""]]","[""include""]",included,0,Unassigned,,
doi:10.1109/iccit.2007.343,10.1109/iccit.2007.343,1,"[""IEEE""]","[[""IEEE"",""I2A2CF5C6679791E0""]]","[""include""]",included,0,Unassigned,,
doi:10.1109/iccit.2009.156,10.1109/iccit.2009.156,1,"[""IEEE""]","[[""IEEE"",""I53E0795ADBE25970""]]","[""include""]",included,0,Unassigned,,
doi:10.1109/iccke.2014.6993342,10.1109/iccke.2014.6993342,1,"[""IEEE""]","[[""IEEE"",""I88788E00E2BC47D9""]]","[""include""]",included,0,Unassigned,,
doi:10.1109/iccoins.2016.7783287,10.1109/iccoins.2016.7783287,1,"[""IEEE""]","[[""IEEE"",""IC527AF7162648384""]]","[""include""]",included,0,Unassigned,,
doi:10.1109/iccp.2007.4352137,10.1109/iccp.2007.4352137,1,"[""IEEE""]","[[""IEEE"",""IDB08886C6706F4BF""]]","[""include""]",included,0,Unassigned,,
doi:10.1109/iccp.2012.6356202,10.1109/iccp.2012.6356202,1,"[""IEEE""]","[[""IEEE"",""IE8EC42063E964CA6""]]","[""include""]",included,0,Unassigned,,
doi:10.1109/iccsie55183.2023.10175239,10.1109/iccsie55183.2023.10175239,1,"[""IEEE""]","[[""IEEE"",""ID433CE6CF01C1111""]]","[""include""]",included,0,Unassigned,,
doi:10.1109/iccsit.2010.5563704,10.1109/iccsit.2010.5563704,1,"[""IEEE""]","[[""IEEE"",""I8C64CE2119443758""]]","[""include""]",included,0,Unassigned,,
doi:10.1109/iccsit.2010.5564953,10.1109/iccsit.2010.5564953,1,"[""IEEE""]","[[""IEEE"",""I70B44DC96DAC07A4""]]","[""include""]",included,0,Unassigned,,
doi:10.1109/iccsmt54525.2021.00101,10.1109/iccsmt54525.2021.00101,1,"[""IEEE""]","[[""IEEE"",""I285AB25F2F125575""]]","[""include""]",included,0,Unassigned,,
doi:10.1109/iccsmt54525.2021.00122,10.1109/iccsmt54525.2021.00122,1,"[""IEEE""]","[[""IEEE"",""ICB8B302AD3BD650E""]]","[""include""]",included,0,Unassigned,,
doi:10.1109/iccsn.2010.63,10.1109/iccsn.2010.63,1,"[""IEEE""]","[[""IEEE"",""I0B008DED55250B46""]]","[""include""]",included,0,Unassigned,,
doi:10.1109/iccsna.2010.5588930,10.1109/iccsna.2010.5588930,1,"[""IEEE""]","[[""IEEE"",""I26CCA1F595EAA0F3""]]","[""include""]",included,0,Unassigned,,
doi:10.1109/iccsnt.2011.6182186,10.1109/iccsnt.2011.6182186,1,"[""IEEE""]","[[""IEEE"",""I5BF54F44E744F990""]]","[""include""]",included,0,Unassigned,,
doi:10.1109/iccsnt.2011.6182274,10.1109/iccsnt.2011.6182274,1,"[""IEEE""]","[[""IEEE"",""IBBA7646807A19ED1""]]","[""include""]",included,0,Unassigned,,
doi:10.1109/iccwamtip68645.2025.11352645,10.1109/iccwamtip68645.2025.11352645,1,"[""IEEE""]","[[""IEEE"",""I042D1CBB8F9E3E56""]]","[""include""]",included,0,Unassigned,,
doi:10.1109/iccworkshops63917.2026.11586749,10.1109/iccworkshops63917.2026.11586749,1,"[""IEEE""]","[[""IEEE"",""I6B6EADF547D3EA12""]]","[""include""]",included,0,Unassigned,,
doi:10.1109/icdcs.1998.679732,10.1109/icdcs.1998.679732,1,"[""IEEE""]","[[""IEEE"",""I5915A3EE163A8E24""]]","[""include""]",included,0,Unassigned,,
doi:10.1109/icdcs.2000.840903,10.1109/icdcs.2000.840903,1,"[""IEEE""]","[[""IEEE"",""ID468517A6B1EC987""]]","[""include""]",included,0,Unassigned,,
doi:10.1109/icdcs51616.2021.00128,10.1109/icdcs51616.2021.00128,1,"[""IEEE""]","[[""IEEE"",""I7759E0C6DE7EE307""]]","[""include""]",included,0,Unassigned,,
doi:10.1109/icdcsw.2003.1203623,10.1109/icdcsw.2003.1203623,1,"[""IEEE""]","[[""IEEE"",""I0CE0EC1A46C594B4""]]","[""include""]",included,0,Unassigned,,
doi:10.1109/icdcsw.2006.55,10.1109/icdcsw.2006.55,1,"[""IEEE""]","[[""IEEE"",""IF0206A95E91A6985""]]","[""include""]",included,0,Unassigned,,
doi:10.1109/icde.2001.914836,10.1109/icde.2001.914836,1,"[""IEEE""]","[[""IEEE"",""I4C81903981271C54""]]","[""include""]",included,0,Unassigned,,
doi:10.1109/icdlt66400.2025.11466602,10.1109/icdlt66400.2025.11466602,1,"[""IEEE""]","[[""IEEE"",""IA34E571879CCC31A""]]","[""include""]",included,0,Unassigned,,
doi:10.1109/icdlt66400.2025.11466653,10.1109/icdlt66400.2025.11466653,1,"[""IEEE""]","[[""IEEE"",""I954996DB542D118B""]]","[""include""]",included,0,Unassigned,,
doi:10.1109/icdm51629.2021.00086,10.1109/icdm51629.2021.00086,1,"[""IEEE""]","[[""IEEE"",""IF83770BDBBD7599B""]]","[""include""]",included,0,Unassigned,,
doi:10.1109/icdma.2011.38,10.1109/icdma.2011.38,1,"[""IEEE""]","[[""IEEE"",""I97D188EA9D6F6ADA""]]","[""include""]",included,0,Unassigned,,
doi:10.1109/icdmw.2012.34,10.1109/icdmw.2012.34,1,"[""IEEE""]","[[""IEEE"",""IB07DD64076CB0343""]]","[""include""]",included,0,Unassigned,,
doi:10.1109/icdmw.2019.00141,10.1109/icdmw.2019.00141,1,"[""IEEE""]","[[""IEEE"",""I4CB310950E0B3623""]]","[""include""]",included,0,Unassigned,,
doi:10.1109/icdsc.2001.918942,10.1109/icdsc.2001.918942,1,"[""IEEE""]","[[""IEEE"",""I38EE3C89F11FCD20""]]","[""include""]",included,0,Unassigned,,
doi:10.1109/icdscnc62492.2024.10939862,10.1109/icdscnc62492.2024.10939862,1,"[""IEEE""]","[[""IEEE"",""I37F594829AB96658""]]","[""include""]",included,0,Unassigned,,
doi:10.1109/iceace63551.2024.10898588,10.1109/iceace63551.2024.10898588,1,"[""IEEE""]","[[""IEEE"",""IEDD3AE5579A8FF08""]]","[""include""]",included,0,Unassigned,,
doi:10.1109/icebe.2005.105,10.1109/icebe.2005.105,1,"[""IEEE""]","[[""IEEE"",""IE546D150392E3CDA""]]","[""include""]",included,0,Unassigned,,
doi:10.1109/icebe.2005.122,10.1109/icebe.2005.122,1,"[""IEEE""]","[[""IEEE"",""I2386FBE0A57379CE""]]","[""include""]",included,0,Unassigned,,
doi:10.1109/icebe.2005.83,10.1109/icebe.2005.83,1,"[""IEEE""]","[[""IEEE"",""ID97010C8DBDCCDB7""]]","[""include""]",included,0,Unassigned,,
doi:10.1109/icebe.2009.17,10.1109/icebe.2009.17,1,"[""IEEE""]","[[""IEEE"",""ID87CBE44CFE6D249""]]","[""include""]",included,0,Unassigned,,
doi:10.1109/icebe.2009.18,10.1109/icebe.2009.18,1,"[""IEEE""]","[[""IEEE"",""I23C5F6121A815B05""]]","[""include""]",included,0,Unassigned,,
doi:10.1109/icebe.2009.58,10.1109/icebe.2009.58,1,"[""IEEE""]","[[""IEEE"",""IACF7F244D5113D3C""]]","[""include""]",included,0,Unassigned,,
doi:10.1109/icebe.2013.8,10.1109/icebe.2013.8,1,"[""IEEE""]","[[""IEEE"",""I2B4E212F32D71614""]]","[""include""]",included,0,Unassigned,,
doi:10.1109/icebeg.2011.5881340,10.1109/icebeg.2011.5881340,1,"[""IEEE""]","[[""IEEE"",""IB4273115AD0A4A12""]]","[""include""]",included,0,Unassigned,,
doi:10.1109/icecer65523.2025.11401133,10.1109/icecer65523.2025.11401133,1,"[""IEEE""]","[[""IEEE"",""I924B6000B6DE6427""]]","[""include""]",included,0,Unassigned,,
doi:10.1109/icecet65726.2026.11632299,10.1109/icecet65726.2026.11632299,1,"[""IEEE""]","[[""IEEE"",""IC14BA8F7C88AFBC2""]]","[""include""]",included,0,Unassigned,,
doi:10.1109/icecet65726.2026.11633116,10.1109/icecet65726.2026.11633116,1,"[""IEEE""]","[[""IEEE"",""ID20043E4652D15C5""]]","[""include""]",included,0,Unassigned,,
doi:10.1109/icect.2004.1319737,10.1109/icect.2004.1319737,1,"[""IEEE""]","[[""IEEE"",""IC4A87072ACB404B7""]]","[""include""]",included,0,Unassigned,,
doi:10.1109/icect.2004.1319738,10.1109/icect.2004.1319738,1,"[""IEEE""]","[[""IEEE"",""I9F33F7568C50A2ED""]]","[""include""]",included,0,Unassigned,,
doi:10.1109/icect.2004.1319740,10.1109/icect.2004.1319740,1,"[""IEEE""]","[[""IEEE"",""IB0D40D42705BD512""]]","[""include""]",included,0,Unassigned,,
doi:10.1109/icect.2005.15,10.1109/icect.2005.15,1,"[""IEEE""]","[[""IEEE"",""ICF2D8A25CA8BB2A4""]]","[""include""]",included,0,Unassigned,,
doi:10.1109/icect.2005.96,10.1109/icect.2005.96,1,"[""IEEE""]","[[""IEEE"",""I466E91A8416FF12E""]]","[""include""]",included,0,Unassigned,,
doi:10.1109/icect.2009.78,10.1109/icect.2009.78,1,"[""IEEE""]","[[""IEEE"",""I3319291D85CDA1B0""]]","[""include""]",included,0,Unassigned,,
doi:10.1109/icee.2010.104,10.1109/icee.2010.104,1,"[""IEEE""]","[[""IEEE"",""I976751BAB540501C""]]","[""include""]",included,0,Unassigned,,
doi:10.1109/icee.2010.529,10.1109/icee.2010.529,1,"[""IEEE""]","[[""IEEE"",""I79843B4421E98EEA""]]","[""include""]",included,0,Unassigned,,
doi:10.1109/icee.2010.640,10.1109/icee.2010.640,1,"[""IEEE""]","[[""IEEE"",""I4AD5EFB55B1D9A63""]]","[""include""]",included,0,Unassigned,,
doi:10.1109/icee52715.2021.9544467,10.1109/icee52715.2021.9544467,1,"[""IEEE""]","[[""IEEE"",""I18803E73741C2F7C""]]","[""include""]",included,0,Unassigned,,
doi:10.1109/icee59167.2023.10334752,10.1109/icee59167.2023.10334752,1,"[""IEEE""]","[[""IEEE"",""I59067E78CEC879B0""]]","[""include""]",included,0,Unassigned,,
doi:10.1109/iceei.2009.5254723,10.1109/iceei.2009.5254723,1,"[""IEEE""]","[[""IEEE"",""I651F7297BE113616""]]","[""include""]",included,0,Unassigned,,
doi:10.1109/iceei.2011.6021624,10.1109/iceei.2011.6021624,1,"[""IEEE""]","[[""IEEE"",""I1CC553F734B81711""]]","[""include""]",included,0,Unassigned,,
doi:10.1109/icesic67389.2026.11496512,10.1109/icesic67389.2026.11496512,1,"[""IEEE""]","[[""IEEE"",""ICCD0AF17025D27CE""]]","[""include""]",included,0,Unassigned,,
doi:10.1109/iceta.2012.6418298,10.1109/iceta.2012.6418298,1,"[""IEEE""]","[[""IEEE"",""IB6B8250ABC0A603F""]]","[""include""]",included,0,Unassigned,,
doi:10.1109/icetc.2010.5529293,10.1109/icetc.2010.5529293,1,"[""IEEE""]","[[""IEEE"",""I562EB885D94EE6B0""]]","[""include""]",included,0,Unassigned,,
doi:10.1109/icetets.2016.7603011,10.1109/icetets.2016.7603011,1,"[""IEEE""]","[[""IEEE"",""I3AE5E6AA72A4A971""]]","[""include""]",included,0,Unassigned,,
doi:10.1109/icetics69505.2026.11651315,10.1109/icetics69505.2026.11651315,1,"[""IEEE""]","[[""IEEE"",""I9F0589ACD5FB1494""]]","[""include""]",included,0,Unassigned,,
doi:10.1109/icfcc.2010.5497365,10.1109/icfcc.2010.5497365,1,"[""IEEE""]","[[""IEEE"",""IF6F3BDF06CB08BA4""]]","[""include""]",included,0,Unassigned,,
doi:10.1109/icgec.2010.111,10.1109/icgec.2010.111,1,"[""IEEE""]","[[""IEEE"",""I3259268DCDD5CBBE""]]","[""include""]",included,0,Unassigned,,
doi:10.1109/ichora65333.2025.11017052,10.1109/ichora65333.2025.11017052,1,"[""IEEE""]","[[""IEEE"",""IBCAF666CB865FC3F""]]","[""include""]",included,0,Unassigned,,
doi:10.1109/icic68258.2025.11413209,10.1109/icic68258.2025.11413209,1,"[""IEEE""]","[[""IEEE"",""I8A469BEC00DBB755""]]","[""include""]",included,0,Unassigned,,
doi:10.1109/icicds70526.2026.11604962,10.1109/icicds70526.2026.11604962,1,"[""IEEE""]","[[""IEEE"",""ID73A9807D6648D2B""]]","[""include""]",included,0,Unassigned,,
doi:10.1109/icici68773.2026.11580474,10.1109/icici68773.2026.11580474,1,"[""IEEE""]","[[""IEEE"",""I3E8F14F840378A7D""]]","[""include""]",included,0,Unassigned,,
doi:10.1109/icicic.2007.122,10.1109/icicic.2007.122,1,"[""IEEE""]","[[""IEEE"",""I4BE8E4D2563F2E92""]]","[""include""]",included,0,Unassigned,,
doi:10.1109/icicip.2012.6391559,10.1109/icicip.2012.6391559,1,"[""IEEE""]","[[""IEEE"",""I060545B474B58399""]]","[""include""]",included,0,Unassigned,,
doi:10.1109/icicisys.2009.5358035,10.1109/icicisys.2009.5358035,1,"[""IEEE""]","[[""IEEE"",""IB78EEB265336AFA7""]]","[""include""]",included,0,Unassigned,,
doi:10.1109/icicta.2009.713,10.1109/icicta.2009.713,1,"[""IEEE""]","[[""IEEE"",""I6C7C1F62705AD21D""]]","[""include""]",included,0,Unassigned,,
doi:10.1109/icicta.2014.125,10.1109/icicta.2014.125,1,"[""IEEE""]","[[""IEEE"",""I991D106C55DCB229""]]","[""include""]",included,0,Unassigned,,
doi:10.1109/icieem.2009.5344275,10.1109/icieem.2009.5344275,1,"[""IEEE""]","[[""IEEE"",""IDEE00431072ED15F""]]","[""include""]",included,0,Unassigned,,
doi:10.1109/iciev.2016.7760170,10.1109/iciev.2016.7760170,1,"[""IEEE""]","[[""IEEE"",""I23E8934EEE371713""]]","[""include""]",included,0,Unassigned,,
doi:10.1109/icife.2010.5609456,10.1109/icife.2010.5609456,1,"[""IEEE""]","[[""IEEE"",""I86948566E9634F8D""]]","[""include""]",included,0,Unassigned,,
doi:10.1109/icih67754.2025.11608523,10.1109/icih67754.2025.11608523,1,"[""IEEE""]","[[""IEEE"",""I9EEF885081CB8EFA""]]","[""include""]",included,0,Unassigned,,
doi:10.1109/icii.2001.982997,10.1109/icii.2001.982997,1,"[""IEEE""]","[[""IEEE"",""I9E5CF5B3D914EA4B""]]","[""include""]",included,0,Unassigned,,
doi:10.1109/icii.2001.983062,10.1109/icii.2001.983062,1,"[""IEEE""]","[[""IEEE"",""I75771A63C0DC6203""]]","[""include""]",included,0,Unassigned,,
doi:10.1109/icii.2001.983520,10.1109/icii.2001.983520,1,"[""IEEE""]","[[""IEEE"",""I83CC6FC62E76DA26""]]","[""include""]",included,0,Unassigned,,
doi:10.1109/icii.2001.983524,10.1109/icii.2001.983524,1,"[""IEEE""]","[[""IEEE"",""IC7E58BA9ED69FE4D""]]","[""include""]",included,0,Unassigned,,
doi:10.1109/iciice69672.2026.11565502,10.1109/iciice69672.2026.11565502,1,"[""IEEE""]","[[""IEEE"",""IAD47AEF91F7A77E7""]]","[""include""]",included,0,Unassigned,,
doi:10.1109/iciics63763.2024.10859369,10.1109/iciics63763.2024.10859369,1,"[""IEEE""]","[[""IEEE"",""I4D79BDCBC5D00DCC""]]","[""include""]",included,0,Unassigned,,
doi:10.1109/iciii.2011.122,10.1109/iciii.2011.122,1,"[""IEEE""]","[[""IEEE"",""IA30F6CA951680F15""]]","[""include""]",included,0,Unassigned,,
doi:10.1109/icime.2009.77,10.1109/icime.2009.77,1,"[""IEEE""]","[[""IEEE"",""I98B8E04AF5BCECA0""]]","[""include""]",included,0,Unassigned,,
doi:10.1109/icime.2010.5477873,10.1109/icime.2010.5477873,1,"[""IEEE""]","[[""IEEE"",""IFF7458A1534CECDD""]]","[""include""]",included,0,Unassigned,,
doi:10.1109/icin69025.2026.11481801,10.1109/icin69025.2026.11481801,1,"[""IEEE""]","[[""IEEE"",""I16A5608A132967F2""]]","[""include""]",included,0,Unassigned,,
doi:10.1109/icis-comsar.2006.84,10.1109/icis-comsar.2006.84,1,"[""IEEE""]","[[""IEEE"",""IDA17F413E05173F5""]]","[""include""]",included,0,Unassigned,,
doi:10.1109/icis.2010.106,10.1109/icis.2010.106,1,"[""IEEE""]","[[""IEEE"",""I31C0CB76605D7608""]]","[""include""]",included,0,Unassigned,,
doi:10.1109/icis.2011.32,10.1109/icis.2011.32,1,"[""IEEE""]","[[""IEEE"",""IA1F472D32DEC0ABB""]]","[""include""]",included,0,Unassigned,,
doi:10.1109/icisa.2011.5772356,10.1109/icisa.2011.5772356,1,"[""IEEE""]","[[""IEEE"",""IF64EEC2251239CAF""]]","[""include""]",included,0,Unassigned,,
doi:10.1109/icise.2009.437,10.1109/icise.2009.437,1,"[""IEEE""]","[[""IEEE"",""IC7DFFF7C0448D38A""]]","[""include""]",included,0,Unassigned,,
doi:10.1109/icise.2009.525,10.1109/icise.2009.525,1,"[""IEEE""]","[[""IEEE"",""IAFA0C5444C4268D5""]]","[""include""]",included,0,Unassigned,,
doi:10.1109/icit.2007.11,10.1109/icit.2007.11,1,"[""IEEE""]","[[""IEEE"",""I522E073DFA5E0006""]]","[""include""]",included,0,Unassigned,,
doi:10.1109/icitbs.2018.00105,10.1109/icitbs.2018.00105,1,"[""IEEE""]","[[""IEEE"",""I53741D7FFEC5E3F2""]]","[""include""]",included,0,Unassigned,,
doi:10.1109/icitcs.2014.7021731,10.1109/icitcs.2014.7021731,1,"[""IEEE""]","[[""IEEE"",""ID806213CA0117C76""]]","[""include""]",included,0,Unassigned,,
doi:10.1109/icmas.1998.699024,10.1109/icmas.1998.699024,1,"[""IEEE""]","[[""IEEE"",""I57385C9D1920C652""]]","[""include""]",included,0,Unassigned,,
doi:10.1109/icmas.1998.699042,10.1109/icmas.1998.699042,1,"[""IEEE""]","[[""IEEE"",""I6F7D87547B7BAF48""]]","[""include""]",included,0,Unassigned,,
doi:10.1109/icmas.1998.699054,10.1109/icmas.1998.699054,1,"[""IEEE""]","[[""IEEE"",""I931B80A34063CCAE""]]","[""include""]",included,0,Unassigned,,
doi:10.1109/icmas.1998.699077,10.1109/icmas.1998.699077,1,"[""IEEE""]","[[""IEEE"",""I02A0C9ECE4B45BAF""]]","[""include""]",included,0,Unassigned,,
doi:10.1109/icmas.1998.699247,10.1109/icmas.1998.699247,1,"[""IEEE""]","[[""IEEE"",""IDEFED7F31914F0D9""]]","[""include""]",included,0,Unassigned,,
doi:10.1109/icmas.2000.858494,10.1109/icmas.2000.858494,1,"[""IEEE""]","[[""IEEE"",""IC9E28CB55E04127F""]]","[""include""]",included,0,Unassigned,,
doi:10.1109/icmas.2000.858520,10.1109/icmas.2000.858520,1,"[""IEEE""]","[[""IEEE"",""ID38343A43A2076D8""]]","[""include""]",included,0,Unassigned,,
doi:10.1109/icmcsi67283.2026.11412741,10.1109/icmcsi67283.2026.11412741,1,"[""IEEE""]","[[""IEEE"",""I5633E4723EEDD876""]]","[""include""]",included,0,Unassigned,,
doi:10.1109/icmecg.2008.18,10.1109/icmecg.2008.18,1,"[""IEEE""]","[[""IEEE"",""I32A0DC48C3E92EFF""]]","[""include""]",included,0,Unassigned,,
doi:10.1109/icmecg.2008.70,10.1109/icmecg.2008.70,1,"[""IEEE""]","[[""IEEE"",""I84FD4CF5F940EAC6""]]","[""include""]",included,0,Unassigned,,
doi:10.1109/icmecg.2009.95,10.1109/icmecg.2009.95,1,"[""IEEE""]","[[""IEEE"",""IC88A61A7F7A3F072""]]","[""include""]",included,0,Unassigned,,
doi:10.1109/icmecg.2010.15,10.1109/icmecg.2010.15,1,"[""IEEE""]","[[""IEEE"",""I2E0126D94FD1FD71""]]","[""include""]",included,0,Unassigned,,
doi:10.1109/icmit.2008.4654443,10.1109/icmit.2008.4654443,1,"[""IEEE""]","[[""IEEE"",""IC68A3C27A3E56726""]]","[""include""]",included,0,Unassigned,,
doi:10.1109/icmla.2006.34,10.1109/icmla.2006.34,1,"[""IEEE""]","[[""IEEE"",""I2B9062CB58949AEC""]]","[""include""]",included,0,Unassigned,,
doi:10.1109/icmlc.2003.1259801,10.1109/icmlc.2003.1259801,1,"[""IEEE""]","[[""IEEE"",""IE85E2988291D5F69""]]","[""include""]",included,0,Unassigned,,
doi:10.1109/icmlc.2003.1264525,10.1109/icmlc.2003.1264525,1,"[""IEEE""]","[[""IEEE"",""I32D8A9757C93EFE4""]]","[""include""]",included,0,Unassigned,,
doi:10.1109/icmlc.2004.1380617,10.1109/icmlc.2004.1380617,1,"[""IEEE""]","[[""IEEE"",""I8DC46495D856186F""]]","[""include""]",included,0,Unassigned,,
doi:10.1109/icmlc.2004.1380646,10.1109/icmlc.2004.1380646,1,"[""IEEE""]","[[""IEEE"",""IEB954878864E2A2D""]]","[""include""]",included,0,Unassigned,,
doi:10.1109/icmlc.2004.1380683,10.1109/icmlc.2004.1380683,1,"[""IEEE""]","[[""IEEE"",""I553A9428AD9BB304""]]","[""include""]",included,0,Unassigned,,
doi:10.1109/icmlc.2004.1382075,10.1109/icmlc.2004.1382075,1,"[""IEEE""]","[[""IEEE"",""I09F3FD1501C07359""]]","[""include""]",included,0,Unassigned,,
doi:10.1109/icmlc.2005.1526935,10.1109/icmlc.2005.1526935,1,"[""IEEE""]","[[""IEEE"",""I769756C4A8F3C66D""]]","[""include""]",included,0,Unassigned,,
doi:10.1109/icmlc.2005.1526940,10.1109/icmlc.2005.1526940,1,"[""IEEE""]","[[""IEEE"",""I1E865CB0FB2C7435""]]","[""include""]",included,0,Unassigned,,
doi:10.1109/icmlc.2005.1526950,10.1109/icmlc.2005.1526950,1,"[""IEEE""]","[[""IEEE"",""ICD7CD68D8DFB8113""]]","[""include""]",included,0,Unassigned,,
doi:10.1109/icmlc.2005.1526954,10.1109/icmlc.2005.1526954,1,"[""IEEE""]","[[""IEEE"",""I2FCFC6C06779A4CA""]]","[""include""]",included,0,Unassigned,,
doi:10.1109/icmlc.2007.4370271,10.1109/icmlc.2007.4370271,1,"[""IEEE""]","[[""IEEE"",""I01A257027B4A7275""]]","[""include""]",included,0,Unassigned,,
doi:10.1109/icmlc.2007.4370699,10.1109/icmlc.2007.4370699,1,"[""IEEE""]","[[""IEEE"",""I4DCC97379DE43080""]]","[""include""]",included,0,Unassigned,,
doi:10.1109/icmlc.2008.4620531,10.1109/icmlc.2008.4620531,1,"[""IEEE""]","[[""IEEE"",""IE9D7FE127B92112E""]]","[""include""]",included,0,Unassigned,,
doi:10.1109/icmlc.2009.5212303,10.1109/icmlc.2009.5212303,1,"[""IEEE""]","[[""IEEE"",""IE554E7433BB19A2A""]]","[""include""]",included,0,Unassigned,,
doi:10.1109/icmlc.2009.5212335,10.1109/icmlc.2009.5212335,1,"[""IEEE""]","[[""IEEE"",""IE1C33F9AE8F780C2""]]","[""include""]",included,0,Unassigned,,
doi:10.1109/icmse.2006.313852,10.1109/icmse.2006.313852,1,"[""IEEE""]","[[""IEEE"",""I3615E22356CFC308""]]","[""include""]",included,0,Unassigned,,
doi:10.1109/icmse.2006.313895,10.1109/icmse.2006.313895,1,"[""IEEE""]","[[""IEEE"",""I106701AF989A1F4E""]]","[""include""]",included,0,Unassigned,,
doi:10.1109/icmse.2007.4421842,10.1109/icmse.2007.4421842,1,"[""IEEE""]","[[""IEEE"",""ID016518E62445D79""]]","[""include""]",included,0,Unassigned,,
doi:10.1109/icmse.2009.5318015,10.1109/icmse.2009.5318015,1,"[""IEEE""]","[[""IEEE"",""I174F5DCBF02A1972""]]","[""include""]",included,0,Unassigned,,
doi:10.1109/icmse.2010.5719945,10.1109/icmse.2010.5719945,1,"[""IEEE""]","[[""IEEE"",""I05CFBC7DE55BC3A9""]]","[""include""]",included,0,Unassigned,,
doi:10.1109/icmss.2009.5303304,10.1109/icmss.2009.5303304,1,"[""IEEE""]","[[""IEEE"",""I63DCBBF5982E488D""]]","[""include""]",included,0,Unassigned,,
doi:10.1109/icmss.2009.5305567,10.1109/icmss.2009.5305567,1,"[""IEEE""]","[[""IEEE"",""I96FA6A9E8C8C9F74""]]","[""include""]",included,0,Unassigned,,
doi:10.1109/icnnb.2005.1614592,10.1109/icnnb.2005.1614592,1,"[""IEEE""]","[[""IEEE"",""IB4B965D523F9E7C9""]]","[""include""]",included,0,Unassigned,,
doi:10.1109/icnsc.2004.1297447,10.1109/icnsc.2004.1297447,1,"[""IEEE""]","[[""IEEE"",""IE0E1505205637BAB""]]","[""include""]",included,0,Unassigned,,
doi:10.1109/icnsc.2017.8000098,10.1109/icnsc.2017.8000098,1,"[""IEEE""]","[[""IEEE"",""I0C5DF677F4235D65""]]","[""include""]",included,0,Unassigned,,
doi:10.1109/icoa66896.2025.11236877,10.1109/icoa66896.2025.11236877,1,"[""IEEE""]","[[""IEEE"",""IA4DAAE95C4D679F5""]]","[""include""]",included,0,Unassigned,,
doi:10.1109/icoait67446.2025.11308830,10.1109/icoait67446.2025.11308830,1,"[""IEEE""]","[[""IEEE"",""I25A0D18596FBC301""]]","[""include""]",included,0,Unassigned,,
doi:10.1109/icoco67189.2025.11334130,10.1109/icoco67189.2025.11334130,1,"[""IEEE""]","[[""IEEE"",""I17F4D580551658C2""]]","[""include""]",included,0,Unassigned,,
doi:10.1109/icoict.2014.6914084,10.1109/icoict.2014.6914084,1,"[""IEEE""]","[[""IEEE"",""IB69250BCC085F9AB""]]","[""include""]",included,0,Unassigned,,
doi:10.1109/icoin.1998.648393,10.1109/icoin.1998.648393,1,"[""IEEE""]","[[""IEEE"",""I65F2145B2BA68966""]]","[""include""]",included,0,Unassigned,,
doi:10.1109/icoin.1998.648406,10.1109/icoin.1998.648406,1,"[""IEEE""]","[[""IEEE"",""I3B54E2F87DE2BB9E""]]","[""include""]",included,0,Unassigned,,
doi:10.1109/icoin.2014.6799688,10.1109/icoin.2014.6799688,1,"[""IEEE""]","[[""IEEE"",""I45D8559E0D439576""]]","[""include""]",included,0,Unassigned,,
doi:10.1109/icon.2012.6506598,10.1109/icon.2012.6506598,1,"[""IEEE""]","[[""IEEE"",""I3A32A4CD248D648D""]]","[""include""]",included,0,Unassigned,,
doi:10.1109/icpads.1997.652560,10.1109/icpads.1997.652560,1,"[""IEEE""]","[[""IEEE"",""I4F0CE66F54BE9ED7""]]","[""include""]",included,0,Unassigned,,
doi:10.1109/icpads.1997.652611,10.1109/icpads.1997.652611,1,"[""IEEE""]","[[""IEEE"",""IE164172CE498376F""]]","[""include""]",included,0,Unassigned,,
doi:10.1109/icpads.2005.197,10.1109/icpads.2005.197,1,"[""IEEE""]","[[""IEEE"",""I1CEE646974C2FF9F""]]","[""include""]",included,0,Unassigned,,
doi:10.1109/icpads.2005.210,10.1109/icpads.2005.210,1,"[""IEEE""]","[[""IEEE"",""I406788A10DC9CEEB""]]","[""include""]",included,0,Unassigned,,
doi:10.1109/icpca.2007.4365444,10.1109/icpca.2007.4365444,1,"[""IEEE""]","[[""IEEE"",""I01CC8A5A834EC456""]]","[""include""]",included,0,Unassigned,,
doi:10.1109/icpca.2007.4365460,10.1109/icpca.2007.4365460,1,"[""IEEE""]","[[""IEEE"",""I615B55B42CD678BF""]]","[""include""]",included,0,Unassigned,,
doi:10.1109/icpre59655.2023.10353625,10.1109/icpre59655.2023.10353625,1,"[""IEEE""]","[[""IEEE"",""I1EDAC822E144E40C""]]","[""include""]",included,0,Unassigned,,
doi:10.1109/icpst.2000.897139,10.1109/icpst.2000.897139,1,"[""IEEE""]","[[""IEEE"",""I472269D9EF2F57CE""]]","[""include""]",included,0,Unassigned,,
doi:10.1109/icrera.2013.6749823,10.1109/icrera.2013.6749823,1,"[""IEEE""]","[[""IEEE"",""I2B91185C13826566""]]","[""include""]",included,0,Unassigned,,
doi:10.1109/icriset64803.2025.11254804,10.1109/icriset64803.2025.11254804,1,"[""IEEE""]","[[""IEEE"",""IC0E9B75ED8150F6C""]]","[""include""]",included,0,Unassigned,,
doi:10.1109/icsc67292.2026.00035,10.1109/icsc67292.2026.00035,1,"[""IEEE""]","[[""IEEE"",""I6A3936AC47F0D959""]]","[""include""]",included,0,Unassigned,,
doi:10.1109/icscan66520.2026.11588515,10.1109/icscan66520.2026.11588515,1,"[""IEEE""]","[[""IEEE"",""I6E4D9D3517B1D4AA""]]","[""include""]",included,0,Unassigned,,
doi:10.1109/icsccc69031.2026.11600150,10.1109/icsccc69031.2026.11600150,1,"[""IEEE""]","[[""IEEE"",""IAED60BCD60A76BA9""]]","[""include""]",included,0,Unassigned,,
doi:10.1109/icsmc.2001.969876,10.1109/icsmc.2001.969876,1,"[""IEEE""]","[[""IEEE"",""IA0486153C35F13D2""]]","[""include""]",included,0,Unassigned,,
doi:10.1109/icsmc.2002.1176097,10.1109/icsmc.2002.1176097,1,"[""IEEE""]","[[""IEEE"",""IA12B5741AFB5B97E""]]","[""include""]",included,0,Unassigned,,
doi:10.1109/icsmc.2003.1244509,10.1109/icsmc.2003.1244509,1,"[""IEEE""]","[[""IEEE"",""I6E675824B99F9E4C""]]","[""include""]",included,0,Unassigned,,
doi:10.1109/icsmc.2003.1245656,10.1109/icsmc.2003.1245656,1,"[""IEEE""]","[[""IEEE"",""IEDF57C2AB320E7D8""]]","[""include""]",included,0,Unassigned,,
doi:10.1109/icsmc.2003.1245664,10.1109/icsmc.2003.1245664,1,"[""IEEE""]","[[""IEEE"",""IFBC921B2C601B8E5""]]","[""include""]",included,0,Unassigned,,
doi:10.1109/icsmc.2004.1401174,10.1109/icsmc.2004.1401174,1,"[""IEEE""]","[[""IEEE"",""I45E883B02CC64D8B""]]","[""include""]",included,0,Unassigned,,
doi:10.1109/icsmc.2009.5346096,10.1109/icsmc.2009.5346096,1,"[""IEEE""]","[[""IEEE"",""I6D5471B1A568C079""]]","[""include""]",included,0,Unassigned,,
doi:10.1109/icsmc.2009.5346278,10.1109/icsmc.2009.5346278,1,"[""IEEE""]","[[""IEEE"",""ICD93D491BF4AFF00""]]","[""include""]",included,0,Unassigned,,
doi:10.1109/icsmc.2010.5641740,10.1109/icsmc.2010.5641740,1,"[""IEEE""]","[[""IEEE"",""I616A7CB833BE5CEF""]]","[""include""]",included,0,Unassigned,,
doi:10.1109/icsmc.2010.5641906,10.1109/icsmc.2010.5641906,1,"[""IEEE""]","[[""IEEE"",""I6A348E254785459A""]]","[""include""]",included,0,Unassigned,,
doi:10.1109/icsmc.2011.6083657,10.1109/icsmc.2011.6083657,1,"[""IEEE""]","[[""IEEE"",""IDFA2B17402D36F6F""]]","[""include""]",included,0,Unassigned,,
doi:10.1109/icsmc.2012.6378015,10.1109/icsmc.2012.6378015,1,"[""IEEE""]","[[""IEEE"",""IA9812A906835A1DB""]]","[""include""]",included,0,Unassigned,,
doi:10.1109/icsmc.2012.6378019,10.1109/icsmc.2012.6378019,1,"[""IEEE""]","[[""IEEE"",""I3C7B9885970A19CD""]]","[""include""]",included,0,Unassigned,,
doi:10.1109/icsses64899.2025.11009613,10.1109/icsses64899.2025.11009613,1,"[""IEEE""]","[[""IEEE"",""IC3F72FE7FACE5481""]]","[""include""]",included,0,Unassigned,,
doi:10.1109/icssi.2013.42,10.1109/icssi.2013.42,1,"[""IEEE""]","[[""IEEE"",""IEB8855D5C73DC514""]]","[""include""]",included,0,Unassigned,,
doi:10.1109/icsssm.2005.1500114,10.1109/icsssm.2005.1500114,1,"[""IEEE""]","[[""IEEE"",""IC1097CC7BD4C8CB2""]]","[""include""]",included,0,Unassigned,,
doi:10.1109/icsssm.2005.1500212,10.1109/icsssm.2005.1500212,1,"[""IEEE""]","[[""IEEE"",""I64D64E39FC54AC48""]]","[""include""]",included,0,Unassigned,,
doi:10.1109/icsssm.2006.320567,10.1109/icsssm.2006.320567,1,"[""IEEE""]","[[""IEEE"",""I22CC8315A93DEEEE""]]","[""include""]",included,0,Unassigned,,
doi:10.1109/icsssm.2010.5530224,10.1109/icsssm.2010.5530224,1,"[""IEEE""]","[[""IEEE"",""I243C3CEE703B6834""]]","[""include""]",included,0,Unassigned,,
doi:10.1109/icsssm.2011.5959523,10.1109/icsssm.2011.5959523,1,"[""IEEE""]","[[""IEEE"",""I7F6414359304466F""]]","[""include""]",included,0,Unassigned,,
doi:10.1109/icsssm.2013.6602584,10.1109/icsssm.2013.6602584,1,"[""IEEE""]","[[""IEEE"",""IFB7C8D0153302E10""]]","[""include""]",included,0,Unassigned,,
doi:10.1109/icsssm.2019.8887651,10.1109/icsssm.2019.8887651,1,"[""IEEE""]","[[""IEEE"",""IF09A5C0AF6D2B616""]]","[""include""]",included,0,Unassigned,,
doi:10.1109/ictai.2005.27,10.1109/ictai.2005.27,1,"[""IEEE""]","[[""IEEE"",""IF6B2F188AF25A541""]]","[""include""]",included,0,Unassigned,,
doi:10.1109/ictai.2007.101,10.1109/ictai.2007.101,1,"[""IEEE""]","[[""IEEE"",""I146E0175DCCFABE8""]]","[""include""]",included,0,Unassigned,,
doi:10.1109/ictai62512.2024.00100,10.1109/ictai62512.2024.00100,1,"[""IEEE""]","[[""IEEE"",""I39374D4FEC1DB60C""]]","[""include""]",included,0,Unassigned,,
doi:10.1109/ictmod63116.2024.10878140,10.1109/ictmod63116.2024.10878140,1,"[""IEEE""]","[[""IEEE"",""IEF2B7E702623DAAA""]]","[""include""]",included,0,Unassigned,,
doi:10.1109/ictta.2006.1684949,10.1109/ictta.2006.1684949,1,"[""IEEE""]","[[""IEEE"",""IE6D5AD3E171CBAD4""]]","[""include""]",included,0,Unassigned,,
doi:10.1109/ictta.2006.1684958,10.1109/ictta.2006.1684958,1,"[""IEEE""]","[[""IEEE"",""ICFDA8DFF4400F020""]]","[""include""]",included,0,Unassigned,,
doi:10.1109/icws72778.2026.00039,10.1109/icws72778.2026.00039,1,"[""IEEE""]","[[""IEEE"",""IE809EEFD8D72005B""]]","[""include""]",included,0,Unassigned,,
doi:10.1109/icws72778.2026.00165,10.1109/icws72778.2026.00165,1,"[""IEEE""]","[[""IEEE"",""IFEB11F279850D6F5""]]","[""include""]",included,0,Unassigned,,
doi:10.1109/icycs.2008.35,10.1109/icycs.2008.35,1,"[""IEEE""]","[[""IEEE"",""I260C97342F2E17C0""]]","[""include""]",included,0,Unassigned,,
doi:10.1109/iecon.2000.972458,10.1109/iecon.2000.972458,1,"[""IEEE""]","[[""IEEE"",""I2024FAF0A3F1F3AD""]]","[""include""]",included,0,Unassigned,,
doi:10.1109/iecon.2000.973230,10.1109/iecon.2000.973230,1,"[""IEEE""]","[[""IEEE"",""IA5B711209D3D00ED""]]","[""include""]",included,0,Unassigned,,
doi:10.1109/iecon.2013.6700404,10.1109/iecon.2013.6700404,1,"[""IEEE""]","[[""IEEE"",""IF65C0FCDBB3D520D""]]","[""include""]",included,0,Unassigned,,
doi:10.1109/iecon.2014.7049026,10.1109/iecon.2014.7049026,1,"[""IEEE""]","[[""IEEE"",""I0A4005A1A338F8BD""]]","[""include""]",included,0,Unassigned,,
doi:10.1109/ieem.2008.4738042,10.1109/ieem.2008.4738042,1,"[""IEEE""]","[[""IEEE"",""I81FD9CB4450CF668""]]","[""include""]",included,0,Unassigned,,
doi:10.1109/ieem.2015.7385609,10.1109/ieem.2015.7385609,1,"[""IEEE""]","[[""IEEE"",""IF5BFB4E86207C14C""]]","[""include""]",included,0,Unassigned,,
doi:10.1109/ieem.2015.7385958,10.1109/ieem.2015.7385958,1,"[""IEEE""]","[[""IEEE"",""I71DD198D17448DA6""]]","[""include""]",included,0,Unassigned,,
doi:10.1109/ieem.2017.8289903,10.1109/ieem.2017.8289903,1,"[""IEEE""]","[[""IEEE"",""I28131CF9B2017F99""]]","[""include""]",included,0,Unassigned,,
doi:10.1109/ieem62345.2024.10857206,10.1109/ieem62345.2024.10857206,1,"[""IEEE""]","[[""IEEE"",""I343C4E74E69025AF""]]","[""include""]",included,0,Unassigned,,
doi:10.1109/ietc69527.2026.11568651,10.1109/ietc69527.2026.11568651,1,"[""IEEE""]","[[""IEEE"",""IEF7B4701FC442F6D""]]","[""include""]",included,0,Unassigned,,
doi:10.1109/ihmsc.2009.17,10.1109/ihmsc.2009.17,1,"[""IEEE""]","[[""IEEE"",""IA38F708C9B0948FD""]]","[""include""]",included,0,Unassigned,,
doi:10.1109/ihmsc.2013.114,10.1109/ihmsc.2013.114,1,"[""IEEE""]","[[""IEEE"",""IEF5A33B8029E6225""]]","[""include""]",included,0,Unassigned,,
doi:10.1109/iiai-aai53430.2021.00062,10.1109/iiai-aai53430.2021.00062,1,"[""IEEE""]","[[""IEEE"",""IFAFC3A438E5E508E""]]","[""include""]",included,0,Unassigned,,
doi:10.1109/iiai-aai59060.2023.00092,10.1109/iiai-aai59060.2023.00092,1,"[""IEEE""]","[[""IEEE"",""I6199BA8877B258BB""]]","[""include""]",included,0,Unassigned,,
doi:10.1109/iicaiet67254.2025.11265236,10.1109/iicaiet67254.2025.11265236,1,"[""IEEE""]","[[""IEEE"",""I1FDE3FCB92542C98""]]","[""include""]",included,0,Unassigned,,
doi:10.1109/iih-msp.2007.250,10.1109/iih-msp.2007.250,1,"[""IEEE""]","[[""IEEE"",""ID6BE46AD393F281E""]]","[""include""]",included,0,Unassigned,,
doi:10.1109/iih-msp.2009.262,10.1109/iih-msp.2009.262,1,"[""IEEE""]","[[""IEEE"",""I4DD7712BBD07E8A2""]]","[""include""]",included,0,Unassigned,,
doi:10.1109/iisa.2015.7388043,10.1109/iisa.2015.7388043,1,"[""IEEE""]","[[""IEEE"",""I74E9E331D1DC2059""]]","[""include""]",included,0,Unassigned,,
doi:10.1109/iisa66859.2025.11311255,10.1109/iisa66859.2025.11311255,1,"[""IEEE""]","[[""IEEE"",""IDEC47514BDD07BE0""]]","[""include""]",included,0,Unassigned,,
doi:10.1109/iita.2009.158,10.1109/iita.2009.158,1,"[""IEEE""]","[[""IEEE"",""IADB9B62406FD56A2""]]","[""include""]",included,0,Unassigned,,
doi:10.1109/iita.2009.238,10.1109/iita.2009.238,1,"[""IEEE""]","[[""IEEE"",""I96A869E3C5E3DE31""]]","[""include""]",included,0,Unassigned,,
doi:10.1109/iita.2009.301,10.1109/iita.2009.301,1,"[""IEEE""]","[[""IEEE"",""ID5550D6DCF59DB0C""]]","[""include""]",included,0,Unassigned,,
doi:10.1109/ijcnn52387.2021.9533817,10.1109/ijcnn52387.2021.9533817,1,"[""IEEE""]","[[""IEEE"",""IAB6F5C5526618B73""]]","[""include""]",included,0,Unassigned,,
doi:10.1109/ijcnn52387.2021.9534126,10.1109/ijcnn52387.2021.9534126,1,"[""IEEE""]","[[""IEEE"",""IA8AB6DBC0ED8D4D0""]]","[""include""]",included,0,Unassigned,,
doi:10.1109/imns67862.2026.11655291,10.1109/imns67862.2026.11655291,1,"[""IEEE""]","[[""IEEE"",""I0BB10FD89798C618""]]","[""include""]",included,0,Unassigned,,
doi:10.1109/indcon.2012.6420774,10.1109/indcon.2012.6420774,1,"[""IEEE""]","[[""IEEE"",""I2CD2525B474A13CD""]]","[""include""]",included,0,Unassigned,,
doi:10.1109/indin.2005.1560476,10.1109/indin.2005.1560476,1,"[""IEEE""]","[[""IEEE"",""IE8A7530B0EDFC942""]]","[""include""]",included,0,Unassigned,,
doi:10.1109/induscon58041.2023.10375030,10.1109/induscon58041.2023.10375030,1,"[""IEEE""]","[[""IEEE"",""ID1224DD5F951D5D6""]]","[""include""]",included,0,Unassigned,,
doi:10.1109/infocom.2014.6848091,10.1109/infocom.2014.6848091,1,"[""IEEE""]","[[""IEEE"",""IF1D28DC58E52DACE""]]","[""include""]",included,0,Unassigned,,
doi:10.1109/infocom.2015.7218590,10.1109/infocom.2015.7218590,1,"[""IEEE""]","[[""IEEE"",""IF7B657FF9A3CC1B7""]]","[""include""]",included,0,Unassigned,,
doi:10.1109/infocom59046.2026.11571532,10.1109/infocom59046.2026.11571532,1,"[""IEEE""]","[[""IEEE"",""I26441DE47BAF6858""]]","[""include""]",included,0,Unassigned,,
doi:10.1109/infocom59046.2026.11571677,10.1109/infocom59046.2026.11571677,1,"[""IEEE""]","[[""IEEE"",""I506741220D75189C""]]","[""include""]",included,0,Unassigned,,
doi:10.1109/infra.2008.5439688,10.1109/infra.2008.5439688,1,"[""IEEE""]","[[""IEEE"",""I3F9539E715AEF5B8""]]","[""include""]",included,0,Unassigned,,
doi:10.1109/inista55318.2022.9894050,10.1109/inista55318.2022.9894050,1,"[""IEEE""]","[[""IEEE"",""IDCBEF0A72F572D26""]]","[""include""]",included,0,Unassigned,,
doi:10.1109/ipc.2007.18,10.1109/ipc.2007.18,1,"[""IEEE""]","[[""IEEE"",""IA248B185BF9CFA09""]]","[""include""]",included,0,Unassigned,,
doi:10.1109/ipc.2007.32,10.1109/ipc.2007.32,1,"[""IEEE""]","[[""IEEE"",""IEB2C79BAFBE34E7F""]]","[""include""]",included,0,Unassigned,,
doi:10.1109/ipdps.2001.924949,10.1109/ipdps.2001.924949,1,"[""IEEE""]","[[""IEEE"",""IBAC6001B9A693B75""]]","[""include""]",included,0,Unassigned,,
doi:10.1109/ipdps.2005.169,10.1109/ipdps.2005.169,1,"[""IEEE""]","[[""IEEE"",""IBC90C4BAA7F85E67""]]","[""include""]",included,0,Unassigned,,
doi:10.1109/ipec54454.2022.9777573,10.1109/ipec54454.2022.9777573,1,"[""IEEE""]","[[""IEEE"",""I956D8F5D7AC6CD1F""]]","[""include""]",included,0,Unassigned,,
doi:10.1109/ipecon.2010.5696982,10.1109/ipecon.2010.5696982,1,"[""IEEE""]","[[""IEEE"",""IB27CACD74F699AF5""]]","[""include""]",included,0,Unassigned,,
doi:10.1109/iraniancee.2019.8786392,10.1109/iraniancee.2019.8786392,1,"[""IEEE""]","[[""IEEE"",""I036FE3103DDA4DF5""]]","[""include""]",included,0,Unassigned,,
doi:10.1109/iraset68627.2026.11538795,10.1109/iraset68627.2026.11538795,1,"[""IEEE""]","[[""IEEE"",""IFF9E9DBC822E2EC8""]]","[""include""]",included,0,Unassigned,,
doi:10.1109/irec56325.2022.10001989,10.1109/irec56325.2022.10001989,1,"[""IEEE""]","[[""IEEE"",""IDF691205A01589C8""]]","[""include""]",included,0,Unassigned,,
doi:10.1109/iri.2012.6303009,10.1109/iri.2012.6303009,1,"[""IEEE""]","[[""IEEE"",""IE1447250C6787B23""]]","[""include""]",included,0,Unassigned,,
doi:10.1109/iri69576.2026.00011,10.1109/iri69576.2026.00011,1,"[""IEEE""]","[[""IEEE"",""I6E3023C13D313AA4""]]","[""include""]",included,0,Unassigned,,
doi:10.1109/is.2004.1344807,10.1109/is.2004.1344807,1,"[""IEEE""]","[[""IEEE"",""IED488BDA5C5519FF""]]","[""include""]",included,0,Unassigned,,
doi:10.1109/is.2018.8710454,10.1109/is.2018.8710454,1,"[""IEEE""]","[[""IEEE"",""IB14166D508B9A1FB""]]","[""include""]",included,0,Unassigned,,
doi:10.1109/is.2018.8710579,10.1109/is.2018.8710579,1,"[""IEEE""]","[[""IEEE"",""I589C2FC11685677F""]]","[""include""]",included,0,Unassigned,,
doi:10.1109/isa.2008.31,10.1109/isa.2008.31,1,"[""IEEE""]","[[""IEEE"",""I1F3132641432515B""]]","[""include""]",included,0,Unassigned,,
doi:10.1109/isads.2001.917390,10.1109/isads.2001.917390,1,"[""IEEE""]","[[""IEEE"",""IF3CF291293D0E693""]]","[""include""]",included,0,Unassigned,,
doi:10.1109/isads.2001.917392,10.1109/isads.2001.917392,1,"[""IEEE""]","[[""IEEE"",""I000A31B6CF512091""]]","[""include""]",included,0,Unassigned,,
doi:10.1109/isads.2001.917407,10.1109/isads.2001.917407,1,"[""IEEE""]","[[""IEEE"",""ICDCB055AB92ABF49""]]","[""include""]",included,0,Unassigned,,
doi:10.1109/isads.2001.917408,10.1109/isads.2001.917408,1,"[""IEEE""]","[[""IEEE"",""IC2F274E058358E01""]]","[""include""]",included,0,Unassigned,,
doi:10.1109/isads.2001.917410,10.1109/isads.2001.917410,1,"[""IEEE""]","[[""IEEE"",""IFBEA0C6F73C9BB34""]]","[""include""]",included,0,Unassigned,,
doi:10.1109/isads.2001.917428,10.1109/isads.2001.917428,1,"[""IEEE""]","[[""IEEE"",""IE7D7F2C2834D7FD0""]]","[""include""]",included,0,Unassigned,,
doi:10.1109/isads.2001.917437,10.1109/isads.2001.917437,1,"[""IEEE""]","[[""IEEE"",""I63964B077051233F""]]","[""include""]",included,0,Unassigned,,
doi:10.1109/isads.2005.1452068,10.1109/isads.2005.1452068,1,"[""IEEE""]","[[""IEEE"",""I02CD853F618E10EC""]]","[""include""]",included,0,Unassigned,,
doi:10.1109/isads66912.2025.00008,10.1109/isads66912.2025.00008,1,"[""IEEE""]","[[""IEEE"",""ID7796234A96A0D82""]]","[""include""]",included,0,Unassigned,,
doi:10.1109/isap.2005.1599310,10.1109/isap.2005.1599310,1,"[""IEEE""]","[[""IEEE"",""IED279A41FAD8C328""]]","[""include""]",included,0,Unassigned,,
doi:10.1109/isap.2007.4441606,10.1109/isap.2007.4441606,1,"[""IEEE""]","[[""IEEE"",""I76F4DA488D63798C""]]","[""include""]",included,0,Unassigned,,
doi:10.1109/isap.2009.5352855,10.1109/isap.2009.5352855,1,"[""IEEE""]","[[""IEEE"",""IFE95631F9D96344A""]]","[""include""]",included,0,Unassigned,,
doi:10.1109/isap.2017.8071410,10.1109/isap.2017.8071410,1,"[""IEEE""]","[[""IEEE"",""I919FF2A9A6B6C49D""]]","[""include""]",included,0,Unassigned,,
doi:10.1109/isbim.2008.236,10.1109/isbim.2008.236,1,"[""IEEE""]","[[""IEEE"",""I0DDCDDB5C21080BB""]]","[""include""]",included,0,Unassigned,,
doi:10.1109/isc2.2015.7366213,10.1109/isc2.2015.7366213,1,"[""IEEE""]","[[""IEEE"",""ID1A6AE03F7561926""]]","[""include""]",included,0,Unassigned,,
doi:10.1109/isc246665.2019.9071651,10.1109/isc246665.2019.9071651,1,"[""IEEE""]","[[""IEEE"",""I1A9CEB67928ED3DB""]]","[""include""]",included,0,Unassigned,,
doi:10.1109/iscc.2002.1021756,10.1109/iscc.2002.1021756,1,"[""IEEE""]","[[""IEEE"",""IAFC6E8C0065B8DAD""]]","[""include""]",included,0,Unassigned,,
doi:10.1109/iscis.2008.4717923,10.1109/iscis.2008.4717923,1,"[""IEEE""]","[[""IEEE"",""I8E8035FE2F96185D""]]","[""include""]",included,0,Unassigned,,
doi:10.1109/iscsct.2008.135,10.1109/iscsct.2008.135,1,"[""IEEE""]","[[""IEEE"",""I591D27D121D96349""]]","[""include""]",included,0,Unassigned,,
doi:10.1109/isda.2007.66,10.1109/isda.2007.66,1,"[""IEEE""]","[[""IEEE"",""IF19A1F1CDF55C3B0""]]","[""include""]",included,0,Unassigned,,
doi:10.1109/isda.2008.138,10.1109/isda.2008.138,1,"[""IEEE""]","[[""IEEE"",""IF3123F6CA481F3F0""]]","[""include""]",included,0,Unassigned,,
doi:10.1109/isda.2008.303,10.1109/isda.2008.303,1,"[""IEEE""]","[[""IEEE"",""I7B51A0904A216E7D""]]","[""include""]",included,0,Unassigned,,
doi:10.1109/isda.2009.48,10.1109/isda.2009.48,1,"[""IEEE""]","[[""IEEE"",""I796FF2231FD1837B""]]","[""include""]",included,0,Unassigned,,
doi:10.1109/isda.2015.7489164,10.1109/isda.2015.7489164,1,"[""IEEE""]","[[""IEEE"",""I5248FC3F990ADDE1""]]","[""include""]",included,0,Unassigned,,
doi:10.1109/isecs.2008.102,10.1109/isecs.2008.102,1,"[""IEEE""]","[[""IEEE"",""I27263C6815F7C42E""]]","[""include""]",included,0,Unassigned,,
doi:10.1109/isecs.2008.184,10.1109/isecs.2008.184,1,"[""IEEE""]","[[""IEEE"",""IDCDE5F4B2169E950""]]","[""include""]",included,0,Unassigned,,
doi:10.1109/isecs.2008.84,10.1109/isecs.2008.84,1,"[""IEEE""]","[[""IEEE"",""IB02C23920AD36DA8""]]","[""include""]",included,0,Unassigned,,
doi:10.1109/isecs.2009.241,10.1109/isecs.2009.241,1,"[""IEEE""]","[[""IEEE"",""I45E51B9684BB8AD6""]]","[""include""]",included,0,Unassigned,,
doi:10.1109/isecs.2009.26,10.1109/isecs.2009.26,1,"[""IEEE""]","[[""IEEE"",""IA21B98EE7A42F2E1""]]","[""include""]",included,0,Unassigned,,
doi:10.1109/ised67359.2025.11405153,10.1109/ised67359.2025.11405153,1,"[""IEEE""]","[[""IEEE"",""IFBB7AD6BB755E273""]]","[""include""]",included,0,Unassigned,,
doi:10.1109/isee.2008.4562873,10.1109/isee.2008.4562873,1,"[""IEEE""]","[[""IEEE"",""IB6BDEDCE76BFA328""]]","[""include""]",included,0,Unassigned,,
doi:10.1109/isgt.2012.6175613,10.1109/isgt.2012.6175613,1,"[""IEEE""]","[[""IEEE"",""ICC9F6FB92B17B072""]]","[""include""]",included,0,Unassigned,,
doi:10.1109/isgt.2013.6497868,10.1109/isgt.2013.6497868,1,"[""IEEE""]","[[""IEEE"",""I9FE80C9C5912665D""]]","[""include""]",included,0,Unassigned,,
doi:10.1109/isgt.2017.8086092,10.1109/isgt.2017.8086092,1,"[""IEEE""]","[[""IEEE"",""I27C0684C86349D6F""]]","[""include""]",included,0,Unassigned,,
doi:10.1109/isgteurope.2013.6695436,10.1109/isgteurope.2013.6695436,1,"[""IEEE""]","[[""IEEE"",""ID912367B5496ECCC""]]","[""include""]",included,0,Unassigned,,
doi:10.1109/isie.2016.7744970,10.1109/isie.2016.7744970,1,"[""IEEE""]","[[""IEEE"",""I4C861B9925F59C9F""]]","[""include""]",included,0,Unassigned,,
doi:10.1109/isip.2008.111,10.1109/isip.2008.111,1,"[""IEEE""]","[[""IEEE"",""IBB8E322B1FD60124""]]","[""include""]",included,0,Unassigned,,
doi:10.1109/isise.2009.132,10.1109/isise.2009.132,1,"[""IEEE""]","[[""IEEE"",""I466D1EF1FC16EF92""]]","[""include""]",included,0,Unassigned,,
doi:10.1109/iske.2008.4730910,10.1109/iske.2008.4730910,1,"[""IEEE""]","[[""IEEE"",""IB60671432624C296""]]","[""include""]",included,0,Unassigned,,
doi:10.1109/ispdc.2006.32,10.1109/ispdc.2006.32,1,"[""IEEE""]","[[""IEEE"",""I6D59A696FEC2531C""]]","[""include""]",included,0,Unassigned,,
doi:10.1109/ispec50848.2020.9351129,10.1109/ispec50848.2020.9351129,1,"[""IEEE""]","[[""IEEE"",""IECCD37E4FA6DF72C""]]","[""include""]",included,0,Unassigned,,
doi:10.1109/isra.2012.6219238,10.1109/isra.2012.6219238,1,"[""IEEE""]","[[""IEEE"",""IB8A7B8CEDF7D8B16""]]","[""include""]",included,0,Unassigned,,
doi:10.1109/issi.2018.8538253,10.1109/issi.2018.8538253,1,"[""IEEE""]","[[""IEEE"",""I9FAFF8D604BA2E77""]]","[""include""]",included,0,Unassigned,,
doi:10.1109/isspit.2007.4458205,10.1109/isspit.2007.4458205,1,"[""IEEE""]","[[""IEEE"",""IF595E6A3E2056053""]]","[""include""]",included,0,Unassigned,,
doi:10.1109/istel.2010.5734168,10.1109/istel.2010.5734168,1,"[""IEEE""]","[[""IEEE"",""I00B70A41C482DAC1""]]","[""include""]",included,0,Unassigned,,
doi:10.1109/itapp.2010.5566198,10.1109/itapp.2010.5566198,1,"[""IEEE""]","[[""IEEE"",""I49CF7B0B43166D6F""]]","[""include""]",included,0,Unassigned,,
doi:10.1109/itcc.2004.1286427,10.1109/itcc.2004.1286427,1,"[""IEEE""]","[[""IEEE"",""I7FA63DF9098D0F3B""]]","[""include""]",included,0,Unassigned,,
doi:10.1109/itcc.2005.66,10.1109/itcc.2005.66,1,"[""IEEE""]","[[""IEEE"",""I4FB04AE1F2B556DF""]]","[""include""]",included,0,Unassigned,,
doi:10.1109/itcs.2009.281,10.1109/itcs.2009.281,1,"[""IEEE""]","[[""IEEE"",""IDA26F8C29E0CAF41""]]","[""include""]",included,0,Unassigned,,
doi:10.1109/iti.2006.1708511,10.1109/iti.2006.1708511,1,"[""IEEE""]","[[""IEEE"",""IF0B9F37EC2EAAB16""]]","[""include""]",included,0,Unassigned,,
doi:10.1109/itict.2005.1609642,10.1109/itict.2005.1609642,1,"[""IEEE""]","[[""IEEE"",""I60343C7F914048D1""]]","[""include""]",included,0,Unassigned,,
doi:10.1109/itict.2005.1609657,10.1109/itict.2005.1609657,1,"[""IEEE""]","[[""IEEE"",""I560D4F855F71E9D4""]]","[""include""]",included,0,Unassigned,,
doi:10.1109/itng.2007.20,10.1109/itng.2007.20,1,"[""IEEE""]","[[""IEEE"",""IB8B54B01279D2730""]]","[""include""]",included,0,Unassigned,,
doi:10.1109/itng.2008.22,10.1109/itng.2008.22,1,"[""IEEE""]","[[""IEEE"",""I5A365CAF8362F5F2""]]","[""include""]",included,0,Unassigned,,
doi:10.1109/itng.2009.29,10.1109/itng.2009.29,1,"[""IEEE""]","[[""IEEE"",""I63D12CF0F0245E04""]]","[""include""]",included,0,Unassigned,,
doi:10.1109/itsc.2013.6728285,10.1109/itsc.2013.6728285,1,"[""IEEE""]","[[""IEEE"",""I3D850091A537BA7C""]]","[""include""]",included,0,Unassigned,,
doi:10.1109/itsc.2015.477,10.1109/itsc.2015.477,1,"[""IEEE""]","[[""IEEE"",""I4490AA9B9531F25E""]]","[""include""]",included,0,Unassigned,,
doi:10.1109/itsim.2008.4632049,10.1109/itsim.2008.4632049,1,"[""IEEE""]","[[""IEEE"",""I6BD950658AB9D33D""]]","[""include""]",included,0,Unassigned,,
doi:10.1109/iuce.2009.108,10.1109/iuce.2009.108,1,"[""IEEE""]","[[""IEEE"",""I286B79786DB4D5A5""]]","[""include""]",included,0,Unassigned,,
doi:10.1109/ivs.2000.898381,10.1109/ivs.2000.898381,1,"[""IEEE""]","[[""IEEE"",""I3F2DB7A8E6AA85B1""]]","[""include""]",included,0,Unassigned,,
doi:10.1109/iwcmc69287.2026.11580069,10.1109/iwcmc69287.2026.11580069,1,"[""IEEE""]","[[""IEEE"",""I7390CB51C1545D5A""]]","[""include""]",included,0,Unassigned,,
doi:10.1109/iwies.2013.6698573,10.1109/iwies.2013.6698573,1,"[""IEEE""]","[[""IEEE"",""I4FC82A244D150031""]]","[""include""]",included,0,Unassigned,,
doi:10.1109/iwisa.2010.5473511,10.1109/iwisa.2010.5473511,1,"[""IEEE""]","[[""IEEE"",""I27AA12E36D421DBF""]]","[""include""]",included,0,Unassigned,,
doi:10.1109/iwqos61813.2024.10682849,10.1109/iwqos61813.2024.10682849,1,"[""IEEE""]","[[""IEEE"",""IFB40D008AC40BBEA""]]","[""include""]",included,0,Unassigned,,
doi:10.1109/jcsse.2012.6261928,10.1109/jcsse.2012.6261928,1,"[""IEEE""]","[[""IEEE"",""I57D9E2A46AE0BC06""]]","[""include""]",included,0,Unassigned,,
doi:10.1109/jiot.2019.2953108,10.1109/jiot.2019.2953108,1,"[""IEEE""]","[[""IEEE"",""I02919A12460B99BC""]]","[""include""]",included,0,Unassigned,,
doi:10.1109/jiot.2021.3082769,10.1109/jiot.2021.3082769,1,"[""IEEE""]","[[""IEEE"",""IC8F4AE19A16E05F1""]]","[""include""]",included,0,Unassigned,,
doi:10.1109/jiot.2023.3277553,10.1109/jiot.2023.3277553,1,"[""IEEE""]","[[""IEEE"",""I8A74D7A9AD48827E""]]","[""include""]",included,0,Unassigned,,
doi:10.1109/jiot.2024.3397893,10.1109/jiot.2024.3397893,1,"[""IEEE""]","[[""IEEE"",""I6A507728C6608108""]]","[""include""]",included,0,Unassigned,,
doi:10.1109/jiot.2025.3553519,10.1109/jiot.2025.3553519,1,"[""IEEE""]","[[""IEEE"",""I913D26260FF552E9""]]","[""include""]",included,0,Unassigned,,
doi:10.1109/jiot.2025.3574003,10.1109/jiot.2025.3574003,1,"[""IEEE""]","[[""IEEE"",""IE737FFCBBCB258D0""]]","[""include""]",included,0,Unassigned,,
doi:10.1109/jiot.2025.3578087,10.1109/jiot.2025.3578087,1,"[""IEEE""]","[[""IEEE"",""IA05929ADB1304DDE""]]","[""include""]",included,0,Unassigned,,
doi:10.1109/jiot.2026.3695126,10.1109/jiot.2026.3695126,1,"[""IEEE""]","[[""IEEE"",""IF3A4D20F78A4FE82""]]","[""include""]",included,0,Unassigned,,
doi:10.1109/jiot.2026.3696135,10.1109/jiot.2026.3696135,1,"[""IEEE""]","[[""IEEE"",""I485CBEABE3F3B294""]]","[""include""]",included,0,Unassigned,,
doi:10.1109/jiot.2026.3721774,10.1109/jiot.2026.3721774,1,"[""IEEE""]","[[""IEEE"",""IFA6C92DEF77BA614""]]","[""include""]",included,0,Unassigned,,
doi:10.1109/jiot.2026.3725405,10.1109/jiot.2026.3725405,1,"[""IEEE""]","[[""IEEE"",""IC4045F8BDF9DC702""]]","[""include""]",included,0,Unassigned,,
doi:10.1109/jsac.2010.100110,10.1109/jsac.2010.100110,1,"[""IEEE""]","[[""IEEE"",""I6B251BC44F8F856E""]]","[""include""]",included,0,Unassigned,,
doi:10.1109/jsac.2021.3118423,10.1109/jsac.2021.3118423,1,"[""IEEE""]","[[""IEEE"",""I4E2514CB009B433E""]]","[""include""]",included,0,Unassigned,,
doi:10.1109/jsac.2022.3213333,10.1109/jsac.2022.3213333,1,"[""IEEE""]","[[""IEEE"",""I9AEA8BFDE51BCCA4""]]","[""include""]",included,0,Unassigned,,
doi:10.1109/jsyst.2010.2059110,10.1109/jsyst.2010.2059110,1,"[""IEEE""]","[[""IEEE"",""IAB8290C2D7E55AA3""]]","[""include""]",included,0,Unassigned,,
doi:10.1109/jsyst.2013.2258737,10.1109/jsyst.2013.2258737,1,"[""IEEE""]","[[""IEEE"",""IA03F279F140A4F5D""]]","[""include""]",included,0,Unassigned,,
doi:10.1109/jsyst.2020.3043327,10.1109/jsyst.2020.3043327,1,"[""IEEE""]","[[""IEEE"",""IDC2F8060924870BF""]]","[""include""]",included,0,Unassigned,,
doi:10.1109/jsyst.2021.3059000,10.1109/jsyst.2021.3059000,1,"[""IEEE""]","[[""IEEE"",""I255351C9C8B2AA82""]]","[""include""]",included,0,Unassigned,,
doi:10.1109/kimas.2005.1427117,10.1109/kimas.2005.1427117,1,"[""IEEE""]","[[""IEEE"",""I4E303826952221A1""]]","[""include""]",included,0,Unassigned,,
doi:10.1109/korus.2001.975076,10.1109/korus.2001.975076,1,"[""IEEE""]","[[""IEEE"",""IADE69817967B764B""]]","[""include""]",included,0,Unassigned,,
doi:10.1109/lcn.2004.23,10.1109/lcn.2004.23,1,"[""IEEE""]","[[""IEEE"",""ICAB90903C7EE4D94""]]","[""include""]",included,0,Unassigned,,
doi:10.1109/lcomm.2024.3360477,10.1109/lcomm.2024.3360477,1,"[""IEEE""]","[[""IEEE"",""I98A935CFA2B15A93""]]","[""include""]",included,0,Unassigned,,
doi:10.1109/locs.2019.2906156,10.1109/locs.2019.2906156,1,"[""IEEE""]","[[""IEEE"",""IFF09C066BBA1C692""]]","[""include""]",included,0,Unassigned,,
doi:10.1109/mapr72750.2026.11685704,10.1109/mapr72750.2026.11685704,1,"[""IEEE""]","[[""IEEE"",""I77E6E1AA685313B0""]]","[""include""]",included,0,Unassigned,,
doi:10.1109/mass66014.2025.00090,10.1109/mass66014.2025.00090,1,"[""IEEE""]","[[""IEEE"",""IA0E746E85F43A75B""]]","[""include""]",included,0,Unassigned,,
doi:10.1109/massur.2004.1368419,10.1109/massur.2004.1368419,1,"[""IEEE""]","[[""IEEE"",""I9C0BA92981F7AFE0""]]","[""include""]",included,0,Unassigned,,
doi:10.1109/mc.2002.1046974,10.1109/mc.2002.1046974,1,"[""IEEE""]","[[""IEEE"",""IC13BD299EADB2BC2""]]","[""include""]",included,0,Unassigned,,
doi:10.1109/melcon.2004.1347005,10.1109/melcon.2004.1347005,1,"[""IEEE""]","[[""IEEE"",""I2075666BEFD98186""]]","[""include""]",included,0,Unassigned,,
doi:10.1109/micai.2011.11,10.1109/micai.2011.11,1,"[""IEEE""]","[[""IEEE"",""IFF9DDA907EF4CCE2""]]","[""include""]",included,0,Unassigned,,
doi:10.1109/miot.2025.3615709,10.1109/miot.2025.3615709,1,"[""IEEE""]","[[""IEEE"",""I90945B8890D71EA5""]]","[""include""]",included,0,Unassigned,,
doi:10.1109/mitp.2026.3653141,10.1109/mitp.2026.3653141,1,"[""IEEE""]","[[""IEEE"",""IBB9EA6D972ED5938""]]","[""include""]",included,0,Unassigned,,
doi:10.1109/mits.2019.2953524,10.1109/mits.2019.2953524,1,"[""IEEE""]","[[""IEEE"",""ICA31C110C636BD89""]]","[""include""]",included,0,Unassigned,,
doi:10.1109/mits.2022.3203573,10.1109/mits.2022.3203573,1,"[""IEEE""]","[[""IEEE"",""IB061A793D121ED75""]]","[""include""]",included,0,Unassigned,,
doi:10.1109/mmit.2008.109,10.1109/mmit.2008.109,1,"[""IEEE""]","[[""IEEE"",""I2396F0845DB93AD0""]]","[""include""]",included,0,Unassigned,,
doi:10.1109/mmse.2000.897242,10.1109/mmse.2000.897242,1,"[""IEEE""]","[[""IEEE"",""I9FC49B660954A7DF""]]","[""include""]",included,0,Unassigned,,
doi:10.1109/momuc.1999.819486,10.1109/momuc.1999.819486,1,"[""IEEE""]","[[""IEEE"",""I161C259EAFACC914""]]","[""include""]",included,0,Unassigned,,
doi:10.1109/ncis.2011.103,10.1109/ncis.2011.103,1,"[""IEEE""]","[[""IEEE"",""I22FCC253338BB390""]]","[""include""]",included,0,Unassigned,,
doi:10.1109/ncis.2011.50,10.1109/ncis.2011.50,1,"[""IEEE""]","[[""IEEE"",""I4FAE96F5F97D1F1D""]]","[""include""]",included,0,Unassigned,,
doi:10.1109/netsoft70012.2026.11603422,10.1109/netsoft70012.2026.11603422,1,"[""IEEE""]","[[""IEEE"",""I49590FA571013691""]]","[""include""]",included,0,Unassigned,,
doi:10.1109/nfc.2010.9,10.1109/nfc.2010.9,1,"[""IEEE""]","[[""IEEE"",""IACEDAFDDB7B05F14""]]","[""include""]",included,0,Unassigned,,
doi:10.1109/nlpke.2003.1275895,10.1109/nlpke.2003.1275895,1,"[""IEEE""]","[[""IEEE"",""I0686C4C28AE1A4FA""]]","[""include""]",included,0,Unassigned,,
doi:10.1109/noms.2012.6212034,10.1109/noms.2012.6212034,1,"[""IEEE""]","[[""IEEE"",""I7D97BBDEF121842C""]]","[""include""]",included,0,Unassigned,,
doi:10.1109/noms69089.2026.11668221,10.1109/noms69089.2026.11668221,1,"[""IEEE""]","[[""IEEE"",""I3DC26D6DD234B017""]]","[""include""]",included,0,Unassigned,,
doi:10.1109/noms69089.2026.11668275,10.1109/noms69089.2026.11668275,1,"[""IEEE""]","[[""IEEE"",""IF281E4EFB7D87297""]]","[""include""]",included,0,Unassigned,,
doi:10.1109/nwesp.2009.16,10.1109/nwesp.2009.16,1,"[""IEEE""]","[[""IEEE"",""IF8589C04C86B74D6""]]","[""include""]",included,0,Unassigned,,
doi:10.1109/ojcs.2026.3664314,10.1109/ojcs.2026.3664314,1,"[""IEEE""]","[[""IEEE"",""I63DB10686652A786""]]","[""include""]",included,0,Unassigned,,
doi:10.1109/ojits.2026.3713296,10.1109/ojits.2026.3713296,1,"[""IEEE""]","[[""IEEE"",""I93E6CA02636D06FB""]]","[""include""]",included,0,Unassigned,,
doi:10.1109/paciia.2008.334,10.1109/paciia.2008.334,1,"[""IEEE""]","[[""IEEE"",""ID8DC0917C6BB6372""]]","[""include""]",included,0,Unassigned,,
doi:10.1109/pacrim.2001.953738,10.1109/pacrim.2001.953738,1,"[""IEEE""]","[[""IEEE"",""I79B0008EB32521CA""]]","[""include""]",included,0,Unassigned,,
doi:10.1109/pacrim.2011.6032900,10.1109/pacrim.2011.6032900,1,"[""IEEE""]","[[""IEEE"",""IF497FE392FC8D27D""]]","[""include""]",included,0,Unassigned,,
doi:10.1109/pci.2009.39,10.1109/pci.2009.39,1,"[""IEEE""]","[[""IEEE"",""IFF1487D2B0848784""]]","[""include""]",included,0,Unassigned,,
doi:10.1109/pct.2007.4538442,10.1109/pct.2007.4538442,1,"[""IEEE""]","[[""IEEE"",""IF70EA050339DC5EA""]]","[""include""]",included,0,Unassigned,,
doi:10.1109/pdcat.2005.151,10.1109/pdcat.2005.151,1,"[""IEEE""]","[[""IEEE"",""I666ADA0827DA2531""]]","[""include""]",included,0,Unassigned,,
doi:10.1109/pdcat.2006.16,10.1109/pdcat.2006.16,1,"[""IEEE""]","[[""IEEE"",""I91214B5ED513A662""]]","[""include""]",included,0,Unassigned,,
doi:10.1109/pedes.2016.7914491,10.1109/pedes.2016.7914491,1,"[""IEEE""]","[[""IEEE"",""ICE893EE9835EC0EB""]]","[""include""]",included,0,Unassigned,,
doi:10.1109/peds.2011.6147283,10.1109/peds.2011.6147283,1,"[""IEEE""]","[[""IEEE"",""I67ABC245A231ED66""]]","[""include""]",included,0,Unassigned,,
doi:10.1109/pes.2005.1489692,10.1109/pes.2005.1489692,1,"[""IEEE""]","[[""IEEE"",""I9B926B036A6FDB96""]]","[""include""]",included,0,Unassigned,,
doi:10.1109/pes.2010.5589333,10.1109/pes.2010.5589333,1,"[""IEEE""]","[[""IEEE"",""IE5E19077617083BD""]]","[""include""]",included,0,Unassigned,,
doi:10.1109/pes.2011.6039772,10.1109/pes.2011.6039772,1,"[""IEEE""]","[[""IEEE"",""ID2DB9F63CB89B28D""]]","[""include""]",included,0,Unassigned,,
doi:10.1109/pes.2011.6039784,10.1109/pes.2011.6039784,1,"[""IEEE""]","[[""IEEE"",""IB4E46B889E6FA499""]]","[""include""]",included,0,Unassigned,,
doi:10.1109/pesgm.2012.6344924,10.1109/pesgm.2012.6344924,1,"[""IEEE""]","[[""IEEE"",""I20D5FD38371C0CB6""]]","[""include""]",included,0,Unassigned,,
doi:10.1109/pesgm.2012.6345194,10.1109/pesgm.2012.6345194,1,"[""IEEE""]","[[""IEEE"",""I672C631D65555E48""]]","[""include""]",included,0,Unassigned,,
doi:10.1109/pesgm.2016.7741074,10.1109/pesgm.2016.7741074,1,"[""IEEE""]","[[""IEEE"",""I51F2064561DDC64C""]]","[""include""]",included,0,Unassigned,,
doi:10.1109/pesgm.2018.8586034,10.1109/pesgm.2018.8586034,1,"[""IEEE""]","[[""IEEE"",""I72D0B7673DC96241""]]","[""include""]",included,0,Unassigned,,
doi:10.1109/pess.2002.1043645,10.1109/pess.2002.1043645,1,"[""IEEE""]","[[""IEEE"",""I9E2E2A564D0340E6""]]","[""include""]",included,0,Unassigned,,
doi:10.1109/pesw.2001.916862,10.1109/pesw.2001.916862,1,"[""IEEE""]","[[""IEEE"",""I2422998FDC4C57DF""]]","[""include""]",included,0,Unassigned,,
doi:10.1109/pesw.2002.984958,10.1109/pesw.2002.984958,1,"[""IEEE""]","[[""IEEE"",""IF876DCF4E02363F2""]]","[""include""]",included,0,Unassigned,,
doi:10.1109/pgsret.2018.8686004,10.1109/pgsret.2018.8686004,1,"[""IEEE""]","[[""IEEE"",""IC2AA612D38A9A85B""]]","[""include""]",included,0,Unassigned,,
doi:10.1109/pic.2010.5687966,10.1109/pic.2010.5687966,1,"[""IEEE""]","[[""IEEE"",""I4BB1EE42540A69FA""]]","[""include""]",included,0,Unassigned,,
doi:10.1109/picmet.2007.4349447,10.1109/picmet.2007.4349447,1,"[""IEEE""]","[[""IEEE"",""I1C3F9979202A3C1A""]]","[""include""]",included,0,Unassigned,,
doi:10.1109/picmet.2009.5261945,10.1109/picmet.2009.5261945,1,"[""IEEE""]","[[""IEEE"",""IF2AE266C6E511E36""]]","[""include""]",included,0,Unassigned,,
doi:10.1109/pimrc.2010.5671682,10.1109/pimrc.2010.5671682,1,"[""IEEE""]","[[""IEEE"",""I0F69201CA2E5B844""]]","[""include""]",included,0,Unassigned,,
doi:10.1109/pimrc.2011.6140043,10.1109/pimrc.2011.6140043,1,"[""IEEE""]","[[""IEEE"",""ID238FE062AE9F70F""]]","[""include""]",included,0,Unassigned,,
doi:10.1109/powereng.2011.6036418,10.1109/powereng.2011.6036418,1,"[""IEEE""]","[[""IEEE"",""I3F7BF559B2DA0E5E""]]","[""include""]",included,0,Unassigned,,
doi:10.1109/powereng.2013.6635866,10.1109/powereng.2013.6635866,1,"[""IEEE""]","[[""IEEE"",""IDFF8D2FDF51DCF83""]]","[""include""]",included,0,Unassigned,,
doi:10.1109/pst65910.2025.11268859,10.1109/pst65910.2025.11268859,1,"[""IEEE""]","[[""IEEE"",""I6291E4CE8465617C""]]","[""include""]",included,0,Unassigned,,
doi:10.1109/qcnc69040.2026.00145,10.1109/qcnc69040.2026.00145,1,"[""IEEE""]","[[""IEEE"",""I93FCDBF5BE62D2CE""]]","[""include""]",included,0,Unassigned,,
doi:10.1109/qpain69676.2026.11546218,10.1109/qpain69676.2026.11546218,1,"[""IEEE""]","[[""IEEE"",""I18699AC7E6A5F4C7""]]","[""include""]",included,0,Unassigned,,
doi:10.1109/rait.2012.6194597,10.1109/rait.2012.6194597,1,"[""IEEE""]","[[""IEEE"",""I3417E496A8DEF001""]]","[""include""]",included,0,Unassigned,,
doi:10.1109/rcar.2016.7784016,10.1109/rcar.2016.7784016,1,"[""IEEE""]","[[""IEEE"",""IB3BF7107C79DA979""]]","[""include""]",included,0,Unassigned,,
doi:10.1109/reldis.1998.740480,10.1109/reldis.1998.740480,1,"[""IEEE""]","[[""IEEE"",""IEA518C2B4E6243DC""]]","[""include""]",included,0,Unassigned,,
doi:10.1109/reldis.1998.740495,10.1109/reldis.1998.740495,1,"[""IEEE""]","[[""IEEE"",""I3119C1961D589758""]]","[""include""]",included,0,Unassigned,,
doi:10.1109/ride.1999.758601,10.1109/ride.1999.758601,1,"[""IEEE""]","[[""IEEE"",""I374FAA92B69000A0""]]","[""include""]",included,0,Unassigned,,
doi:10.1109/ride.2002.995101,10.1109/ride.2002.995101,1,"[""IEEE""]","[[""IEEE"",""I295DB43BFD045624""]]","[""include""]",included,0,Unassigned,,
doi:10.1109/roboticcc68732.2025.00025,10.1109/roboticcc68732.2025.00025,1,"[""IEEE""]","[[""IEEE"",""IFBD42C0BBCFF05F5""]]","[""include""]",included,0,Unassigned,,
doi:10.1109/rrs.2005.4,10.1109/rrs.2005.4,1,"[""IEEE""]","[[""IEEE"",""IFAF977A16E1C8ACC""]]","[""include""]",included,0,Unassigned,,
doi:10.1109/rstscc.2010.5712857,10.1109/rstscc.2010.5712857,1,"[""IEEE""]","[[""IEEE"",""ID4A0A9309A5A1F6E""]]","[""include""]",included,0,Unassigned,,
doi:10.1109/saso.2008.64,10.1109/saso.2008.64,1,"[""IEEE""]","[[""IEEE"",""IE65CA01793626955""]]","[""include""]",included,0,Unassigned,,
doi:10.1109/scc.2013.109,10.1109/scc.2013.109,1,"[""IEEE""]","[[""IEEE"",""I40ECF7CE16ED0D7E""]]","[""include""]",included,0,Unassigned,,
doi:10.1109/scc66964.2025.11424941,10.1109/scc66964.2025.11424941,1,"[""IEEE""]","[[""IEEE"",""IEE039D5C5139EC2C""]]","[""include""]",included,0,Unassigned,,
doi:10.1109/scems.2018.8624683,10.1109/scems.2018.8624683,1,"[""IEEE""]","[[""IEEE"",""I311A9DC01D1B260F""]]","[""include""]",included,0,Unassigned,,
doi:10.1109/scis-isis.2012.6505020,10.1109/scis-isis.2012.6505020,1,"[""IEEE""]","[[""IEEE"",""I0644C5E8679EBE8E""]]","[""include""]",included,0,Unassigned,,
doi:10.1109/scis.2009.4927011,10.1109/scis.2009.4927011,1,"[""IEEE""]","[[""IEEE"",""I49A834F883BE013B""]]","[""include""]",included,0,Unassigned,,
doi:10.1109/secon64284.2024.10934958,10.1109/secon64284.2024.10934958,1,"[""IEEE""]","[[""IEEE"",""I49F8229811D4391A""]]","[""include""]",included,0,Unassigned,,
doi:10.1109/services-2.2008.11,10.1109/services-2.2008.11,1,"[""IEEE""]","[[""IEEE"",""I24131DAC4DBA98A0""]]","[""include""]",included,0,Unassigned,,
doi:10.1109/sg-tep.2012.6642375,10.1109/sg-tep.2012.6642375,1,"[""IEEE""]","[[""IEEE"",""IDB14821EDABD54C1""]]","[""include""]",included,0,Unassigned,,
doi:10.1109/siitme67657.2025.11293682,10.1109/siitme67657.2025.11293682,1,"[""IEEE""]","[[""IEEE"",""I717BCD0C54BDDC4C""]]","[""include""]",included,0,Unassigned,,
doi:10.1109/sitis.2016.55,10.1109/sitis.2016.55,1,"[""IEEE""]","[[""IEEE"",""I880FD451288E9EFF""]]","[""include""]",included,0,Unassigned,,
doi:10.1109/skg.2008.67,10.1109/skg.2008.67,1,"[""IEEE""]","[[""IEEE"",""I3636D3AE56C1A5A2""]]","[""include""]",included,0,Unassigned,,
doi:10.1109/sm57895.2023.10112493,10.1109/sm57895.2023.10112493,1,"[""IEEE""]","[[""IEEE"",""I26193DF2C86601FF""]]","[""include""]",included,0,Unassigned,,
doi:10.1109/smart66937.2025.11389721,10.1109/smart66937.2025.11389721,1,"[""IEEE""]","[[""IEEE"",""I9511BEFCA6625EA8""]]","[""include""]",included,0,Unassigned,,
doi:10.1109/smartcomp-companion70724.2026.00044,10.1109/smartcomp-companion70724.2026.00044,1,"[""IEEE""]","[[""IEEE"",""I24B1502F8F799EC7""]]","[""include""]",included,0,Unassigned,,
doi:10.1109/smartcomp65954.2025.00054,10.1109/smartcomp65954.2025.00054,1,"[""IEEE""]","[[""IEEE"",""I030CE256F841E5E5""]]","[""include""]",included,0,Unassigned,,
doi:10.1109/smartindustrycon68821.2026.11493149,10.1109/smartindustrycon68821.2026.11493149,1,"[""IEEE""]","[[""IEEE"",""I1D49256A5E1857AB""]]","[""include""]",included,0,Unassigned,,
doi:10.1109/smartiot70864.2026.00032,10.1109/smartiot70864.2026.00032,1,"[""IEEE""]","[[""IEEE"",""IDB1728EC92AC4B76""]]","[""include""]",included,0,Unassigned,,
doi:10.1109/smartiot70864.2026.00056,10.1109/smartiot70864.2026.00056,1,"[""IEEE""]","[[""IEEE"",""I08248E70CCF2AD2E""]]","[""include""]",included,0,Unassigned,,
doi:10.1109/smc.2017.8122644,10.1109/smc.2017.8122644,1,"[""IEEE""]","[[""IEEE"",""I6E8DF484F4DF9DC4""]]","[""include""]",included,0,Unassigned,,
doi:10.1109/smc.2018.00170,10.1109/smc.2018.00170,1,"[""IEEE""]","[[""IEEE"",""IC56DEE627B551104""]]","[""include""]",included,0,Unassigned,,
doi:10.1109/snpd.2007.26,10.1109/snpd.2007.26,1,"[""IEEE""]","[[""IEEE"",""I0B49DD1348BBD48F""]]","[""include""]",included,0,Unassigned,,
doi:10.1109/snpd.2007.27,10.1109/snpd.2007.27,1,"[""IEEE""]","[[""IEEE"",""I4B50AEF0395FA95A""]]","[""include""]",included,0,Unassigned,,
doi:10.1109/snpd.2008.51,10.1109/snpd.2008.51,1,"[""IEEE""]","[[""IEEE"",""I848A709B0CE02012""]]","[""include""]",included,0,Unassigned,,
doi:10.1109/snpd.2013.63,10.1109/snpd.2013.63,1,"[""IEEE""]","[[""IEEE"",""IF85C51F7C6BA023B""]]","[""include""]",included,0,Unassigned,,
doi:10.1109/soca.2012.6449426,10.1109/soca.2012.6449426,1,"[""IEEE""]","[[""IEEE"",""I6133B0E4CDDD5652""]]","[""include""]",included,0,Unassigned,,
doi:10.1109/socpar.2009.106,10.1109/socpar.2009.106,1,"[""IEEE""]","[[""IEEE"",""IEB7A5F54BAB81DE4""]]","[""include""]",included,0,Unassigned,,
doi:10.1109/sofa.2010.5565616,10.1109/sofa.2010.5565616,1,"[""IEEE""]","[[""IEEE"",""IA5A87C3715AE1491""]]","[""include""]",included,0,Unassigned,,
doi:10.1109/soli.2008.4686623,10.1109/soli.2008.4686623,1,"[""IEEE""]","[[""IEEE"",""I1CF75B862E214709""]]","[""include""]",included,0,Unassigned,,
doi:10.1109/soli.2017.8120980,10.1109/soli.2017.8120980,1,"[""IEEE""]","[[""IEEE"",""I1CBCB52376107559""]]","[""include""]",included,0,Unassigned,,
doi:10.1109/sose67019.2025.00013,10.1109/sose67019.2025.00013,1,"[""IEEE""]","[[""IEEE"",""I5E72A80A4AC2830E""]]","[""include""]",included,0,Unassigned,,
doi:10.1109/southeastcon63549.2026.11476405,10.1109/southeastcon63549.2026.11476405,1,"[""IEEE""]","[[""IEEE"",""IE3DFC13FBCD01386""]]","[""include""]",included,0,Unassigned,,
doi:10.1109/sp63933.2026.00042,10.1109/sp63933.2026.00042,1,"[""IEEE""]","[[""IEEE"",""I8BEF064A21086126""]]","[""include""]",included,0,Unassigned,,
doi:10.1109/sp63933.2026.00154,10.1109/sp63933.2026.00154,1,"[""IEEE""]","[[""IEEE"",""I92501732888974D1""]]","[""include""]",included,0,Unassigned,,
doi:10.1109/spca.2006.297581,10.1109/spca.2006.297581,1,"[""IEEE""]","[[""IEEE"",""IDB7541F9DC795EF8""]]","[""include""]",included,0,Unassigned,,
doi:10.1109/spw72489.2026.00047,10.1109/spw72489.2026.00047,1,"[""IEEE""]","[[""IEEE"",""I8CA01F58390DE8C3""]]","[""include""]",included,0,Unassigned,,
doi:10.1109/ssci.2018.8628638,10.1109/ssci.2018.8628638,1,"[""IEEE""]","[[""IEEE"",""IB67A18991651FBF5""]]","[""include""]",included,0,Unassigned,,
doi:10.1109/ssitcon66133.2025.11342192,10.1109/ssitcon66133.2025.11342192,1,"[""IEEE""]","[[""IEEE"",""I6118CB53D6E0F890""]]","[""include""]",included,0,Unassigned,,
doi:10.1109/ssme.2009.160,10.1109/ssme.2009.160,1,"[""IEEE""]","[[""IEEE"",""IF182C0FF8C4ABF5F""]]","[""include""]",included,0,Unassigned,,
doi:10.1109/ssst.2003.1194530,10.1109/ssst.2003.1194530,1,"[""IEEE""]","[[""IEEE"",""I400903F8A93FD651""]]","[""include""]",included,0,Unassigned,,
doi:10.1109/svcc69905.2026.11642241,10.1109/svcc69905.2026.11642241,1,"[""IEEE""]","[[""IEEE"",""ICF60F5EFB5629C55""]]","[""include""]",included,0,Unassigned,,
doi:10.1109/swste.2012.14,10.1109/swste.2012.14,1,"[""IEEE""]","[[""IEEE"",""ID1EE0CB16BCE54BC""]]","[""include""]",included,0,Unassigned,,
doi:10.1109/synasc.2005.12,10.1109/synasc.2005.12,1,"[""IEEE""]","[[""IEEE"",""IB96A6A6214D5CB20""]]","[""include""]",included,0,Unassigned,,
doi:10.1109/synasc.2005.44,10.1109/synasc.2005.44,1,"[""IEEE""]","[[""IEEE"",""IC721CF8BC7E8D4C9""]]","[""include""]",included,0,Unassigned,,
doi:10.1109/synasc.2006.1,10.1109/synasc.2006.1,1,"[""IEEE""]","[[""IEEE"",""I430FDADF5C37CAC6""]]","[""include""]",included,0,Unassigned,,
doi:10.1109/synasc.2006.28,10.1109/synasc.2006.28,1,"[""IEEE""]","[[""IEEE"",""I6723C84B9DE7A0C2""]]","[""include""]",included,0,Unassigned,,
doi:10.1109/syscon.2019.8836798,10.1109/syscon.2019.8836798,1,"[""IEEE""]","[[""IEEE"",""I50C246311435BCF6""]]","[""include""]",included,0,Unassigned,,
doi:10.1109/syscon.2019.8836887,10.1109/syscon.2019.8836887,1,"[""IEEE""]","[[""IEEE"",""IEE23E16744BBB18A""]]","[""include""]",included,0,Unassigned,,
doi:10.1109/syscon66367.2026.11503513,10.1109/syscon66367.2026.11503513,1,"[""IEEE""]","[[""IEEE"",""I8EFCA49580914027""]]","[""include""]",included,0,Unassigned,,
doi:10.1109/tac.2012.2208319,10.1109/tac.2012.2208319,1,"[""IEEE""]","[[""IEEE"",""IE55E4C65D8D62634""]]","[""include""]",included,0,Unassigned,,
doi:10.1109/tai.2026.3731348,10.1109/tai.2026.3731348,1,"[""IEEE""]","[[""IEEE"",""I90B739B8F27D055D""]]","[""include""]",included,0,Unassigned,,
doi:10.1109/tcc.2021.3117956,10.1109/tcc.2021.3117956,1,"[""IEEE""]","[[""IEEE"",""I7BDC6B342E32458E""]]","[""include""]",included,0,Unassigned,,
doi:10.1109/tcc.2022.3231249,10.1109/tcc.2022.3231249,1,"[""IEEE""]","[[""IEEE"",""IE2590FB037284A15""]]","[""include""]",included,0,Unassigned,,
doi:10.1109/tccn.2019.2950242,10.1109/tccn.2019.2950242,1,"[""IEEE""]","[[""IEEE"",""I9C5CDCE4B70880CC""]]","[""include""]",included,0,Unassigned,,
doi:10.1109/tccn.2024.3499342,10.1109/tccn.2024.3499342,1,"[""IEEE""]","[[""IEEE"",""IAC0D23FDC595B2BE""]]","[""include""]",included,0,Unassigned,,
doi:10.1109/tccn.2026.3714063,10.1109/tccn.2026.3714063,1,"[""IEEE""]","[[""IEEE"",""I8FB08B2B841F7B39""]]","[""include""]",included,0,Unassigned,,
doi:10.1109/tciaig.2012.2222406,10.1109/tciaig.2012.2222406,1,"[""IEEE""]","[[""IEEE"",""IF7C243323D016D27""]]","[""include""]",included,0,Unassigned,,
doi:10.1109/tdsc.2026.3695553,10.1109/tdsc.2026.3695553,1,"[""IEEE""]","[[""IEEE"",""I1E3FD79D210F6CA9""]]","[""include""]",included,0,Unassigned,,
doi:10.1109/telepe66277.2025.00139,10.1109/telepe66277.2025.00139,1,"[""IEEE""]","[[""IEEE"",""ID90554D20CC90FAE""]]","[""include""]",included,0,Unassigned,,
doi:10.1109/tem.2019.2950694,10.1109/tem.2019.2950694,1,"[""IEEE""]","[[""IEEE"",""ID9D838F35361C8CF""]]","[""include""]",included,0,Unassigned,,
doi:10.1109/tem.2026.3684943,10.1109/tem.2026.3684943,1,"[""IEEE""]","[[""IEEE"",""IACB1D3038CF7B3DA""]]","[""include""]",included,0,Unassigned,,
doi:10.1109/tencon.2000.888749,10.1109/tencon.2000.888749,1,"[""IEEE""]","[[""IEEE"",""ICBF19C6F7B3A388D""]]","[""include""]",included,0,Unassigned,,
doi:10.1109/tencon.2002.1181242,10.1109/tencon.2002.1181242,1,"[""IEEE""]","[[""IEEE"",""I859C6B03F246DDAC""]]","[""include""]",included,0,Unassigned,,
doi:10.1109/tencon.2012.6412310,10.1109/tencon.2012.6412310,1,"[""IEEE""]","[[""IEEE"",""IFF75258C734A991D""]]","[""include""]",included,0,Unassigned,,
doi:10.1109/tevc.2005.850264,10.1109/tevc.2005.850264,1,"[""IEEE""]","[[""IEEE"",""IB3B2A34F393EEB35""]]","[""include""]",included,0,Unassigned,,
doi:10.1109/tfuzz.2004.825064,10.1109/tfuzz.2004.825064,1,"[""IEEE""]","[[""IEEE"",""I993253AFC96C35CB""]]","[""include""]",included,0,Unassigned,,
doi:10.1109/tfuzz.2016.2598297,10.1109/tfuzz.2016.2598297,1,"[""IEEE""]","[[""IEEE"",""I5DA5C4A4F8E1DC68""]]","[""include""]",included,0,Unassigned,,
doi:10.1109/tia.2025.3618823,10.1109/tia.2025.3618823,1,"[""IEEE""]","[[""IEEE"",""I52B3108B7A25B7A6""]]","[""include""]",included,0,Unassigned,,
doi:10.1109/tie.2010.2102319,10.1109/tie.2010.2102319,1,"[""IEEE""]","[[""IEEE"",""I13D8A0F19D22B821""]]","[""include""]",included,0,Unassigned,,
doi:10.1109/tie.2012.2193857,10.1109/tie.2012.2193857,1,"[""IEEE""]","[[""IEEE"",""IF7008F95F12D541B""]]","[""include""]",included,0,Unassigned,,
doi:10.1109/tifs.2023.3318961,10.1109/tifs.2023.3318961,1,"[""IEEE""]","[[""IEEE"",""I948A28891D74E413""]]","[""include""]",included,0,Unassigned,,
doi:10.1109/tifs.2026.3691201,10.1109/tifs.2026.3691201,1,"[""IEEE""]","[[""IEEE"",""I0775B62ACCE3BF3A""]]","[""include""]",included,0,Unassigned,,
doi:10.1109/tii.2016.2612648,10.1109/tii.2016.2612648,1,"[""IEEE""]","[[""IEEE"",""I783981710DA56064""]]","[""include""]",included,0,Unassigned,,
doi:10.1109/tii.2017.2679808,10.1109/tii.2017.2679808,1,"[""IEEE""]","[[""IEEE"",""IE932143DAE280608""]]","[""include""]",included,0,Unassigned,,
doi:10.1109/tii.2018.2808183,10.1109/tii.2018.2808183,1,"[""IEEE""]","[[""IEEE"",""IE6995AABB50D88ED""]]","[""include""]",included,0,Unassigned,,
doi:10.1109/tii.2018.2855746,10.1109/tii.2018.2855746,1,"[""IEEE""]","[[""IEEE"",""IBE066AD697CB9695""]]","[""include""]",included,0,Unassigned,,
doi:10.1109/tii.2022.3168319,10.1109/tii.2022.3168319,1,"[""IEEE""]","[[""IEEE"",""IB8B4E10A2C371B18""]]","[""include""]",included,0,Unassigned,,
doi:10.1109/tii.2023.3348823,10.1109/tii.2023.3348823,1,"[""IEEE""]","[[""IEEE"",""I06B0BB2025F0F6A6""]]","[""include""]",included,0,Unassigned,,
doi:10.1109/tits.2021.3075202,10.1109/tits.2021.3075202,1,"[""IEEE""]","[[""IEEE"",""I05B1DE4EA4586420""]]","[""include""]",included,0,Unassigned,,
doi:10.1109/tiv.2024.3492015,10.1109/tiv.2024.3492015,1,"[""IEEE""]","[[""IEEE"",""I4E3F3A7A7FF949E8""]]","[""include""]",included,0,Unassigned,,
doi:10.1109/tkde.2003.1209014,10.1109/tkde.2003.1209014,1,"[""IEEE""]","[[""IEEE"",""I89901B53FB64D5BD""]]","[""include""]",included,0,Unassigned,,
doi:10.1109/tkde.2003.1245277,10.1109/tkde.2003.1245277,1,"[""IEEE""]","[[""IEEE"",""IA545422C5A32181F""]]","[""include""]",included,0,Unassigned,,
doi:10.1109/tkde.2021.3077699,10.1109/tkde.2021.3077699,1,"[""IEEE""]","[[""IEEE"",""IF2A293BEF74B38E3""]]","[""include""]",included,0,Unassigned,,
doi:10.1109/tkde.2026.3716724,10.1109/tkde.2026.3716724,1,"[""IEEE""]","[[""IEEE"",""I3061A297E96E72E9""]]","[""include""]",included,0,Unassigned,,
doi:10.1109/tla.2007.4395229,10.1109/tla.2007.4395229,1,"[""IEEE""]","[[""IEEE"",""IB6B51EF51C492D60""]]","[""include""]",included,0,Unassigned,,
doi:10.1109/tla.2019.8891956,10.1109/tla.2019.8891956,1,"[""IEEE""]","[[""IEEE"",""I0A6B76D778902F4A""]]","[""include""]",included,0,Unassigned,,
doi:10.1109/tla.2020.9387641,10.1109/tla.2020.9387641,1,"[""IEEE""]","[[""IEEE"",""IC81B5948078E726A""]]","[""include""]",included,0,Unassigned,,
doi:10.1109/tmc.2009.142,10.1109/tmc.2009.142,1,"[""IEEE""]","[[""IEEE"",""I68027645C9280907""]]","[""include""]",included,0,Unassigned,,
doi:10.1109/tmc.2017.2742949,10.1109/tmc.2017.2742949,1,"[""IEEE""]","[[""IEEE"",""I6064ED41FAA4FCE1""]]","[""include""]",included,0,Unassigned,,
doi:10.1109/tmc.2018.2869863,10.1109/tmc.2018.2869863,1,"[""IEEE""]","[[""IEEE"",""IAD2068B685E6560F""]]","[""include""]",included,0,Unassigned,,
doi:10.1109/tmc.2025.3569695,10.1109/tmc.2025.3569695,1,"[""IEEE""]","[[""IEEE"",""I98F2A7CCDCB1FD49""]]","[""include""]",included,0,Unassigned,,
doi:10.1109/tmc.2025.3594358,10.1109/tmc.2025.3594358,1,"[""IEEE""]","[[""IEEE"",""I68D3C49753593805""]]","[""include""]",included,0,Unassigned,,
doi:10.1109/tmc.2025.3608291,10.1109/tmc.2025.3608291,1,"[""IEEE""]","[[""IEEE"",""ICD5DCB6E5DDB7E89""]]","[""include""]",included,0,Unassigned,,
doi:10.1109/tmc.2025.3620587,10.1109/tmc.2025.3620587,1,"[""IEEE""]","[[""IEEE"",""I4CBC604888C0E1AD""]]","[""include""]",included,0,Unassigned,,
doi:10.1109/tmc.2026.3672522,10.1109/tmc.2026.3672522,1,"[""IEEE""]","[[""IEEE"",""I182427957C936665""]]","[""include""]",included,0,Unassigned,,
doi:10.1109/tmm.2009.2012926,10.1109/tmm.2009.2012926,1,"[""IEEE""]","[[""IEEE"",""I907634F512072376""]]","[""include""]",included,0,Unassigned,,
doi:10.1109/tmm.2026.3651078,10.1109/tmm.2026.3651078,1,"[""IEEE""]","[[""IEEE"",""I0B36915AA757A939""]]","[""include""]",included,0,Unassigned,,
doi:10.1109/tnsm.2022.3160210,10.1109/tnsm.2022.3160210,1,"[""IEEE""]","[[""IEEE"",""IF6B64BF7BFB6C621""]]","[""include""]",included,0,Unassigned,,
doi:10.1109/ton.2025.3649068,10.1109/ton.2025.3649068,1,"[""IEEE""]","[[""IEEE"",""I05259F7B0AB4116B""]]","[""include""]",included,0,Unassigned,,
doi:10.1109/tpec51183.2021.9384958,10.1109/tpec51183.2021.9384958,1,"[""IEEE""]","[[""IEEE"",""IC05F3D0EF863471A""]]","[""include""]",included,0,Unassigned,,
doi:10.1109/tpwrs.2007.907533,10.1109/tpwrs.2007.907533,1,"[""IEEE""]","[[""IEEE"",""IDAA3E349D7F275E7""]]","[""include""]",included,0,Unassigned,,
doi:10.1109/tpwrs.2011.2112382,10.1109/tpwrs.2011.2112382,1,"[""IEEE""]","[[""IEEE"",""IDBF4AE409EEED0A2""]]","[""include""]",included,0,Unassigned,,
doi:10.1109/tpwrs.2011.2161497,10.1109/tpwrs.2011.2161497,1,"[""IEEE""]","[[""IEEE"",""I9D6594D1A6E9B91C""]]","[""include""]",included,0,Unassigned,,
doi:10.1109/tpwrs.2012.2199335,10.1109/tpwrs.2012.2199335,1,"[""IEEE""]","[[""IEEE"",""I7F24DF7B9BEE013C""]]","[""include""]",included,0,Unassigned,,
doi:10.1109/tpwrs.2022.3217922,10.1109/tpwrs.2022.3217922,1,"[""IEEE""]","[[""IEEE"",""IA00AAD3E9DE28CE4""]]","[""include""]",included,0,Unassigned,,
doi:10.1109/tpwrs.2022.3225575,10.1109/tpwrs.2022.3225575,1,"[""IEEE""]","[[""IEEE"",""I270958951711E59E""]]","[""include""]",included,0,Unassigned,,
doi:10.1109/tpwrs.2024.3360606,10.1109/tpwrs.2024.3360606,1,"[""IEEE""]","[[""IEEE"",""IA4220DD78E5A53D5""]]","[""include""]",included,0,Unassigned,,
doi:10.1109/tpwrs.2024.3404472,10.1109/tpwrs.2024.3404472,1,"[""IEEE""]","[[""IEEE"",""ID70E9B45D0338911""]]","[""include""]",included,0,Unassigned,,
doi:10.1109/tqcebt67648.2026.11681849,10.1109/tqcebt67648.2026.11681849,1,"[""IEEE""]","[[""IEEE"",""I10ADF3BC0BF46B46""]]","[""include""]",included,0,Unassigned,,
doi:10.1109/trustcom.2016.0240,10.1109/trustcom.2016.0240,1,"[""IEEE""]","[[""IEEE"",""IB6C9EAEF629F622F""]]","[""include""]",included,0,Unassigned,,
doi:10.1109/tsc.2011.52,10.1109/tsc.2011.52,1,"[""IEEE""]","[[""IEEE"",""I20315CC16893C514""]]","[""include""]",included,0,Unassigned,,
doi:10.1109/tsc.2024.3387734,10.1109/tsc.2024.3387734,1,"[""IEEE""]","[[""IEEE"",""IC3C841B2C9D7CF2E""]]","[""include""]",included,0,Unassigned,,
doi:10.1109/tsc.2025.3596626,10.1109/tsc.2025.3596626,1,"[""IEEE""]","[[""IEEE"",""IBFAC0BAF282333D5""]]","[""include""]",included,0,Unassigned,,
doi:10.1109/tse.2012.53,10.1109/tse.2012.53,1,"[""IEEE""]","[[""IEEE"",""I641E0A57AB76B21C""]]","[""include""]",included,0,Unassigned,,
doi:10.1109/tse.2026.3694876,10.1109/tse.2026.3694876,1,"[""IEEE""]","[[""IEEE"",""I3DD93C8FBBEF0377""]]","[""include""]",included,0,Unassigned,,
doi:10.1109/tsg.2014.2387215,10.1109/tsg.2014.2387215,1,"[""IEEE""]","[[""IEEE"",""I9926F39FF58F9770""]]","[""include""]",included,0,Unassigned,,
doi:10.1109/tsg.2015.2429152,10.1109/tsg.2015.2429152,1,"[""IEEE""]","[[""IEEE"",""I9CFE081EA58AA192""]]","[""include""]",included,0,Unassigned,,
doi:10.1109/tsg.2015.2457905,10.1109/tsg.2015.2457905,1,"[""IEEE""]","[[""IEEE"",""I2CDECA5821772AAA""]]","[""include""]",included,0,Unassigned,,
doi:10.1109/tsg.2017.2779826,10.1109/tsg.2017.2779826,1,"[""IEEE""]","[[""IEEE"",""ID3C9569077F0EDEE""]]","[""include""]",included,0,Unassigned,,
doi:10.1109/tsg.2020.3042190,10.1109/tsg.2020.3042190,1,"[""IEEE""]","[[""IEEE"",""IE89E08BCDFE6D0B7""]]","[""include""]",included,0,Unassigned,,
doi:10.1109/tsg.2022.3190814,10.1109/tsg.2022.3190814,1,"[""IEEE""]","[[""IEEE"",""I751D5CEDFB1601C8""]]","[""include""]",included,0,Unassigned,,
doi:10.1109/tsg.2025.3561515,10.1109/tsg.2025.3561515,1,"[""IEEE""]","[[""IEEE"",""IDCA6C6425A34D12B""]]","[""include""]",included,0,Unassigned,,
doi:10.1109/tsg.2026.3734137,10.1109/tsg.2026.3734137,1,"[""IEEE""]","[[""IEEE"",""I3E85C9D95EF1A170""]]","[""include""]",included,0,Unassigned,,
doi:10.1109/tsmc.2015.2468197,10.1109/tsmc.2015.2468197,1,"[""IEEE""]","[[""IEEE"",""I7E1A1AE56730011B""]]","[""include""]",included,0,Unassigned,,
doi:10.1109/tsmc.2017.2651072,10.1109/tsmc.2017.2651072,1,"[""IEEE""]","[[""IEEE"",""I74DCAF1C15644DD4""]]","[""include""]",included,0,Unassigned,,
doi:10.1109/tsmc.2025.3551667,10.1109/tsmc.2025.3551667,1,"[""IEEE""]","[[""IEEE"",""I0A33E6E26C70999B""]]","[""include""]",included,0,Unassigned,,
doi:10.1109/tsmca.2003.819654,10.1109/tsmca.2003.819654,1,"[""IEEE""]","[[""IEEE"",""I5E3F8154AEDAE16E""]]","[""include""]",included,0,Unassigned,,
doi:10.1109/tsmca.2003.822273,10.1109/tsmca.2003.822273,1,"[""IEEE""]","[[""IEEE"",""I44159FCF3467BC77""]]","[""include""]",included,0,Unassigned,,
doi:10.1109/tsmca.2007.893474,10.1109/tsmca.2007.893474,1,"[""IEEE""]","[[""IEEE"",""IC9D8A0A9983E3A4E""]]","[""include""]",included,0,Unassigned,,
doi:10.1109/tsmcb.2002.805812,10.1109/tsmcb.2002.805812,1,"[""IEEE""]","[[""IEEE"",""I96A0B33DFD6AC6B4""]]","[""include""]",included,0,Unassigned,,
doi:10.1109/tsmcb.2009.2034731,10.1109/tsmcb.2009.2034731,1,"[""IEEE""]","[[""IEEE"",""I0EF079F85AFAD1F0""]]","[""include""]",included,0,Unassigned,,
doi:10.1109/tsmcb.2012.2204742,10.1109/tsmcb.2012.2204742,1,"[""IEEE""]","[[""IEEE"",""I1F25A112C14C20E4""]]","[""include""]",included,0,Unassigned,,
doi:10.1109/tsmcc.2005.860575,10.1109/tsmcc.2005.860575,1,"[""IEEE""]","[[""IEEE"",""I5951B239488AB242""]]","[""include""]",included,0,Unassigned,,
doi:10.1109/tsmcc.2005.860592,10.1109/tsmcc.2005.860592,1,"[""IEEE""]","[[""IEEE"",""I4BF909D4747C8850""]]","[""include""]",included,0,Unassigned,,
doi:10.1109/tsmcc.2007.900653,10.1109/tsmcc.2007.900653,1,"[""IEEE""]","[[""IEEE"",""I8A765019568992CB""]]","[""include""]",included,0,Unassigned,,
doi:10.1109/tste.2020.3029977,10.1109/tste.2020.3029977,1,"[""IEEE""]","[[""IEEE"",""IF9D231845B067C1F""]]","[""include""]",included,0,Unassigned,,
doi:10.1109/tste.2021.3055764,10.1109/tste.2021.3055764,1,"[""IEEE""]","[[""IEEE"",""I9E0E49114C66DBEF""]]","[""include""]",included,0,Unassigned,,
doi:10.1109/tte.2022.3219721,10.1109/tte.2022.3219721,1,"[""IEEE""]","[[""IEEE"",""IE23095E767CD0DA8""]]","[""include""]",included,0,Unassigned,,
doi:10.1109/tvt.2008.2002917,10.1109/tvt.2008.2002917,1,"[""IEEE""]","[[""IEEE"",""I0BAF78D3E408D3FE""]]","[""include""]",included,0,Unassigned,,
doi:10.1109/tvt.2019.2920531,10.1109/tvt.2019.2920531,1,"[""IEEE""]","[[""IEEE"",""ID4336DBF76120722""]]","[""include""]",included,0,Unassigned,,
doi:10.1109/tvt.2020.2979941,10.1109/tvt.2020.2979941,1,"[""IEEE""]","[[""IEEE"",""I69DBCD75D74191C9""]]","[""include""]",included,0,Unassigned,,
doi:10.1109/tvt.2023.3276898,10.1109/tvt.2023.3276898,1,"[""IEEE""]","[[""IEEE"",""IFBC02DB43422B153""]]","[""include""]",included,0,Unassigned,,
doi:10.1109/tvt.2023.3322270,10.1109/tvt.2023.3322270,1,"[""IEEE""]","[[""IEEE"",""I7DF422CF4FBC8B74""]]","[""include""]",included,0,Unassigned,,
doi:10.1109/tvt.2026.3688756,10.1109/tvt.2026.3688756,1,"[""IEEE""]","[[""IEEE"",""I7AF6BA829615C7F8""]]","[""include""]",included,0,Unassigned,,
doi:10.1109/twc.2014.012114.121317,10.1109/twc.2014.012114.121317,1,"[""IEEE""]","[[""IEEE"",""I952A9B058E601A80""]]","[""include""]",included,0,Unassigned,,
doi:10.1109/twc.2022.3160099,10.1109/twc.2022.3160099,1,"[""IEEE""]","[[""IEEE"",""I4C826C6B8286D545""]]","[""include""]",included,0,Unassigned,,
doi:10.1109/ubmk.2017.8093474,10.1109/ubmk.2017.8093474,1,"[""IEEE""]","[[""IEEE"",""ID1E6EA7E0714989D""]]","[""include""]",included,0,Unassigned,,
doi:10.1109/ucc.2011.34,10.1109/ucc.2011.34,1,"[""IEEE""]","[[""IEEE"",""I6BBC9562E6C72F08""]]","[""include""]",included,0,Unassigned,,
doi:10.1109/uic-atc-scalcom-cbdcom-iop-smartworld.2016.0097,10.1109/uic-atc-scalcom-cbdcom-iop-smartworld.2016.0097,1,"[""IEEE""]","[[""IEEE"",""ID2A1FA4D63239BF2""]]","[""include""]",included,0,Unassigned,,
doi:10.1109/uksim.2012.39,10.1109/uksim.2012.39,1,"[""IEEE""]","[[""IEEE"",""I67AB972316E33C72""]]","[""include""]",included,0,Unassigned,,
doi:10.1109/upec.2007.4469115,10.1109/upec.2007.4469115,1,"[""IEEE""]","[[""IEEE"",""I5A3410075CC691A3""]]","[""include""]",included,0,Unassigned,,
doi:10.1109/urke.2011.6007901,10.1109/urke.2011.6007901,1,"[""IEEE""]","[[""IEEE"",""IBA42BDEB550E3ADF""]]","[""include""]",included,0,Unassigned,,
doi:10.1109/urtc68753.2025.11533028,10.1109/urtc68753.2025.11533028,1,"[""IEEE""]","[[""IEEE"",""ID6DC456FE16E475C""]]","[""include""]",included,0,Unassigned,,
doi:10.1109/usbereit51232.2021.9455026,10.1109/usbereit51232.2021.9455026,1,"[""IEEE""]","[[""IEEE"",""I0A894B2F1C9A9AA4""]]","[""include""]",included,0,Unassigned,,
doi:10.1109/vetecs.2007.148,10.1109/vetecs.2007.148,1,"[""IEEE""]","[[""IEEE"",""I3706E0977B3D067C""]]","[""include""]",included,0,Unassigned,,
doi:10.1109/vetecs.2007.592,10.1109/vetecs.2007.592,1,"[""IEEE""]","[[""IEEE"",""I810746AE9EB3CEA6""]]","[""include""]",included,0,Unassigned,,
doi:10.1109/vetecs.2007.613,10.1109/vetecs.2007.613,1,"[""IEEE""]","[[""IEEE"",""I25AD334781B56F86""]]","[""include""]",included,0,Unassigned,,
doi:10.1109/vtc2023-fall60731.2023.10333815,10.1109/vtc2023-fall60731.2023.10333815,1,"[""IEEE""]","[[""IEEE"",""ICC3857F97E78A9DF""]]","[""include""]",included,0,Unassigned,,
doi:10.1109/wac.2002.1049445,10.1109/wac.2002.1049445,1,"[""IEEE""]","[[""IEEE"",""IBC6AC652E7C7AC39""]]","[""include""]",included,0,Unassigned,,
doi:10.1109/waina.2008.112,10.1109/waina.2008.112,1,"[""IEEE""]","[[""IEEE"",""ID6157FCAC5BEE6DB""]]","[""include""]",included,0,Unassigned,,
doi:10.1109/waina.2016.63,10.1109/waina.2016.63,1,"[""IEEE""]","[[""IEEE"",""I328E81CCD330E8E1""]]","[""include""]",included,0,Unassigned,,
doi:10.1109/wccit.2013.6618742,10.1109/wccit.2013.6618742,1,"[""IEEE""]","[[""IEEE"",""IBA88FD7147A67A7E""]]","[""include""]",included,0,Unassigned,,
doi:10.1109/wccs62745.2024.10765525,10.1109/wccs62745.2024.10765525,1,"[""IEEE""]","[[""IEEE"",""IDA6148DD5D3FA24F""]]","[""include""]",included,0,Unassigned,,
doi:10.1109/wcica.2006.1713156,10.1109/wcica.2006.1713156,1,"[""IEEE""]","[[""IEEE"",""IF9885B5710307143""]]","[""include""]",included,0,Unassigned,,
doi:10.1109/wcica.2006.1714448,10.1109/wcica.2006.1714448,1,"[""IEEE""]","[[""IEEE"",""I1DEA2209F5E5A9FA""]]","[""include""]",included,0,Unassigned,,
doi:10.1109/wcica.2008.4593540,10.1109/wcica.2008.4593540,1,"[""IEEE""]","[[""IEEE"",""I0C133AF3B9B17741""]]","[""include""]",included,0,Unassigned,,
doi:10.1109/wcins.2010.5541862,10.1109/wcins.2010.5541862,1,"[""IEEE""]","[[""IEEE"",""I28BDEB03EE9B4875""]]","[""include""]",included,0,Unassigned,,
doi:10.1109/wcnc65185.2026.11555327,10.1109/wcnc65185.2026.11555327,1,"[""IEEE""]","[[""IEEE"",""IFF6CE90755ECE305""]]","[""include""]",included,0,Unassigned,,
doi:10.1109/wcsp62071.2024.10826898,10.1109/wcsp62071.2024.10826898,1,"[""IEEE""]","[[""IEEE"",""IEEC3C7B769402E2C""]]","[""include""]",included,0,Unassigned,,
doi:10.1109/wecwis.1999.788207,10.1109/wecwis.1999.788207,1,"[""IEEE""]","[[""IEEE"",""I9E8720084CCB41F5""]]","[""include""]",included,0,Unassigned,,
doi:10.1109/wgec.2009.154,10.1109/wgec.2009.154,1,"[""IEEE""]","[[""IEEE"",""I343699B0109EA138""]]","[""include""]",included,0,Unassigned,,
doi:10.1109/wi-iat.2009.121,10.1109/wi-iat.2009.121,2,"[""ACM"",""IEEE""]","[[""ACM"",""NA54197F7CE1EE441""],[""IEEE"",""IA54197F7CE1EE441""]]","[""include""]",included,0,Unassigned,,
doi:10.1109/wi-iat.2009.188,10.1109/wi-iat.2009.188,2,"[""ACM"",""IEEE""]","[[""ACM"",""N2E4E96DD2B80ACC0""],[""IEEE"",""I2E4E96DD2B80ACC0""]]","[""include""]",included,0,Unassigned,,
doi:10.1109/wi-iat.2010.105,10.1109/wi-iat.2010.105,2,"[""ACM"",""IEEE""]","[[""ACM"",""N672577BA619DA349""],[""IEEE"",""I672577BA619DA349""]]","[""include""]",included,0,Unassigned,,
doi:10.1109/wi-iat.2012.123,10.1109/wi-iat.2012.123,2,"[""ACM"",""IEEE""]","[[""ACM"",""NA0B3AE67C3FA4F41""],[""IEEE"",""IA0B3AE67C3FA4F41""]]","[""exclude"",""include""]",included,0,Unassigned,,
doi:10.1109/wi-iat.2012.152,10.1109/wi-iat.2012.152,2,"[""ACM"",""IEEE""]","[[""ACM"",""N72E2F4E0F2A5C1B5""],[""IEEE"",""I72E2F4E0F2A5C1B5""]]","[""exclude"",""include""]",included,0,Unassigned,,
doi:10.1109/wi-iat.2012.168,10.1109/wi-iat.2012.168,2,"[""ACM"",""IEEE""]","[[""ACM"",""N270950D300840372""],[""IEEE"",""I270950D300840372""]]","[""include""]",included,0,Unassigned,,
doi:10.1109/wi-iat.2012.55,10.1109/wi-iat.2012.55,2,"[""ACM"",""IEEE""]","[[""ACM"",""N83633FC02309BA51""],[""IEEE"",""I83633FC02309BA51""]]","[""exclude"",""include""]",included,0,Unassigned,,
doi:10.1109/wi-iat.2013.100,10.1109/wi-iat.2013.100,1,"[""ACM""]","[[""ACM"",""N5BBBF6F83FEC4F8D""]]","[""include""]",included,0,Unassigned,,
doi:10.1109/wi-iat.2013.111,10.1109/wi-iat.2013.111,2,"[""ACM"",""IEEE""]","[[""ACM"",""NBB40E4E9AE8231F0""],[""IEEE"",""IBB40E4E9AE8231F0""]]","[""exclude"",""include""]",included,0,Unassigned,,
doi:10.1109/wi-iat.2013.203,10.1109/wi-iat.2013.203,2,"[""ACM"",""IEEE""]","[[""ACM"",""NF97DEC788F2FDF84""],[""IEEE"",""IF97DEC788F2FDF84""]]","[""exclude"",""include""]",included,0,Unassigned,,
doi:10.1109/wi-iat.2014.158,10.1109/wi-iat.2014.158,2,"[""ACM"",""IEEE""]","[[""ACM"",""NAC23DAB95E8D761D""],[""IEEE"",""IAC23DAB95E8D761D""]]","[""exclude"",""include""]",included,0,Unassigned,,
doi:10.1109/wi-iat.2015.43,10.1109/wi-iat.2015.43,1,"[""IEEE""]","[[""IEEE"",""IE544417B27892415""]]","[""include""]",included,0,Unassigned,,
doi:10.1109/wi-iatw.2006.124,10.1109/wi-iatw.2006.124,2,"[""ACM"",""IEEE""]","[[""ACM"",""N3375D602298C1B9E""],[""IEEE"",""I3375D602298C1B9E""]]","[""include""]",included,0,Unassigned,,
doi:10.1109/wi-iatw.2006.15,10.1109/wi-iatw.2006.15,2,"[""ACM"",""IEEE""]","[[""ACM"",""N247D598679BD7F86""],[""IEEE"",""I247D598679BD7F86""]]","[""include""]",included,0,Unassigned,,
doi:10.1109/wi-iatw.2006.74,10.1109/wi-iatw.2006.74,2,"[""ACM"",""IEEE""]","[[""ACM"",""N9C33F78B8EDF3EEC""],[""IEEE"",""I9C33F78B8EDF3EEC""]]","[""exclude"",""include""]",included,0,Unassigned,,
doi:10.1109/wi-iatw.2007.114,10.1109/wi-iatw.2007.114,1,"[""IEEE""]","[[""IEEE"",""I1E35541A5DDE921A""]]","[""include""]",included,0,Unassigned,,
doi:10.1109/wi-iatw.2007.92,10.1109/wi-iatw.2007.92,1,"[""IEEE""]","[[""IEEE"",""I3AD9D3B54AB159E2""]]","[""include""]",included,0,Unassigned,,
doi:10.1109/wi.2003.1241163,10.1109/wi.2003.1241163,1,"[""IEEE""]","[[""IEEE"",""I6B2F46AE588CC3DC""]]","[""include""]",included,0,Unassigned,,
doi:10.1109/wi.2003.1241234,10.1109/wi.2003.1241234,1,"[""IEEE""]","[[""IEEE"",""I719490167E329498""]]","[""include""]",included,0,Unassigned,,
doi:10.1109/wi.2003.1241248,10.1109/wi.2003.1241248,1,"[""IEEE""]","[[""IEEE"",""I14CE3B57C18793CA""]]","[""include""]",included,0,Unassigned,,
doi:10.1109/wi.2003.1241298,10.1109/wi.2003.1241298,1,"[""IEEE""]","[[""IEEE"",""I59CE2219B9E09DA1""]]","[""include""]",included,0,Unassigned,,
doi:10.1109/wi.2006.159,10.1109/wi.2006.159,1,"[""IEEE""]","[[""IEEE"",""IA75E6DCA8755040D""]]","[""include""]",included,0,Unassigned,,
doi:10.1109/wicom.2007.1151,10.1109/wicom.2007.1151,1,"[""IEEE""]","[[""IEEE"",""IBE62C8F40E911997""]]","[""include""]",included,0,Unassigned,,
doi:10.1109/wicom.2007.857,10.1109/wicom.2007.857,1,"[""IEEE""]","[[""IEEE"",""I93DD12727EE43D6D""]]","[""include""]",included,0,Unassigned,,
doi:10.1109/wicom.2007.889,10.1109/wicom.2007.889,1,"[""IEEE""]","[[""IEEE"",""I93DA411A44A6D9A2""]]","[""include""]",included,0,Unassigned,,
doi:10.1109/wicom.2008.2180,10.1109/wicom.2008.2180,1,"[""IEEE""]","[[""IEEE"",""I8209801D985A0D0E""]]","[""include""]",included,0,Unassigned,,
doi:10.1109/wicom.2008.2224,10.1109/wicom.2008.2224,1,"[""IEEE""]","[[""IEEE"",""I8F00B477873D165F""]]","[""include""]",included,0,Unassigned,,
doi:10.1109/wicom.2008.2346,10.1109/wicom.2008.2346,1,"[""IEEE""]","[[""IEEE"",""IE339EA75D5D477C0""]]","[""include""]",included,0,Unassigned,,
doi:10.1109/wicom.2008.2627,10.1109/wicom.2008.2627,1,"[""IEEE""]","[[""IEEE"",""I9480C5E5CE68465E""]]","[""include""]",included,0,Unassigned,,
doi:10.1109/wicom.2009.5305787,10.1109/wicom.2009.5305787,1,"[""IEEE""]","[[""IEEE"",""ICBBCA2AF089B9D09""]]","[""include""]",included,0,Unassigned,,
doi:10.1109/wiiat.2008.166,10.1109/wiiat.2008.166,2,"[""ACM"",""IEEE""]","[[""ACM"",""NE59AF6B8DF4324D7""],[""IEEE"",""IE59AF6B8DF4324D7""]]","[""exclude"",""include""]",included,0,Unassigned,,
doi:10.1109/wiiat.2008.303,10.1109/wiiat.2008.303,2,"[""ACM"",""IEEE""]","[[""ACM"",""NA0C2F886575DA316""],[""IEEE"",""IA0C2F886575DA316""]]","[""include""]",included,0,Unassigned,,
doi:10.1109/wiiat.2008.315,10.1109/wiiat.2008.315,2,"[""ACM"",""IEEE""]","[[""ACM"",""NF17BB2D367FF99A2""],[""IEEE"",""IF17BB2D367FF99A2""]]","[""include""]",included,0,Unassigned,,
doi:10.1109/wism.2009.135,10.1109/wism.2009.135,1,"[""IEEE""]","[[""IEEE"",""I8D97A52558857527""]]","[""include""]",included,0,Unassigned,,
doi:10.1109/words.2005.14,10.1109/words.2005.14,1,"[""IEEE""]","[[""IEEE"",""I69F3EB73085A34A2""]]","[""include""]",included,0,Unassigned,,
doi:10.1109/wowmom.2008.4594897,10.1109/wowmom.2008.4594897,1,"[""IEEE""]","[[""IEEE"",""I1A8B94B0B0C1A93C""]]","[""include""]",included,0,Unassigned,,
doi:10.1109/wsc.2000.899168,10.1109/wsc.2000.899168,1,"[""IEEE""]","[[""IEEE"",""I8252859F3253516B""]]","[""include""]",included,0,Unassigned,,
doi:10.1109/wsc.2001.977335,10.1109/wsc.2001.977335,1,"[""IEEE""]","[[""IEEE"",""IAE66B6FA3EDB361C""]]","[""include""]",included,0,Unassigned,,
doi:10.1109/wsc.2012.6465148,10.1109/wsc.2012.6465148,1,"[""IEEE""]","[[""IEEE"",""I95B16E5C3138D1FB""]]","[""include""]",included,0,Unassigned,,
doi:10.1109/wsc.2013.6721525,10.1109/wsc.2013.6721525,1,"[""IEEE""]","[[""IEEE"",""I8D1C5364904B7D01""]]","[""include""]",included,0,Unassigned,,
doi:10.1109/wsc.2013.6721552,10.1109/wsc.2013.6721552,1,"[""IEEE""]","[[""IEEE"",""I00748207B23AA5E5""]]","[""include""]",included,0,Unassigned,,
doi:10.1109/wsc.2014.7019904,10.1109/wsc.2014.7019904,1,"[""IEEE""]","[[""IEEE"",""I672AFA711D056D90""]]","[""include""]",included,0,Unassigned,,
doi:10.1109/wsc.2016.7822219,10.1109/wsc.2016.7822219,1,"[""IEEE""]","[[""IEEE"",""IB6826C37890DB5B9""]]","[""include""]",included,0,Unassigned,,
doi:10.1109/wsc.2016.7822372,10.1109/wsc.2016.7822372,1,"[""IEEE""]","[[""IEEE"",""I8AA93CCDAF347D06""]]","[""include""]",included,0,Unassigned,,
doi:10.1109/wsc52266.2021.9715312,10.1109/wsc52266.2021.9715312,1,"[""IEEE""]","[[""IEEE"",""I465DE6C7680C0E93""]]","[""include""]",included,0,Unassigned,,
doi:10.1109/wsc60868.2023.10407447,10.1109/wsc60868.2023.10407447,1,"[""IEEE""]","[[""IEEE"",""I767107BAE2796F3A""]]","[""include""]",included,0,Unassigned,,
doi:10.1109/wsc63780.2024.10838958,10.1109/wsc63780.2024.10838958,1,"[""IEEE""]","[[""IEEE"",""IB4437FB244D47E82""]]","[""include""]",included,0,Unassigned,,
doi:10.1145/1023720.1023745,10.1145/1023720.1023745,1,"[""ACM""]","[[""ACM"",""NEFA75DB4C575C11B""]]","[""include""]",included,0,Unassigned,,
doi:10.1145/1031114.1031118,10.1145/1031114.1031118,1,"[""ACM""]","[[""ACM"",""N76BCD65EF5FC37B7""]]","[""include""]",included,0,Unassigned,,
doi:10.1145/1052220.1052229,10.1145/1052220.1052229,1,"[""ACM""]","[[""ACM"",""N1CB858C711371A7E""]]","[""include""]",included,0,Unassigned,,
doi:10.1145/1052220.1052231,10.1145/1052220.1052231,1,"[""ACM""]","[[""ACM"",""N51356677EF110ED0""]]","[""include""]",included,0,Unassigned,,
doi:10.1145/1052220.1052234,10.1145/1052220.1052234,1,"[""ACM""]","[[""ACM"",""N575E055C41B4D5E9""]]","[""include""]",included,0,Unassigned,,
doi:10.1145/1082473.1082573,10.1145/1082473.1082573,1,"[""ACM""]","[[""ACM"",""N21715EDEB0E2B657""]]","[""include""]",included,0,Unassigned,,
doi:10.1145/1082473.1082717,10.1145/1082473.1082717,1,"[""ACM""]","[[""ACM"",""N8A539FE88D5B0DEC""]]","[""include""]",included,0,Unassigned,,
doi:10.1145/1089551.1089605,10.1145/1089551.1089605,1,"[""ACM""]","[[""ACM"",""NDE45195E705629F1""]]","[""include""]",included,0,Unassigned,,
doi:10.1145/1089551.1089607,10.1145/1089551.1089607,1,"[""ACM""]","[[""ACM"",""NB5EC4B786E47B663""]]","[""include""]",included,0,Unassigned,,
doi:10.1145/1102613.1102644,10.1145/1102613.1102644,1,"[""ACM""]","[[""ACM"",""N297FA241FBD5612E""]]","[""include""]",included,0,Unassigned,,
doi:10.1145/1141277.1141299,10.1145/1141277.1141299,1,"[""ACM""]","[[""ACM"",""NEE01161EDB26D332""]]","[""include""]",included,0,Unassigned,,
doi:10.1145/1150735.1150740,10.1145/1150735.1150740,1,"[""ACM""]","[[""ACM"",""N42EA2B16F3DEA0B4""]]","[""include""]",included,0,Unassigned,,
doi:10.1145/1160633.1160759,10.1145/1160633.1160759,1,"[""ACM""]","[[""ACM"",""N915FAF9766A8062C""]]","[""include""]",included,0,Unassigned,,
doi:10.1145/1160633.1160788,10.1145/1160633.1160788,1,"[""ACM""]","[[""ACM"",""N6D07E9BCE8F6C5CE""]]","[""include""]",included,0,Unassigned,,
doi:10.1145/1160633.1160847,10.1145/1160633.1160847,1,"[""ACM""]","[[""ACM"",""N3CDBAD197A976EC2""]]","[""include""]",included,0,Unassigned,,
doi:10.1145/1160633.1160884,10.1145/1160633.1160884,1,"[""ACM""]","[[""ACM"",""NA36CCC9C9D4F8332""]]","[""include""]",included,0,Unassigned,,
doi:10.1145/1160633.1160895,10.1145/1160633.1160895,1,"[""ACM""]","[[""ACM"",""NADCB7E5C250F4E40""]]","[""include""]",included,0,Unassigned,,
doi:10.1145/1183463.1183469,10.1145/1183463.1183469,1,"[""ACM""]","[[""ACM"",""ND4E7A8B472E1F5F9""]]","[""include""]",included,0,Unassigned,,
doi:10.1145/1282100.1282108,10.1145/1282100.1282108,1,"[""ACM""]","[[""ACM"",""N0C97541D86FD4D55""]]","[""include""]",included,0,Unassigned,,
doi:10.1145/1282100.1282109,10.1145/1282100.1282109,1,"[""ACM""]","[[""ACM"",""N096321D065DA0991""]]","[""include""]",included,0,Unassigned,,
doi:10.1145/1282100.1282126,10.1145/1282100.1282126,1,"[""ACM""]","[[""ACM"",""E106""]]","[""include""]",included,0,Unassigned,,
doi:10.1145/1329125.1329186,10.1145/1329125.1329186,1,"[""ACM""]","[[""ACM"",""N01A5D8AD565A5C87""]]","[""include""]",included,0,Unassigned,,
doi:10.1145/1329125.1329251,10.1145/1329125.1329251,1,"[""ACM""]","[[""ACM"",""N5AFCE3E745DAAA96""]]","[""include""]",included,0,Unassigned,,
doi:10.1145/1363686.1363695,10.1145/1363686.1363695,1,"[""ACM""]","[[""ACM"",""N68F59989FB360185""]]","[""include""]",included,0,Unassigned,,
doi:10.1145/1374618.1374657,10.1145/1374618.1374657,1,"[""ACM""]","[[""ACM"",""NCC72E856C63419B5""]]","[""include""]",included,0,Unassigned,,
doi:10.1145/1409540.1409559,10.1145/1409540.1409559,1,"[""ACM""]","[[""ACM"",""N38AA6FB800557E0C""]]","[""include""]",included,0,Unassigned,,
doi:10.1145/1409540.1409597,10.1145/1409540.1409597,1,"[""ACM""]","[[""ACM"",""N0773E69B27B43AF4""]]","[""include""]",included,0,Unassigned,,
doi:10.1145/1526709.1526744,10.1145/1526709.1526744,1,"[""ACM""]","[[""ACM"",""N86A1FB4418370660""]]","[""include""]",included,0,Unassigned,,
doi:10.1145/1570256.1570270,10.1145/1570256.1570270,1,"[""ACM""]","[[""ACM"",""NECE1B04D5121AC06""]]","[""include""]",included,0,Unassigned,,
doi:10.1145/1570256.1570372,10.1145/1570256.1570372,1,"[""ACM""]","[[""ACM"",""N45C26B56EA016F31""]]","[""include""]",included,0,Unassigned,,
doi:10.1145/1609170.1609174,10.1145/1609170.1609174,1,"[""ACM""]","[[""ACM"",""N9E029F60FC297ABC""]]","[""include""]",included,0,Unassigned,,
doi:10.1145/1806338.1806407,10.1145/1806338.1806407,1,"[""ACM""]","[[""ACM"",""NAFA14AD28B17FF30""]]","[""include""]",included,0,Unassigned,,
doi:10.1145/1807342.1807389,10.1145/1807342.1807389,1,"[""ACM""]","[[""ACM"",""N06695E76FC0DD83C""]]","[""include""]",included,0,Unassigned,,
doi:10.1145/2001858.2002048,10.1145/2001858.2002048,1,"[""ACM""]","[[""ACM"",""N3D94C11589A6144A""]]","[""include""]",included,0,Unassigned,,
doi:10.1145/2107581.2107582,10.1145/2107581.2107582,1,"[""ACM""]","[[""ACM"",""N2E278CAE0FB93B3A""]]","[""include""]",included,0,Unassigned,,
doi:10.1145/2187836.2187887,10.1145/2187836.2187887,1,"[""ACM""]","[[""ACM"",""N60DE4F013D78785A""]]","[""include""]",included,0,Unassigned,,
doi:10.1145/2187980.2188229,10.1145/2187980.2188229,1,"[""ACM""]","[[""ACM"",""NE2FB951CA57D6FF5""]]","[""include""]",included,0,Unassigned,,
doi:10.1145/2254129.2254181,10.1145/2254129.2254181,1,"[""ACM""]","[[""ACM"",""NED6DB7A7E8DA329C""]]","[""include""]",included,0,Unassigned,,
doi:10.1145/2346536.2346538,10.1145/2346536.2346538,1,"[""ACM""]","[[""ACM"",""NC81EC7FCFCAFA9B7""]]","[""include""]",included,0,Unassigned,,
doi:10.1145/2438653.2438659,10.1145/2438653.2438659,1,"[""ACM""]","[[""ACM"",""ND7875A898A755DAE""]]","[""include""]",included,0,Unassigned,,
doi:10.1145/2482540.2482599,10.1145/2482540.2482599,1,"[""ACM""]","[[""ACM"",""N80FCFDF2EF4857BC""]]","[""include""]",included,0,Unassigned,,
doi:10.1145/2492002.2482599,10.1145/2492002.2482599,1,"[""ACM""]","[[""ACM"",""N06D2F1584A5E3AC1""]]","[""include""]",included,0,Unassigned,,
doi:10.1145/2509413.2509417,10.1145/2509413.2509417,1,"[""ACM""]","[[""ACM"",""N4E924CA3BFF27333""]]","[""include""]",included,0,Unassigned,,
doi:10.1145/2971603.2971620,10.1145/2971603.2971620,1,"[""ACM""]","[[""ACM"",""N49FD7F9318123E38""]]","[""include""]",included,0,Unassigned,,
doi:10.1145/2978655,10.1145/2978655,1,"[""ACM""]","[[""ACM"",""NDD59EBDFE197522B""]]","[""include""]",included,0,Unassigned,,
doi:10.1145/306101.306109,10.1145/306101.306109,1,"[""ACM""]","[[""ACM"",""NCF76138ED91E542D""]]","[""include""]",included,0,Unassigned,,
doi:10.1145/3184558.3191630,10.1145/3184558.3191630,1,"[""ACM""]","[[""ACM"",""NE938E592D78B3833""]]","[""include""]",included,0,Unassigned,,
doi:10.1145/3219819.3219918,10.1145/3219819.3219918,1,"[""ACM""]","[[""ACM"",""N168B027FD8FBBB36""]]","[""include""]",included,0,Unassigned,,
doi:10.1145/3307772.3328281,10.1145/3307772.3328281,1,"[""ACM""]","[[""ACM"",""NCEDD4899DC7A2280""]]","[""include""]",included,0,Unassigned,,
doi:10.1145/3317604,10.1145/3317604,1,"[""ACM""]","[[""ACM"",""E046""]]","[""include""]",included,0,Unassigned,,
doi:10.1145/3330430.3333666,10.1145/3330430.3333666,1,"[""ACM""]","[[""ACM"",""NA2079C5586887AAA""]]","[""include""]",included,0,Unassigned,,
doi:10.1145/333334.333373,10.1145/333334.333373,1,"[""ACM""]","[[""ACM"",""N3133AF764DC3C934""]]","[""include""]",included,0,Unassigned,,
doi:10.1145/3345838.3356005,10.1145/3345838.3356005,1,"[""ACM""]","[[""ACM"",""N9FD816E904C84CA2""]]","[""include""]",included,0,Unassigned,,
doi:10.1145/3383455.3422523,10.1145/3383455.3422523,1,"[""ACM""]","[[""ACM"",""N76DF5AFAA75238FF""]]","[""include""]",included,0,Unassigned,,
doi:10.1145/3383652.3423865,10.1145/3383652.3423865,1,"[""ACM""]","[[""ACM"",""ND5C482AE32D13F5F""]]","[""include""]",included,0,Unassigned,,
doi:10.1145/3408308.3427976,10.1145/3408308.3427976,1,"[""ACM""]","[[""ACM"",""N47D03B9CFC7D34AE""]]","[""include""]",included,0,Unassigned,,
doi:10.1145/3411764.3445129,10.1145/3411764.3445129,1,"[""ACM""]","[[""ACM"",""NA2D393A0A5FF8175""]]","[""include""]",included,0,Unassigned,,
doi:10.1145/3447548.3467204,10.1145/3447548.3467204,1,"[""ACM""]","[[""ACM"",""NBE660E516F0C1C1C""]]","[""include""]",included,0,Unassigned,,
doi:10.1145/3447555.3466574,10.1145/3447555.3466574,1,"[""ACM""]","[[""ACM"",""N9C3B539B1B96C000""]]","[""include""]",included,0,Unassigned,,
doi:10.1145/3465456.3467607,10.1145/3465456.3467607,1,"[""ACM""]","[[""ACM"",""ND88CDE570AE22D75""]]","[""include""]",included,0,Unassigned,,
doi:10.1145/3485447.3512055,10.1145/3485447.3512055,1,"[""ACM""]","[[""ACM"",""N5E2543B81E450F7D""]]","[""include""]",included,0,Unassigned,,
doi:10.1145/3486622.3493919,10.1145/3486622.3493919,1,"[""ACM""]","[[""ACM"",""E059""]]","[""include""]",included,0,Unassigned,,
doi:10.1145/3486622.3493937,10.1145/3486622.3493937,1,"[""ACM""]","[[""ACM"",""NE019C3A71D89ACF2""]]","[""include""]",included,0,Unassigned,,
doi:10.1145/3487351.3489476,10.1145/3487351.3489476,1,"[""ACM""]","[[""ACM"",""N0F6EA8416466071E""]]","[""include""]",included,0,Unassigned,,
doi:10.1145/3490354.3494386,10.1145/3490354.3494386,1,"[""ACM""]","[[""ACM"",""NBDF72CAC4AE9533A""]]","[""include""]",included,0,Unassigned,,
doi:10.1145/3490354.3494389,10.1145/3490354.3494389,1,"[""ACM""]","[[""ACM"",""NDCFD9323DBF483EF""]]","[""include""]",included,0,Unassigned,,
doi:10.1145/3490354.3494410,10.1145/3490354.3494410,1,"[""ACM""]","[[""ACM"",""N1792052061831D44""]]","[""include""]",included,0,Unassigned,,
doi:10.1145/3490486.3538333,10.1145/3490486.3538333,1,"[""ACM""]","[[""ACM"",""N5CE6D07A5535EF50""]]","[""include""]",included,0,Unassigned,,
doi:10.1145/3490486.3538373,10.1145/3490486.3538373,1,"[""ACM""]","[[""ACM"",""NC2BB545573E9EE75""]]","[""include""]",included,0,Unassigned,,
doi:10.1145/3492323.3495619,10.1145/3492323.3495619,1,"[""ACM""]","[[""ACM"",""N47D4D9C2E9496D9D""]]","[""include""]",included,0,Unassigned,,
doi:10.1145/3518997.3534959,10.1145/3518997.3534959,1,"[""ACM""]","[[""ACM"",""N70531030A9CDA37D""]]","[""include""]",included,0,Unassigned,,
doi:10.1145/3534678.3539416,10.1145/3534678.3539416,1,"[""ACM""]","[[""ACM"",""NAF10A7F3CB456810""]]","[""include""]",included,0,Unassigned,,
doi:10.1145/3543507.3583334,10.1145/3543507.3583334,1,"[""ACM""]","[[""ACM"",""E126""]]","[""include""]",included,0,Unassigned,,
doi:10.1145/3543507.3583523,10.1145/3543507.3583523,1,"[""ACM""]","[[""ACM"",""ND0F3B0A44B9259CA""]]","[""include""]",included,0,Unassigned,,
doi:10.1145/3580305.3599254,10.1145/3580305.3599254,1,"[""ACM""]","[[""ACM"",""N26D40840550D06AF""]]","[""include""]",included,0,Unassigned,,
doi:10.1145/3580507.3597725,10.1145/3580507.3597725,1,"[""ACM""]","[[""ACM"",""N7C6E7E19F6C13A7A""]]","[""include""]",included,0,Unassigned,,
doi:10.1145/3589334.3645511,10.1145/3589334.3645511,1,"[""ACM""]","[[""ACM"",""NC55E972092E4BC21""]]","[""include""]",included,0,Unassigned,,
doi:10.1145/3589334.3645534,10.1145/3589334.3645534,1,"[""ACM""]","[[""ACM"",""N08EA3493561DDB39""]]","[""include""]",included,0,Unassigned,,
doi:10.1145/3637528.3671555,10.1145/3637528.3671555,1,"[""ACM""]","[[""ACM"",""NA35726F9C0C5BDA9""]]","[""include""]",included,0,Unassigned,,
doi:10.1145/3670865.3673551,10.1145/3670865.3673551,1,"[""ACM""]","[[""ACM"",""N3A72A107FA42B70C""]]","[""include""]",included,0,Unassigned,,
doi:10.1145/3670865.3673644,10.1145/3670865.3673644,1,"[""ACM""]","[[""ACM"",""N1483D6D9B5CFD001""]]","[""include""]",included,0,Unassigned,,
doi:10.1145/3691326,10.1145/3691326,1,"[""ACM""]","[[""ACM"",""E115""]]","[""include""]",included,0,Unassigned,,
doi:10.1145/3701716.3715176,10.1145/3701716.3715176,1,"[""ACM""]","[[""ACM"",""NBF37824DD6554B72""]]","[""include""]",included,0,Unassigned,,
doi:10.1145/3704413.3765314,10.1145/3704413.3765314,1,"[""ACM""]","[[""ACM"",""E091""]]","[""include""]",included,0,Unassigned,,
doi:10.1145/3706598.3713218,10.1145/3706598.3713218,1,"[""ACM""]","[[""ACM"",""E004""]]","[""include""]",included,0,Unassigned,,
doi:10.1145/3706599.3720022,10.1145/3706599.3720022,1,"[""ACM""]","[[""ACM"",""NE7FE825CA4AFA21F""]]","[""include""]",included,0,Unassigned,,
doi:10.1145/3708035.3736045,10.1145/3708035.3736045,1,"[""ACM""]","[[""ACM"",""NDE7B84D81C44A1B2""]]","[""include""]",included,0,Unassigned,,
doi:10.1145/3711896.3736850,10.1145/3711896.3736850,1,"[""ACM""]","[[""ACM"",""NBABF21B28FC6BDE5""]]","[""include""]",included,0,Unassigned,,
doi:10.1145/3731867.3731876,10.1145/3731867.3731876,1,"[""ACM""]","[[""ACM"",""N0D41CC2761677071""]]","[""include""]",included,0,Unassigned,,
doi:10.1145/3733802.3764057,10.1145/3733802.3764057,1,"[""ACM""]","[[""ACM"",""E089""]]","[""include""]",included,0,Unassigned,,
doi:10.1145/3737897.3767287,10.1145/3737897.3767287,1,"[""ACM""]","[[""ACM"",""E158""]]","[""include""]",included,0,Unassigned,,
doi:10.1145/3750555.3811883,10.1145/3750555.3811883,1,"[""ACM""]","[[""ACM"",""E127""]]","[""include""]",included,0,Unassigned,,
doi:10.1145/375735.375867,10.1145/375735.375867,1,"[""ACM""]","[[""ACM"",""N8AFBA42637954FA7""]]","[""include""]",included,0,Unassigned,,
doi:10.1145/375735.375869,10.1145/375735.375869,1,"[""ACM""]","[[""ACM"",""NAEFB852F8E224712""]]","[""include""]",included,0,Unassigned,,
doi:10.1145/375735.376441,10.1145/375735.376441,1,"[""ACM""]","[[""ACM"",""N96A3DF1A9A183D33""]]","[""include""]",included,0,Unassigned,,
doi:10.1145/375735.376445,10.1145/375735.376445,1,"[""ACM""]","[[""ACM"",""NA0A9B007ACD89521""]]","[""include""]",included,0,Unassigned,,
doi:10.1145/3766882.3767177,10.1145/3766882.3767177,1,"[""ACM""]","[[""ACM"",""E083""]]","[""include""]",included,0,Unassigned,,
doi:10.1145/3769002.3769957,10.1145/3769002.3769957,1,"[""ACM""]","[[""ACM"",""NB6B16B1E26A04912""]]","[""include""]",included,0,Unassigned,,
doi:10.1145/3770855.3817478,10.1145/3770855.3817478,1,"[""ACM""]","[[""ACM"",""E161""]]","[""include""]",included,0,Unassigned,,
doi:10.1145/3770855.3817862,10.1145/3770855.3817862,1,"[""ACM""]","[[""ACM"",""E074""]]","[""include""]",included,0,Unassigned,,
doi:10.1145/3770855.3818329,10.1145/3770855.3818329,1,"[""ACM""]","[[""ACM"",""E112""]]","[""include""]",included,0,Unassigned,,
doi:10.1145/3770855.3818435,10.1145/3770855.3818435,1,"[""ACM""]","[[""ACM"",""N0AAE772616AEEA75""]]","[""include""]",included,0,Unassigned,,
doi:10.1145/3772363.3798864,10.1145/3772363.3798864,1,"[""ACM""]","[[""ACM"",""E088""]]","[""include""]",included,0,Unassigned,,
doi:10.1145/3772900.3772908,10.1145/3772900.3772908,1,"[""ACM""]","[[""ACM"",""NEBD89640E44FD46D""]]","[""include""]",included,0,Unassigned,,
doi:10.1145/3774900.3776637,10.1145/3774900.3776637,1,"[""ACM""]","[[""ACM"",""E094""]]","[""include""]",included,0,Unassigned,,
doi:10.1145/3774904.3792400,10.1145/3774904.3792400,1,"[""ACM""]","[[""ACM"",""NE0BA88972B5A65BC""]]","[""include""]",included,0,Unassigned,,
doi:10.1145/3774904.3792805,10.1145/3774904.3792805,1,"[""ACM""]","[[""ACM"",""N9C183DF26EA03562""]]","[""include""]",included,0,Unassigned,,
doi:10.1145/3774904.3792893,10.1145/3774904.3792893,1,"[""ACM""]","[[""ACM"",""E058""]]","[""include""]",included,0,Unassigned,,
doi:10.1145/3774904.3792943,10.1145/3774904.3792943,1,"[""ACM""]","[[""ACM"",""N3822A38969A98F53""]]","[""include""]",included,0,Unassigned,,
doi:10.1145/3774935.3812704,10.1145/3774935.3812704,1,"[""ACM""]","[[""ACM"",""N3A11B59F3FEA3715""]]","[""include""]",included,0,Unassigned,,
doi:10.1145/3776734.3794452,10.1145/3776734.3794452,1,"[""ACM""]","[[""ACM"",""N4F44DA5B6A215D3E""]]","[""include""]",included,0,Unassigned,,
doi:10.1145/3779208.3786259,10.1145/3779208.3786259,1,"[""ACM""]","[[""ACM"",""E145""]]","[""include""]",included,0,Unassigned,,
doi:10.1145/3785462.3815873,10.1145/3785462.3815873,1,"[""ACM""]","[[""ACM"",""E082""]]","[""include""]",included,0,Unassigned,,
doi:10.1145/3786160.3788471,10.1145/3786160.3788471,1,"[""ACM""]","[[""ACM"",""E151""]]","[""include""]",included,0,Unassigned,,
doi:10.1145/3786161.3788462,10.1145/3786161.3788462,1,"[""ACM""]","[[""ACM"",""E155""]]","[""include""]",included,0,Unassigned,,
doi:10.1145/3786582.3786839,10.1145/3786582.3786839,1,"[""ACM""]","[[""ACM"",""N76BC080CD5F78C63""]]","[""include""]",included,0,Unassigned,,
doi:10.1145/3786616,10.1145/3786616,1,"[""ACM""]","[[""ACM"",""NA83A71E247EBF3DB""]]","[""include""]",included,0,Unassigned,,
doi:10.1145/3789240.3830292,10.1145/3789240.3830292,1,"[""ACM""]","[[""ACM"",""E107""]]","[""include""]",included,0,Unassigned,,
doi:10.1145/3793449.3793498,10.1145/3793449.3793498,1,"[""ACM""]","[[""ACM"",""N30BAFD35D51D420E""]]","[""include""]",included,0,Unassigned,,
doi:10.1145/3793653.3793773,10.1145/3793653.3793773,1,"[""ACM""]","[[""ACM"",""E086""]]","[""include""]",included,0,Unassigned,,
doi:10.1145/3796519,10.1145/3796519,1,"[""ACM""]","[[""ACM"",""E149""]]","[""include""]",included,0,Unassigned,,
doi:10.1145/3800935.3830851,10.1145/3800935.3830851,1,"[""ACM""]","[[""ACM"",""E078""]]","[""include""]",included,0,Unassigned,,
doi:10.1145/3803431,10.1145/3803431,1,"[""ACM""]","[[""ACM"",""E096""]]","[""include""]",included,0,Unassigned,,
doi:10.1145/3803437.3805534,10.1145/3803437.3805534,1,"[""ACM""]","[[""ACM"",""NC7284FDEEE7E2A9C""]]","[""include""]",included,0,Unassigned,,
doi:10.1145/3805712.3808592,10.1145/3805712.3808592,1,"[""ACM""]","[[""ACM"",""E035""]]","[""include""]",included,0,Unassigned,,
doi:10.1145/3805712.3809582,10.1145/3805712.3809582,1,"[""ACM""]","[[""ACM"",""E090""]]","[""include""]",included,0,Unassigned,,
doi:10.1145/3806007.3810961,10.1145/3806007.3810961,1,"[""ACM""]","[[""ACM"",""NC9F7D430A5E28078""]]","[""include""]",included,0,Unassigned,,
doi:10.1145/3808103,10.1145/3808103,1,"[""ACM""]","[[""ACM"",""E080""]]","[""include""]",included,0,Unassigned,,
doi:10.1145/3814959,10.1145/3814959,1,"[""ACM""]","[[""ACM"",""E153""]]","[""include""]",included,0,Unassigned,,
doi:10.1145/3816713.3819066,10.1145/3816713.3819066,1,"[""ACM""]","[[""ACM"",""N9FA98F802711E151""]]","[""include""]",included,0,Unassigned,,
doi:10.1145/3820441.3821234,10.1145/3820441.3821234,1,"[""ACM""]","[[""ACM"",""NB8B3A4893EAD26CA""]]","[""include""]",included,0,Unassigned,,
doi:10.1145/3820441.3821235,10.1145/3820441.3821235,1,"[""ACM""]","[[""ACM"",""E072""]]","[""include""]",included,0,Unassigned,,
doi:10.1145/3821216,10.1145/3821216,1,"[""ACM""]","[[""ACM"",""E054""]]","[""include""]",included,0,Unassigned,,
doi:10.1145/3821576,10.1145/3821576,1,"[""ACM""]","[[""ACM"",""E095""]]","[""include""]",included,0,Unassigned,,
doi:10.1145/3830467,10.1145/3830467,1,"[""ACM""]","[[""ACM"",""E150""]]","[""include""]",included,0,Unassigned,,
doi:10.1145/3833393,10.1145/3833393,1,"[""ACM""]","[[""ACM"",""N5C679B82233FB47A""]]","[""include""]",included,0,Unassigned,,
doi:10.1145/3833541.3833681,10.1145/3833541.3833681,1,"[""ACM""]","[[""ACM"",""NE1754B2CEA029AB7""]]","[""include""]",included,0,Unassigned,,
doi:10.1145/3847119,10.1145/3847119,1,"[""ACM""]","[[""ACM"",""E154""]]","[""include""]",included,0,Unassigned,,
doi:10.1145/501158.501162,10.1145/501158.501162,1,"[""ACM""]","[[""ACM"",""N8018C165FDCB65EE""]]","[""include""]",included,0,Unassigned,,
doi:10.1145/501158.501171,10.1145/501158.501171,1,"[""ACM""]","[[""ACM"",""N1D40076318E16349""]]","[""include""]",included,0,Unassigned,,
doi:10.1145/501158.501182,10.1145/501158.501182,1,"[""ACM""]","[[""ACM"",""N07221F7606C2EBBD""]]","[""include""]",included,0,Unassigned,,
doi:10.1145/501158.501183,10.1145/501158.501183,1,"[""ACM""]","[[""ACM"",""N173EF6562AFBCDFA""]]","[""include""]",included,0,Unassigned,,
doi:10.1145/501158.501191,10.1145/501158.501191,1,"[""ACM""]","[[""ACM"",""NB42E1DCBAA92A062""]]","[""include""]",included,0,Unassigned,,
doi:10.1145/501158.501193,10.1145/501158.501193,1,"[""ACM""]","[[""ACM"",""N05841BF0A9E3B020""]]","[""include""]",included,0,Unassigned,,
doi:10.1145/506106.506113,10.1145/506106.506113,1,"[""ACM""]","[[""ACM"",""N4288D8E1D3275AA3""]]","[""include""]",included,0,Unassigned,,
doi:10.1145/511446.511460,10.1145/511446.511460,1,"[""ACM""]","[[""ACM"",""NA65964631596EEB1""]]","[""include""]",included,0,Unassigned,,
doi:10.1145/511446.511461,10.1145/511446.511461,1,"[""ACM""]","[[""ACM"",""ND90856B9B371348F""]]","[""include""]",included,0,Unassigned,,
doi:10.1145/544741.544770,10.1145/544741.544770,1,"[""ACM""]","[[""ACM"",""ND3B25D486989C752""]]","[""include""]",included,0,Unassigned,,
doi:10.1145/544741.544776,10.1145/544741.544776,1,"[""ACM""]","[[""ACM"",""N6118B50B38BA3DAB""]]","[""include""]",included,0,Unassigned,,
doi:10.1145/544741.544836,10.1145/544741.544836,1,"[""ACM""]","[[""ACM"",""N9C172B9D6CFECAB2""]]","[""include""]",included,0,Unassigned,,
doi:10.1145/544862.544885,10.1145/544862.544885,1,"[""ACM""]","[[""ACM"",""N0060678F42217168""]]","[""include""]",included,0,Unassigned,,
doi:10.1145/544862.544888,10.1145/544862.544888,1,"[""ACM""]","[[""ACM"",""N2C5F126E9511349C""]]","[""include""]",included,0,Unassigned,,
doi:10.1145/545056.545117,10.1145/545056.545117,1,"[""ACM""]","[[""ACM"",""N7EC0DA394A72060F""]]","[""include""]",included,0,Unassigned,,
doi:10.1145/545056.545119,10.1145/545056.545119,1,"[""ACM""]","[[""ACM"",""N3417EB4C69EC5764""]]","[""include""]",included,0,Unassigned,,
doi:10.1145/775152.775200,10.1145/775152.775200,1,"[""ACM""]","[[""ACM"",""N398D053C64E7BAD7""]]","[""include""]",included,0,Unassigned,,
doi:10.1145/779928.779936,10.1145/779928.779936,1,"[""ACM""]","[[""ACM"",""N2973E60288C5A165""]]","[""include""]",included,0,Unassigned,,
doi:10.1145/844316.844319,10.1145/844316.844319,1,"[""ACM""]","[[""ACM"",""N8D46A0220E05BCE8""]]","[""include""]",included,0,Unassigned,,
doi:10.1145/844324.844327,10.1145/844324.844327,1,"[""ACM""]","[[""ACM"",""NF03CBBF147239490""]]","[""include""]",included,0,Unassigned,,
doi:10.1145/844324.844328,10.1145/844324.844328,1,"[""ACM""]","[[""ACM"",""N0BB954B3ECEA29FA""]]","[""include""]",included,0,Unassigned,,
doi:10.1145/857166.857167,10.1145/857166.857167,1,"[""ACM""]","[[""ACM"",""NBC8FBEC7FF7CFD4A""]]","[""include""]",included,0,Unassigned,,
doi:10.1145/857166.857168,10.1145/857166.857168,1,"[""ACM""]","[[""ACM"",""N26FDF0F47B724DD6""]]","[""include""]",included,0,Unassigned,,
doi:10.1145/860575.860632,10.1145/860575.860632,1,"[""ACM""]","[[""ACM"",""N52AD35400AE48E42""]]","[""include""]",included,0,Unassigned,,
doi:10.1145/860575.860649,10.1145/860575.860649,1,"[""ACM""]","[[""ACM"",""N16747653C97F4086""]]","[""include""]",included,0,Unassigned,,
doi:10.1145/860575.860651,10.1145/860575.860651,1,"[""ACM""]","[[""ACM"",""N34B01D22EC0B8546""]]","[""include""]",included,0,Unassigned,,
doi:10.1145/860575.860659,10.1145/860575.860659,1,"[""ACM""]","[[""ACM"",""N0108FDBF2D2B57E7""]]","[""include""]",included,0,Unassigned,,
doi:10.1145/860575.860675,10.1145/860575.860675,1,"[""ACM""]","[[""ACM"",""NB4708433785A2412""]]","[""include""]",included,0,Unassigned,,
doi:10.1145/938985.939011,10.1145/938985.939011,1,"[""ACM""]","[[""ACM"",""N6BC26D52417E8FC9""]]","[""include""]",included,0,Unassigned,,
doi:10.1145/948005.948007,10.1145/948005.948007,1,"[""ACM""]","[[""ACM"",""N295CD2525FCE603C""]]","[""include""]",included,0,Unassigned,,
doi:10.1145/948005.948018,10.1145/948005.948018,1,"[""ACM""]","[[""ACM"",""N6062740B278A92D8""]]","[""include""]",included,0,Unassigned,,
doi:10.1145/948005.948021,10.1145/948005.948021,1,"[""ACM""]","[[""ACM"",""ND0395C9800F6EC4F""]]","[""include""]",included,0,Unassigned,,
doi:10.1145/948005.948026,10.1145/948005.948026,1,"[""ACM""]","[[""ACM"",""N0520A22F9EA47902""]]","[""include""]",included,0,Unassigned,,
doi:10.1145/948005.948067,10.1145/948005.948067,1,"[""ACM""]","[[""ACM"",""N21F7F9413791681E""]]","[""include""]",included,0,Unassigned,,
doi:10.1145/948005.948068,10.1145/948005.948068,1,"[""ACM""]","[[""ACM"",""N12DAC92FF1C03632""]]","[""include""]",included,0,Unassigned,,
doi:10.1145/952532.952650,10.1145/952532.952650,1,"[""ACM""]","[[""ACM"",""N4C57A8EA961E4515""]]","[""include""]",included,0,Unassigned,,
doi:10.1145/967900.968058,10.1145/967900.968058,1,"[""ACM""]","[[""ACM"",""NB3EE19F893C0D41D""]]","[""include""]",included,0,Unassigned,,
doi:10.1145/967900.968060,10.1145/967900.968060,1,"[""ACM""]","[[""ACM"",""N0492936D994AED92""]]","[""include""]",included,0,Unassigned,,
doi:10.14778/3827998.3828066,10.14778/3827998.3828066,1,"[""ACM""]","[[""ACM"",""E055""]]","[""include""]",included,0,Unassigned,,
doi:10.1609/aaai.v24i1.7614,10.1609/aaai.v24i1.7614,1,"[""AAAI""]","[[""AAAI"",""AA-31a54298b497c3fc03fd""]]","[""include""]",included,0,Unassigned,,
doi:10.1609/aaai.v26i1.8172,10.1609/aaai.v26i1.8172,1,"[""AAAI""]","[[""AAAI"",""AA-4be94d702a76f3a8d955""]]","[""include""]",included,0,Unassigned,,
doi:10.1609/aaai.v27i1.8607,10.1609/aaai.v27i1.8607,1,"[""AAAI""]","[[""AAAI"",""AA-b79d2f2cb2edd53da520""]]","[""include""]",included,0,Unassigned,,
doi:10.1609/aaai.v28i1.9089,10.1609/aaai.v28i1.9089,1,"[""AAAI""]","[[""AAAI"",""AA-5fc3aeaaa2464f820d33""]]","[""include""]",included,0,Unassigned,,
doi:10.1609/aaai.v31i1.10624,10.1609/aaai.v31i1.10624,1,"[""AAAI""]","[[""AAAI"",""AA-8e08f3304dac448e59ed""]]","[""include""]",included,0,Unassigned,,
doi:10.1609/aaai.v32i1.11445,10.1609/aaai.v32i1.11445,1,"[""AAAI""]","[[""AAAI"",""AA-a0a54ea3c084e5aa3a97""]]","[""include""]",included,0,Unassigned,,
doi:10.1609/aaai.v33i01.3301914,10.1609/aaai.v33i01.3301914,1,"[""AAAI""]","[[""AAAI"",""AA-d4c1f36ea3c9684448d0""]]","[""include""]",included,0,Unassigned,,
doi:10.1609/aaai.v34i02.5568,10.1609/aaai.v34i02.5568,1,"[""AAAI""]","[[""AAAI"",""AA-aad952b7544fdba8e855""]]","[""include""]",included,0,Unassigned,,
doi:10.1609/aaai.v34i02.5600,10.1609/aaai.v34i02.5600,1,"[""AAAI""]","[[""AAAI"",""AA-88cdef3a754404ae5679""]]","[""include""]",included,0,Unassigned,,
doi:10.1609/aaai.v35i6.16696,10.1609/aaai.v35i6.16696,1,"[""AAAI""]","[[""AAAI"",""AA-bad53f6f33307cc34d66""]]","[""include""]",included,0,Unassigned,,
doi:10.1609/aaai.v36i11.21578,10.1609/aaai.v36i11.21578,1,"[""AAAI""]","[[""AAAI"",""AA-4eb28dca7742e8ff411c""]]","[""include""]",included,0,Unassigned,,
doi:10.1609/aaai.v37i5.25726,10.1609/aaai.v37i5.25726,1,"[""AAAI""]","[[""AAAI"",""AA-67bf6dc3162dbabbda6b""]]","[""include""]",included,0,Unassigned,,
doi:10.1609/aaai.v40i21.38822,10.1609/aaai.v40i21.38822,1,"[""AAAI""]","[[""AAAI"",""AA-635e838d07af75aa98a8""]]","[""include""]",included,0,Unassigned,,
doi:10.1609/aaai.v40i37.40347,10.1609/aaai.v40i37.40347,1,"[""AAAI""]","[[""AAAI"",""AA-91e04f1dcf9ae9eef561""]]","[""include""]",included,0,Unassigned,,
doi:10.1609/aaai.v40i42.40895,10.1609/aaai.v40i42.40895,1,"[""AAAI""]","[[""AAAI"",""AA-07a5420ece15afd7b289""]]","[""include""]",included,0,Unassigned,,
doi:10.1609/aaai.v40i42.40898,10.1609/aaai.v40i42.40898,1,"[""AAAI""]","[[""AAAI"",""AA-dd570ad0021232c2630a""]]","[""include""]",included,0,Unassigned,,
doi:10.1609/aaai.v40i47.41468,10.1609/aaai.v40i47.41468,1,"[""AAAI""]","[[""AAAI"",""AA-2358e28829254709c12d""]]","[""include""]",included,0,Unassigned,,
doi:10.1613/jair.1.14126,10.1613/jair.1.14126,1,"[""ACM""]","[[""ACM"",""N34A34084672E5E56""]]","[""include""]",included,0,Unassigned,,
doi:10.17775/cseejpes.2020.06660,10.17775/cseejpes.2020.06660,1,"[""IEEE""]","[[""IEEE"",""I17B5F5882B81C02A""]]","[""include""]",included,0,Unassigned,,
doi:10.17775/cseejpes.2024.05300,10.17775/cseejpes.2024.05300,1,"[""IEEE""]","[[""IEEE"",""IF14A0A11EC77BACB""]]","[""include""]",included,0,Unassigned,,
doi:10.17775/cseejpes.2024.07290,10.17775/cseejpes.2024.07290,1,"[""IEEE""]","[[""IEEE"",""I406CAD6A47ADB3CC""]]","[""include""]",included,0,Unassigned,,
doi:10.23919/aeit56783.2022.9951806,10.23919/aeit56783.2022.9951806,1,"[""IEEE""]","[[""IEEE"",""IBFC15D8E82F70710""]]","[""include""]",included,0,Unassigned,,
doi:10.23919/chicc.2017.8028544,10.23919/chicc.2017.8028544,1,"[""IEEE""]","[[""IEEE"",""ID7E06F0B631CD66C""]]","[""include""]",included,0,Unassigned,,
doi:10.23919/cje.2014.10848015,10.23919/cje.2014.10848015,1,"[""IEEE""]","[[""IEEE"",""I0BF6DB7DCE4B87BB""]]","[""include""]",included,0,Unassigned,,
doi:10.23919/fruct48121.2019.8981496,10.23919/fruct48121.2019.8981496,1,"[""IEEE""]","[[""IEEE"",""IE3613A61493D3FEA""]]","[""include""]",included,0,Unassigned,,
doi:10.23919/iiai-aaicps00095.2026.00185,10.23919/iiai-aaicps00095.2026.00185,1,"[""IEEE""]","[[""IEEE"",""ID2D8E73F8F1980EB""]]","[""include""]",included,0,Unassigned,,
doi:10.23919/indiacom70271.2026.11526454,10.23919/indiacom70271.2026.11526454,1,"[""IEEE""]","[[""IEEE"",""I256E8FE84A2B47E4""]]","[""include""]",included,0,Unassigned,,
doi:10.23919/ondm68511.2026.11618834,10.23919/ondm68511.2026.11618834,1,"[""IEEE""]","[[""IEEE"",""IEA54C657402F4708""]]","[""include""]",included,0,Unassigned,,
doi:10.24963/ijcai.2018/23,10.24963/ijcai.2018/23,1,"[""IJCAI""]","[[""IJCAI"",""JH-2452042c1b53afb23734""]]","[""include""]",included,0,Unassigned,,
doi:10.24963/ijcai.2018/61,10.24963/ijcai.2018/61,1,"[""IJCAI""]","[[""IJCAI"",""JH-5b642ff94d8428f39e9b""]]","[""include""]",included,0,Unassigned,,
doi:10.24963/ijcai.2019/957,10.24963/ijcai.2019/957,1,"[""IJCAI""]","[[""IJCAI"",""JH-21b33cf549d7fd066d0b""]]","[""include""]",included,0,Unassigned,,
doi:10.24963/ijcai.2021/401,10.24963/ijcai.2021/401,1,"[""IJCAI""]","[[""IJCAI"",""JH-29704b906512a8c8a748""]]","[""include""]",included,0,Unassigned,,
doi:10.24963/ijcai.2022/23,10.24963/ijcai.2022/23,1,"[""IJCAI""]","[[""IJCAI"",""JH-523d11180c0488653e63""]]","[""include""]",included,0,Unassigned,,
doi:10.24963/ijcai.2022/77,10.24963/ijcai.2022/77,1,"[""IJCAI""]","[[""IJCAI"",""JH-4694a6f085a3e7574f38""]]","[""include""]",included,0,Unassigned,,
doi:10.24963/ijcai.2023/283,10.24963/ijcai.2023/283,1,"[""IJCAI""]","[[""IJCAI"",""JH-d3f14a122b64eeed5469""]]","[""include""]",included,0,Unassigned,,
doi:10.24963/ijcai.2023/474,10.24963/ijcai.2023/474,1,"[""IJCAI""]","[[""IJCAI"",""JH-c7f5f7eb586c4dbaf92e""]]","[""include""]",included,0,Unassigned,,
doi:10.24963/ijcai.2024/18,10.24963/ijcai.2024/18,1,"[""IJCAI""]","[[""IJCAI"",""JH-89a4b2ae0386ba70954b""]]","[""include""]",included,0,Unassigned,,
doi:10.24963/ijcai.2024/325,10.24963/ijcai.2024/325,1,"[""IJCAI""]","[[""IJCAI"",""JH-d0587b5e23a9eb491b6e""]]","[""include""]",included,0,Unassigned,,
doi:10.24963/ijcai.2024/912,10.24963/ijcai.2024/912,1,"[""IJCAI""]","[[""IJCAI"",""JH-32a4af42207e59cafc8e""]]","[""include""]",included,0,Unassigned,,
doi:10.24963/ijcai.2025/1210,10.24963/ijcai.2025/1210,1,"[""IJCAI""]","[[""IJCAI"",""JH-724019de377c0fb0ce52""]]","[""include""]",included,0,Unassigned,,
doi:10.24963/ijcai.2026/41,10.24963/ijcai.2026/41,1,"[""IJCAI""]","[[""IJCAI"",""JH-9e012c3bed1b6c560e0c""]]","[""include""]",included,0,Unassigned,,
doi:10.26599/jic.2026.9180111,10.26599/jic.2026.9180111,1,"[""IEEE""]","[[""IEEE"",""I70F7BD56210F96CD""]]","[""include""]",included,0,Unassigned,,
doi:10.4108/icst.5gu.2014.257843,10.4108/icst.5gu.2014.257843,1,"[""IEEE""]","[[""IEEE"",""IC0E988C29758CFE2""]]","[""include""]",included,0,Unassigned,,
doi:10.5555/1018409.1018758,10.5555/1018409.1018758,1,"[""ACM""]","[[""ACM"",""N54CCFB69EA8D0C34""]]","[""include""]",included,0,Unassigned,,
doi:10.5555/1018411.1018919,10.5555/1018411.1018919,1,"[""ACM""]","[[""ACM"",""N3E287D5922CCA668""]]","[""include""]",included,0,Unassigned,,
doi:10.5555/1018411.1018977,10.5555/1018411.1018977,1,"[""ACM""]","[[""ACM"",""N72C907A6B7511305""]]","[""include""]",included,0,Unassigned,,
doi:10.5555/1036843.1036869,10.5555/1036843.1036869,1,"[""ACM""]","[[""ACM"",""N532615748BC83EA8""]]","[""include""]",included,0,Unassigned,,
doi:10.5555/1105634.1105647,10.5555/1105634.1105647,1,"[""ACM""]","[[""ACM"",""N9D1CD03693C50E5E""]]","[""include""]",included,0,Unassigned,,
doi:10.5555/1339264.1339641,10.5555/1339264.1339641,1,"[""ACM""]","[[""ACM"",""N340D4789DD640B72""]]","[""include""]",included,0,Unassigned,,
doi:10.5555/1339264.1339748,10.5555/1339264.1339748,1,"[""ACM""]","[[""ACM"",""NF839B71982708A34""]]","[""include""]",included,0,Unassigned,,
doi:10.5555/1339264.1339749,10.5555/1339264.1339749,1,"[""ACM""]","[[""ACM"",""N9BC027332654F0CD""]]","[""include""]",included,0,Unassigned,,
doi:10.5555/1402744.1402772,10.5555/1402744.1402772,1,"[""ACM""]","[[""ACM"",""N8F41EEF3809C325D""]]","[""include""]",included,0,Unassigned,,
doi:10.5555/1402782.1402784,10.5555/1402782.1402784,1,"[""ACM""]","[[""ACM"",""N8666D3522ECEB634""]]","[""include""]",included,0,Unassigned,,
doi:10.5555/1402795.1402797,10.5555/1402795.1402797,1,"[""ACM""]","[[""ACM"",""N9A8A348F9BB2252F""]]","[""include""]",included,0,Unassigned,,
doi:10.5555/1402821.1402933,10.5555/1402821.1402933,1,"[""ACM""]","[[""ACM"",""NE1C3662E510185A1""]]","[""include""]",included,0,Unassigned,,
doi:10.5555/1402821.1402934,10.5555/1402821.1402934,1,"[""ACM""]","[[""ACM"",""N3B93EC94936B8122""]]","[""include""]",included,0,Unassigned,,
doi:10.5555/1402821.1402938,10.5555/1402821.1402938,1,"[""ACM""]","[[""ACM"",""N6E916C53E5CCBC6E""]]","[""include""]",included,0,Unassigned,,
doi:10.5555/1517524.1517527,10.5555/1517524.1517527,1,"[""ACM""]","[[""ACM"",""N8898E43707B25129""]]","[""include""]",included,0,Unassigned,,
doi:10.5555/1558109.1558224,10.5555/1558109.1558224,1,"[""ACM""]","[[""ACM"",""NB7A6A335AA56BACA""]]","[""include""]",included,0,Unassigned,,
doi:10.5555/1558109.1558253,10.5555/1558109.1558253,1,"[""ACM""]","[[""ACM"",""NFD12F22E9D6CF8F1""]]","[""include""]",included,0,Unassigned,,
doi:10.5555/1558109.1558254,10.5555/1558109.1558254,1,"[""ACM""]","[[""ACM"",""N22BFE01C5FA07D44""]]","[""include""]",included,0,Unassigned,,
doi:10.5555/1622434.1622442,10.5555/1622434.1622442,1,"[""ACM""]","[[""ACM"",""N140116D0EAD60470""]]","[""include""]",included,0,Unassigned,,
doi:10.5555/1622434.1622449,10.5555/1622434.1622449,1,"[""ACM""]","[[""ACM"",""NAF2030111727C2AA""]]","[""include""]",included,0,Unassigned,,
doi:10.5555/1622487.1622494,10.5555/1622487.1622494,1,"[""ACM""]","[[""ACM"",""N9281A7066FA19BE3""]]","[""include""]",included,0,Unassigned,,
doi:10.5555/1622637.1622641,10.5555/1622637.1622641,1,"[""ACM""]","[[""ACM"",""ND9DEAE5F255B94F5""]]","[""include""]",included,0,Unassigned,,
doi:10.5555/1622673.1622691,10.5555/1622673.1622691,1,"[""ACM""]","[[""ACM"",""N3913F543CF47B227""]]","[""include""]",included,0,Unassigned,,
doi:10.5555/1734953.1734965,10.5555/1734953.1734965,1,"[""ACM""]","[[""ACM"",""N37EA024E861A8417""]]","[""include""]",included,0,Unassigned,,
doi:10.5555/1838206.1838338,10.5555/1838206.1838338,1,"[""ACM""]","[[""ACM"",""NB6EF7183813C3F96""]]","[""include""]",included,0,Unassigned,,
doi:10.5555/1838206.1838372,10.5555/1838206.1838372,1,"[""ACM""]","[[""ACM"",""N9787D42B663B113A""]]","[""include""]",included,0,Unassigned,,
doi:10.5555/1838206.1838413,10.5555/1838206.1838413,1,"[""ACM""]","[[""ACM"",""N7DA0CEC5D14DCE21""]]","[""include""]",included,0,Unassigned,,
doi:10.5555/2031678.2031730,10.5555/2031678.2031730,1,"[""ACM""]","[[""ACM"",""N632F0EF7211807F3""]]","[""include""]",included,0,Unassigned,,
doi:10.5555/2031678.2031733,10.5555/2031678.2031733,1,"[""ACM""]","[[""ACM"",""N0EAEA8E1CD731EE8""]]","[""include""]",included,0,Unassigned,,
doi:10.5555/2147671.2147747,10.5555/2147671.2147747,1,"[""ACM""]","[[""ACM"",""E048""]]","[""include""]",included,0,Unassigned,,
doi:10.5555/2343776.2343791,10.5555/2343776.2343791,1,"[""ACM""]","[[""ACM"",""N4293524C267DBE18""]]","[""include""]",included,0,Unassigned,,
doi:10.5555/2429759.2429864,10.5555/2429759.2429864,1,"[""ACM""]","[[""ACM"",""N81A61274CF269A91""]]","[""include""]",included,0,Unassigned,,
doi:10.5555/2484920.2485121,10.5555/2484920.2485121,1,"[""ACM""]","[[""ACM"",""N01DED2CA88457B09""]]","[""include""]",included,0,Unassigned,,
doi:10.5555/2484920.2485169,10.5555/2484920.2485169,1,"[""ACM""]","[[""ACM"",""N5F1C909865B508EB""]]","[""include""]",included,0,Unassigned,,
doi:10.5555/2615731.2616055,10.5555/2615731.2616055,1,"[""ACM""]","[[""ACM"",""N3A2D4C6F6A150633""]]","[""include""]",included,0,Unassigned,,
doi:10.5555/2675983.2676159,10.5555/2675983.2676159,1,"[""ACM""]","[[""ACM"",""NE3A41EBB325D1174""]]","[""include""]",included,0,Unassigned,,
doi:10.5555/2693848.2693906,10.5555/2693848.2693906,1,"[""ACM""]","[[""ACM"",""N6F9DAD31005647FC""]]","[""include""]",included,0,Unassigned,,
doi:10.5555/2772879.2773503,10.5555/2772879.2773503,1,"[""ACM""]","[[""ACM"",""N80F3F4B26CEED582""]]","[""include""]",included,0,Unassigned,,
doi:10.5555/2884435.2884535,10.5555/2884435.2884535,1,"[""ACM""]","[[""ACM"",""N5EC8AD744181F58E""]]","[""include""]",included,0,Unassigned,,
doi:10.5555/2936924.2936940,10.5555/2936924.2936940,1,"[""ACM""]","[[""ACM"",""N99B7FB3F381392E7""]]","[""include""]",included,0,Unassigned,,
doi:10.5555/3042094.3042310,10.5555/3042094.3042310,1,"[""ACM""]","[[""ACM"",""NCD492D842B94CD76""]]","[""include""]",included,0,Unassigned,,
doi:10.5555/3042094.3042518,10.5555/3042094.3042518,1,"[""ACM""]","[[""ACM"",""NB7462D16C4BF1255""]]","[""include""]",included,0,Unassigned,,
doi:10.5555/3091125.3091394,10.5555/3091125.3091394,1,"[""ACM""]","[[""ACM"",""N062208061602F49D""]]","[""include""]",included,0,Unassigned,,
doi:10.5555/3237383.3238016,10.5555/3237383.3238016,1,"[""ACM""]","[[""ACM"",""NB8E317D49DA8B0AC""]]","[""include""]",included,0,Unassigned,,
doi:10.5555/3306127.3332020,10.5555/3306127.3332020,1,"[""ACM""]","[[""ACM"",""NBCD87C5979F13142""]]","[""include""]",included,0,Unassigned,,
doi:10.5555/3398761.3399022,10.5555/3398761.3399022,1,"[""ACM""]","[[""ACM"",""N91FB24932C700E35""]]","[""include""]",included,0,Unassigned,,
doi:10.5555/3522802.3522899,10.5555/3522802.3522899,1,"[""ACM""]","[[""ACM"",""NE6952C01B8441579""]]","[""include""]",included,0,Unassigned,,
doi:10.5555/3535850.3535943,10.5555/3535850.3535943,1,"[""ACM""]","[[""ACM"",""N3C61F6B32B9CFCCD""]]","[""include""]",included,0,Unassigned,,
doi:10.5555/3535850.3536037,10.5555/3535850.3536037,1,"[""ACM""]","[[""ACM"",""NEFF6F958B17EA791""]]","[""include""]",included,0,Unassigned,,
doi:10.5555/3545946.3598986,10.5555/3545946.3598986,1,"[""ACM""]","[[""ACM"",""NC3BBE46FC6B6A992""]]","[""include""]",included,0,Unassigned,,
doi:10.5555/3635637.3662938,10.5555/3635637.3662938,1,"[""ACM""]","[[""ACM"",""N2AA037D0D358239F""]]","[""include""]",included,0,Unassigned,,
doi:10.5555/3643142.3643290,10.5555/3643142.3643290,1,"[""ACM""]","[[""ACM"",""N429E2AF5DC19436C""]]","[""include""]",included,0,Unassigned,,
doi:10.5555/3709347.3743546,10.5555/3709347.3743546,1,"[""ACM""]","[[""ACM"",""N130435B07D8C7ED8""]]","[""include""]",included,0,Unassigned,,
doi:10.5555/3709347.3744003,10.5555/3709347.3744003,1,"[""ACM""]","[[""ACM"",""E025""]]","[""include""]",included,0,Unassigned,,
doi:10.5555/510378.510637,10.5555/510378.510637,1,"[""ACM""]","[[""ACM"",""N059A4A2A30F96F5D""]]","[""include""]",included,0,Unassigned,,
doi:10.5555/563801.563824,10.5555/563801.563824,1,"[""ACM""]","[[""ACM"",""NA9F46F1BAC83086E""]]","[""include""]",included,0,Unassigned,,
doi:10.5555/777092.777152,10.5555/777092.777152,1,"[""ACM""]","[[""ACM"",""N84B8D2B7FE04DC46""]]","[""include""]",included,0,Unassigned,,
doi:10.5555/777092.777154,10.5555/777092.777154,1,"[""ACM""]","[[""ACM"",""N7D601EB2098D27F1""]]","[""include""]",included,0,Unassigned,,
doi:10.65109/exii2056,10.65109/exii2056,1,"[""ACM""]","[[""ACM"",""N5F47CE3BD52D7304""]]","[""include""]",included,0,Unassigned,,
doi:10.65109/pjgh6650,10.65109/pjgh6650,1,"[""ACM""]","[[""ACM"",""E073""]]","[""include""]",included,0,Unassigned,,
doi:10.65109/seot8410,10.65109/seot8410,1,"[""ACM""]","[[""ACM"",""NE8761A9B5D85E424""]]","[""include""]",included,0,Unassigned,,
doi:10.65109/ubwr1103,10.65109/ubwr1103,1,"[""ACM""]","[[""ACM"",""NE2D1221D5C5F6C8E""]]","[""include""]",included,0,Unassigned,,
doi:10.65109/ycvt1762,10.65109/ycvt1762,1,"[""ACM""]","[[""ACM"",""N91B9918D24756CFE""]]","[""include""]",included,0,Unassigned,,
doi:10.65109/ydmy4904,10.65109/ydmy4904,1,"[""ACM""]","[[""ACM"",""E001""]]","[""include""]",included,0,Unassigned,,
platform:AAAI-legacy:https://aaai.org/papers/00036-aaai97-006-benefits-of-learning-in-negotiation,aaai-legacy:https://aaai.org/papers/00036-aaai97-006-benefits-of-learning-in-negotiation,1,"[""AAAI""]","[[""AAAI"",""AL-eebb748f2c9739525bd2""]]","[""include""]",included,0,Unassigned,,
platform:AAAI-legacy:https://aaai.org/papers/00074-aaai00-012-iterative-combinatorial-auctions-theory-and-practice,aaai-legacy:https://aaai.org/papers/00074-aaai00-012-iterative-combinatorial-auctions-theory-and-practice,1,"[""AAAI""]","[[""AAAI"",""AL-6a89e41523448519da76""]]","[""include""]",included,0,Unassigned,,
platform:AAAI-legacy:https://aaai.org/papers/00082-aaai00-013-preventing-strategic-manipulation-in-iterative-auctions-proxy-agents-and-price-adjustment,aaai-legacy:https://aaai.org/papers/00082-aaai00-013-preventing-strategic-manipulation-in-iterative-auctions-proxy-agents-and-price-adjustment,1,"[""AAAI""]","[[""AAAI"",""AL-bd164b637d83cfd6154c""]]","[""include""]",included,0,Unassigned,,
platform:AAAI-legacy:https://aaai.org/papers/00164-aaai05-027-solving-the-auction-based-task-allocation-problem-in-an-open-environment,aaai-legacy:https://aaai.org/papers/00164-aaai05-027-solving-the-auction-based-task-allocation-problem-in-an-open-environment,1,"[""AAAI""]","[[""AAAI"",""AL-056e5d30dee89c31bdd7""]]","[""include""]",included,0,Unassigned,,
platform:AAAI-legacy:https://aaai.org/papers/00182-aaai08-029-bidding-strategies-for-realistic-multi-unit-sealed-bid-auctions,aaai-legacy:https://aaai.org/papers/00182-aaai08-029-bidding-strategies-for-realistic-multi-unit-sealed-bid-auctions,1,"[""AAAI""]","[[""AAAI"",""AL-e18a2e722c5178beb528""]]","[""include""]",included,0,Unassigned,,
platform:AAAI-legacy:https://aaai.org/papers/00385-aaai02-059-structural-leverage-and-fictitious-play-in-sequential-auctions,aaai-legacy:https://aaai.org/papers/00385-aaai02-059-structural-leverage-and-fictitious-play-in-sequential-auctions,1,"[""AAAI""]","[[""AAAI"",""AL-e676eecdca70bf14f883""]]","[""include""]",included,0,Unassigned,,
platform:AAAI-legacy:https://aaai.org/papers/01495-aaai07-237-design-of-a-mechanism-for-promoting-honesty-in-e-marketplaces,aaai-legacy:https://aaai.org/papers/01495-aaai07-237-design-of-a-mechanism-for-promoting-honesty-in-e-marketplaces,1,"[""AAAI""]","[[""AAAI"",""AL-2265e9bd9f2ed71afc8c""]]","[""include""]",included,0,Unassigned,,
platform:AAAI-legacy:https://aaai.org/papers/140-aaai99-140-emediator-a-next-generation-electronic-commerce-server,aaai-legacy:https://aaai.org/papers/140-aaai99-140-emediator-a-next-generation-electronic-commerce-server,1,"[""AAAI""]","[[""AAAI"",""AL-eb59946556c65618e2ad""]]","[""include""]",included,0,Unassigned,,
platform:IEEE:11118913,ieee:11118913,1,"[""IEEE""]","[[""IEEE"",""I7CEFD44D4822F2FE""]]","[""include""]",included,0,Unassigned,,
platform:IEEE:5332928,ieee:5332928,1,"[""IEEE""]","[[""IEEE"",""IB335663C638B513D""]]","[""include""]",included,0,Unassigned,,
platform:IEEE:5573980,ieee:5573980,1,"[""IEEE""]","[[""IEEE"",""IB3CCB347B56D178E""]]","[""include""]",included,0,Unassigned,,
platform:IEEE:5602491,ieee:5602491,1,"[""IEEE""]","[[""IEEE"",""I24BF3F8D85DF1088""]]","[""include""]",included,0,Unassigned,,
platform:IEEE:5678015,ieee:5678015,1,"[""IEEE""]","[[""IEEE"",""I10D19FD9AF7AF5C5""]]","[""include""]",included,0,Unassigned,,
platform:IEEE:5758227,ieee:5758227,1,"[""IEEE""]","[[""IEEE"",""IA4B276F57C0B6768""]]","[""include""]",included,0,Unassigned,,
platform:IEEE:6017710,ieee:6017710,1,"[""IEEE""]","[[""IEEE"",""I100E947CF4172880""]]","[""include""]",included,0,Unassigned,,
platform:IEEE:6060713,ieee:6060713,1,"[""IEEE""]","[[""IEEE"",""I0CF4666611DB5E38""]]","[""include""]",included,0,Unassigned,,
platform:IEEE:6060714,ieee:6060714,1,"[""IEEE""]","[[""IEEE"",""I67EB15BCDFF41F15""]]","[""include""]",included,0,Unassigned,,
platform:IEEE:6085676,ieee:6085676,1,"[""IEEE""]","[[""IEEE"",""IB337DBDE65169EB2""]]","[""include""]",included,0,Unassigned,,
platform:IEEE:6103993,ieee:6103993,1,"[""IEEE""]","[[""IEEE"",""I8134278DE3CA9A72""]]","[""include""]",included,0,Unassigned,,
platform:IEEE:6125562,ieee:6125562,1,"[""IEEE""]","[[""IEEE"",""ICE13110861AEADFB""]]","[""include""]",included,0,Unassigned,,
platform:IEEE:6639866,ieee:6639866,1,"[""IEEE""]","[[""IEEE"",""I154830697F5654CE""]]","[""include""]",included,0,Unassigned,,
platform:IEEE:6641018,ieee:6641018,1,"[""IEEE""]","[[""IEEE"",""IAD1BB29D1F40AB6F""]]","[""include""]",included,0,Unassigned,,
platform:IEEE:7943399,ieee:7943399,1,"[""IEEE""]","[[""IEEE"",""I184BC210DCCD48E8""]]","[""include""]",included,0,Unassigned,,
platform:IJCAI-PDF:/proceedings/95-1/papers/091.pdf,ijcai-pdf:/proceedings/95-1/papers/091.pdf,1,"[""IJCAI""]","[[""IJCAI"",""JP-4b8be9783c63e43e4170""]]","[""include""]",included,0,Unassigned,,
platform:IJCAI-PDF:/proceedings/99-1/papers/076.pdf,ijcai-pdf:/proceedings/99-1/papers/076.pdf,1,"[""IJCAI""]","[[""IJCAI"",""JP-63ad7b99b25cac92f88b""]]","[""include""]",included,0,Unassigned,,
platform:IJCAI-PDF:/proceedings/99-1/papers/077.pdf,ijcai-pdf:/proceedings/99-1/papers/077.pdf,1,"[""IJCAI""]","[[""IJCAI"",""JP-34faf6ad94775fc1fdef""]]","[""include""]",included,0,Unassigned,,
platform:IJCAI-PDF:/proceedings/99-1/papers/079.pdf,ijcai-pdf:/proceedings/99-1/papers/079.pdf,1,"[""IJCAI""]","[[""IJCAI"",""JP-70bd5d4048943728978a""]]","[""include""]",included,0,Unassigned,,
platform:IJCAI:abstract/07/222,ijcai:abstract/07/222,1,"[""IJCAI""]","[[""IJCAI"",""JH-bf7b55bd12258ddc2614""]]","[""include""]",included,0,Unassigned,,
platform:IJCAI:abstract/07/249,ijcai:abstract/07/249,1,"[""IJCAI""]","[[""IJCAI"",""JH-1fe2f36b526f4e13efb0""]]","[""include""]",included,0,Unassigned,,
platform:IJCAI:abstract/11/041,ijcai:abstract/11/041,1,"[""IJCAI""]","[[""IJCAI"",""JH-c19f9155979beb684975""]]","[""include""]",included,0,Unassigned,,
