q,d,mean_user_loss,review_share,cancellation_share
0.0,0.1,0.24333333333333337,0.0,0.0
0.002,0.1,0.24333333333333337,0.0,0.0
0.004,0.1,0.24333333333333337,0.0,0.0
0.006,0.1,0.24333333333333337,0.0,0.0
0.008,0.1,0.24333333333333337,0.0,0.0
0.01,0.1,0.24333333333333337,0.0,0.0
0.012,0.1,0.24333333333333337,0.0,0.0
0.014,0.1,0.24333333333333337,0.0,0.0
0.016,0.1,0.24333333333333337,0.0,0.0
0.018,0.1,0.24333333333333337,0.0,0.0
0.02,0.1,0.24333333333333337,0.0,0.0
0.022,0.1,0.24333333333333337,0.0,0.0
0.024,0.1,0.24333333333333337,0.0,0.0
0.026,0.1,0.24333333333333337,0.0,0.0
0.028,0.1,0.24333333333333337,0.0,0.0
0.03,0.1,0.24333333333333337,0.0,0.0
0.032,0.1,0.24333333333333337,0.0,0.0
0.034,0.1,0.24333333333333337,0.0,0.0
0.036,0.1,0.24333333333333337,0.0,0.0
0.038,0.1,0.24333333333333337,0.0,0.0
0.04,0.1,0.24333333333333337,0.0,0.0
0.042,0.1,0.24333333333333337,0.0,0.0
0.044,0.1,0.24333333333333337,0.0,0.0
0.046,0.1,0.24333333333333337,0.0,0.0
0.048,0.1,0.24333333333333337,0.0,0.0
0.05,0.1,0.24333333333333337,0.0,0.0
0.052,0.1,0.24333333333333337,0.0,0.0
0.054,0.1,0.24333333333333337,0.0,0.0
0.056,0.1,0.24333333333333337,0.0,0.0
0.058,0.1,0.24333333333333337,0.0,0.0
0.06,0.1,0.24333333333333337,0.0,0.0
0.062,0.1,0.24333333333333337,0.0,0.0
0.064,0.1,0.24333333333333337,0.0,0.0
0.066,0.1,0.24333333333333337,0.0,0.0
0.068,0.1,0.24333333333333337,0.0,0.0
0.07,0.1,0.24333333333333337,0.0,0.0
0.072,0.1,0.24333333333333337,0.0,0.0
0.074,0.1,0.24333333333333337,0.0,0.0
0.076,0.1,0.24333333333333337,0.0,0.0
0.078,0.1,0.24333333333333337,0.0,0.0
0.08,0.1,0.24333333333333337,0.0,0.0
0.082,0.1,0.24333333333333337,0.0,0.0
0.084,0.1,0.24333333333333337,0.0,0.0
0.086,0.1,0.24333333333333337,0.0,0.0
0.088,0.1,0.24333333333333337,0.0,0.0
0.09,0.1,0.24333333333333337,0.0,0.0
0.092,0.1,0.24333333333333337,0.0,0.0
0.094,0.1,0.24333333333333337,0.0,0.0
0.096,0.1,0.24333333333333337,0.0,0.0
0.098,0.1,0.24333333333333337,0.0,0.0
0.1,0.1,0.24333333333333337,0.0,0.0
0.102,0.1,0.24333333333333337,0.0,0.0
0.104,0.1,0.24333333333333337,0.0,0.0
0.106,0.1,0.24333333333333337,0.0,0.0
0.108,0.1,0.24333333333333337,0.0,0.0
0.11,0.1,0.24333333333333337,0.0,0.0
0.112,0.1,0.24333333333333337,0.0,0.0
0.114,0.1,0.24333333333333337,0.0,0.0
0.116,0.1,0.24333333333333337,0.0,0.0
0.118,0.1,0.24333333333333337,0.0,0.0
0.12,0.1,0.24333333333333337,0.0,0.0
0.122,0.1,0.24333333333333337,0.0,0.0
0.124,0.1,0.24333333333333337,0.0,0.0
0.126,0.1,0.24333333333333337,0.0,0.0
0.128,0.1,0.24333333333333337,0.0,0.0
0.13,0.1,0.24333333333333337,0.0,0.0
0.132,0.1,0.24333333333333337,0.0,0.0
0.134,0.1,0.24333333333333337,0.0,0.0
0.136,0.1,0.24333333333333337,0.0,0.0
0.138,0.1,0.24333333333333337,0.0,0.0
0.14,0.1,0.24333333333333337,0.0,0.0
0.142,0.1,0.24333333333333337,0.0,0.0
0.144,0.1,0.24333333333333337,0.0,0.0
0.146,0.1,0.24333333333333337,0.0,0.0
0.148,0.1,0.24333333333333337,0.0,0.0
0.15,0.1,0.24333333333333337,0.0,0.0
0.152,0.1,0.24333333333333337,0.0,0.0
0.154,0.1,0.24333333333333337,0.0,0.0
0.156,0.1,0.24333333333333337,0.0,0.0
0.158,0.1,0.24333333333333337,0.0,0.0
0.16,0.1,0.24333333333333337,0.0,0.0
0.162,0.1,0.24333333333333337,0.0,0.0
0.164,0.1,0.24333333333333337,0.0,0.0
0.166,0.1,0.24333333333333337,0.0,0.0
0.168,0.1,0.24333333333333337,0.0,0.0
0.17,0.1,0.24333333333333337,0.0,0.0
0.172,0.1,0.24333333333333337,0.0,0.0
0.174,0.1,0.24349267200051186,0.006025561872542773,0.004977114106720331
0.176,0.1,0.2438126231002805,0.018860379133730176,0.015540952406193666
0.178,0.1,0.24409924725955018,0.0314017196941524,0.025812213588593272
0.18,0.1,0.2443540187435307,0.04365937063537306,0.03580068392100592
0.182,0.1,0.24457833125942757,0.05564268896634872,0.04551571957447326
0.184,0.1,0.24477350318140292,0.06736062499633022,0.05496626999700546
0.186,0.1,0.24494078238439404,0.07882174419981769,0.06416089977865161
0.188,0.1,0.2450813507198994,0.0900342476858681,0.0731078091209249
0.19,0.1,0.24519632816372205,0.10100599137458632,0.08181485301341493
0.192,0.1,0.24528677666286325,0.11174450397507452,0.09028955921186022
0.194,0.1,0.24535370370624904,0.12225700385132565,0.09853914510416849
0.196,0.1,0.2453980656417184,0.1325504148555009,0.10657053354382273
0.198,0.1,0.2454207707596719,0.14263138120159813,0.1143903677236817
0.2,0.1,0.245422682161954,0.15250628144668998,0.122005025157352
0.202,0.1,0.24540462043289557,0.16218124164157832,0.1294206308299795
0.204,0.1,0.245367366127955,0.17166214770786914,0.13664306957546385
0.206,0.1,0.24531166209405803,0.18095465709404135,0.14367799773266884
0.208,0.1,0.24523821563451734,0.1900642097590377,0.15053085412915787
0.21,0.1,0.24514770053031804,0.19899603852820968,0.15720687043728565
0.212,0.1,0.24504075892855698,0.20775517886306705,0.16371108094409684
0.214,0.1,0.24491800310792183,0.21634647808317953,0.1700483317733791
0.216,0.1,0.2447800171302753,0.2247746040757399,0.17622328959538008
0.218,0.1,0.244627358386665,0.23304405352569146,0.18224044985709073
0.22,0.1,0.24446055904540212,0.24115915969692936,0.1881041445636049
0.222,0.1,0.24428012740923505,0.24912409979288752,0.1938185496388665
0.224,0.1,0.24408654918808104,0.256942901922798,0.19938769189209127
0.226,0.1,0.2438802886932687,0.26461945169805157,0.20481545561429193
0.228,0.1,0.24366178995877374,0.27215749848137394,0.21010558882762068
0.23,0.1,0.2434314777945054,0.2795606613099474,0.2152617092086595
0.232,0.1,0.24318975877630872,0.28683243451215723,0.22028730970533675
0.234,0.1,0.2429370221769911,0.2939761930362924,0.2251857638658
0.236,0.1,0.24267364084235526,0.3009951975082852,0.2299603308963299
0.238,0.1,0.2423999720159189,0.3078925990344348,0.2346141604642393
0.24,0.1,0.24211635811572774,0.31467144376398426,0.23915029726062803
0.242,0.1,0.24182312746641732,0.3213346772254493,0.24357168533689055
0.244,0.1,0.24152059498944423,0.32788514844967764,0.2478811722279563
0.246,0.1,0.2412090628541974,0.3343256138917765,0.2520815128743995
0.248,0.1,0.240888821092503,0.34065874116326433,0.2561753733547748
0.25,0.1,0.2405601481788557,0.34688711258507243,0.2601653344388043
0.252,0.1,0.24022331157854412,0.35301322857135153,0.26405389497137094
0.254,0.1,0.2398785682656855,0.35903951085340646,0.2678434750966412
0.256,0.1,0.23952616521304074,0.3649683055525046,0.27153641933106343
0.258,0.1,0.2391663398553564,0.3708018861097586,0.2751349994934409
0.26,0.1,0.2387993205278527,0.37654245608077774,0.2786414174997755
0.262,0.1,0.23842532688137247,0.3821921518023166,0.28205780803010966
0.264,0.1,0.2380445702755983,0.38775304493770724,0.2853862410741525
0.266,0.1,0.23765725415165362,0.39322714490745647,0.28862872436207304
0.268,0.1,0.23726357438531182,0.39861640121100594,0.29178720568645633
0.27,0.1,0.23686371962196093,0.4039227056453001,0.29486357512106903
0.272,0.1,0.2364578715943902,0.40914789442547184,0.2978596671417435
0.274,0.1,0.2360462054244008,0.41429375021264836,0.3007772626543827
0.276,0.1,0.2356288899091727,0.41936200405358903,0.30361809093479847
0.278,0.1,0.23520608779326305,0.42435433723659444,0.3063838314848212
0.28,0.1,0.23477795602705429,0.42927238306787396,0.30907611580886923
0.282,0.1,0.23434464601241692,0.4341177285723208,0.3116965291149263
0.284,0.1,0.23390630383630628,0.4388919161224215,0.3142466119436538
0.286,0.1,0.2334630704929645,0.44359644499881634,0.31672786172915485
0.288,0.1,0.23301508209535932,0.44823277288583574,0.31914173429471504
0.29,0.1,0.23256247007645145,0.45280231730514964,0.32148964528665624
0.292,0.1,0.23210536138084556,0.4573064569904989,0.3237729715492732
0.294,0.1,0.23164387864734656,0.4617465332063133,0.32599305244365717
0.296,0.1,0.23117814038291162,0.46612385101287146,0.3281511911130615
0.298,0.1,0.2307082611284575,0.47043968048051266,0.33024865569731987
0.3,0.1,0.23023435161695638,0.4746952578552801,0.33228668049869603
0.302,0.1,0.2297565189242283,0.4788917866782464,0.33426646710141594
0.304,0.1,0.22927486661281152,0.4830304388606539,0.3361891854470151
0.306,0.1,0.22878949486927352,0.4871123557168927,0.33805597486752353
0.308,0.1,0.22830050063530052,0.49113864895723236,0.3398679450784048
0.31,0.1,0.22780797773288716,0.4951104016421253,0.3416261771330664
0.312,0.1,0.22731201698392645,0.49902866909980503,0.34333172434066583
0.314,0.1,0.22681270632448566,0.5028944798088194,0.34498561314885007
0.316,0.1,0.22631013091403546,0.5067088362470472,0.3465888439929803
0.318,0.1,0.22580437323988595,0.5104727157086791,0.34814239211331915
0.32,0.1,0.22529551321706826,0.5141870710905609,0.3496472083415814
0.322,0.1,0.22478362828388737,0.5178528316492337,0.3511042198581804
0.324,0.1,0.2242687934933594,0.5214709037299348,0.35251433092143586
0.326,0.1,0.22375108160073426,0.5250421714687667,0.35387842356994875
0.328,0.1,0.22323056314729456,0.528567497469177,0.3551973582992869
0.33,0.1,0.22270730654061063,0.53204772345384,0.35647197471407277
0.332,0.1,0.2221813781314219,0.5354836708929779,0.3577030921565092
0.334,0.1,0.22165284228730528,0.5388761416101084,0.3588915103123322
0.336,0.1,0.22112176146328413,0.5422259183661607,0.3600380097951307
0.338,0.1,0.2205881962695212,0.5455337654228539,0.36114335270992926
0.34,0.1,0.22005220553623295,0.5488004290861936,0.36220828319688775
0.342,0.1,0.2195138463759545,0.5520266382309006,0.36323352795593256
0.344,0.1,0.21897317424327845,0.5552131048065464,0.36421979675309446
0.346,0.1,0.2184302429921835,0.5583605243261373,0.3651677829092938
0.348,0.1,0.21788510493106436,0.5614695763378524,0.3660781637722798
0.35,0.1,0.21733781087556622,0.5645409248806101,0.3669516011723966
0.352,0.1,0.21678841019932485,0.5675752189241055,0.36778874186282035
0.354,0.1,0.2162369508827054,0.570573092793933,0.3685902179448807
0.356,0.1,0.21568347955963077,0.5735351665823836,0.36935664727905504
0.358,0.1,0.2151280415625838,0.576462046545471,0.3700886338821924
0.36,0.1,0.21457068096586432,0.5793543254867288,0.3707867683115065
0.362,0.1,0.2140114406271789,0.5822125831282868,0.371451628035847
0.364,0.1,0.21345036222763455,0.5850373864697157,0.37208377779473917
0.366,0.1,0.21288748631020854,0.5878292901351096,0.37268376994565955
0.368,0.1,0.21232285231675724,0.590588836708854,0.37325214479999574
0.37,0.1,0.21175649862363022,0.5933165570605045,0.3737894309481178
0.372,0.1,0.21118846257594692,0.5960129706591911,0.374296145573972
0.374,0.1,0.21061878052059435,0.5986785858779351,0.37477279475958736
0.376,0.1,0.21004748783799942,0.6013139002882574,0.3752198737798726
0.378,0.1,0.20947461897272812,0.6039194009454378,0.3756378673880623
0.38,0.1,0.2089002074629606,0.6064955646647678,0.37602725009215604
0.382,0.1,0.20832428596888863,0.6090428582891292,0.37638848642268186
0.384,0.1,0.2077468863000812,0.6115617389482129,0.3767220311920991
0.386,0.1,0.20716803944186016,0.6140526543096836,0.3770283297461457
0.388,0.1,0.20658777558072677,0.616516042822578,0.3773078182074177
0.39,0.1,0.20600612412887823,0.6189523339532182,0.3775609237114631
0.392,0.1,0.20542311374785094,0.6213619484139059,0.3777880646356548
0.394,0.1,0.20483877237132592,0.623745298384654,0.3779896508211003
0.396,0.1,0.2042531272271306,0.6261027877282035,0.3781660837878349
0.398,0.1,0.2036662048584684,0.6284348121985593,0.3783177569435327
0.4,0.1,0.20307803114440742,0.6307417596432748,0.3784450557859649
0.402,0.1,0.20248863131965775,0.6330240101996998,0.37854835809942045
0.404,0.1,0.20189802999366538,0.6352819364854038,0.3786280341453006
0.406,0.1,0.2013062511690489,0.6375159037829735,0.37868444684708624
0.408,0.1,0.20071331825940628,0.6397262702193794,0.3787179519698727
0.41,0.1,0.20011925410651418,0.6419133869400955,0.3787288982946564
0.412,0.1,0.19952408099694552,0.6440775982781503,0.3787176277875524
0.414,0.1,0.19892782067812576,0.6462192419182823,0.37868447576411346
0.416,0.1,0.19833049437385075,0.6483386490563633,0.3786297710489162
0.418,0.1,0.19773212279928604,0.6504361445542485,0.37855383613057264
0.42,0.1,0.19713272617546784,0.6525120470902047,0.3784569873123188
0.422,0.1,0.1965323242433238,0.6545666693050659,0.37833953485832816
0.424,0.1,0.19593093627723251,0.6566003179442556,0.37820178313589126
0.426,0.1,0.19532858109813833,0.6586132939958107,0.3780440307535954
0.428,0.1,0.19472527708623832,0.6606058928245404,0.37786657069563717
0.43,0.1,0.19412104219325754,0.6625784043024442,0.37766969045239324
0.432,0.1,0.1935158939543272,0.6645311129355105,0.37745367214736997
0.434,0.1,0.19290984949948106,0.666464297987013,0.3772187926606494
0.436,0.1,0.19230292556478337,0.6683782335974164,0.3769653237489429
0.438,0.1,0.19169513850310207,0.6702731889010021,0.3766935321623632
0.44,0.1,0.19108650429454044,0.6721494281393142,0.376403679758016
0.442,0.1,0.19047703855653883,0.6740072107715318,0.3760960236105148
0.444,0.1,0.18986675655365884,0.6758467915818598,0.3757708161195141
0.446,0.1,0.1892556732070614,0.6776684207840339,0.3754283051143548
0.448,0.1,0.18864380310368903,0.6794723441230308,0.37506873395591306
0.45,0.1,0.18803116050516344,0.6812588029740689,0.37469234163573795
0.452,0.1,0.1874177593564084,0.6830280344389843,0.37429936287256343
0.454,0.1,0.18680361329400708,0.684780271440062,0.37389002820627393
0.456,0.1,0.18618873565430352,0.6865157428114034,0.3734645640894035
0.458,0.1,0.18557313948125748,0.6882346733879007,0.3730231929762422
0.46,0.1,0.1849568375340603,0.6899372840918959,0.3725661334096238
0.462,0.1,0.18433984229452108,0.6916237920175905,0.3720936001054637
0.464,0.1,0.18372216597423013,0.6932944105132771,0.37160580403511656
0.466,0.1,0.1831038205215082,0.6949493492614557,0.37110295250561737
0.468,0.1,0.1824848176281479,0.6965888143568992,0.3705852492378704
0.47,0.1,0.18186516873595535,0.6982130083827304,0.3700528944428471
0.472,0.1,0.18124488504309766,0.6998221304845661,0.3695060848958509
0.474,0.1,0.18062397751026427,0.7014163764427886,0.36894501400890684
0.476,0.1,0.18000245686664657,0.7029959387429993,0.36836987190133164
0.478,0.1,0.17938033361574351,0.7045610066447047,0.36778084546853584
0.48,0.1,0.17875761804099805,0.7061117662482904,0.367178118449111
0.482,0.1,0.1781343202112704,0.7076484005603304,0.36656187149025116
0.484,0.1,0.17751044998615323,0.7091710895572798,0.3659322822115564
0.486,0.1,0.17688601702113435,0.7106800102475989,0.3652895252672658
0.488,0.1,0.17626103077261132,0.7121753367323517,0.36463377240696404
0.49,0.1,0.17563550050276347,0.7136572402643252,0.36396519253480586
0.492,0.1,0.17500943528428556,0.7151258893057082,0.3632839517672998
0.494,0.1,0.17438284400498744,0.716581449584373,0.3625902134896927
0.496,0.1,0.1737557353722644,0.7180240841487981,0.36188413841099426
0.498,0.1,0.17312811791744206,0.7194539534216713,0.361165884617679
0.5,0.1,0.1725,0.720871215252208,0.360435607626104
0.502,0.1,0.17187138981167766,0.7222760249672234,0.3596934604336773
0.504,0.1,0.17124229538046684,0.7236685354209906,0.35893959356881133
0.506,0.1,0.17061272457449353,0.72504889704392,0.35817415513969647
0.508,0.1,0.1699826851057935,0.7264172578900903,0.3573972908819244
0.51,0.1,0.16935218453398412,0.7277737636836665,0.3566091442049966
0.512,0.1,0.1687212302698363,0.7291185578642309,0.35580985623774464
0.514,0.1,0.16808982957874907,0.7304517816310583,0.3549995658726943
0.516,0.1,0.1674579895841304,0.731773573986367,0.35417840980940163
0.518,0.1,0.1668257172706868,0.7330840717775677,0.3533465225967876
0.52,0.1,0.16619301948762427,0.7343834097385418,0.35250403667450003
0.522,0.1,0.16555990295176415,0.7356717205299732,0.35165108241332715
0.524,0.1,0.16492637425057532,0.7369491347787593,0.3507877881546894
0.526,0.1,0.16429243984512631,0.7382157811165256,0.34991428024923316
0.528,0.1,0.1636581060729592,0.7394717862172671,0.34903068309455004
0.53,0.1,0.16302337915088766,0.740717274834141,0.3481371191720462
0.532,0.1,0.1623882651777215,0.7419523698354314,0.3472337090829819
0.534,0.1,0.16175277013692047,0.743177192239709,0.3463205715837044
0.536,0.1,0.16111689989917796,0.7443918612502054,0.3453978236200953
0.538,0.1,0.16048066022493845,0.7455964942884241,0.3444655803612519
0.54,0.1,0.15984405676684957,0.7467912070270065,0.34352395523242296
0.542,0.1,0.1592070950721507,0.7479761134218732,0.3425730599472179
0.544,0.1,0.1585697805850007,0.7491513257436582,0.3416130045391081
0.546,0.1,0.15793211864874562,0.7503169546084553,0.34064389739223866
0.548,0.1,0.15729411450812888,0.7514731090078932,0.3396658452715677
0.55,0.1,0.15665577331144542,0.7526198963385567,0.3386789533523505
0.552,0.1,0.15601710011264083,0.7537574224307717,0.3376833252489857
0.554,0.1,0.15537809987335813,0.7548857915767669,0.336679063043238
0.556,0.1,0.15473877746493273,0.7560051065582324,0.3356662673118551
0.558,0.1,0.15409913767033762,0.7571154686732866,0.3346450371535926
0.56,0.1,0.15345918518607987,0.7582169777628671,0.3336154702156615
0.562,0.1,0.15281892462405025,0.759309732236562,0.3325776627196141
0.564,0.1,0.15217836051332675,0.7603938290978913,0.33153170948668065
0.566,0.1,0.15153749730193358,0.7614693639690576,0.33047770396257103
0.568,0.1,0.15089633935855717,0.7625364311151726,0.3294157382417546
0.57,0.1,0.15025489097421998,0.7635951234679783,0.3283459030912307
0.572,0.1,0.14961315636391315,0.7646455326490719,0.3272682879738028
0.574,0.1,0.14897113966818976,0.7656877489926461,0.3261829810708673
0.576,0.1,0.14832884495471926,0.7667218615677599,0.3250900693047302
0.578,0.1,0.14768627621980449,0.7677479582001465,0.32398963836046185
0.58,0.1,0.14704343738986173,0.7687661254935739,0.32288177270730106
0.582,0.1,0.14640033232286578,0.7697764488507663,0.32176655561962036
0.584,0.1,0.14575696480975997,0.7707790124938974,0.3206440691974613
0.586,0.1,0.14511333857583283,0.771773899484666,0.31951439438665175
0.588,0.1,0.14446945728206195,0.7727611917439646,0.31837761099851347
0.59,0.1,0.1438253245264259,0.7737409700711482,0.31723379772917076
0.592,0.1,0.1431809438451854,0.7747133141629154,0.3160830321784695
0.594,0.1,0.14253631871413405,0.7756783026318103,0.314925390868515
0.596,0.1,0.1418914525498201,0.7766360130243524,0.3137609492618384
0.598,0.1,0.14124634871073924,0.7775865218388053,0.3125897817791997
0.6,0.1,0.14060101049849982,0.7785299045425915,0.3114119618170366
0.602,0.1,0.1399554411589611,0.7794662355893618,0.310227561764566
0.604,0.1,0.1393096438833451,0.780395588435727,0.3090366530205479
0.606,0.1,0.13866362180932243,0.7813180355576603,0.3078393060097182
0.608,0.1,0.13801737802207376,0.7822336484665777,0.30663559019889847
0.61,0.1,0.13737091555532657,0.7831424977251029,0.30542557411279014
0.612,0.1,0.13672423739236828,0.7840446529625252,0.3042093253494598
0.614,0.1,0.13607734646703631,0.7849401828899573,0.3029869105955235
0.616,0.1,0.13543024566468573,0.7858291553151979,0.301758395641036
0.618,0.1,0.13478293782313494,0.7867116371573091,0.30052384539409205
0.62,0.1,0.13413542573358997,0.7875876944609116,0.2992833238951464
0.622,0.1,0.1334877121415483,0.7884573924102063,0.29803689433105796
0.624,0.1,0.13283979974768192,0.7893207953427274,0.2967846190488655
0.626,0.1,0.13219169120870108,0.7901779667628334,0.2955265595692997
0.628,0.1,0.13154338913819863,0.791028969354942,0.2942627766000384
0.63,0.1,0.13089489610747557,0.7918738649965136,0.29299333004871003
0.632,0.1,0.13024621464634853,0.79271271477079,0.29171827903565073
0.634,0.1,0.1295973472439391,0.7935455789792935,0.2904376819064214
0.636,0.1,0.12894829634944618,0.794372517154091,0.2891515962440891
0.638,0.1,0.12829906437290112,0.7951935880698293,0.2878600788812782
0.64,0.1,0.12764965368590636,0.7960088497555453,0.2865631859119963
0.642,0.1,0.1270000666223582,0.7968183595062573,0.28526097270324013
0.644,0.1,0.12635030547915355,0.7976221738943411,0.2839534939063854
0.646,0.1,0.12570037251688168,0.7984203487806963,0.2826408034683665
0.648,0.1,0.12505026996050075,0.7992129393257068,0.2813229546426488
0.65,0.1,0.12439999999999998,0.8,0.27999999999999997
0.652,0.1,0.12374956479104754,0.8007815845950094,0.27867199143906324
0.654,0.1,0.12309896645562446,0.8015577462333444,0.27733898019673714
0.656,0.1,0.12244820708264528,0.8023285373789714,0.27600101685836614
0.658,0.1,0.12179728872856517,0.8030940098472102,0.2746581513677459
0.66,0.1,0.12114621341797442,0.8038542148145504,0.27331043303694713
0.662,0.1,0.12049498314418032,0.8046092028282898,0.27195791055596197
0.664,0.1,0.11984359986977658,0.8053590238160006,0.27060063200217616
0.666,0.1,0.11919206552720107,0.8061037270948251,0.2692386448496716
0.668,0.1,0.1185403820192816,0.8068433613806067,0.2678719959783614
0.67,0.1,0.11788855121977053,0.8075779747968573,0.2665007316829629
0.672,0.1,0.11723657497386801,0.8083076148835653,0.26512489768180936
0.674,0.1,0.11658445509873447,0.8090323286058487,0.26374453912550666
0.676,0.1,0.11593219338399265,0.8097521623624551,0.2623597006054354
0.678,0.1,0.11527979159221884,0.8104671619941116,0.2609704261621039
0.68,0.1,0.11462725145942443,0.811177372791729,0.2595767592933532
0.682,0.1,0.11397457469552728,0.811882839504462,0.2581787429624189
0.684,0.1,0.11332176298481363,0.8125836063476294,0.25677641960585085
0.686,0.1,0.1126688179863904,0.8132797170104957,0.25536983114129563
0.688,0.1,0.11201574133462854,0.8139712146639186,0.25395901897514267
0.69,0.1,0.11136253463959683,0.8146581419678641,0.25254402401003795
0.692,0.1,0.11070919948748777,0.8153405410787916,0.25112488665226784
0.694,0.1,0.11005573744103397,0.816018453656913,0.2497016468190154
0.696,0.1,0.10940215003991674,0.8166919208733259,0.2482743439454911
0.698,0.1,0.10874843880116628,0.817360983417027,0.2468430169919422
0.7,0.1,0.10809460521955376,0.8180256815018039,0.2454077044505412
0.702,0.1,0.10744065076797578,0.8186860548730112,0.24396844435215737
0.704,0.1,0.10678657689783103,0.819342142814231,0.2425252742730124
0.706,0.1,0.10613238503938949,0.8199939841538217,0.24107823134122364
0.708,0.1,0.1054780766021544,0.8206416172713552,0.23962735224323575
0.71,0.1,0.1048236529752169,0.8212850801039472,0.2381726732301447
0.712,0.1,0.1041691155276039,0.8219244101524811,0.23671423012391457
0.714,0.1,0.10351446560861899,0.8225596444877272,0.23525205832349003
0.716,0.1,0.10285970454817667,0.8231908197563611,0.23378619281080656
0.718,0.1,0.10220483365713011,0.8238179721868811,0.2323166681567005
0.72,0.1,0.10154985422759251,0.8244411375954284,0.23084351852671997
0.722,0.1,0.10089476753325212,0.8250603513915102,0.22936677768683986
0.724,0.1,0.1002395748296813,0.8256756485836297,0.22788647900908182
0.726,0.1,0.09958427735463957,0.8262870637848223,0.22640265547704133
0.728,0.1,0.09892887632837061,0.8268946312181021,0.2249153396913238
0.73,0.1,0.098273372953894,0.8274983847218189,0.22342456387489112
0.732,0.1,0.09761776841729085,0.828098357754928,0.22193035987832072
0.734,0.1,0.09696206388798434,0.8286945834021742,0.22043275918497834
0.736,0.1,0.09630626051901471,0.829287094379192,0.2189317929161067
0.738,0.1,0.0956503594473092,0.8298759230375233,0.21742749183583113
0.74,0.1,0.09499436179394656,0.8304611013695542,0.2159198863560841
0.742,0.1,0.09433826866441694,0.831042661013372,0.21440900654144998
0.744,0.1,0.09368208114887662,0.8316206332575451,0.21289488211393154
0.746,0.1,0.09302580032239798,0.8321950490458259,0.21137754245763976
0.748,0.1,0.09236942724521477,0.8327659389817784,0.20985701662340817
0.75,0.1,0.09171296296296295,0.8333333333333333,0.20833333333333331
0.752,0.1,0.09105640850691683,0.8338972620372693,0.2068065209852428
0.754,0.1,0.09039976489422079,0.8344577547036249,0.20527660765709174
0.756,0.1,0.08974303312811692,0.8350148406200393,0.20374362111128957
0.758,0.1,0.08908621419816828,0.8355685487560262,0.2022075887989583
0.76,0.1,0.088429309080478,0.836118907767179,0.20066853786412295
0.762,0.1,0.08777231873790438,0.8366659459993121,0.19912649514783626
0.764,0.1,0.08711524412027215,0.8372096914925353,0.19758148719223834
0.766,0.1,0.08645808616457966,0.8377501719852664,0.19603354024455233
0.768,0.1,0.0858008457952024,0.8382874149181807,0.19448268026101792
0.77,0.1,0.08514352392409273,0.838821447438099,0.19292893291076277
0.772,0.1,0.08448612145097613,0.8393522964018169,0.19137232357961423
0.774,0.1,0.08382863926354353,0.8398799883798723,0.18981287737385114
0.776,0.1,0.0831710782376407,0.8404045496602583,0.18825061912389784
0.778,0.1,0.0825134392374536,0.8409260062520767,0.18668557338796102
0.78,0.1,0.08185572311569093,0.841444383889136,0.1851177644556099
0.782,0.1,0.08119793071376302,0.8419597080334955,0.183547216351302
0.784,0.1,0.08054006286195772,0.8424720038789542,0.18197395283785409
0.786,0.1,0.07988212037961295,0.8429812963544873,0.18039799741986023
0.788,0.1,0.07922410407528648,0.8434876101276305,0.17881937334705764
0.79,0.1,0.07856601474692229,0.8439909696078133,0.17723810361764075
0.792,0.1,0.07790785318201433,0.8444913989496415,0.17565421098152542
0.794,0.1,0.07724962015776714,0.8449889220561312,0.174067717943563
0.796,0.1,0.07659131644125367,0.8454835625818932,0.17247864676670618
0.798,0.1,0.0759329427895705,0.8459753439362704,0.17088701947512658
0.8,0.1,0.07527449994998997,0.8464642892864287,0.1692928578572857
0.802,0.1,0.07461598866011013,0.8469504215604009,0.16769618346895934
0.804,0.1,0.07395740964800143,0.8474337634500857,0.16609701763621676
0.806,0.1,0.07329876363235155,0.847914337414203,0.16449538145835532
0.808,0.1,0.07264005132260713,0.8483921656812041,0.16289129581079115
0.81,0.1,0.07198127341911328,0.8488672702521405,0.16128478134790664
0.812,0.1,0.07132243061325076,0.8493396729034889,0.15967585850585586
0.814,0.1,0.07066352358757061,0.8498093951899361,0.15806454750532817
0.816,0.1,0.07000455301592634,0.8502764584471227,0.15645086835427063
0.818,0.1,0.06934551956360437,0.8507408837943456,0.15483484085057095
0.82,0.1,0.0686864238874516,0.8512026921372229,0.15321648458470016
0.822,0.1,0.06802726663600114,0.8516619041703186,0.15159581894231675
0.824,0.1,0.06736804844959589,0.8521185403797303,0.14997286310683258
0.826,0.1,0.06670876996050978,0.8525726210456385,0.14834763606194112
0.828,0.1,0.06604943179306724,0.8530241662448194,0.14672015659410897
0.83,0.1,0.06539003456376044,0.8534731958531219,0.14509044329503076
0.832,0.1,0.06473057888136462,0.8539197295479088,0.1434585145640487
0.834,0.1,0.06407106534705136,0.8543637868104622,0.14182438861053676
0.836,0.1,0.06341149455450018,0.8548053869283557,0.14018808345625036
0.838,0.1,0.062751867090008,0.855244548997792,0.13854961693764234
0.84,0.1,0.062092183532596885,0.8556812919259073,0.13690900670814518
0.842,0.1,0.061432444454119994,0.8561156344330428,0.1352662702404208
0.844,0.1,0.060772650419365665,0.856547595054985,0.1336214248285777
0.846,0.1,0.06011280198615991,0.8569771921451728,0.13197448759035663
0.848,0.1,0.05945289970546708,0.8574044438768739,0.13032547546928486
0.85,0.1,0.05879294412148887,0.8578293682453318,0.1286744052367998
0.852,0.1,0.05813293577176175,0.8582519830698809,0.1270212934943424
0.854,0.1,0.05747287518725273,0.8586723059960328,0.1253661566754208
0.856,0.1,0.056812762892453544,0.8590903544975337,0.12370901104764487
0.858,0.1,0.056152599405473305,0.8595061458783919,0.12204987271473167
0.86,0.1,0.055492385238129674,0.8599196972748788,0.12038875761848304
0.862,0.1,0.05483212089603836,0.8603310256575005,0.11872568154073508
0.864,0.1,0.054171806878701434,0.8607401478329431,0.11706066010528027
0.866,0.1,0.053511443679593984,0.8611470804459902,0.1153937087797627
0.868,0.1,0.0528510317862494,0.8615518399814152,0.1137248428775468
0.87,0.1,0.052190571680343356,0.8619544427658461,0.11205407755956
0.872,0.1,0.051530063837776315,0.8623549049696058,0.11038142783610953
0.874,0.1,0.05086950872875478,0.8627532426085261,0.1087069085686743
0.876,0.1,0.05020890681787125,0.863149471545739,0.10703053447167163
0.878,0.1,0.049548258564182775,0.8635436074934398,0.10535232011419966
0.88,0.1,0.048887564421288374,0.8639356660146303,0.10367227992175564
0.882,0.1,0.048226824837405105,0.8643256625248359,0.10199042817793064
0.884,0.1,0.04756604025544302,0.8647136122937993,0.1003067790260807
0.886,0.1,0.04690521111307884,0.8650995304471529,0.09862134647097542
0.888,0.1,0.046244337842828484,0.8654834319680669,0.09693414438042348
0.89,0.1,0.045583420872118474,0.8658653316988763,0.09524518648687638
0.892,0.1,0.04492246062335613,0.8662452443426855,0.09355448638901001
0.894,0.1,0.04426145751399876,0.8666231844649515,0.09186205755328485
0.896,0.1,0.043600411956621614,0.866999166495046,0.09016791331548478
0.898,0.1,0.042939324358984954,0.8673732047277967,0.08847206688223525
0.9,0.1,0.04227819512409986,0.867745313325007,0.08677453133250068
0.902,0.1,0.04161702465029321,0.8681155063169578,0.08507531961906184
0.904,0.1,0.04095581333127142,0.8684837976038865,0.08337444456997307
0.906,0.1,0.040294561556183384,0.8688502009574488,0.08167191889000017
0.908,0.1,0.03963326970968234,0.8692147300221595,0.07996775516203865
0.91,0.1,0.038971938171986756,0.8695773983168158,0.0782619658485134
0.912,0.1,0.0383105673189403,0.8699382192359001,0.07655456329275918
0.914,0.1,0.037649157522070924,0.8702972060509657,0.07484555972038302
0.916,0.1,0.03698770914864889,0.8706543719120043,0.07313496724060833
0.918,0.1,0.03632622256174409,0.8710097298487945,0.07142279784760112
0.92,0.1,0.03566469812028233,0.8713632927722342,0.0697090634217787
0.922,0.1,0.0350031361791008,0.8717150734756538,0.06799377573110096
0.924,0.1,0.03434153708900274,0.8720650846361145,0.06627694643234466
0.926,0.1,0.033679901196811184,0.872413338815688,0.06455858707236088
0.928,0.1,0.033018228845421924,0.8727598484627206,0.06283870908931584
0.93,0.1,0.03235652037385568,0.8731046259130797,0.06111732381391553
0.932,0.1,0.031694776117309434,0.8734476833913862,0.05939444247061422
0.934,0.1,0.031032996407207053,0.8737890330122298,0.057670076178807116
0.936,0.1,0.03037118157124903,0.8741286867813678,0.05594423595400749
0.938,0.1,0.029709331933461643,0.8744666565969107,0.054216932709008514
0.94,0.1,0.029047447814245075,0.8748029542504914,0.05248817725502953
0.942,0.1,0.02838552953042124,0.8751375914284184,0.05075798030284831
0.944,0.1,0.02772357739528051,0.875470579712817,0.049026352463917795
0.946,0.1,0.02706159171862789,0.8758019305827535,0.04729330425146873
0.948,0.1,0.02639957280682853,0.8761316554153459,0.04555884608159803
0.95,0.1,0.02573752096285247,0.8764597654868614,0.04382298827434311
0.952,0.1,0.025075436486318818,0.8767862719737988,0.04208574105474238
0.954,0.1,0.024413319673539158,0.8771111859539578,0.040347114553882096
0.956,0.1,0.02375117081756041,0.877434518407495,0.038607118809929813
0.958,0.1,0.02308899020820699,0.8777562802179659,0.036865763769154604
0.96,0.1,0.02242677813212239,0.878076482173355,0.03512305928693423
0.962,0.1,0.02176453487281009,0.8783951349670917,0.03337901512874951
0.964,0.1,0.021102260710673917,0.8787122491990542,0.03163364097116598
0.966,0.1,0.0204399559230578,0.8790278353765614,0.029886946402803115
0.968,0.1,0.019777620784284904,0.8793419039153508,0.02813894092529125
0.97,0.1,0.019115255565696217,0.8796544651405463,0.026389633954216413
0.972,0.1,0.018452860535688606,0.8799655292876125,0.024639034820053172
0.974,0.1,0.017790435959752233,0.8802751065032975,0.022887152769085758
0.976,0.1,0.017127982100507505,0.8805832068465645,0.02113399696431757
0.978,0.1,0.016465499217741437,0.8808898402895116,0.01937957648636927
0.98,0.1,0.015802987568443512,0.8811950167182802,0.01762390033436562
0.982,0.1,0.015140447406841014,0.8814987459339524,0.015866977426811157
0.984,0.1,0.014477878984433833,0.8818010376534374,0.014108816602455011
0.986,0.1,0.013815282550028788,0.882101901510347,0.012349426621144868
0.988,0.1,0.013152658349773468,0.8824013470558602,0.010588816164670332
0.99,0.1,0.012490006627189526,0.8826993837595776,0.008826993837595784
0.992,0.1,0.011827327623205566,0.8829960210103652,0.007063968168082928
0.994,0.1,0.01116462157618951,0.8832912681171883,0.005299747608703134
0.996,0.1,0.010501888721980532,0.8835851343099342,0.00353434053723974
0.998,0.1,0.0098391292939205,0.883877628740227,0.0017677552574804556
1.0,0.1,0.009176343522885017,0.88416876048223,0.0
0.0,0.25,0.14400000000000002,0.0,0.0
0.002,0.25,0.14400000000000002,0.0,0.0
0.004,0.25,0.14400000000000002,0.0,0.0
0.006,0.25,0.14400000000000002,0.0,0.0
0.008,0.25,0.14400000000000002,0.0,0.0
0.01,0.25,0.14400000000000002,0.0,0.0
0.012,0.25,0.14400000000000002,0.0,0.0
0.014,0.25,0.14400000000000002,0.0,0.0
0.016,0.25,0.14400000000000002,0.0,0.0
0.018,0.25,0.14400000000000002,0.0,0.0
0.02,0.25,0.14400000000000002,0.0,0.0
0.022,0.25,0.14400000000000002,0.0,0.0
0.024,0.25,0.14400000000000002,0.0,0.0
0.026,0.25,0.14400000000000002,0.0,0.0
0.028,0.25,0.14400000000000002,0.0,0.0
0.03,0.25,0.14400000000000002,0.0,0.0
0.032,0.25,0.14400000000000002,0.0,0.0
0.034,0.25,0.14400000000000002,0.0,0.0
0.036,0.25,0.14400000000000002,0.0,0.0
0.038,0.25,0.14400000000000002,0.0,0.0
0.04,0.25,0.14400000000000002,0.0,0.0
0.042,0.25,0.14400000000000002,0.0,0.0
0.044,0.25,0.14400000000000002,0.0,0.0
0.046,0.25,0.14400000000000002,0.0,0.0
0.048,0.25,0.14400000000000002,0.0,0.0
0.05,0.25,0.14400000000000002,0.0,0.0
0.052,0.25,0.14400000000000002,0.0,0.0
0.054,0.25,0.14400000000000002,0.0,0.0
0.056,0.25,0.14400000000000002,0.0,0.0
0.058,0.25,0.14400000000000002,0.0,0.0
0.06,0.25,0.14400000000000002,0.0,0.0
0.062,0.25,0.14400000000000002,0.0,0.0
0.064,0.25,0.14400000000000002,0.0,0.0
0.066,0.25,0.14400000000000002,0.0,0.0
0.068,0.25,0.14400000000000002,0.0,0.0
0.07,0.25,0.14400000000000002,0.0,0.0
0.072,0.25,0.14400000000000002,0.0,0.0
0.074,0.25,0.14400000000000002,0.0,0.0
0.076,0.25,0.14400000000000002,0.0,0.0
0.078,0.25,0.14400000000000002,0.0,0.0
0.08,0.25,0.14400000000000002,0.0,0.0
0.082,0.25,0.14400000000000002,0.0,0.0
0.084,0.25,0.14400000000000002,0.0,0.0
0.086,0.25,0.14400000000000002,0.0,0.0
0.088,0.25,0.14400000000000002,0.0,0.0
0.09,0.25,0.14400000000000002,0.0,0.0
0.092,0.25,0.14400000000000002,0.0,0.0
0.094,0.25,0.14400000000000002,0.0,0.0
0.096,0.25,0.14400000000000002,0.0,0.0
0.098,0.25,0.14400000000000002,0.0,0.0
0.1,0.25,0.14400000000000002,0.0,0.0
0.102,0.25,0.14400000000000002,0.0,0.0
0.104,0.25,0.14400000000000002,0.0,0.0
0.106,0.25,0.14400000000000002,0.0,0.0
0.108,0.25,0.14400000000000002,0.0,0.0
0.11,0.25,0.14400000000000002,0.0,0.0
0.112,0.25,0.14400000000000002,0.0,0.0
0.114,0.25,0.14400000000000002,0.0,0.0
0.116,0.25,0.14400000000000002,0.0,0.0
0.118,0.25,0.14400000000000002,0.0,0.0
0.12,0.25,0.14400000000000002,0.0,0.0
0.122,0.25,0.14400000000000002,0.0,0.0
0.124,0.25,0.14400000000000002,0.0,0.0
0.126,0.25,0.14400000000000002,0.0,0.0
0.128,0.25,0.14400000000000002,0.0,0.0
0.13,0.25,0.14400000000000002,0.0,0.0
0.132,0.25,0.14400000000000002,0.0,0.0
0.134,0.25,0.14400000000000002,0.0,0.0
0.136,0.25,0.14400000000000002,0.0,0.0
0.138,0.25,0.14400000000000002,0.0,0.0
0.14,0.25,0.14400000000000002,0.0,0.0
0.142,0.25,0.14400000000000002,0.0,0.0
0.144,0.25,0.14400000000000002,0.0,0.0
0.146,0.25,0.14400000000000002,0.0,0.0
0.148,0.25,0.14400000000000002,0.0,0.0
0.15,0.25,0.14400000000000002,0.0,0.0
0.152,0.25,0.14400000000000002,0.0,0.0
0.154,0.25,0.14400000000000002,0.0,0.0
0.156,0.25,0.14400000000000002,0.0,0.0
0.158,0.25,0.14400000000000002,0.0,0.0
0.16,0.25,0.14400000000000002,0.0,0.0
0.162,0.25,0.14400000000000002,0.0,0.0
0.164,0.25,0.14400000000000002,0.0,0.0
0.166,0.25,0.14400000000000002,0.0,0.0
0.168,0.25,0.14400000000000002,0.0,0.0
0.17,0.25,0.14400000000000002,0.0,0.0
0.172,0.25,0.14400000000000002,0.0,0.0
0.174,0.25,0.14400000000000002,0.0,0.0
0.176,0.25,0.14400000000000002,0.0,0.0
0.178,0.25,0.14400000000000002,0.0,0.0
0.18,0.25,0.14400000000000002,0.0,0.0
0.182,0.25,0.14400000000000002,0.0,0.0
0.184,0.25,0.14400000000000002,0.0,0.0
0.186,0.25,0.14400000000000002,0.0,0.0
0.188,0.25,0.14400000000000002,0.0,0.0
0.19,0.25,0.14400000000000002,0.0,0.0
0.192,0.25,0.14400000000000002,0.0,0.0
0.194,0.25,0.14400000000000002,0.0,0.0
0.196,0.25,0.14400000000000002,0.0,0.0
0.198,0.25,0.14400000000000002,0.0,0.0
0.2,0.25,0.14400000000000002,0.0,0.0
0.202,0.25,0.14400000000000002,0.0,0.0
0.204,0.25,0.14400000000000002,0.0,0.0
0.206,0.25,0.14400000000000002,0.0,0.0
0.208,0.25,0.14400000000000002,0.0,0.0
0.21,0.25,0.14400000000000002,0.0,0.0
0.212,0.25,0.14400000000000002,0.0,0.0
0.214,0.25,0.14400000000000002,0.0,0.0
0.216,0.25,0.14400000000000002,0.0,0.0
0.218,0.25,0.14400000000000002,0.0,0.0
0.22,0.25,0.14400000000000002,0.0,0.0
0.222,0.25,0.14400000000000002,0.0,0.0
0.224,0.25,0.14400000000000002,0.0,0.0
0.226,0.25,0.14400000000000002,0.0,0.0
0.228,0.25,0.14400000000000002,0.0,0.0
0.23,0.25,0.14400000000000002,0.0,0.0
0.232,0.25,0.14400000000000002,0.0,0.0
0.234,0.25,0.14400000000000002,0.0,0.0
0.236,0.25,0.14400000000000002,0.0,0.0
0.238,0.25,0.14400000000000002,0.0,0.0
0.24,0.25,0.14400000000000002,0.0,0.0
0.242,0.25,0.14400000000000002,0.0,0.0
0.244,0.25,0.14400000000000002,0.0,0.0
0.246,0.25,0.14400000000000002,0.0,0.0
0.248,0.25,0.14400000000000002,0.0,0.0
0.25,0.25,0.14400000000000002,0.0,0.0
0.252,0.25,0.14400000000000002,0.0,0.0
0.254,0.25,0.14400000000000002,0.0,0.0
0.256,0.25,0.14400000000000002,0.0,0.0
0.258,0.25,0.14400000000000002,0.0,0.0
0.26,0.25,0.14400000000000002,0.0,0.0
0.262,0.25,0.14400000000000002,0.0,0.0
0.264,0.25,0.14400000000000002,0.0,0.0
0.266,0.25,0.14400000000000002,0.0,0.0
0.268,0.25,0.14400000000000002,0.0,0.0
0.27,0.25,0.14400000000000002,0.0,0.0
0.272,0.25,0.14400000000000002,0.0,0.0
0.274,0.25,0.14400000000000002,0.0,0.0
0.276,0.25,0.14400000000000002,0.0,0.0
0.278,0.25,0.14400000000000002,0.0,0.0
0.28,0.25,0.14400000000000002,0.0,0.0
0.282,0.25,0.14400000000000002,0.0,0.0
0.284,0.25,0.14400000000000002,0.0,0.0
0.286,0.25,0.14400000000000002,0.0,0.0
0.288,0.25,0.14400000000000002,0.0,0.0
0.29,0.25,0.14400000000000002,0.0,0.0
0.292,0.25,0.14400000000000002,0.0,0.0
0.294,0.25,0.14400000000000002,0.0,0.0
0.296,0.25,0.14400000000000002,0.0,0.0
0.298,0.25,0.14400000000000002,0.0,0.0
0.3,0.25,0.14400000000000002,0.0,0.0
0.302,0.25,0.14400000000000002,0.0,0.0
0.304,0.25,0.14400000000000002,0.0,0.0
0.306,0.25,0.14400000000000002,0.0,0.0
0.308,0.25,0.14400000000000002,0.0,0.0
0.31,0.25,0.14400000000000002,0.0,0.0
0.312,0.25,0.14400000000000002,0.0,0.0
0.314,0.25,0.14400000000000002,0.0,0.0
0.316,0.25,0.14400000000000002,0.0,0.0
0.318,0.25,0.14400000000000002,0.0,0.0
0.32,0.25,0.14400000000000002,0.0,0.0
0.322,0.25,0.14400000000000002,0.0,0.0
0.324,0.25,0.14400000000000002,0.0,0.0
0.326,0.25,0.14400000000000002,0.0,0.0
0.328,0.25,0.14400000000000002,0.0,0.0
0.33,0.25,0.14400000000000002,0.0,0.0
0.332,0.25,0.14400000000000002,0.0,0.0
0.334,0.25,0.14400000000000002,0.0,0.0
0.336,0.25,0.14400000000000002,0.0,0.0
0.338,0.25,0.14400000000000002,0.0,0.0
0.34,0.25,0.14400000000000002,0.0,0.0
0.342,0.25,0.14400000000000002,0.0,0.0
0.344,0.25,0.14400000000000002,0.0,0.0
0.346,0.25,0.14400000000000002,0.0,0.0
0.348,0.25,0.14400000000000002,0.0,0.0
0.35,0.25,0.14400000000000002,0.0,0.0
0.352,0.25,0.14400000000000002,0.0,0.0
0.354,0.25,0.14400000000000002,0.0,0.0
0.356,0.25,0.14400000000000002,0.0,0.0
0.358,0.25,0.14400000000000002,0.0,0.0
0.36,0.25,0.14400000000000002,0.0,0.0
0.362,0.25,0.14400000000000002,0.0,0.0
0.364,0.25,0.14400000000000002,0.0,0.0
0.366,0.25,0.14400000000000002,0.0,0.0
0.368,0.25,0.14400000000000002,0.0,0.0
0.37,0.25,0.14400000000000002,0.0,0.0
0.372,0.25,0.14400000000000002,0.0,0.0
0.374,0.25,0.14400000000000002,0.0,0.0
0.376,0.25,0.14400000000000002,0.0,0.0
0.378,0.25,0.14400000000000002,0.0,0.0
0.38,0.25,0.14400000000000002,0.0,0.0
0.382,0.25,0.14400000000000002,0.0,0.0
0.384,0.25,0.14400000000000002,0.0,0.0
0.386,0.25,0.14400000000000002,0.0,0.0
0.388,0.25,0.14400000000000002,0.0,0.0
0.39,0.25,0.14400000000000002,0.0,0.0
0.392,0.25,0.14400000000000002,0.0,0.0
0.394,0.25,0.14400000000000002,0.0,0.0
0.396,0.25,0.14400000000000002,0.0,0.0
0.398,0.25,0.14400000000000002,0.0,0.0
0.4,0.25,0.14428970649714407,0.005986512699332702,0.0035919076195996213
0.402,0.25,0.14457507707859815,0.012151095012291946,0.007266354817350583
0.404,0.25,0.14484454395037635,0.018253998649933822,0.010879383195360557
0.406,0.25,0.1450984357028192,0.024296133358812422,0.014431903215134578
0.408,0.25,0.14533707266180462,0.03027839104329766,0.017924807497632218
0.41,0.25,0.1455607671345465,0.0362016462007545,0.02135897125844516
0.412,0.25,0.1457698236469526,0.042066756344046996,0.024735252730299636
0.414,0.25,0.14596453917286978,0.04787456241179566,0.028054493573312262
0.416,0.25,0.14614520335553105,0.053625889166801444,0.031317519273412045
0.418,0.25,0.14631209872150536,0.0593215455830306,0.03452513952932381
0.42,0.25,0.14646550088743726,0.06496232522154421,0.037678148628495646
0.422,0.25,0.14660567875985275,0.07054900659573826,0.04077732581233672
0.424,0.25,0.1467328947282938,0.07608235352624393,0.04382343563111651
0.426,0.25,0.14684740485203537,0.08156311548583572,0.04681722828886971
0.428,0.25,0.14694945904062529,0.0869920279346642,0.04975943997862793
0.43,0.25,0.14703930122847983,0.0923698126461382,0.052650793208298775
0.432,0.25,0.14711716954375575,0.09769717802375111,0.055491997117490637
0.434,0.25,0.14718329647171274,0.10297481940915032,0.058283747785579085
0.436,0.25,0.1472379090127687,0.10820341938172484,0.06102672853129282
0.438,0.25,0.14728122883544437,0.11338364804998846,0.06372161020409352
0.44,0.25,0.14731347242438392,0.11851616333501303,0.0663690514676073
0.442,0.25,0.1473348512236318,0.12360161124616897,0.0689696990753623
0.444,0.25,0.1473455717753375,0.1286406261494134,0.07152418813907387
0.446,0.25,0.1473458358540543,0.13363383102835835,0.07403314238971054
0.448,0.25,0.14733584059679034,0.13858183773834887,0.07649717443156859
0.45,0.25,0.14731577862896386,0.14348524725376277,0.07891688598956953
0.452,0.25,0.14728583818641,0.1483446499087474,0.08129286814999359
0.454,0.25,0.1472462032335782,0.15316062563159305,0.0836257015948498
0.456,0.25,0.1471970535780558,0.15793374417293782,0.08591595683007817
0.458,0.25,0.14713856498154704,0.16266456532799456,0.08816419440777305
0.46,0.25,0.14707090926743197,0.16735363915298063,0.09037096514260955
0.462,0.25,0.14699425442502428,0.17200150617592525,0.0925368103226478
0.464,0.25,0.14690876471064365,0.17660869760202635,0.09466226191468613
0.466,0.25,0.14681460074561234,0.18117573551371935,0.09674784276432614
0.468,0.25,0.14671191961128233,0.18570313306561492,0.09879406679090715
0.47,0.25,0.14660087494119503,0.19019139467446078,0.10080143917746422
0.472,0.25,0.14648161701047163,0.1946410162042752,0.10277045655585731
0.474,0.25,0.14635429282252835,0.1990524851467903,0.1047016071872117
0.476,0.25,0.1462190461932075,0.2034262807973508,0.10659537113781183
0.478,0.25,0.14607601783241142,0.20776287442639407,0.10845222045057772
0.48,0.25,0.1459253454233236,0.21206272944664417,0.11027261931225497
0.482,0.25,0.14576716369929738,0.2163263015761443,0.11205702421644274
0.484,0.25,0.14560160451849075,0.22055403899724635,0.11380588412257912
0.486,0.25,0.14542879693632133,0.2247463825116751,0.115519640611001
0.488,0.25,0.14524886727581449,0.22890376569178061,0.11719872803419168
0.49,0.25,0.14506193919591331,0.23302661502808486,0.11884357366432328
0.492,0.25,0.14486813375781812,0.23711535007323092,0.1204545978372013
0.494,0.25,0.14466756948941908,0.24117038358243625,0.12203221409271274
0.496,0.25,0.14446036244788502,0.2451921216505465,0.12357682931187543
0.498,0.25,0.1442466262804674,0.24918096384578836,0.12508884385058575
0.5,0.25,0.14402647228357757,0.25313730334031137,0.12656865167015569
0.502,0.25,0.14380000946019292,0.25706152703761076,0.12801664046473016
0.504,0.25,0.14356734457564535,0.2609540156969148,0.12943319178566973
0.506,0.25,0.14332858221184375,0.2648151440546246,0.13081868116298453
0.508,0.25,0.1430838248199803,0.26864528094288387,0.13217347822389885
0.51,0.25,0.14283317277176896,0.27244478940535877,0.13349794680862578
0.512,0.25,0.14257672440926178,0.27621402681030605,0.13479244508342936
0.514,0.25,0.14231457609328868,0.2799533449610002,0.1360573256510461
0.516,0.25,0.14204682225056292,0.2836630902035926,0.1372929356585388
0.518,0.25,0.1417735554194947,0.28734360353247346,0.1384996169026522
0.52,0.25,0.14149486629475252,0.2909952206932015,0.1396777059327367
0.522,0.25,0.14121084377061122,0.2946182722830677,0.14082753415130636
0.524,0.25,0.14092157498312433,0.29821308384935674,0.1419494279122938
0.526,0.25,0.14062714535115656,0.30177997598536654,0.14304370861706373
0.528,0.25,0.14032763861631195,0.3053192644242454,0.14411069280824382
0.53,0.25,0.14002313688179024,0.30883126013070583,0.14515069226143174
0.532,0.25,0.13971372065020538,0.31231626939066837,0.1461640140748328
0.534,0.25,0.13939946886039686,0.31577459389889273,0.147150960756884
0.536,0.25,0.13908045892326415,0.3192065308446457,0.14811183031191558
0.538,0.25,0.13875676675665422,0.3226123729954592,0.14904691632390213
0.54,0.25,0.13842846681932974,0.3259924087790276,0.14995650803835267
0.542,0.25,0.1380956321440463,0.329346922363291,0.15084089044238727
0.544,0.25,0.1377583343697645,0.3326761937347533,0.1517003443430475
0.546,0.25,0.1374166437730224,0.3359804987750782,0.1525351464438855
0.548,0.25,0.13707062929849398,0.3392601093360087,0.15334556941987593
0.55,0.25,0.13672035858875678,0.34251529331265174,0.15413188199069328
0.552,0.25,0.13636589801329196,0.3457463147151706,0.1548943489923964
0.554,0.25,0.13600731269673988,0.34895343373892374,0.15563323144755997
0.556,0.25,0.13564466654643204,0.35213690683309096,0.15634878663389237
0.558,0.25,0.1352780222792207,0.35529698676782273,0.15704126815137762
0.56,0.25,0.1349074414476269,0.3584339226999519,0.1577109259879788
0.562,0.25,0.13453298446532574,0.3615479602373023,0.1583580065839384
0.564,0.25,0.1341547106319885,0.3646393415016279,0.15898275289470978
0.566,0.25,0.1337726781574997,0.3677083051902216,0.15958540445255617
0.568,0.25,0.13338694418556746,0.37075508663621637,0.16016619742684549
0.57,0.25,0.1329975648167434,0.3737799178676232,0.160725364683078
0.572,0.25,0.13260459513086997,0.37678302766512783,0.16126313584067473
0.574,0.25,0.1322080892089702,0.3797646416186785,0.16177973732955706
0.576,0.25,0.13180810015459674,0.38272498218289763,0.16227539244554862
0.578,0.25,0.1314046801146542,0.3856642687313411,0.16275032140462595
0.58,0.25,0.1309978802997105,0.3885827176096356,0.16320474139604696
0.582,0.25,0.13058775100381048,0.3914805421875217,0.1636388666343841
0.584,0.25,0.13017434162380662,0.39435795290982645,0.1640529084104878
0.586,0.25,0.1297577006782193,0.39721515734639246,0.1644470751414065
0.588,0.25,0.12933787582564005,0.4000523602409889,0.16482157241928744
0.59,0.25,0.12891491388269039,0.40286976355922766,0.16517660305928336
0.592,0.25,0.12848886084154812,0.4056675665355082,0.16551236714648734
0.594,0.25,0.12805976188705293,0.40844596571901415,0.16582906208191975
0.596,0.25,0.12762766141340312,0.4112051550187843,0.16612688262758887
0.598,0.25,0.12719260304045416,0.4139453257478798,0.1664060209506477
0.6,0.25,0.12675462962962963,0.4166666666666665,0.16666666666666663
0.602,0.25,0.12631378329945583,0.4193693640252377,0.16690900688204463
0.604,0.25,0.12587010544072905,0.42205360160499017,0.1671332262355761
0.606,0.25,0.12542363673132634,0.4247195607593811,0.16733950693919616
0.608,0.25,0.12497441715066851,0.42736742045387865,0.16752802881792045
0.61,0.25,0.12452248599384522,0.4299973573051272,0.1676989693489996
0.612,0.25,0.12406788188541042,0.4326095456193447,0.16785250370030577
0.614,0.25,0.12361064279285769,0.4352041574299701,0.16798880476796846
0.616,0.25,0.1231508060397832,0.4377813625345779,0.1681080432132779
0.618,0.25,0.12268840831874472,0.440341328531075,0.16821038749887066
0.62,0.25,0.12222348570382485,0.44288422085319823,0.16829600392421534
0.622,0.25,0.12175607366290583,0.44541020280532706,0.16836505666041363
0.624,0.25,0.12128620706966364,0.4479194355966264,0.16841770778433152
0.626,0.25,0.12081392021528864,0.4504120783745359,0.16845411731207643
0.628,0.25,0.12033924681993978,0.45288828825761906,0.1684744432318343
0.63,0.25,0.11986222004393919,0.45534822036778677,0.16847884153608111
0.632,0.25,0.11938287249871395,0.45779202786190987,0.16846746625318282
0.634,0.25,0.11890123625749138,0.4602198619628327,0.16844046947839678
0.636,0.25,0.1184173428657542,0.4626318719898024,0.16839800140428807
0.638,0.25,0.11793122335146178,0.46502820538832557,0.16834021035057384
0.64,0.25,0.11744290823504296,0.46740900775946526,0.1682672427934075
0.642,0.25,0.11695242753916694,0.4697744228885917,0.16817924339411583
0.644,0.25,0.11645981079829731,0.4721245927735954,0.16807635502739995
0.646,0.25,0.11596508706803449,0.47445965765257914,0.167958718809013
0.648,0.25,0.11546828493425271,0.47677975603103373,0.16782647412292387
0.65,0.25,0.1149694325220357,0.47908502470851655,0.1676797586479808
0.652,0.25,0.11446855750441687,0.4813755988048354,0.1675187083840827
0.654,0.25,0.11396568711092811,0.48365161178575444,0.16734345767787104
0.656,0.25,0.1134608481359628,0.48591319548822975,0.16715413924795103
0.658,0.25,0.1129540669469568,0.4881604801451839,0.16695088420965287
0.66,0.25,0.11244536949239242,0.490393594409831,0.1667338220993425
0.662,0.25,0.11193478130962949,0.4926126653795615,0.16650308089829177
0.664,0.25,0.11142232753256777,0.49481781861939445,0.16625878705611652
0.666,0.25,0.11090803289914504,0.497009178185008,0.16600106551379265
0.668,0.25,0.11039192175867442,0.49918686664535683,0.16573003972625844
0.67,0.25,0.10987401807902528,0.5013510051048831,0.16544583168461138
0.672,0.25,0.1093543454536512,0.503501713225333,0.1651485619379092
0.674,0.25,0.10883292710846892,0.5056391092471838,0.1648383496145819
0.676,0.25,0.1083097859085915,0.5077633100106911,0.1645153124434639
0.678,0.25,0.10778494436491969,0.5098744309765633,0.16417956677445333
0.68,0.25,0.10725842464059443,0.5119725862462725,0.16383122759880717
0.682,0.25,0.10673024855731397,0.5140578885820073,0.1634704085690783
0.684,0.25,0.10620043760151901,0.5161304494262757,0.1630972220187031
0.686,0.25,0.10566901293044853,0.5181903789211659,0.16271177898124609
0.688,0.25,0.10513599537806997,0.5202377859272712,0.16231418920930865
0.69,0.25,0.10460140546088606,0.5222727780422857,0.1619045611931086
0.692,0.25,0.1040652633836218,0.5242954616192774,0.16148300217873748
0.694,0.25,0.10352758904479407,0.5263059417846468,0.16104961818610197
0.696,0.25,0.1029884020421665,0.5283043224557747,0.16060451402655554
0.698,0.25,0.10244772167809262,0.5302907063583672,0.1601477933202269
0.7,0.25,0.10190556696474963,0.5322651950435043,0.15967955851305132
0.702,0.25,0.1013619566292655,0.5342278889043962,0.1591999108935101
0.704,0.25,0.1008169091187416,0.5361788871928549,0.15870895060908508
0.706,0.25,0.10027044260517348,0.5381182880354857,0.1582067766824328
0.708,0.25,0.0997225749902723,0.5400461884496041,0.15769348702728442
0.71,0.25,0.09917332391018853,0.5419626843588852,0.15716917846407671
0.712,0.25,0.0986227067401411,0.5438678706087477,0.15663394673531936
0.714,0.25,0.09807074059895324,0.5457618409814813,0.15608788652070366
0.716,0.25,0.09751744235349787,0.547644688211119,0.15553109145195781
0.718,0.25,0.09696282862305394,0.5495165039980632,0.15496365412745383
0.72,0.25,0.09640691578357632,0.5513773790234656,0.1543856661265704
0.722,0.25,0.0958497199718808,0.5532274029633709,0.15379721802381713
0.724,0.25,0.09529125708974612,0.5550666645026244,0.15319839940272437
0.726,0.25,0.0947315428079353,0.5568952513485506,0.15258929886950287
0.728,0.25,0.09417059257013745,0.5587132502444062,0.1519700040664785
0.73,0.25,0.09360842159683233,0.5605207469826136,0.15134060168530566
0.732,0.25,0.09304504488907912,0.5623178264177748,0.15070117747996367
0.734,0.25,0.09248047723223125,0.5641045724794757,0.15005181627954053
0.736,0.25,0.09191473319957877,0.5658810681848797,0.14939260200080826
0.738,0.25,0.09134782715591987,0.5676473956511181,0.14872361766059294
0.74,0.25,0.09077977326106326,0.5694036361074786,0.14804494538794444
0.742,0.25,0.09021058547326286,0.5711498699073978,0.14735666643610865
0.744,0.25,0.08964027755258608,0.5728861765402602,0.1466588611943066
0.746,0.25,0.08906886306421746,0.5746126346430069,0.14595160919932376
0.748,0.25,0.0884963553816989,0.5763293220115597,0.14523498914691305
0.75,0.25,0.08792276769010776,0.5780363156120608,0.1445090789030152
0.752,0.25,0.08734811298917458,0.5797336915919349,0.14377395551479985
0.754,0.25,0.08677240409634107,0.5814215252907744,0.1430296952215305
0.756,0.25,0.08619565364976034,0.5830998912510527,0.14227637346525684
0.758,0.25,0.0856178741112401,0.5847688632286671,0.14151406490133742
0.76,0.25,0.0850390777691304,0.5864285142033169,0.14074284340879603
0.762,0.25,0.0844592767411568,0.5880789163887169,0.1399627821005146
0.764,0.25,0.08387848297720049,0.5897201412426507,0.13917395333326557
0.766,0.25,0.08329670826202593,0.5913522594768682,0.13837642871758715
0.768,0.25,0.08271396421795792,0.5929753410668267,0.13757027912750378
0.77,0.25,0.08213026230750833,0.5945894552612815,0.13675557471009472
0.772,0.25,0.08154561383595423,0.5961946705917269,0.13593238489491372
0.774,0.25,0.08096002995386783,0.5977910548816923,0.13510077840326243
0.776,0.25,0.08037352165960007,0.5993786752558926,0.13426082325731994
0.778,0.25,0.07978609980171777,0.6009575981492401,0.1334125867891313
0.78,0.25,0.07919777508139628,0.6025278893157155,0.1325561356494574
0.782,0.25,0.07860855805476791,0.6040896138371051,0.1316915358164889
0.784,0.25,0.07801845913522751,0.6056428361316026,0.13081885260442616
0.786,0.25,0.0774274885956956,0.607187619962281,0.1299381506719281
0.788,0.25,0.07683565657084056,0.6087240284454352,0.12904949403043223
0.79,0.25,0.07624297305925994,0.6102521240587979,0.12815294605234753
0.792,0.25,0.07564944792562259,0.6117719686496316,0.12724856947912333
0.794,0.25,0.07505509090277168,0.6132836234426977,0.1263364264291957
0.796,0.25,0.07445991159378984,0.6147871490481066,0.12541657840581372
0.798,0.25,0.07386391947402711,0.6162826054690494,0.12448908630474796
0.8,0.25,0.07326712389309224,0.6177700521094133,0.12355401042188263
0.802,0.25,0.07266953407680853,0.6192495477812839,0.1226114104606942
0.804,0.25,0.07207115912913444,0.6207211507123362,0.12166134553961787
0.806,0.25,0.07147200803404999,0.6221849185531142,0.12070387419930412
0.808,0.25,0.07087208965740956,0.6236409083842029,0.11973905440976693
0.81,0.25,0.07027141274876177,0.6250891767232961,0.11876694357742623
0.812,0.25,0.06966998594313706,0.6265297795321573,0.11778759855204553
0.814,0.25,0.06906781776280375,0.6279627722234792,0.11680107563356716
0.816,0.25,0.06846491661899286,0.6293882096676434,0.11580743057884642
0.818,0.25,0.0678612908135929,0.6308061461993794,0.11480671860828708
0.82,0.25,0.06725694854081476,0.6322166356243272,0.11379899441237892
0.822,0.25,0.06665189788882725,0.6336197312255046,0.11278431215813986
0.824,0.25,0.06604614684136428,0.6350154857696796,0.11176272549546364
0.826,0.25,0.06543970327930401,0.6364039515136505,0.11073428756337521
0.828,0.25,0.0648325749822203,0.637785180210436,0.10969905099619501
0.83,0.25,0.06422476962990739,0.6391592231153747,0.10865706792961372
0.832,0.25,0.0636162948038783,0.640526130992138,0.1076083900066792
0.834,0.25,0.06300715798883696,0.6418859541186552,0.1065530683836968
0.836,0.25,0.06239736657412537,0.6432387422929553,0.10549115373604469
0.838,0.25,0.061786927855145515,0.6445845448389236,0.10442269626390564
0.84,0.25,0.061175849034757174,0.6459234106119777,0.10334774569791645
0.842,0.25,0.060564137224651586,0.6472553880046614,0.10226635130473652
0.844,0.25,0.05995179944670171,0.6485805249521606,0.10117856189253707
0.846,0.25,0.059338842634289526,0.64989886893774,0.10008442581641197
0.848,0.25,0.058725273633610624,0.6512104669981028,0.09898399098371165
0.85,0.25,0.058111099204956815,0.6525153657286761,0.09787730485930142
0.852,0.25,0.05749632602397693,0.653813611288821,0.09676441447074552
0.854,0.25,0.056880960682916315,0.6551052494069698,0.0956453664134176
0.856,0.25,0.05626500969183543,0.6563903253856909,0.0945202068555395
0.858,0.25,0.05564847947980803,0.6576688841066844,0.0933889815431492
0.86,0.25,0.05503137639609915,0.6589409700357064,0.0922517358049989
0.862,0.25,0.05441370671132342,0.6602066272274254,0.09110851455738471
0.864,0.25,0.05379547661858397,0.6614658993302123,0.08995936230890887
0.866,0.25,0.053176692234592406,0.6627188295908628,0.08880432316517563
0.868,0.25,0.05255735960077014,0.6639654608592551,0.08764344083342168
0.87,0.25,0.05193748468433139,0.6652058355929441,0.08647675862708273
0.872,0.25,0.05131707337934835,0.666439995861691,0.08530431947029644
0.874,0.25,0.050696131507798614,0.667667983351933,0.08412616590234356
0.876,0.25,0.0500746648205955,0.6688898393711892,0.08294234008202746
0.878,0.25,0.04945267899860122,0.6701056048524088,0.08175288379199387
0.88,0.25,0.04883017965362363,0.6713153203582584,0.080557838442991
0.882,0.25,0.04820717232939646,0.6725190260853522,0.07935724507807156
0.884,0.25,0.04758366250254363,0.673716761868424,0.07815114437673717
0.886,0.25,0.04695965558352784,0.6749085671844435,0.07693957665902655
0.888,0.25,0.046335156917583616,0.6760944811566765,0.07572258188954775
0.89,0.25,0.045710171785635335,0.6772745425586908,0.07450019968145598
0.892,0.25,0.04508470540520027,0.6784487898183077,0.07327246930037722
0.894,0.25,0.04445876293127709,0.6796172610215018,0.07203942966827917
0.896,0.25,0.04383234945721995,0.6807799939162471,0.07080111936728968
0.898,0.25,0.04320547001559857,0.681937025916313,0.06955757664346392
0.9,0.25,0.0425781295790445,0.6830883941050089,0.06830883941050088
0.902,0.25,0.041950333061083735,0.6842341352388797,0.06705494525341019
0.904,0.25,0.04132208531695607,0.6853742857513518,0.06579593143212976
0.906,0.25,0.040693391144421324,0.6865088817563316,0.06453183488509516
0.908,0.25,0.040064255284552805,0.6876379590517552,0.06326269223276146
0.91,0.25,0.039434682422518005,0.6887615531230928,0.061988539781078336
0.912,0.25,0.03880467718834704,0.6898796991468066,0.06070941352491896
0.914,0.25,0.03817424415768887,0.6909924319937624,0.05942534915146354
0.916,0.25,0.03754338785255555,0.6920997862325978,0.058136382043538194
0.918,0.25,0.03691211274205477,0.6932017961330463,0.05684254728290977
0.92,0.25,0.036280423243110815,0.6942984956692172,0.05554387965353735
0.922,0.25,0.035648323721174296,0.6953899185228335,0.05424041364478099
0.924,0.25,0.03501581849092066,0.6964760980864281,0.0529321834545685
0.926,0.25,0.03438291181693782,0.6975570674664978,0.05161922299252081
0.928,0.25,0.033749607914403006,0.6986328594866174,0.050301565883036414
0.93,0.25,0.03311591094974916,0.6997035066905127,0.048979245468335854
0.932,0.25,0.03248182504132088,0.7007690413450953,0.04765229481146645
0.934,0.25,0.03184735426002022,0.7018294954434572,0.04632074669926814
0.936,0.25,0.031212502629942494,0.7028849007078272,0.0449846336453009
0.938,0.25,0.03057727412900226,0.7039352885924904,0.043643987892734444
0.94,0.25,0.02994167268954953,0.70498069028667,0.042298841417200236
0.942,0.25,0.029305702198976803,0.7060211367173717,0.04094922592960759
0.944,0.25,0.02866936650031643,0.7070566585521928,0.039595172878922835
0.946,0.25,0.028032669392828977,0.7080872862020957,0.0382367134549132
0.948,0.25,0.027395614632582603,0.7091130498241457,0.036873878590855606
0.95,0.25,0.026758205933023547,0.7101339793242153,0.035506698966210795
0.952,0.25,0.026120446965537933,0.7111501043596525,0.03413520500926335
0.954,0.25,0.025482341360005024,0.7121614543419181,0.032759426899728265
0.956,0.25,0.02484389270534211,0.7131680584391878,0.03137939457132429
0.958,0.25,0.024205104550041084,0.7141699455789228,0.029995137714314783
0.96,0.25,0.02356598040269696,0.7151671444504075,0.028606685778016325
0.962,0.25,0.02292652373252839,0.716159683507257,0.02721406797327579
0.964,0.25,0.022286737969890336,0.7171475909698917,0.025817313274916123
0.966,0.25,0.02164662650677906,0.7181308948279814,0.02441645042415139
0.968,0.25,0.021006192697329507,0.7191096228428613,0.02301150793097158
0.97,0.25,0.020365439858305266,0.7200838025499142,0.021602514076497447
0.972,0.25,0.019724371269581223,0.7210534612609273,0.02018949691530598
0.974,0.25,0.019082990174618952,0.7220186260664166,0.01877248427772685
0.976,0.25,0.018441299780935092,0.7229793238379257,0.017351503772110234
0.978,0.25,0.01779930326056276,0.7239355812302937,0.015926582787066476
0.98,0.25,0.01715700375050609,0.7248874246838971,0.014497748493677956
0.982,0.25,0.016514404353188062,0.7258348804268637,0.013065027847683559
0.984,0.25,0.015871508136891713,0.7267779744772589,0.011628447591636153
0.986,0.25,0.015228318136194881,0.727716732645247,0.010188034257033468
0.988,0.25,0.014584837352398464,0.7286511805352242,0.008743814166422698
0.99,0.25,0.01394106875394849,0.7295813435479271,0.007295813435479278
0.992,0.25,0.013297015276851922,0.7305072468825151,0.005844057975060126
0.994,0.25,0.01265267982508643,0.731428915538628,0.004388573493231772
0.996,0.25,0.012008065271004155,0.7323463743184184,0.0029293854972736763
0.998,0.25,0.011363174455729593,0.7332596478285597,0.0014665192956571206
1.0,0.25,0.010718010189551683,0.73416876048223,0.0
0.0,0.55,0.040499999999999994,0.0,0.0
0.002,0.55,0.040499999999999994,0.0,0.0
0.004,0.55,0.040499999999999994,0.0,0.0
0.006,0.55,0.040499999999999994,0.0,0.0
0.008,0.55,0.040499999999999994,0.0,0.0
0.01,0.55,0.040499999999999994,0.0,0.0
0.012,0.55,0.040499999999999994,0.0,0.0
0.014,0.55,0.040499999999999994,0.0,0.0
0.016,0.55,0.040499999999999994,0.0,0.0
0.018,0.55,0.040499999999999994,0.0,0.0
0.02,0.55,0.040499999999999994,0.0,0.0
0.022,0.55,0.040499999999999994,0.0,0.0
0.024,0.55,0.040499999999999994,0.0,0.0
0.026,0.55,0.040499999999999994,0.0,0.0
0.028,0.55,0.040499999999999994,0.0,0.0
0.03,0.55,0.040499999999999994,0.0,0.0
0.032,0.55,0.040499999999999994,0.0,0.0
0.034,0.55,0.040499999999999994,0.0,0.0
0.036,0.55,0.040499999999999994,0.0,0.0
0.038,0.55,0.040499999999999994,0.0,0.0
0.04,0.55,0.040499999999999994,0.0,0.0
0.042,0.55,0.040499999999999994,0.0,0.0
0.044,0.55,0.040499999999999994,0.0,0.0
0.046,0.55,0.040499999999999994,0.0,0.0
0.048,0.55,0.040499999999999994,0.0,0.0
0.05,0.55,0.040499999999999994,0.0,0.0
0.052,0.55,0.040499999999999994,0.0,0.0
0.054,0.55,0.040499999999999994,0.0,0.0
0.056,0.55,0.040499999999999994,0.0,0.0
0.058,0.55,0.040499999999999994,0.0,0.0
0.06,0.55,0.040499999999999994,0.0,0.0
0.062,0.55,0.040499999999999994,0.0,0.0
0.064,0.55,0.040499999999999994,0.0,0.0
0.066,0.55,0.040499999999999994,0.0,0.0
0.068,0.55,0.040499999999999994,0.0,0.0
0.07,0.55,0.040499999999999994,0.0,0.0
0.072,0.55,0.040499999999999994,0.0,0.0
0.074,0.55,0.040499999999999994,0.0,0.0
0.076,0.55,0.040499999999999994,0.0,0.0
0.078,0.55,0.040499999999999994,0.0,0.0
0.08,0.55,0.040499999999999994,0.0,0.0
0.082,0.55,0.040499999999999994,0.0,0.0
0.084,0.55,0.040499999999999994,0.0,0.0
0.086,0.55,0.040499999999999994,0.0,0.0
0.088,0.55,0.040499999999999994,0.0,0.0
0.09,0.55,0.040499999999999994,0.0,0.0
0.092,0.55,0.040499999999999994,0.0,0.0
0.094,0.55,0.040499999999999994,0.0,0.0
0.096,0.55,0.040499999999999994,0.0,0.0
0.098,0.55,0.040499999999999994,0.0,0.0
0.1,0.55,0.040499999999999994,0.0,0.0
0.102,0.55,0.040499999999999994,0.0,0.0
0.104,0.55,0.040499999999999994,0.0,0.0
0.106,0.55,0.040499999999999994,0.0,0.0
0.108,0.55,0.040499999999999994,0.0,0.0
0.11,0.55,0.040499999999999994,0.0,0.0
0.112,0.55,0.040499999999999994,0.0,0.0
0.114,0.55,0.040499999999999994,0.0,0.0
0.116,0.55,0.040499999999999994,0.0,0.0
0.118,0.55,0.040499999999999994,0.0,0.0
0.12,0.55,0.040499999999999994,0.0,0.0
0.122,0.55,0.040499999999999994,0.0,0.0
0.124,0.55,0.040499999999999994,0.0,0.0
0.126,0.55,0.040499999999999994,0.0,0.0
0.128,0.55,0.040499999999999994,0.0,0.0
0.13,0.55,0.040499999999999994,0.0,0.0
0.132,0.55,0.040499999999999994,0.0,0.0
0.134,0.55,0.040499999999999994,0.0,0.0
0.136,0.55,0.040499999999999994,0.0,0.0
0.138,0.55,0.040499999999999994,0.0,0.0
0.14,0.55,0.040499999999999994,0.0,0.0
0.142,0.55,0.040499999999999994,0.0,0.0
0.144,0.55,0.040499999999999994,0.0,0.0
0.146,0.55,0.040499999999999994,0.0,0.0
0.148,0.55,0.040499999999999994,0.0,0.0
0.15,0.55,0.040499999999999994,0.0,0.0
0.152,0.55,0.040499999999999994,0.0,0.0
0.154,0.55,0.040499999999999994,0.0,0.0
0.156,0.55,0.040499999999999994,0.0,0.0
0.158,0.55,0.040499999999999994,0.0,0.0
0.16,0.55,0.040499999999999994,0.0,0.0
0.162,0.55,0.040499999999999994,0.0,0.0
0.164,0.55,0.040499999999999994,0.0,0.0
0.166,0.55,0.040499999999999994,0.0,0.0
0.168,0.55,0.040499999999999994,0.0,0.0
0.17,0.55,0.040499999999999994,0.0,0.0
0.172,0.55,0.040499999999999994,0.0,0.0
0.174,0.55,0.040499999999999994,0.0,0.0
0.176,0.55,0.040499999999999994,0.0,0.0
0.178,0.55,0.040499999999999994,0.0,0.0
0.18,0.55,0.040499999999999994,0.0,0.0
0.182,0.55,0.040499999999999994,0.0,0.0
0.184,0.55,0.040499999999999994,0.0,0.0
0.186,0.55,0.040499999999999994,0.0,0.0
0.188,0.55,0.040499999999999994,0.0,0.0
0.19,0.55,0.040499999999999994,0.0,0.0
0.192,0.55,0.040499999999999994,0.0,0.0
0.194,0.55,0.040499999999999994,0.0,0.0
0.196,0.55,0.040499999999999994,0.0,0.0
0.198,0.55,0.040499999999999994,0.0,0.0
0.2,0.55,0.040499999999999994,0.0,0.0
0.202,0.55,0.040499999999999994,0.0,0.0
0.204,0.55,0.040499999999999994,0.0,0.0
0.206,0.55,0.040499999999999994,0.0,0.0
0.208,0.55,0.040499999999999994,0.0,0.0
0.21,0.55,0.040499999999999994,0.0,0.0
0.212,0.55,0.040499999999999994,0.0,0.0
0.214,0.55,0.040499999999999994,0.0,0.0
0.216,0.55,0.040499999999999994,0.0,0.0
0.218,0.55,0.040499999999999994,0.0,0.0
0.22,0.55,0.040499999999999994,0.0,0.0
0.222,0.55,0.040499999999999994,0.0,0.0
0.224,0.55,0.040499999999999994,0.0,0.0
0.226,0.55,0.040499999999999994,0.0,0.0
0.228,0.55,0.040499999999999994,0.0,0.0
0.23,0.55,0.040499999999999994,0.0,0.0
0.232,0.55,0.040499999999999994,0.0,0.0
0.234,0.55,0.040499999999999994,0.0,0.0
0.236,0.55,0.040499999999999994,0.0,0.0
0.238,0.55,0.040499999999999994,0.0,0.0
0.24,0.55,0.040499999999999994,0.0,0.0
0.242,0.55,0.040499999999999994,0.0,0.0
0.244,0.55,0.040499999999999994,0.0,0.0
0.246,0.55,0.040499999999999994,0.0,0.0
0.248,0.55,0.040499999999999994,0.0,0.0
0.25,0.55,0.040499999999999994,0.0,0.0
0.252,0.55,0.040499999999999994,0.0,0.0
0.254,0.55,0.040499999999999994,0.0,0.0
0.256,0.55,0.040499999999999994,0.0,0.0
0.258,0.55,0.040499999999999994,0.0,0.0
0.26,0.55,0.040499999999999994,0.0,0.0
0.262,0.55,0.040499999999999994,0.0,0.0
0.264,0.55,0.040499999999999994,0.0,0.0
0.266,0.55,0.040499999999999994,0.0,0.0
0.268,0.55,0.040499999999999994,0.0,0.0
0.27,0.55,0.040499999999999994,0.0,0.0
0.272,0.55,0.040499999999999994,0.0,0.0
0.274,0.55,0.040499999999999994,0.0,0.0
0.276,0.55,0.040499999999999994,0.0,0.0
0.278,0.55,0.040499999999999994,0.0,0.0
0.28,0.55,0.040499999999999994,0.0,0.0
0.282,0.55,0.040499999999999994,0.0,0.0
0.284,0.55,0.040499999999999994,0.0,0.0
0.286,0.55,0.040499999999999994,0.0,0.0
0.288,0.55,0.040499999999999994,0.0,0.0
0.29,0.55,0.040499999999999994,0.0,0.0
0.292,0.55,0.040499999999999994,0.0,0.0
0.294,0.55,0.040499999999999994,0.0,0.0
0.296,0.55,0.040499999999999994,0.0,0.0
0.298,0.55,0.040499999999999994,0.0,0.0
0.3,0.55,0.040499999999999994,0.0,0.0
0.302,0.55,0.040499999999999994,0.0,0.0
0.304,0.55,0.040499999999999994,0.0,0.0
0.306,0.55,0.040499999999999994,0.0,0.0
0.308,0.55,0.040499999999999994,0.0,0.0
0.31,0.55,0.040499999999999994,0.0,0.0
0.312,0.55,0.040499999999999994,0.0,0.0
0.314,0.55,0.040499999999999994,0.0,0.0
0.316,0.55,0.040499999999999994,0.0,0.0
0.318,0.55,0.040499999999999994,0.0,0.0
0.32,0.55,0.040499999999999994,0.0,0.0
0.322,0.55,0.040499999999999994,0.0,0.0
0.324,0.55,0.040499999999999994,0.0,0.0
0.326,0.55,0.040499999999999994,0.0,0.0
0.328,0.55,0.040499999999999994,0.0,0.0
0.33,0.55,0.040499999999999994,0.0,0.0
0.332,0.55,0.040499999999999994,0.0,0.0
0.334,0.55,0.040499999999999994,0.0,0.0
0.336,0.55,0.040499999999999994,0.0,0.0
0.338,0.55,0.040499999999999994,0.0,0.0
0.34,0.55,0.040499999999999994,0.0,0.0
0.342,0.55,0.040499999999999994,0.0,0.0
0.344,0.55,0.040499999999999994,0.0,0.0
0.346,0.55,0.040499999999999994,0.0,0.0
0.348,0.55,0.040499999999999994,0.0,0.0
0.35,0.55,0.040499999999999994,0.0,0.0
0.352,0.55,0.040499999999999994,0.0,0.0
0.354,0.55,0.040499999999999994,0.0,0.0
0.356,0.55,0.040499999999999994,0.0,0.0
0.358,0.55,0.040499999999999994,0.0,0.0
0.36,0.55,0.040499999999999994,0.0,0.0
0.362,0.55,0.040499999999999994,0.0,0.0
0.364,0.55,0.040499999999999994,0.0,0.0
0.366,0.55,0.040499999999999994,0.0,0.0
0.368,0.55,0.040499999999999994,0.0,0.0
0.37,0.55,0.040499999999999994,0.0,0.0
0.372,0.55,0.040499999999999994,0.0,0.0
0.374,0.55,0.040499999999999994,0.0,0.0
0.376,0.55,0.040499999999999994,0.0,0.0
0.378,0.55,0.040499999999999994,0.0,0.0
0.38,0.55,0.040499999999999994,0.0,0.0
0.382,0.55,0.040499999999999994,0.0,0.0
0.384,0.55,0.040499999999999994,0.0,0.0
0.386,0.55,0.040499999999999994,0.0,0.0
0.388,0.55,0.040499999999999994,0.0,0.0
0.39,0.55,0.040499999999999994,0.0,0.0
0.392,0.55,0.040499999999999994,0.0,0.0
0.394,0.55,0.040499999999999994,0.0,0.0
0.396,0.55,0.040499999999999994,0.0,0.0
0.398,0.55,0.040499999999999994,0.0,0.0
0.4,0.55,0.040499999999999994,0.0,0.0
0.402,0.55,0.040499999999999994,0.0,0.0
0.404,0.55,0.040499999999999994,0.0,0.0
0.406,0.55,0.040499999999999994,0.0,0.0
0.408,0.55,0.040499999999999994,0.0,0.0
0.41,0.55,0.040499999999999994,0.0,0.0
0.412,0.55,0.040499999999999994,0.0,0.0
0.414,0.55,0.040499999999999994,0.0,0.0
0.416,0.55,0.040499999999999994,0.0,0.0
0.418,0.55,0.040499999999999994,0.0,0.0
0.42,0.55,0.040499999999999994,0.0,0.0
0.422,0.55,0.040499999999999994,0.0,0.0
0.424,0.55,0.040499999999999994,0.0,0.0
0.426,0.55,0.040499999999999994,0.0,0.0
0.428,0.55,0.040499999999999994,0.0,0.0
0.43,0.55,0.040499999999999994,0.0,0.0
0.432,0.55,0.040499999999999994,0.0,0.0
0.434,0.55,0.040499999999999994,0.0,0.0
0.436,0.55,0.040499999999999994,0.0,0.0
0.438,0.55,0.040499999999999994,0.0,0.0
0.44,0.55,0.040499999999999994,0.0,0.0
0.442,0.55,0.040499999999999994,0.0,0.0
0.444,0.55,0.040499999999999994,0.0,0.0
0.446,0.55,0.040499999999999994,0.0,0.0
0.448,0.55,0.040499999999999994,0.0,0.0
0.45,0.55,0.040499999999999994,0.0,0.0
0.452,0.55,0.040499999999999994,0.0,0.0
0.454,0.55,0.040499999999999994,0.0,0.0
0.456,0.55,0.040499999999999994,0.0,0.0
0.458,0.55,0.040499999999999994,0.0,0.0
0.46,0.55,0.040499999999999994,0.0,0.0
0.462,0.55,0.040499999999999994,0.0,0.0
0.464,0.55,0.040499999999999994,0.0,0.0
0.466,0.55,0.040499999999999994,0.0,0.0
0.468,0.55,0.040499999999999994,0.0,0.0
0.47,0.55,0.040499999999999994,0.0,0.0
0.472,0.55,0.040499999999999994,0.0,0.0
0.474,0.55,0.040499999999999994,0.0,0.0
0.476,0.55,0.040499999999999994,0.0,0.0
0.478,0.55,0.040499999999999994,0.0,0.0
0.48,0.55,0.040499999999999994,0.0,0.0
0.482,0.55,0.040499999999999994,0.0,0.0
0.484,0.55,0.040499999999999994,0.0,0.0
0.486,0.55,0.040499999999999994,0.0,0.0
0.488,0.55,0.040499999999999994,0.0,0.0
0.49,0.55,0.040499999999999994,0.0,0.0
0.492,0.55,0.040499999999999994,0.0,0.0
0.494,0.55,0.040499999999999994,0.0,0.0
0.496,0.55,0.040499999999999994,0.0,0.0
0.498,0.55,0.040499999999999994,0.0,0.0
0.5,0.55,0.040499999999999994,0.0,0.0
0.502,0.55,0.040499999999999994,0.0,0.0
0.504,0.55,0.040499999999999994,0.0,0.0
0.506,0.55,0.040499999999999994,0.0,0.0
0.508,0.55,0.040499999999999994,0.0,0.0
0.51,0.55,0.040499999999999994,0.0,0.0
0.512,0.55,0.040499999999999994,0.0,0.0
0.514,0.55,0.040499999999999994,0.0,0.0
0.516,0.55,0.040499999999999994,0.0,0.0
0.518,0.55,0.040499999999999994,0.0,0.0
0.52,0.55,0.040499999999999994,0.0,0.0
0.522,0.55,0.040499999999999994,0.0,0.0
0.524,0.55,0.040499999999999994,0.0,0.0
0.526,0.55,0.040499999999999994,0.0,0.0
0.528,0.55,0.040499999999999994,0.0,0.0
0.53,0.55,0.040499999999999994,0.0,0.0
0.532,0.55,0.040499999999999994,0.0,0.0
0.534,0.55,0.040499999999999994,0.0,0.0
0.536,0.55,0.040499999999999994,0.0,0.0
0.538,0.55,0.040499999999999994,0.0,0.0
0.54,0.55,0.040499999999999994,0.0,0.0
0.542,0.55,0.040499999999999994,0.0,0.0
0.544,0.55,0.040499999999999994,0.0,0.0
0.546,0.55,0.040499999999999994,0.0,0.0
0.548,0.55,0.040499999999999994,0.0,0.0
0.55,0.55,0.040499999999999994,0.0,0.0
0.552,0.55,0.040499999999999994,0.0,0.0
0.554,0.55,0.040499999999999994,0.0,0.0
0.556,0.55,0.040499999999999994,0.0,0.0
0.558,0.55,0.040499999999999994,0.0,0.0
0.56,0.55,0.040499999999999994,0.0,0.0
0.562,0.55,0.040499999999999994,0.0,0.0
0.564,0.55,0.040499999999999994,0.0,0.0
0.566,0.55,0.040499999999999994,0.0,0.0
0.568,0.55,0.040499999999999994,0.0,0.0
0.57,0.55,0.040499999999999994,0.0,0.0
0.572,0.55,0.040499999999999994,0.0,0.0
0.574,0.55,0.040499999999999994,0.0,0.0
0.576,0.55,0.040499999999999994,0.0,0.0
0.578,0.55,0.040499999999999994,0.0,0.0
0.58,0.55,0.040499999999999994,0.0,0.0
0.582,0.55,0.040499999999999994,0.0,0.0
0.584,0.55,0.040499999999999994,0.0,0.0
0.586,0.55,0.040499999999999994,0.0,0.0
0.588,0.55,0.040499999999999994,0.0,0.0
0.59,0.55,0.040499999999999994,0.0,0.0
0.592,0.55,0.040499999999999994,0.0,0.0
0.594,0.55,0.040499999999999994,0.0,0.0
0.596,0.55,0.040499999999999994,0.0,0.0
0.598,0.55,0.040499999999999994,0.0,0.0
0.6,0.55,0.040499999999999994,0.0,0.0
0.602,0.55,0.040499999999999994,0.0,0.0
0.604,0.55,0.040499999999999994,0.0,0.0
0.606,0.55,0.040499999999999994,0.0,0.0
0.608,0.55,0.040499999999999994,0.0,0.0
0.61,0.55,0.040499999999999994,0.0,0.0
0.612,0.55,0.040499999999999994,0.0,0.0
0.614,0.55,0.040499999999999994,0.0,0.0
0.616,0.55,0.040499999999999994,0.0,0.0
0.618,0.55,0.040499999999999994,0.0,0.0
0.62,0.55,0.040499999999999994,0.0,0.0
0.622,0.55,0.040499999999999994,0.0,0.0
0.624,0.55,0.040499999999999994,0.0,0.0
0.626,0.55,0.040499999999999994,0.0,0.0
0.628,0.55,0.040499999999999994,0.0,0.0
0.63,0.55,0.040499999999999994,0.0,0.0
0.632,0.55,0.040499999999999994,0.0,0.0
0.634,0.55,0.040499999999999994,0.0,0.0
0.636,0.55,0.040499999999999994,0.0,0.0
0.638,0.55,0.040499999999999994,0.0,0.0
0.64,0.55,0.040499999999999994,0.0,0.0
0.642,0.55,0.040499999999999994,0.0,0.0
0.644,0.55,0.040499999999999994,0.0,0.0
0.646,0.55,0.040499999999999994,0.0,0.0
0.648,0.55,0.040499999999999994,0.0,0.0
0.65,0.55,0.040499999999999994,0.0,0.0
0.652,0.55,0.040499999999999994,0.0,0.0
0.654,0.55,0.040499999999999994,0.0,0.0
0.656,0.55,0.040499999999999994,0.0,0.0
0.658,0.55,0.040499999999999994,0.0,0.0
0.66,0.55,0.040499999999999994,0.0,0.0
0.662,0.55,0.040499999999999994,0.0,0.0
0.664,0.55,0.040499999999999994,0.0,0.0
0.666,0.55,0.040499999999999994,0.0,0.0
0.668,0.55,0.040499999999999994,0.0,0.0
0.67,0.55,0.040499999999999994,0.0,0.0
0.672,0.55,0.040499999999999994,0.0,0.0
0.674,0.55,0.040499999999999994,0.0,0.0
0.676,0.55,0.040499999999999994,0.0,0.0
0.678,0.55,0.040499999999999994,0.0,0.0
0.68,0.55,0.040499999999999994,0.0,0.0
0.682,0.55,0.040499999999999994,0.0,0.0
0.684,0.55,0.040499999999999994,0.0,0.0
0.686,0.55,0.040499999999999994,0.0,0.0
0.688,0.55,0.040499999999999994,0.0,0.0
0.69,0.55,0.040499999999999994,0.0,0.0
0.692,0.55,0.040499999999999994,0.0,0.0
0.694,0.55,0.040499999999999994,0.0,0.0
0.696,0.55,0.040499999999999994,0.0,0.0
0.698,0.55,0.040499999999999994,0.0,0.0
0.7,0.55,0.040499999999999994,0.0,0.0
0.702,0.55,0.040499999999999994,0.0,0.0
0.704,0.55,0.040499999999999994,0.0,0.0
0.706,0.55,0.040499999999999994,0.0,0.0
0.708,0.55,0.040499999999999994,0.0,0.0
0.71,0.55,0.040499999999999994,0.0,0.0
0.712,0.55,0.040499999999999994,0.0,0.0
0.714,0.55,0.040499999999999994,0.0,0.0
0.716,0.55,0.040499999999999994,0.0,0.0
0.718,0.55,0.040499999999999994,0.0,0.0
0.72,0.55,0.040499999999999994,0.0,0.0
0.722,0.55,0.040499999999999994,0.0,0.0
0.724,0.55,0.040499999999999994,0.0,0.0
0.726,0.55,0.040499999999999994,0.0,0.0
0.728,0.55,0.040499999999999994,0.0,0.0
0.73,0.55,0.040499999999999994,0.0,0.0
0.732,0.55,0.040499999999999994,0.0,0.0
0.734,0.55,0.040499999999999994,0.0,0.0
0.736,0.55,0.040499999999999994,0.0,0.0
0.738,0.55,0.040499999999999994,0.0,0.0
0.74,0.55,0.040499999999999994,0.0,0.0
0.742,0.55,0.040499999999999994,0.0,0.0
0.744,0.55,0.040499999999999994,0.0,0.0
0.746,0.55,0.04073349614259019,0.003752033133264443,0.0009530164158491686
0.748,0.55,0.04098696694656982,0.007974808153914492,0.002009651654786452
0.75,0.55,0.04122944194438225,0.012177963349613408,0.003044490837403352
0.752,0.55,0.041461051630731355,0.01636168018258355,0.00405769668528072
0.754,0.55,0.04168192461287834,0.020526138539847305,0.005049430080802437
0.756,0.55,0.04189218764141119,0.024671516760958467,0.006019850089673866
0.758,0.55,0.04209196564041657,0.0287979916654727,0.006969113983044393
0.76,0.55,0.04228138173706639,0.032905738580161326,0.007897377259238718
0.762,0.55,0.04246055729063157,0.03699493136598486,0.008804793665104397
0.764,0.55,0.04262961192093477,0.04106574244483363,0.009691515216980737
0.766,0.55,0.04278866353625342,0.04511834282604432,0.01055769222129437
0.768,0.55,0.04293782836068477,0.04915290213270673,0.01140347329478796
0.77,0.55,0.043077220960983514,0.05316958862776644,0.012229005384386281
0.772,0.55,0.04320695427288315,0.05716856923993918,0.013034433786706132
0.774,0.55,0.04332713962691116,0.06115000958944228,0.013819902167213953
0.776,0.55,0.043437886773708405,0.06511407401355529,0.014585552579036383
0.778,0.55,0.04353930390886282,0.06906092559202481,0.015331525481429506
0.78,0.55,0.04363149769726663,0.0729907261723145,0.016057959757909187
0.782,0.55,0.04371457329700701,0.07690363639472098,0.01676499273404917
0.784,0.55,0.04378863438279917,0.08079981571736095,0.01745276019494996
0.786,0.55,0.043853783168970914,0.08467942244104198,0.018121396402382983
0.788,0.55,0.04391012043200718,0.08854261373402605,0.01877103411161352
0.79,0.55,0.04395774553266349,0.09238954565670132,0.019401804587907273
0.792,0.55,0.043996756437656256,0.0962203731861696,0.020013837622723275
0.794,0.55,0.044027249740938114,0.10003525024076165,0.020607261549596897
0.796,0.55,0.044049320684566275,0.10383432970449447,0.021182203259716866
0.798,0.55,0.0440630631791714,0.10761776345148,0.021738788217198955
0.8,0.55,0.04406856982403447,0.11138570237029655,0.022277140474059303
0.802,0.55,0.044065931926779094,0.11513829638833972,0.02279738268489126
0.804,0.55,0.04405523952268608,0.11887569449616053,0.02329963612124746
0.806,0.55,0.0440365813936372,0.12259804477180525,0.02378402068573021
0.808,0.55,0.04401004508669509,0.1263054944051737,0.02425065492579334
0.81,0.55,0.04397571693232533,0.1299981897224013,0.024699656047256238
0.812,0.55,0.043933682062267373,0.13367627621028755,0.025131139927534053
0.814,0.55,0.04388402442706035,0.13733989854077933,0.025545221128584962
0.816,0.55,0.043826826813229844,0.14098920059552722,0.025942012909577015
0.818,0.55,0.04376217086014097,0.1446243254905245,0.026321627239275468
0.82,0.55,0.04369013707652397,0.14824541560085025,0.026684174808153053
0.822,0.55,0.04361080485667747,0.15185261258552973,0.0270297650402243
0.824,0.55,0.043524252496354526,0.15544605741252648,0.02735850610460467
0.826,0.55,0.043430557208336926,0.15902589038388637,0.027670504926796236
0.828,0.55,0.04332979513770239,0.16259225116104803,0.02796586719970027
0.83,0.55,0.04322204137678963,0.16614527879034058,0.028244697394357907
0.832,0.55,0.043107369979865834,0.16968511172868284,0.028507098770418723
0.834,0.55,0.042985853977500904,0.17321188786950903,0.028753173386338506
0.836,0.55,0.04285756539065308,0.17672574456893464,0.028983022109305288
0.838,0.55,0.04272257524446963,0.1802268186721886,0.029196744624894556
0.84,0.55,0.04258095358180704,0.18371524654032956,0.029394439446452734
0.842,0.55,0.04243276947647418,0.18719116407726988,0.029576203924208646
0.844,0.55,0.04227809104620228,0.19065470675713092,0.02974213425411243
0.846,0.55,0.04211698546534518,0.19410600965195213,0.029892325486400632
0.848,0.55,0.04194951897731313,0.19754520745978155,0.0300268715338868
0.85,0.55,0.041775756906743414,0.20097243453317104,0.03014586517997566
0.852,0.55,0.04159576367141081,0.20438782490810603,0.030249398086399697
0.854,0.55,0.04140960279388056,0.20779151233339632,0.030337560800675865
0.856,0.55,0.04121733691290684,0.2111836303005601,0.030410442763280657
0.858,0.55,0.04101902779457889,0.2145643120742281,0.030468132314540392
0.86,0.55,0.040814736343217445,0.2179336907231061,0.030510716701234855
0.862,0.55,0.04060452261202363,0.22129189915152603,0.030538282082910595
0.864,0.55,0.04038844581348189,0.22463907013162032,0.030550913537900366
0.866,0.55,0.040166564329519455,0.22797533633616263,0.030548695069045794
0.868,0.55,0.039938935721423395,0.2313008303721079,0.030531709609118246
0.87,0.55,0.039705616739517,0.23461568481487594,0.030500039025933873
0.872,0.55,0.03946666333259666,0.23792003224342395,0.030453764127158268
0.874,0.55,0.039222130657130254,0.2412140052761481,0.030392964664794662
0.876,0.55,0.038972073086218056,0.24449773660766816,0.030317719339350853
0.878,0.55,0.03871654421831653,0.24777135904654146,0.030228105803678056
0.88,0.55,0.03845559688572569,0.25103500555396097,0.030124200666475316
0.882,0.55,0.03818928316284011,0.2542888092834945,0.03000607949545235
0.884,0.55,0.03791765437416343,0.2575329036219215,0.029873816820142892
0.886,0.55,0.03764076110208628,0.2607674222312327,0.029727486134360527
0.888,0.55,0.037358653194426966,0.26399249909185807,0.0295671598982881
0.89,0.55,0.03707137977173401,0.2672082685471894,0.029392909540190828
0.892,0.55,0.03677898923434969,0.2704148653494771,0.029204805457743524
0.894,0.55,0.03648152926923294,0.27361242470717495,0.02900291701896054
0.896,0.55,0.03617904685654007,0.2768010823338153,0.028787312562716785
0.898,0.55,0.03587158827596134,0.27998097449850556,0.028558059398847563
0.9,0.55,0.035559199112810795,0.2831522380781355,0.028315223807813542
0.902,0.55,0.03524192426386694,0.2863150106113953,0.028058871039916732
0.904,0.55,0.034919807942960936,0.2894694303547095,0.027789065314052105
0.906,0.55,0.034592893686308926,0.2926156363401957,0.027505869815978388
0.908,0.55,0.03426122435758455,0.2957537684357694,0.027209346696090774
0.91,0.55,0.03392484215272728,0.2988839674075172,0.02689955706667654
0.912,0.55,0.033583788604481586,0.3020063749844748,0.026576560998633772
0.914,0.55,0.033238104586661876,0.30512113392595064,0.026240417517631745
0.916,0.55,0.03288783031813687,0.3082283880915485,0.025891184599690063
0.918,0.55,0.032533005366527284,0.31132828251404965,0.025528919166152058
0.92,0.55,0.03217366865160935,0.3144209634753281,0.025153677078026238
0.922,0.55,0.03180985844841675,0.31750657858548514,0.024765513129667828
0.924,0.55,0.03144161239003203,0.3205852768653985,0.02436448104177027
0.926,0.55,0.031068967470058516,0.3236572088328995,0.02395063345363455
0.928,0.55,0.030691960044762504,0.3267225265928033,0.023524021914681822
0.93,0.55,0.030310625834874608,0.3297813839310363,0.023084696875172523
0.932,0.55,0.02992499992703846,0.3328339364131191,0.02263270767609208
0.934,0.55,0.029535116774893636,0.3358803414872862,0.022168102538160872
0.936,0.55,0.029141010199778647,0.3389207585925408,0.021690928549922592
0.938,0.55,0.028742713391038767,0.3419553492719689,0.021201231654862093
0.94,0.55,0.02834025890592176,0.3449842772916577,0.02069905663749948
0.942,0.55,0.02793367866904386,0.3480077087655934,0.020184447108404436
0.944,0.55,0.027523003971405793,0.35102581228694085,0.019657445488068706
0.946,0.55,0.027108265468937985,0.3540387590661397,0.01911809298957156
0.948,0.55,0.02668949318055148,0.3570467230762857,0.018566429599966874
0.95,0.55,0.026266716485669615,0.3600498812063042,0.018002494060315226
0.952,0.55,0.0258399641212129,0.36304841342246463,0.017426323844278318
0.954,0.55,0.025409264178007644,0.36604250293883067,0.016837955135186225
0.956,0.55,0.024974644096585688,0.36903233639728816,0.016237422801480692
0.958,0.55,0.02453613066234033,0.3720181040578503,0.015624760370429727
0.96,0.55,0.024093750000000008,0.3749999999999999,0.015000000000000008
0.962,0.55,0.023647527567377973,0.37797822233589173,0.014363172448763898
0.964,0.55,0.023197488148352534,0.38095297343631407,0.01371430704370732
0.966,0.55,0.022743655845028105,0.38392446017038884,0.013053431645793232
0.968,0.55,0.022286054069022836,0.38689289416007666,0.012380572613122464
0.97,0.55,0.02182470553182348,0.3898584920506536,0.011695754761519617
0.972,0.55,0.021359632234142664,0.39282147579843707,0.010999001322356247
0.974,0.55,0.020890855454207272,0.3957820729771535,0.010290333897406
0.976,0.55,0.020418395734900154,0.3987405171044839,0.009569772410507622
0.978,0.55,0.019942272869669365,0.4016970479904647,0.00883733505579023
0.98,0.55,0.019462505887110976,0.40465191210959417,0.00809303824219189
0.982,0.55,0.018979113034121767,0.40760536299867967,0.007336896533976241
0.984,0.55,0.018492111757507715,0.41055766168266583,0.006568922586922659
0.986,0.55,0.018001518683922375,0.4135090771309241,0.005789127079832943
0.988,0.55,0.01750734959799592,0.4164598867467406,0.004997518640960891
0.99,0.55,0.017009619418500935,0.4194103768930346,0.00419410376893035
0.992,0.55,0.016508342172384255,0.422360843457674,0.003378886747661395
0.994,0.55,0.01600353096647538,0.425311592462125,0.0025518695547727525
0.996,0.55,0.015495197956660926,0.4282629407176003,0.0017130517628704026
0.998,0.55,0.0149833543142904,0.4312152165333426,0.000862430433066686
1.0,0.55,0.014468010189551683,0.43416876048222997,0.0
0.0,0.85,0.018000000000000002,0.0,0.0
0.002,0.85,0.018000000000000002,0.0,0.0
0.004,0.85,0.018000000000000002,0.0,0.0
0.006,0.85,0.018000000000000002,0.0,0.0
0.008,0.85,0.018000000000000002,0.0,0.0
0.01,0.85,0.018000000000000002,0.0,0.0
0.012,0.85,0.018000000000000002,0.0,0.0
0.014,0.85,0.018000000000000002,0.0,0.0
0.016,0.85,0.018000000000000002,0.0,0.0
0.018,0.85,0.018000000000000002,0.0,0.0
0.02,0.85,0.018000000000000002,0.0,0.0
0.022,0.85,0.018000000000000002,0.0,0.0
0.024,0.85,0.018000000000000002,0.0,0.0
0.026,0.85,0.018000000000000002,0.0,0.0
0.028,0.85,0.018000000000000002,0.0,0.0
0.03,0.85,0.018000000000000002,0.0,0.0
0.032,0.85,0.018000000000000002,0.0,0.0
0.034,0.85,0.018000000000000002,0.0,0.0
0.036,0.85,0.018000000000000002,0.0,0.0
0.038,0.85,0.018000000000000002,0.0,0.0
0.04,0.85,0.018000000000000002,0.0,0.0
0.042,0.85,0.018000000000000002,0.0,0.0
0.044,0.85,0.018000000000000002,0.0,0.0
0.046,0.85,0.018000000000000002,0.0,0.0
0.048,0.85,0.018000000000000002,0.0,0.0
0.05,0.85,0.018000000000000002,0.0,0.0
0.052,0.85,0.018000000000000002,0.0,0.0
0.054,0.85,0.018000000000000002,0.0,0.0
0.056,0.85,0.018000000000000002,0.0,0.0
0.058,0.85,0.018000000000000002,0.0,0.0
0.06,0.85,0.018000000000000002,0.0,0.0
0.062,0.85,0.018000000000000002,0.0,0.0
0.064,0.85,0.018000000000000002,0.0,0.0
0.066,0.85,0.018000000000000002,0.0,0.0
0.068,0.85,0.018000000000000002,0.0,0.0
0.07,0.85,0.018000000000000002,0.0,0.0
0.072,0.85,0.018000000000000002,0.0,0.0
0.074,0.85,0.018000000000000002,0.0,0.0
0.076,0.85,0.018000000000000002,0.0,0.0
0.078,0.85,0.018000000000000002,0.0,0.0
0.08,0.85,0.018000000000000002,0.0,0.0
0.082,0.85,0.018000000000000002,0.0,0.0
0.084,0.85,0.018000000000000002,0.0,0.0
0.086,0.85,0.018000000000000002,0.0,0.0
0.088,0.85,0.018000000000000002,0.0,0.0
0.09,0.85,0.018000000000000002,0.0,0.0
0.092,0.85,0.018000000000000002,0.0,0.0
0.094,0.85,0.018000000000000002,0.0,0.0
0.096,0.85,0.018000000000000002,0.0,0.0
0.098,0.85,0.018000000000000002,0.0,0.0
0.1,0.85,0.018000000000000002,0.0,0.0
0.102,0.85,0.018000000000000002,0.0,0.0
0.104,0.85,0.018000000000000002,0.0,0.0
0.106,0.85,0.018000000000000002,0.0,0.0
0.108,0.85,0.018000000000000002,0.0,0.0
0.11,0.85,0.018000000000000002,0.0,0.0
0.112,0.85,0.018000000000000002,0.0,0.0
0.114,0.85,0.018000000000000002,0.0,0.0
0.116,0.85,0.018000000000000002,0.0,0.0
0.118,0.85,0.018000000000000002,0.0,0.0
0.12,0.85,0.018000000000000002,0.0,0.0
0.122,0.85,0.018000000000000002,0.0,0.0
0.124,0.85,0.018000000000000002,0.0,0.0
0.126,0.85,0.018000000000000002,0.0,0.0
0.128,0.85,0.018000000000000002,0.0,0.0
0.13,0.85,0.018000000000000002,0.0,0.0
0.132,0.85,0.018000000000000002,0.0,0.0
0.134,0.85,0.018000000000000002,0.0,0.0
0.136,0.85,0.018000000000000002,0.0,0.0
0.138,0.85,0.018000000000000002,0.0,0.0
0.14,0.85,0.018000000000000002,0.0,0.0
0.142,0.85,0.018000000000000002,0.0,0.0
0.144,0.85,0.018000000000000002,0.0,0.0
0.146,0.85,0.018000000000000002,0.0,0.0
0.148,0.85,0.018000000000000002,0.0,0.0
0.15,0.85,0.018000000000000002,0.0,0.0
0.152,0.85,0.018000000000000002,0.0,0.0
0.154,0.85,0.018000000000000002,0.0,0.0
0.156,0.85,0.018000000000000002,0.0,0.0
0.158,0.85,0.018000000000000002,0.0,0.0
0.16,0.85,0.018000000000000002,0.0,0.0
0.162,0.85,0.018000000000000002,0.0,0.0
0.164,0.85,0.018000000000000002,0.0,0.0
0.166,0.85,0.018000000000000002,0.0,0.0
0.168,0.85,0.018000000000000002,0.0,0.0
0.17,0.85,0.018000000000000002,0.0,0.0
0.172,0.85,0.018000000000000002,0.0,0.0
0.174,0.85,0.018000000000000002,0.0,0.0
0.176,0.85,0.018000000000000002,0.0,0.0
0.178,0.85,0.018000000000000002,0.0,0.0
0.18,0.85,0.018000000000000002,0.0,0.0
0.182,0.85,0.018000000000000002,0.0,0.0
0.184,0.85,0.018000000000000002,0.0,0.0
0.186,0.85,0.018000000000000002,0.0,0.0
0.188,0.85,0.018000000000000002,0.0,0.0
0.19,0.85,0.018000000000000002,0.0,0.0
0.192,0.85,0.018000000000000002,0.0,0.0
0.194,0.85,0.018000000000000002,0.0,0.0
0.196,0.85,0.018000000000000002,0.0,0.0
0.198,0.85,0.018000000000000002,0.0,0.0
0.2,0.85,0.018000000000000002,0.0,0.0
0.202,0.85,0.018000000000000002,0.0,0.0
0.204,0.85,0.018000000000000002,0.0,0.0
0.206,0.85,0.018000000000000002,0.0,0.0
0.208,0.85,0.018000000000000002,0.0,0.0
0.21,0.85,0.018000000000000002,0.0,0.0
0.212,0.85,0.018000000000000002,0.0,0.0
0.214,0.85,0.018000000000000002,0.0,0.0
0.216,0.85,0.018000000000000002,0.0,0.0
0.218,0.85,0.018000000000000002,0.0,0.0
0.22,0.85,0.018000000000000002,0.0,0.0
0.222,0.85,0.018000000000000002,0.0,0.0
0.224,0.85,0.018000000000000002,0.0,0.0
0.226,0.85,0.018000000000000002,0.0,0.0
0.228,0.85,0.018000000000000002,0.0,0.0
0.23,0.85,0.018000000000000002,0.0,0.0
0.232,0.85,0.018000000000000002,0.0,0.0
0.234,0.85,0.018000000000000002,0.0,0.0
0.236,0.85,0.018000000000000002,0.0,0.0
0.238,0.85,0.018000000000000002,0.0,0.0
0.24,0.85,0.018000000000000002,0.0,0.0
0.242,0.85,0.018000000000000002,0.0,0.0
0.244,0.85,0.018000000000000002,0.0,0.0
0.246,0.85,0.018000000000000002,0.0,0.0
0.248,0.85,0.018000000000000002,0.0,0.0
0.25,0.85,0.018000000000000002,0.0,0.0
0.252,0.85,0.018000000000000002,0.0,0.0
0.254,0.85,0.018000000000000002,0.0,0.0
0.256,0.85,0.018000000000000002,0.0,0.0
0.258,0.85,0.018000000000000002,0.0,0.0
0.26,0.85,0.018000000000000002,0.0,0.0
0.262,0.85,0.018000000000000002,0.0,0.0
0.264,0.85,0.018000000000000002,0.0,0.0
0.266,0.85,0.018000000000000002,0.0,0.0
0.268,0.85,0.018000000000000002,0.0,0.0
0.27,0.85,0.018000000000000002,0.0,0.0
0.272,0.85,0.018000000000000002,0.0,0.0
0.274,0.85,0.018000000000000002,0.0,0.0
0.276,0.85,0.018000000000000002,0.0,0.0
0.278,0.85,0.018000000000000002,0.0,0.0
0.28,0.85,0.018000000000000002,0.0,0.0
0.282,0.85,0.018000000000000002,0.0,0.0
0.284,0.85,0.018000000000000002,0.0,0.0
0.286,0.85,0.018000000000000002,0.0,0.0
0.288,0.85,0.018000000000000002,0.0,0.0
0.29,0.85,0.018000000000000002,0.0,0.0
0.292,0.85,0.018000000000000002,0.0,0.0
0.294,0.85,0.018000000000000002,0.0,0.0
0.296,0.85,0.018000000000000002,0.0,0.0
0.298,0.85,0.018000000000000002,0.0,0.0
0.3,0.85,0.018000000000000002,0.0,0.0
0.302,0.85,0.018000000000000002,0.0,0.0
0.304,0.85,0.018000000000000002,0.0,0.0
0.306,0.85,0.018000000000000002,0.0,0.0
0.308,0.85,0.018000000000000002,0.0,0.0
0.31,0.85,0.018000000000000002,0.0,0.0
0.312,0.85,0.018000000000000002,0.0,0.0
0.314,0.85,0.018000000000000002,0.0,0.0
0.316,0.85,0.018000000000000002,0.0,0.0
0.318,0.85,0.018000000000000002,0.0,0.0
0.32,0.85,0.018000000000000002,0.0,0.0
0.322,0.85,0.018000000000000002,0.0,0.0
0.324,0.85,0.018000000000000002,0.0,0.0
0.326,0.85,0.018000000000000002,0.0,0.0
0.328,0.85,0.018000000000000002,0.0,0.0
0.33,0.85,0.018000000000000002,0.0,0.0
0.332,0.85,0.018000000000000002,0.0,0.0
0.334,0.85,0.018000000000000002,0.0,0.0
0.336,0.85,0.018000000000000002,0.0,0.0
0.338,0.85,0.018000000000000002,0.0,0.0
0.34,0.85,0.018000000000000002,0.0,0.0
0.342,0.85,0.018000000000000002,0.0,0.0
0.344,0.85,0.018000000000000002,0.0,0.0
0.346,0.85,0.018000000000000002,0.0,0.0
0.348,0.85,0.018000000000000002,0.0,0.0
0.35,0.85,0.018000000000000002,0.0,0.0
0.352,0.85,0.018000000000000002,0.0,0.0
0.354,0.85,0.018000000000000002,0.0,0.0
0.356,0.85,0.018000000000000002,0.0,0.0
0.358,0.85,0.018000000000000002,0.0,0.0
0.36,0.85,0.018000000000000002,0.0,0.0
0.362,0.85,0.018000000000000002,0.0,0.0
0.364,0.85,0.018000000000000002,0.0,0.0
0.366,0.85,0.018000000000000002,0.0,0.0
0.368,0.85,0.018000000000000002,0.0,0.0
0.37,0.85,0.018000000000000002,0.0,0.0
0.372,0.85,0.018000000000000002,0.0,0.0
0.374,0.85,0.018000000000000002,0.0,0.0
0.376,0.85,0.018000000000000002,0.0,0.0
0.378,0.85,0.018000000000000002,0.0,0.0
0.38,0.85,0.018000000000000002,0.0,0.0
0.382,0.85,0.018000000000000002,0.0,0.0
0.384,0.85,0.018000000000000002,0.0,0.0
0.386,0.85,0.018000000000000002,0.0,0.0
0.388,0.85,0.018000000000000002,0.0,0.0
0.39,0.85,0.018000000000000002,0.0,0.0
0.392,0.85,0.018000000000000002,0.0,0.0
0.394,0.85,0.018000000000000002,0.0,0.0
0.396,0.85,0.018000000000000002,0.0,0.0
0.398,0.85,0.018000000000000002,0.0,0.0
0.4,0.85,0.018000000000000002,0.0,0.0
0.402,0.85,0.018000000000000002,0.0,0.0
0.404,0.85,0.018000000000000002,0.0,0.0
0.406,0.85,0.018000000000000002,0.0,0.0
0.408,0.85,0.018000000000000002,0.0,0.0
0.41,0.85,0.018000000000000002,0.0,0.0
0.412,0.85,0.018000000000000002,0.0,0.0
0.414,0.85,0.018000000000000002,0.0,0.0
0.416,0.85,0.018000000000000002,0.0,0.0
0.418,0.85,0.018000000000000002,0.0,0.0
0.42,0.85,0.018000000000000002,0.0,0.0
0.422,0.85,0.018000000000000002,0.0,0.0
0.424,0.85,0.018000000000000002,0.0,0.0
0.426,0.85,0.018000000000000002,0.0,0.0
0.428,0.85,0.018000000000000002,0.0,0.0
0.43,0.85,0.018000000000000002,0.0,0.0
0.432,0.85,0.018000000000000002,0.0,0.0
0.434,0.85,0.018000000000000002,0.0,0.0
0.436,0.85,0.018000000000000002,0.0,0.0
0.438,0.85,0.018000000000000002,0.0,0.0
0.44,0.85,0.018000000000000002,0.0,0.0
0.442,0.85,0.018000000000000002,0.0,0.0
0.444,0.85,0.018000000000000002,0.0,0.0
0.446,0.85,0.018000000000000002,0.0,0.0
0.448,0.85,0.018000000000000002,0.0,0.0
0.45,0.85,0.018000000000000002,0.0,0.0
0.452,0.85,0.018000000000000002,0.0,0.0
0.454,0.85,0.018000000000000002,0.0,0.0
0.456,0.85,0.018000000000000002,0.0,0.0
0.458,0.85,0.018000000000000002,0.0,0.0
0.46,0.85,0.018000000000000002,0.0,0.0
0.462,0.85,0.018000000000000002,0.0,0.0
0.464,0.85,0.018000000000000002,0.0,0.0
0.466,0.85,0.018000000000000002,0.0,0.0
0.468,0.85,0.018000000000000002,0.0,0.0
0.47,0.85,0.018000000000000002,0.0,0.0
0.472,0.85,0.018000000000000002,0.0,0.0
0.474,0.85,0.018000000000000002,0.0,0.0
0.476,0.85,0.018000000000000002,0.0,0.0
0.478,0.85,0.018000000000000002,0.0,0.0
0.48,0.85,0.018000000000000002,0.0,0.0
0.482,0.85,0.018000000000000002,0.0,0.0
0.484,0.85,0.018000000000000002,0.0,0.0
0.486,0.85,0.018000000000000002,0.0,0.0
0.488,0.85,0.018000000000000002,0.0,0.0
0.49,0.85,0.018000000000000002,0.0,0.0
0.492,0.85,0.018000000000000002,0.0,0.0
0.494,0.85,0.018000000000000002,0.0,0.0
0.496,0.85,0.018000000000000002,0.0,0.0
0.498,0.85,0.018000000000000002,0.0,0.0
0.5,0.85,0.018000000000000002,0.0,0.0
0.502,0.85,0.018000000000000002,0.0,0.0
0.504,0.85,0.018000000000000002,0.0,0.0
0.506,0.85,0.018000000000000002,0.0,0.0
0.508,0.85,0.018000000000000002,0.0,0.0
0.51,0.85,0.018000000000000002,0.0,0.0
0.512,0.85,0.018000000000000002,0.0,0.0
0.514,0.85,0.018000000000000002,0.0,0.0
0.516,0.85,0.018000000000000002,0.0,0.0
0.518,0.85,0.018000000000000002,0.0,0.0
0.52,0.85,0.018000000000000002,0.0,0.0
0.522,0.85,0.018000000000000002,0.0,0.0
0.524,0.85,0.018000000000000002,0.0,0.0
0.526,0.85,0.018000000000000002,0.0,0.0
0.528,0.85,0.018000000000000002,0.0,0.0
0.53,0.85,0.018000000000000002,0.0,0.0
0.532,0.85,0.018000000000000002,0.0,0.0
0.534,0.85,0.018000000000000002,0.0,0.0
0.536,0.85,0.018000000000000002,0.0,0.0
0.538,0.85,0.018000000000000002,0.0,0.0
0.54,0.85,0.018000000000000002,0.0,0.0
0.542,0.85,0.018000000000000002,0.0,0.0
0.544,0.85,0.018000000000000002,0.0,0.0
0.546,0.85,0.018000000000000002,0.0,0.0
0.548,0.85,0.018000000000000002,0.0,0.0
0.55,0.85,0.018000000000000002,0.0,0.0
0.552,0.85,0.018000000000000002,0.0,0.0
0.554,0.85,0.018000000000000002,0.0,0.0
0.556,0.85,0.018000000000000002,0.0,0.0
0.558,0.85,0.018000000000000002,0.0,0.0
0.56,0.85,0.018000000000000002,0.0,0.0
0.562,0.85,0.018000000000000002,0.0,0.0
0.564,0.85,0.018000000000000002,0.0,0.0
0.566,0.85,0.018000000000000002,0.0,0.0
0.568,0.85,0.018000000000000002,0.0,0.0
0.57,0.85,0.018000000000000002,0.0,0.0
0.572,0.85,0.018000000000000002,0.0,0.0
0.574,0.85,0.018000000000000002,0.0,0.0
0.576,0.85,0.018000000000000002,0.0,0.0
0.578,0.85,0.018000000000000002,0.0,0.0
0.58,0.85,0.018000000000000002,0.0,0.0
0.582,0.85,0.018000000000000002,0.0,0.0
0.584,0.85,0.018000000000000002,0.0,0.0
0.586,0.85,0.018000000000000002,0.0,0.0
0.588,0.85,0.018000000000000002,0.0,0.0
0.59,0.85,0.018000000000000002,0.0,0.0
0.592,0.85,0.018000000000000002,0.0,0.0
0.594,0.85,0.018000000000000002,0.0,0.0
0.596,0.85,0.018000000000000002,0.0,0.0
0.598,0.85,0.018000000000000002,0.0,0.0
0.6,0.85,0.018000000000000002,0.0,0.0
0.602,0.85,0.018000000000000002,0.0,0.0
0.604,0.85,0.018000000000000002,0.0,0.0
0.606,0.85,0.018000000000000002,0.0,0.0
0.608,0.85,0.018000000000000002,0.0,0.0
0.61,0.85,0.018000000000000002,0.0,0.0
0.612,0.85,0.018000000000000002,0.0,0.0
0.614,0.85,0.018000000000000002,0.0,0.0
0.616,0.85,0.018000000000000002,0.0,0.0
0.618,0.85,0.018000000000000002,0.0,0.0
0.62,0.85,0.018000000000000002,0.0,0.0
0.622,0.85,0.018000000000000002,0.0,0.0
0.624,0.85,0.018000000000000002,0.0,0.0
0.626,0.85,0.018000000000000002,0.0,0.0
0.628,0.85,0.018000000000000002,0.0,0.0
0.63,0.85,0.018000000000000002,0.0,0.0
0.632,0.85,0.018000000000000002,0.0,0.0
0.634,0.85,0.018000000000000002,0.0,0.0
0.636,0.85,0.018000000000000002,0.0,0.0
0.638,0.85,0.018000000000000002,0.0,0.0
0.64,0.85,0.018000000000000002,0.0,0.0
0.642,0.85,0.018000000000000002,0.0,0.0
0.644,0.85,0.018000000000000002,0.0,0.0
0.646,0.85,0.018000000000000002,0.0,0.0
0.648,0.85,0.018000000000000002,0.0,0.0
0.65,0.85,0.018000000000000002,0.0,0.0
0.652,0.85,0.018000000000000002,0.0,0.0
0.654,0.85,0.018000000000000002,0.0,0.0
0.656,0.85,0.018000000000000002,0.0,0.0
0.658,0.85,0.018000000000000002,0.0,0.0
0.66,0.85,0.018000000000000002,0.0,0.0
0.662,0.85,0.018000000000000002,0.0,0.0
0.664,0.85,0.018000000000000002,0.0,0.0
0.666,0.85,0.018000000000000002,0.0,0.0
0.668,0.85,0.018000000000000002,0.0,0.0
0.67,0.85,0.018000000000000002,0.0,0.0
0.672,0.85,0.018000000000000002,0.0,0.0
0.674,0.85,0.018000000000000002,0.0,0.0
0.676,0.85,0.018000000000000002,0.0,0.0
0.678,0.85,0.018000000000000002,0.0,0.0
0.68,0.85,0.018000000000000002,0.0,0.0
0.682,0.85,0.018000000000000002,0.0,0.0
0.684,0.85,0.018000000000000002,0.0,0.0
0.686,0.85,0.018000000000000002,0.0,0.0
0.688,0.85,0.018000000000000002,0.0,0.0
0.69,0.85,0.018000000000000002,0.0,0.0
0.692,0.85,0.018000000000000002,0.0,0.0
0.694,0.85,0.018000000000000002,0.0,0.0
0.696,0.85,0.018000000000000002,0.0,0.0
0.698,0.85,0.018000000000000002,0.0,0.0
0.7,0.85,0.018000000000000002,0.0,0.0
0.702,0.85,0.018000000000000002,0.0,0.0
0.704,0.85,0.018000000000000002,0.0,0.0
0.706,0.85,0.018000000000000002,0.0,0.0
0.708,0.85,0.018000000000000002,0.0,0.0
0.71,0.85,0.018000000000000002,0.0,0.0
0.712,0.85,0.018000000000000002,0.0,0.0
0.714,0.85,0.018000000000000002,0.0,0.0
0.716,0.85,0.018000000000000002,0.0,0.0
0.718,0.85,0.018000000000000002,0.0,0.0
0.72,0.85,0.018000000000000002,0.0,0.0
0.722,0.85,0.018000000000000002,0.0,0.0
0.724,0.85,0.018000000000000002,0.0,0.0
0.726,0.85,0.018000000000000002,0.0,0.0
0.728,0.85,0.018000000000000002,0.0,0.0
0.73,0.85,0.018000000000000002,0.0,0.0
0.732,0.85,0.018000000000000002,0.0,0.0
0.734,0.85,0.018000000000000002,0.0,0.0
0.736,0.85,0.018000000000000002,0.0,0.0
0.738,0.85,0.018000000000000002,0.0,0.0
0.74,0.85,0.018000000000000002,0.0,0.0
0.742,0.85,0.018000000000000002,0.0,0.0
0.744,0.85,0.018000000000000002,0.0,0.0
0.746,0.85,0.018000000000000002,0.0,0.0
0.748,0.85,0.018000000000000002,0.0,0.0
0.75,0.85,0.018000000000000002,0.0,0.0
0.752,0.85,0.018000000000000002,0.0,0.0
0.754,0.85,0.018000000000000002,0.0,0.0
0.756,0.85,0.018000000000000002,0.0,0.0
0.758,0.85,0.018000000000000002,0.0,0.0
0.76,0.85,0.018000000000000002,0.0,0.0
0.762,0.85,0.018000000000000002,0.0,0.0
0.764,0.85,0.018000000000000002,0.0,0.0
0.766,0.85,0.018000000000000002,0.0,0.0
0.768,0.85,0.018000000000000002,0.0,0.0
0.77,0.85,0.018000000000000002,0.0,0.0
0.772,0.85,0.018000000000000002,0.0,0.0
0.774,0.85,0.018000000000000002,0.0,0.0
0.776,0.85,0.018000000000000002,0.0,0.0
0.778,0.85,0.018000000000000002,0.0,0.0
0.78,0.85,0.018000000000000002,0.0,0.0
0.782,0.85,0.018000000000000002,0.0,0.0
0.784,0.85,0.018000000000000002,0.0,0.0
0.786,0.85,0.018000000000000002,0.0,0.0
0.788,0.85,0.018000000000000002,0.0,0.0
0.79,0.85,0.018000000000000002,0.0,0.0
0.792,0.85,0.018000000000000002,0.0,0.0
0.794,0.85,0.018000000000000002,0.0,0.0
0.796,0.85,0.018000000000000002,0.0,0.0
0.798,0.85,0.018000000000000002,0.0,0.0
0.8,0.85,0.018000000000000002,0.0,0.0
0.802,0.85,0.018000000000000002,0.0,0.0
0.804,0.85,0.018000000000000002,0.0,0.0
0.806,0.85,0.018000000000000002,0.0,0.0
0.808,0.85,0.018000000000000002,0.0,0.0
0.81,0.85,0.018000000000000002,0.0,0.0
0.812,0.85,0.018000000000000002,0.0,0.0
0.814,0.85,0.018000000000000002,0.0,0.0
0.816,0.85,0.018000000000000002,0.0,0.0
0.818,0.85,0.018000000000000002,0.0,0.0
0.82,0.85,0.018000000000000002,0.0,0.0
0.822,0.85,0.018000000000000002,0.0,0.0
0.824,0.85,0.018000000000000002,0.0,0.0
0.826,0.85,0.018000000000000002,0.0,0.0
0.828,0.85,0.018000000000000002,0.0,0.0
0.83,0.85,0.018000000000000002,0.0,0.0
0.832,0.85,0.018000000000000002,0.0,0.0
0.834,0.85,0.018000000000000002,0.0,0.0
0.836,0.85,0.018000000000000002,0.0,0.0
0.838,0.85,0.018000000000000002,0.0,0.0
0.84,0.85,0.018000000000000002,0.0,0.0
0.842,0.85,0.018000000000000002,0.0,0.0
0.844,0.85,0.018000000000000002,0.0,0.0
0.846,0.85,0.018000000000000002,0.0,0.0
0.848,0.85,0.018000000000000002,0.0,0.0
0.85,0.85,0.018000000000000002,0.0,0.0
0.852,0.85,0.018000000000000002,0.0,0.0
0.854,0.85,0.018000000000000002,0.0,0.0
0.856,0.85,0.018000000000000002,0.0,0.0
0.858,0.85,0.018000000000000002,0.0,0.0
0.86,0.85,0.018000000000000002,0.0,0.0
0.862,0.85,0.018000000000000002,0.0,0.0
0.864,0.85,0.018000000000000002,0.0,0.0
0.866,0.85,0.018000000000000002,0.0,0.0
0.868,0.85,0.018000000000000002,0.0,0.0
0.87,0.85,0.018000000000000002,0.0,0.0
0.872,0.85,0.018000000000000002,0.0,0.0
0.874,0.85,0.018000000000000002,0.0,0.0
0.876,0.85,0.018000000000000002,0.0,0.0
0.878,0.85,0.018000000000000002,0.0,0.0
0.88,0.85,0.018000000000000002,0.0,0.0
0.882,0.85,0.018000000000000002,0.0,0.0
0.884,0.85,0.018000000000000002,0.0,0.0
0.886,0.85,0.018000000000000002,0.0,0.0
0.888,0.85,0.018000000000000002,0.0,0.0
0.89,0.85,0.018000000000000002,0.0,0.0
0.892,0.85,0.018000000000000002,0.0,0.0
0.894,0.85,0.018000000000000002,0.0,0.0
0.896,0.85,0.018000000000000002,0.0,0.0
0.898,0.85,0.018000000000000002,0.0,0.0
0.9,0.85,0.018000000000000002,0.0,0.0
0.902,0.85,0.018000000000000002,0.0,0.0
0.904,0.85,0.018000000000000002,0.0,0.0
0.906,0.85,0.018000000000000002,0.0,0.0
0.908,0.85,0.018000000000000002,0.0,0.0
0.91,0.85,0.018000000000000002,0.0,0.0
0.912,0.85,0.018000000000000002,0.0,0.0
0.914,0.85,0.018000000000000002,0.0,0.0
0.916,0.85,0.018000000000000002,0.0,0.0
0.918,0.85,0.018000000000000002,0.0,0.0
0.92,0.85,0.018000000000000002,0.0,0.0
0.922,0.85,0.018000000000000002,0.0,0.0
0.924,0.85,0.018000000000000002,0.0,0.0
0.926,0.85,0.018000000000000002,0.0,0.0
0.928,0.85,0.018000000000000002,0.0,0.0
0.93,0.85,0.018000000000000002,0.0,0.0
0.932,0.85,0.018000000000000002,0.0,0.0
0.934,0.85,0.018000000000000002,0.0,0.0
0.936,0.85,0.018000000000000002,0.0,0.0
0.938,0.85,0.018000000000000002,0.0,0.0
0.94,0.85,0.018000000000000002,0.0,0.0
0.942,0.85,0.018000000000000002,0.0,0.0
0.944,0.85,0.018000000000000002,0.0,0.0
0.946,0.85,0.018000000000000002,0.0,0.0
0.948,0.85,0.018000000000000002,0.0,0.0
0.95,0.85,0.018000000000000002,0.0,0.0
0.952,0.85,0.018007257954792525,0.0002043295476653606,9.807818287937318e-06
0.954,0.85,0.018188113078998785,0.005522242792075471,0.0002540231684354719
0.956,0.85,0.01835388620891415,0.010851177085397956,0.0004774517917575105
0.958,0.85,0.018504631962895812,0.016192246557273582,0.0006800743554054911
0.96,0.85,0.01864039953399096,0.02154662771507121,0.0008618651086028491
0.962,0.85,0.018761232390879713,0.02691556502165071,0.001022791470822728
0.964,0.85,0.01886716794375793,0.03230037711691114,0.001162813576208802
0.966,0.85,0.018958237170338253,0.03770246377627007,0.0012818837683931834
0.968,0.85,0.019034464196326942,0.04312331371554612,0.001379946038897477
0.97,0.85,0.019095865823746543,0.048564513371439966,0.0014569354011432002
0.972,0.85,0.019142450999280688,0.054027756810740235,0.0015127771907007279
0.974,0.85,0.019174220213367395,0.05951485695058156,0.001547386280715122
0.976,0.85,0.019191164818995767,0.06502775830788454,0.0015606661993892304
0.978,0.85,0.019193266256985187,0.0705685515402813,0.0015525081338861899
0.98,0.85,0.01918049517183691,0.07613949009563747,0.001522789801912751
0.982,0.85,0.019152810398903312,0.08174300935574663,0.0014713741684034406
0.984,0.85,0.01911015779943178,0.08738174874584492,0.00139810797993352
0.986,0.85,0.01905246891475777,0.09305857739064194,0.0013028200834689883
0.988,0.85,0.018979659404207396,0.09877662403671972,0.0011853194884406378
0.99,0.85,0.018891627222665946,0.10453931214026302,0.0010453931214026312
0.992,0.85,0.0187882504826459,0.11035040125162043,0.0008828032100129643
0.994,0.85,0.018669384931172376,0.11621403613297676,0.0006972842167978612
0.996,0.85,0.018534860952667615,0.12213480544896427,0.0004885392217958575
0.998,0.85,0.018384479983511018,0.1281178124102843,0.0002562356248205688
1.0,0.85,0.018218010189551683,0.13416876048223003,0.0
