q,d,mean_user_loss,review_share,cancellation_share
0,0.0,0.3333333325000001,0.0,0.0
0,0.001,0.3323343325,0.0,0.0
0,0.002,0.3313373325,0.0,0.0
0,0.003,0.3303423325,0.0,0.0
0,0.004,0.3293493325,0.0,0.0
0,0.005,0.32835833249999996,0.0,0.0
0,0.006,0.3273693325,0.0,0.0
0,0.007,0.3263823325,0.0,0.0
0,0.008,0.32539733249999997,0.0,0.0
0,0.009,0.3244143325,0.0,0.0
0,0.01,0.32343333249999995,0.0,0.0
0,0.011,0.32245433249999994,0.0,0.0
0,0.012,0.3214773325,0.0,0.0
0,0.013,0.3205023325,0.0,0.0
0,0.014,0.3195293325,0.0,0.0
0,0.015,0.3185583325,0.0,0.0
0,0.016,0.3175893325,0.0,0.0
0,0.017,0.31662233249999994,0.0,0.0
0,0.018,0.31565733250000005,0.0,0.0
0,0.019,0.3146943325,0.0,0.0
0,0.02,0.31373333249999996,0.0,0.0
0,0.021,0.3127743324999999,0.0,0.0
0,0.022,0.3118173325,0.0,0.0
0,0.023,0.31086233249999995,0.0,0.0
0,0.024,0.30990933249999997,0.0,0.0
0,0.025,0.3089583325,0.0,0.0
0,0.026,0.30800933249999995,0.0,0.0
0,0.027,0.3070623325,0.0,0.0
0,0.028,0.30611733249999995,0.0,0.0
0,0.029,0.3051743324999999,0.0,0.0
0,0.03,0.30423333249999995,0.0,0.0
0,0.031,0.30329433250000004,0.0,0.0
0,0.032,0.30235733249999996,0.0,0.0
0,0.033,0.3014223325,0.0,0.0
0,0.034,0.30048933249999993,0.0,0.0
0,0.035,0.29955833249999997,0.0,0.0
0,0.036,0.29862933249999996,0.0,0.0
0,0.037,0.29770233249999994,0.0,0.0
0,0.038,0.2967773325,0.0,0.0
0,0.039,0.29585433249999993,0.0,0.0
0,0.04,0.2949333325,0.0,0.0
0,0.041,0.2940143325,0.0,0.0
0,0.042,0.2930973325,0.0,0.0
0,0.043,0.2921823325,0.0,0.0
0,0.044,0.2912693325,0.0,0.0
0,0.045,0.2903583325,0.0,0.0
0,0.046,0.2894493325,0.0,0.0
0,0.047,0.2885423325,0.0,0.0
0,0.048,0.2876373325,0.0,0.0
0,0.049,0.28673433249999997,0.0,0.0
0,0.05,0.2858333325,0.0,0.0
0,0.051,0.28493433249999994,0.0,0.0
0,0.052,0.2840373325,0.0,0.0
0,0.053,0.2831423324999999,0.0,0.0
0,0.054,0.2822493325,0.0,0.0
0,0.055,0.2813583325,0.0,0.0
0,0.056,0.28046933249999995,0.0,0.0
0,0.057,0.2795823325,0.0,0.0
0,0.058,0.27869733249999995,0.0,0.0
0,0.059,0.2778143325,0.0,0.0
0,0.06,0.27693333249999996,0.0,0.0
0,0.061,0.27605433249999994,0.0,0.0
0,0.062,0.27517733250000004,0.0,0.0
0,0.063,0.2743023325,0.0,0.0
0,0.064,0.2734293325,0.0,0.0
0,0.065,0.27255833249999994,0.0,0.0
0,0.066,0.2716893325,0.0,0.0
0,0.067,0.2708223325,0.0,0.0
0,0.068,0.2699573325,0.0,0.0
0,0.069,0.26909433250000003,0.0,0.0
0,0.07,0.2682333325,0.0,0.0
0,0.071,0.26737433250000003,0.0,0.0
0,0.072,0.2665173325,0.0,0.0
0,0.073,0.26566233250000004,0.0,0.0
0,0.074,0.2648093325,0.0,0.0
0,0.075,0.2639583325,0.0,0.0
0,0.076,0.2631093325,0.0,0.0
0,0.077,0.26226233250000003,0.0,0.0
0,0.078,0.26141733250000004,0.0,0.0
0,0.079,0.26057433250000006,0.0,0.0
0,0.08,0.2597333325,0.0,0.0
0,0.081,0.25889433250000005,0.0,0.0
0,0.082,0.25805733250000007,0.0,0.0
0,0.083,0.25722233250000004,0.0,0.0
0,0.084,0.25638933250000007,0.0,0.0
0,0.085,0.2555583325,0.0,0.0
0,0.086,0.2547293325,0.0,0.0
0,0.087,0.25390233250000005,0.0,0.0
0,0.088,0.25307733250000003,0.0,0.0
0,0.089,0.2522543325,0.0,0.0
0,0.09,0.25143333249999994,0.0,0.0
0,0.091,0.25061433250000004,0.0,0.0
0,0.092,0.24979733250000005,0.0,0.0
0,0.093,0.24898233250000004,0.0,0.0
0,0.094,0.2481693325,0.0,0.0
0,0.095,0.2473583325,0.0,0.0
0,0.096,0.24654933250000008,0.0,0.0
0,0.097,0.24574233250000002,0.0,0.0
0,0.098,0.2449373325,0.0,0.0
0,0.099,0.2441343325,0.0,0.0
0,0.1,0.2433333325,0.0,0.0
0,0.101,0.24253433249999998,0.0,0.0
0,0.102,0.24173733250000004,0.0,0.0
0,0.103,0.24094233249999997,0.0,0.0
0,0.104,0.24014933250000003,0.0,0.0
0,0.105,0.2393583325,0.0,0.0
0,0.106,0.2385693325,0.0,0.0
0,0.107,0.23778233250000003,0.0,0.0
0,0.108,0.23699733250000005,0.0,0.0
0,0.109,0.2362143325,0.0,0.0
0,0.11,0.23543333249999995,0.0,0.0
0,0.111,0.2346543325,0.0,0.0
0,0.112,0.2338773325,0.0,0.0
0,0.113,0.2331023325,0.0,0.0
0,0.114,0.2323293325,0.0,0.0
0,0.115,0.23155833250000002,0.0,0.0
0,0.116,0.23078933250000006,0.0,0.0
0,0.117,0.23002233249999998,0.0,0.0
0,0.118,0.22925733250000002,0.0,0.0
0,0.119,0.2284943325,0.0,0.0
0,0.12,0.22773333249999997,0.0,0.0
0,0.121,0.2269743325,0.0,0.0
0,0.122,0.22621733249999998,0.0,0.0
0,0.123,0.22546233249999995,0.0,0.0
0,0.124,0.22470933249999997,0.0,0.0
0,0.125,0.22395833249999997,0.0,0.0
0,0.126,0.22320933249999997,0.0,0.0
0,0.127,0.2224623325,0.0,0.0
0,0.128,0.22171733249999998,0.0,0.0
0,0.129,0.22097433250000004,0.0,0.0
0,0.13,0.22023333249999996,0.0,0.0
0,0.131,0.21949433250000003,0.0,0.0
0,0.132,0.21875733249999998,0.0,0.0
0,0.133,0.2180223325,0.0,0.0
0,0.134,0.21728933249999996,0.0,0.0
0,0.135,0.21655833249999995,0.0,0.0
0,0.136,0.2158293325,0.0,0.0
0,0.137,0.21510233250000002,0.0,0.0
0,0.138,0.21437733250000002,0.0,0.0
0,0.139,0.21365433249999996,0.0,0.0
0,0.14,0.21293333249999996,0.0,0.0
0,0.141,0.2122143325,0.0,0.0
0,0.142,0.2114973325,0.0,0.0
0,0.143,0.21078233249999997,0.0,0.0
0,0.144,0.2100693325,0.0,0.0
0,0.145,0.20935833249999997,0.0,0.0
0,0.146,0.20864933249999998,0.0,0.0
0,0.147,0.20794233249999997,0.0,0.0
0,0.148,0.20723733249999995,0.0,0.0
0,0.149,0.20653433249999997,0.0,0.0
0,0.15,0.20583333249999997,0.0,0.0
0,0.151,0.2051341821675,0.0,0.0
0,0.152,0.20443672983499997,0.0,0.0
0,0.153,0.20374097350249998,0.0,0.0
0,0.154,0.20304691116999998,0.0,0.0
0,0.155,0.20235454083749999,0.0,0.0
0,0.156,0.20166386050499996,0.0,0.0
0,0.157,0.20097486817249996,0.0,0.0
0,0.158,0.20028756184,0.0,0.0
0,0.159,0.1996019395075,0.0,0.0
0,0.16,0.19891799917499997,0.0,0.0
0,0.161,0.19823573884249998,0.0,0.0
0,0.162,0.19755515651,0.0,0.0
0,0.163,0.1968762501775,0.0,0.0
0,0.164,0.196199017845,0.0,0.0
0,0.165,0.19552345751249997,0.0,0.0
0,0.166,0.19484956717999996,0.0,0.0
0,0.167,0.19417734484749996,0.0,0.0
0,0.168,0.193506788515,0.0,0.0
0,0.169,0.19283789618249997,0.0,0.0
0,0.17,0.19217066584999998,0.0,0.0
0,0.171,0.19150509551749997,0.0,0.0
0,0.172,0.190841183185,0.0,0.0
0,0.173,0.19017892685250004,0.0,0.0
0,0.174,0.18951832452,0.0,0.0
0,0.175,0.18885937418749998,0.0,0.0
0,0.176,0.18820207385499998,0.0,0.0
0,0.177,0.1875464215225,0.0,0.0
0,0.178,0.18689241519,0.0,0.0
0,0.179,0.1862400528575,0.0,0.0
0,0.18,0.18558933252500004,0.0,0.0
0,0.181,0.18494025219250002,0.0,0.0
0,0.182,0.18429280986000002,0.0,0.0
0,0.183,0.1836470035275,0.0,0.0
0,0.184,0.183002831195,0.0,0.0
0,0.185,0.1823602908625,0.0,0.0
0,0.186,0.18171938053,0.0,0.0
0,0.187,0.1810800981975,0.0,0.0
0,0.188,0.180442441865,0.0,0.0
0,0.189,0.17980640953249996,0.0,0.0
0,0.19,0.17917199920000002,0.0,0.0
0,0.191,0.1785392088675,0.0,0.0
0,0.192,0.177908036535,0.0,0.0
0,0.193,0.1772784802025,0.0,0.0
0,0.194,0.17665053787,0.0,0.0
0,0.195,0.17602420753749998,0.0,0.0
0,0.196,0.17539948720499998,0.0,0.0
0,0.197,0.1747763748725,0.0,0.0
0,0.198,0.17415486853999998,0.0,0.0
0,0.199,0.1735349662075,0.0,0.0
0,0.2,0.172916665875,0.0,0.0
0,0.201,0.17229996554250002,0.0,0.0
0,0.202,0.17168486320999998,0.0,0.0
0,0.203,0.1710713568775,0.0,0.0
0,0.204,0.17045944454500003,0.0,0.0
0,0.205,0.16984912421250004,0.0,0.0
0,0.206,0.16924039388000003,0.0,0.0
0,0.207,0.1686332515475,0.0,0.0
0,0.208,0.16802769521500002,0.0,0.0
0,0.209,0.16742372288250001,0.0,0.0
0,0.21,0.16682133255000003,0.0,0.0
0,0.211,0.16622052221750003,0.0,0.0
0,0.212,0.16562128988500002,0.0,0.0
0,0.213,0.1650236335525,0.0,0.0
0,0.214,0.16442755122000002,0.0,0.0
0,0.215,0.16383304088750003,0.0,0.0
0,0.216,0.16324010055500002,0.0,0.0
0,0.217,0.16264872822249998,0.0,0.0
0,0.218,0.16205892189000004,0.0,0.0
0,0.219,0.16147067955750002,0.0,0.0
0,0.22,0.16088399922500002,0.0,0.0
0,0.221,0.16029887889250002,0.0,0.0
0,0.222,0.15971531656000001,0.0,0.0
0,0.223,0.15913331022750005,0.0,0.0
0,0.224,0.15855285789500004,0.0,0.0
0,0.225,0.15797395756250002,0.0,0.0
0,0.226,0.15739660723,0.0,0.0
0,0.227,0.15682080489750003,0.0,0.0
0,0.228,0.156246548565,0.0,0.0
0,0.229,0.15567383623250003,0.0,0.0
0,0.23,0.15510266590000002,0.0,0.0
0,0.231,0.15453303556749998,0.0,0.0
0,0.232,0.153964943235,0.0,0.0
0,0.233,0.1533983869025,0.0,0.0
0,0.234,0.15283336457000002,0.0,0.0
0,0.235,0.15226987423750002,0.0,0.0
0,0.236,0.15170791390500002,0.0,0.0
0,0.237,0.15114748157250002,0.0,0.0
0,0.238,0.15058857524,0.0,0.0
0,0.239,0.1500311929075,0.0,0.0
0,0.24,0.14947533257499998,0.0,0.0
0,0.241,0.1489209922425,0.0,0.0
0,0.242,0.14836816991000001,0.0,0.0
0,0.243,0.1478168635775,0.0,0.0
0,0.244,0.14726707124500002,0.0,0.0
0,0.245,0.14671879091249998,0.0,0.0
0,0.246,0.14617202058,0.0,0.0
0,0.247,0.14562675824750002,0.0,0.0
0,0.248,0.145083001915,0.0,0.0
0,0.249,0.1445407495825,0.0,0.0
0,0.25,0.14399999924999998,0.0,0.0
0,0.251,0.14346074891750002,0.0,0.0
0,0.252,0.14292299658500005,0.0,0.0
0,0.253,0.14238674025249998,0.0,0.0
0,0.254,0.14185197791999998,0.0,0.0
0,0.255,0.1413187075875,0.0,0.0
0,0.256,0.14078692725499997,0.0,0.0
0,0.257,0.1402566349225,0.0,0.0
0,0.258,0.13972782859000002,0.0,0.0
0,0.259,0.1392005062575,0.0,0.0
0,0.26,0.138674665925,0.0,0.0
0,0.261,0.1381503055925,0.0,0.0
0,0.262,0.13762742325999996,0.0,0.0
0,0.263,0.1371060169275,0.0,0.0
0,0.264,0.136586084595,0.0,0.0
0,0.265,0.1360676242625,0.0,0.0
0,0.266,0.13555063393,0.0,0.0
0,0.267,0.13503511159749998,0.0,0.0
0,0.268,0.134521055265,0.0,0.0
0,0.269,0.13400846293250002,0.0,0.0
0,0.27,0.1334973326,0.0,0.0
0,0.271,0.1329876622675,0.0,0.0
0,0.272,0.132479449935,0.0,0.0
0,0.273,0.1319726936025,0.0,0.0
0,0.274,0.13146739126999998,0.0,0.0
0,0.275,0.13096354093749998,0.0,0.0
0,0.276,0.130461140605,0.0,0.0
0,0.277,0.1299601882725,0.0,0.0
0,0.278,0.12946068194,0.0,0.0
0,0.279,0.1289626196075,0.0,0.0
0,0.28,0.12846599927499996,0.0,0.0
0,0.281,0.12797081894249998,0.0,0.0
0,0.282,0.12747707661000002,0.0,0.0
0,0.283,0.12698477027750002,0.0,0.0
0,0.284,0.12649389794500002,0.0,0.0
0,0.285,0.1260044576125,0.0,0.0
0,0.286,0.12551644728000003,0.0,0.0
0,0.287,0.1250298649475,0.0,0.0
0,0.288,0.12454470861500001,0.0,0.0
0,0.289,0.12406097628250001,0.0,0.0
0,0.29,0.12357866595000003,0.0,0.0
0,0.291,0.1230977756175,0.0,0.0
0,0.292,0.12261830328500001,0.0,0.0
0,0.293,0.12214024695250003,0.0,0.0
0,0.294,0.12166360462,0.0,0.0
0,0.295,0.12118837428750003,0.0,0.0
0,0.296,0.120714553955,0.0,0.0
0,0.297,0.1202421416225,0.0,0.0
0,0.298,0.11977113529000001,0.0,0.0
0,0.299,0.11930153295749998,0.0,0.0
0,0.3,0.118833332625,0.0,0.0
0,0.301,0.1183665322925,0.0,0.0
0,0.302,0.11790112995999998,0.0,0.0
0,0.303,0.11743712362749997,0.0,0.0
0,0.304,0.116974511295,0.0,0.0
0,0.305,0.11651329096250002,0.0,0.0
0,0.306,0.11605346063000002,0.0,0.0
0,0.307,0.11559501829750002,0.0,0.0
0,0.308,0.115137961965,0.0,0.0
0,0.309,0.1146822896325,0.0,0.0
0,0.31,0.11422799930000001,0.0,0.0
0,0.311,0.11377508896750001,0.0,0.0
0,0.312,0.113323556635,0.0,0.0
0,0.313,0.1128734003025,0.0,0.0
0,0.314,0.11242461797000002,0.0,0.0
0,0.315,0.1119772076375,0.0,0.0
0,0.316,0.11153116730500001,0.0,0.0
0,0.317,0.11108649497249999,0.0,0.0
0,0.318,0.11064318864,0.0,0.0
0,0.319,0.11020124630749999,0.0,0.0
0,0.32,0.109760665975,0.0,0.0
0,0.321,0.1093214456425,0.0,0.0
0,0.322,0.10888358330999999,0.0,0.0
0,0.323,0.1084470769775,0.0,0.0
0,0.324,0.108011924645,0.0,0.0
0,0.325,0.1075781243125,0.0,0.0
0,0.326,0.10714567398,0.0,0.0
0,0.327,0.10671457164749999,0.0,0.0
0,0.328,0.10628481531499999,0.0,0.0
0,0.329,0.1058564029825,0.0,0.0
0,0.33,0.10542933265,0.0,0.0
0,0.331,0.10500360231749999,0.0,0.0
0,0.332,0.10457920998499999,0.0,0.0
0,0.333,0.1041561536525,0.0,0.0
0,0.334,0.10373443131999997,0.0,0.0
0,0.335,0.10331404098749997,0.0,0.0
0,0.336,0.102894980655,0.0,0.0
0,0.337,0.10247724832249999,0.0,0.0
0,0.338,0.10206084198999998,0.0,0.0
0,0.339,0.10164575965749997,0.0,0.0
0,0.34,0.10123199932499999,0.0,0.0
0,0.341,0.1008195589925,0.0,0.0
0,0.342,0.10040843665999999,0.0,0.0
0,0.343,0.09999863032749999,0.0,0.0
0,0.344,0.09959013799500002,0.0,0.0
0,0.345,0.09918295766250003,0.0,0.0
0,0.346,0.09877708733000001,0.0,0.0
0,0.347,0.09837252499750002,0.0,0.0
0,0.348,0.09796926866500001,0.0,0.0
0,0.349,0.09756731633250001,0.0,0.0
0,0.35,0.09716666600000001,0.0,0.0
0,0.351,0.09676731566750002,0.0,0.0
0,0.352,0.09636926333500001,0.0,0.0
0,0.353,0.09597250700250001,0.0,0.0
0,0.354,0.09557704467000003,0.0,0.0
0,0.355,0.09518287433750001,0.0,0.0
0,0.356,0.094789994005,0.0,0.0
0,0.357,0.09439840167249999,0.0,0.0
0,0.358,0.09400809534000001,0.0,0.0
0,0.359,0.0936190730075,0.0,0.0
0,0.36,0.093231332675,0.0,0.0
0,0.361,0.09284487234250001,0.0,0.0
0,0.362,0.09245969001,0.0,0.0
0,0.363,0.0920757836775,0.0,0.0
0,0.364,0.091693151345,0.0,0.0
0,0.365,0.0913117910125,0.0,0.0
0,0.366,0.09093170067999999,0.0,0.0
0,0.367,0.09055287834749999,0.0,0.0
0,0.368,0.09017532201499999,0.0,0.0
0,0.369,0.0897990296825,0.0,0.0
0,0.37,0.08942399935,0.0,0.0
0,0.371,0.0890502290175,0.0,0.0
0,0.372,0.08867771668499999,0.0,0.0
0,0.373,0.08830646035250002,0.0,0.0
0,0.374,0.08793645801999998,0.0,0.0
0,0.375,0.0875677076875,0.0,0.0
0,0.376,0.087200207355,0.0,0.0
0,0.377,0.0868339550225,0.0,0.0
0,0.378,0.08646894869,0.0,0.0
0,0.379,0.0861051863575,0.0,0.0
0,0.38,0.08574266602500001,0.0,0.0
0,0.381,0.08538138569249999,0.0,0.0
0,0.382,0.08502134335999999,0.0,0.0
0,0.383,0.0846625370275,0.0,0.0
0,0.384,0.084304964695,0.0,0.0
0,0.385,0.0839486243625,0.0,0.0
0,0.386,0.08359351403000001,0.0,0.0
0,0.387,0.0832396316975,0.0,0.0
0,0.388,0.08288697536500002,0.0,0.0
0,0.389,0.0825355430325,0.0,0.0
0,0.39,0.0821853327,0.0,0.0
0,0.391,0.08183634236750001,0.0,0.0
0,0.392,0.081488570035,0.0,0.0
0,0.393,0.08114201370249999,0.0,0.0
0,0.394,0.08079667137,0.0,0.0
0,0.395,0.0804525410375,0.0,0.0
0,0.396,0.080109620705,0.0,0.0
0,0.397,0.07976790837249999,0.0,0.0
0,0.398,0.07942740204,0.0,0.0
0,0.399,0.07908809970749998,0.0,0.0
0,0.4,0.078749999375,0.0,0.0
0,0.401,0.07841309904249999,0.0,0.0
0,0.402,0.07807739671,0.0,0.0
0,0.403,0.07774289037749998,0.0,0.0
0,0.404,0.07740957804499998,0.0,0.0
0,0.405,0.07707745771249999,0.0,0.0
0,0.406,0.07674652738,0.0,0.0
0,0.407,0.07641678504750002,0.0,0.0
0,0.408,0.076088228715,0.0,0.0
0,0.409,0.07576085638250002,0.0,0.0
0,0.41,0.07543466605000002,0.0,0.0
0,0.411,0.0751096557175,0.0,0.0
0,0.412,0.074785823385,0.0,0.0
0,0.413,0.0744631670525,0.0,0.0
0,0.414,0.07414168472,0.0,0.0
0,0.415,0.0738213743875,0.0,0.0
0,0.416,0.07350223405499999,0.0,0.0
0,0.417,0.07318426172249999,0.0,0.0
0,0.418,0.07286745539000002,0.0,0.0
0,0.419,0.07255181305750001,0.0,0.0
0,0.42,0.07223733272499999,0.0,0.0
0,0.421,0.07192401239249999,0.0,0.0
0,0.422,0.07161185006,0.0,0.0
0,0.423,0.07130084372750001,0.0,0.0
0,0.424,0.07099099139500001,0.0,0.0
0,0.425,0.07068229106250001,0.0,0.0
0,0.426,0.07037474073000001,0.0,0.0
0,0.427,0.07006833839750001,0.0,0.0
0,0.428,0.06976308206500001,0.0,0.0
0,0.429,0.0694589697325,0.0,0.0
0,0.43,0.0691559994,0.0,0.0
0,0.431,0.0688541690675,0.0,0.0
0,0.432,0.06855347673500001,0.0,0.0
0,0.433,0.06825392040250002,0.0,0.0
0,0.434,0.06795549807000001,0.0,0.0
0,0.435,0.0676582077375,0.0,0.0
0,0.436,0.067362047405,0.0,0.0
0,0.437,0.06706701507250001,0.0,0.0
0,0.438,0.06677310874,0.0,0.0
0,0.439,0.06648032640749998,0.0,0.0
0,0.44,0.066188666075,0.0,0.0
0,0.441,0.0658981257425,0.0,0.0
0,0.442,0.06560870341,0.0,0.0
0,0.443,0.0653203970775,0.0,0.0
0,0.444,0.065033204745,0.0,0.0
0,0.445,0.0647471244125,0.0,0.0
0,0.446,0.06446215408,0.0,0.0
0,0.447,0.06417829174749999,0.0,0.0
0,0.448,0.063895535415,0.0,0.0
0,0.449,0.06361388308249999,0.0,0.0
0,0.45,0.06333333275,0.0,0.0
0,0.451,0.06305388241750001,0.0,0.0
0,0.452,0.062775530085,0.0,0.0
0,0.453,0.062498273752499986,0.0,0.0
0,0.454,0.06222211142,0.0,0.0
0,0.455,0.061947041087499995,0.0,0.0
0,0.456,0.061673060754999995,0.0,0.0
0,0.457,0.0614001684225,0.0,0.0
0,0.458,0.06112836209,0.0,0.0
0,0.459,0.0608576397575,0.0,0.0
0,0.46,0.06058799942499999,0.0,0.0
0,0.461,0.06031943909250001,0.0,0.0
0,0.462,0.060051956760000004,0.0,0.0
0,0.463,0.059785550427499994,0.0,0.0
0,0.464,0.059520218094999994,0.0,0.0
0,0.465,0.0592559577625,0.0,0.0
0,0.466,0.05899276743,0.0,0.0
0,0.467,0.0587306450975,0.0,0.0
0,0.468,0.05846958876499999,0.0,0.0
0,0.469,0.0582095964325,0.0,0.0
0,0.47,0.05795066610000001,0.0,0.0
0,0.471,0.0576927957675,0.0,0.0
0,0.472,0.057435983435000004,0.0,0.0
0,0.473,0.05718022710250001,0.0,0.0
0,0.474,0.056925524770000006,0.0,0.0
0,0.475,0.05667187443750001,0.0,0.0
0,0.476,0.056419274105,0.0,0.0
0,0.477,0.05616772177250001,0.0,0.0
0,0.478,0.055917215439999994,0.0,0.0
0,0.479,0.055667753107499995,0.0,0.0
0,0.48,0.055419332774999996,0.0,0.0
0,0.481,0.055171952442500005,0.0,0.0
0,0.482,0.05492561011,0.0,0.0
0,0.483,0.0546803037775,0.0,0.0
0,0.484,0.054436031445000005,0.0,0.0
0,0.485,0.054192791112500006,0.0,0.0
0,0.486,0.05395058078000001,0.0,0.0
0,0.487,0.05370939844750001,0.0,0.0
0,0.488,0.05346924211500001,0.0,0.0
0,0.489,0.05323010978250001,0.0,0.0
0,0.49,0.05299199945,0.0,0.0
0,0.491,0.052754909117500005,0.0,0.0
0,0.492,0.052518836784999995,0.0,0.0
0,0.493,0.052283780452500005,0.0,0.0
0,0.494,0.052049738119999994,0.0,0.0
0,0.495,0.0518167077875,0.0,0.0
0,0.496,0.05158468745500001,0.0,0.0
0,0.497,0.0513536751225,0.0,0.0
0,0.498,0.05112366879,0.0,0.0
0,0.499,0.0508946664575,0.0,0.0
0,0.5,0.05066666612500001,0.0,0.0
0,0.501,0.0504396657925,0.0,0.0
0,0.502,0.050213663459999995,0.0,0.0
0,0.503,0.0499886571275,0.0,0.0
0,0.504,0.04976464479500001,0.0,0.0
0,0.505,0.049541624462499996,0.0,0.0
0,0.506,0.04931959413,0.0,0.0
0,0.507,0.0490985517975,0.0,0.0
0,0.508,0.048878495465,0.0,0.0
0,0.509,0.048659423132500004,0.0,0.0
0,0.51,0.0484413328,0.0,0.0
0,0.511,0.0482242224675,0.0,0.0
0,0.512,0.048008090135,0.0,0.0
0,0.513,0.0477929338025,0.0,0.0
0,0.514,0.04757875146999999,0.0,0.0
0,0.515,0.047365541137499995,0.0,0.0
0,0.516,0.047153300805000006,0.0,0.0
0,0.517,0.0469420284725,0.0,0.0
0,0.518,0.04673172214,0.0,0.0
0,0.519,0.0465223798075,0.0,0.0
0,0.52,0.04631399947499999,0.0,0.0
0,0.521,0.04610657914249999,0.0,0.0
0,0.522,0.04590011680999999,0.0,0.0
0,0.523,0.0456946104775,0.0,0.0
0,0.524,0.045490058145,0.0,0.0
0,0.525,0.04528645781249999,0.0,0.0
0,0.526,0.045083807479999995,0.0,0.0
0,0.527,0.0448821051475,0.0,0.0
0,0.528,0.04468134881499999,0.0,0.0
0,0.529,0.04448153648249999,0.0,0.0
0,0.53,0.04428266615,0.0,0.0
0,0.531,0.0440847358175,0.0,0.0
0,0.532,0.04388774348499999,0.0,0.0
0,0.533,0.0436916871525,0.0,0.0
0,0.534,0.04349656481999999,0.0,0.0
0,0.535,0.04330237448749999,0.0,0.0
0,0.536,0.043109114154999996,0.0,0.0
0,0.537,0.04291678182249999,0.0,0.0
0,0.538,0.042725375489999995,0.0,0.0
0,0.539,0.04253489315749999,0.0,0.0
0,0.54,0.04234533282499999,0.0,0.0
0,0.541,0.04215669249249999,0.0,0.0
0,0.542,0.041968970159999994,0.0,0.0
0,0.543,0.041782163827499996,0.0,0.0
0,0.544,0.041596271494999996,0.0,0.0
0,0.545,0.041411291162499995,0.0,0.0
0,0.546,0.04122722082999999,0.0,0.0
0,0.547,0.041044058497499994,0.0,0.0
0,0.548,0.040861802164999995,0.0,0.0
0,0.549,0.04068044983249999,0.0,0.0
0,0.55,0.04049999949999999,0.0,0.0
0,0.551,0.040320449167499994,0.0,0.0
0,0.552,0.04014179683499999,0.0,0.0
0,0.553,0.03996404050249999,0.0,0.0
0,0.554,0.03978717816999999,0.0,0.0
0,0.555,0.03961120783749999,0.0,0.0
0,0.556,0.03943612750499999,0.0,0.0
0,0.557,0.03926193517249999,0.0,0.0
0,0.558,0.039088628839999986,0.0,0.0
0,0.559,0.03891620650749999,0.0,0.0
0,0.56,0.03874466617499999,0.0,0.0
0,0.561,0.038574005842499995,0.0,0.0
0,0.562,0.038404223509999995,0.0,0.0
0,0.563,0.038235317177500006,0.0,0.0
0,0.564,0.03806728484500001,0.0,0.0
0,0.565,0.037900124512500015,0.0,0.0
0,0.566,0.03773383418000001,0.0,0.0
0,0.567,0.03756841184750001,0.0,0.0
0,0.568,0.03740385551500001,0.0,0.0
0,0.569,0.03724016318250001,0.0,0.0
0,0.57,0.037077332850000005,0.0,0.0
0,0.571,0.03691536251750001,0.0,0.0
0,0.572,0.03675425018500001,0.0,0.0
0,0.573,0.03659399385250001,0.0,0.0
0,0.574,0.036434591520000004,0.0,0.0
0,0.575,0.036276041187500004,0.0,0.0
0,0.576,0.03611834085500001,0.0,0.0
0,0.577,0.03596148852250001,0.0,0.0
0,0.578,0.03580548219000001,0.0,0.0
0,0.579,0.03565031985750001,0.0,0.0
0,0.58,0.035495999525,0.0,0.0
0,0.581,0.035342519192500005,0.0,0.0
0,0.582,0.035189876860000004,0.0,0.0
0,0.583,0.0350380705275,0.0,0.0
0,0.584,0.03488709819500001,0.0,0.0
0,0.585,0.0347369578625,0.0,0.0
0,0.586,0.03458764753,0.0,0.0
0,0.587,0.0344391651975,0.0,0.0
0,0.588,0.034291508865,0.0,0.0
0,0.589,0.03414467653250001,0.0,0.0
0,0.59,0.0339986662,0.0,0.0
0,0.591,0.0338534758675,0.0,0.0
0,0.592,0.033709103535,0.0,0.0
0,0.593,0.0335655472025,0.0,0.0
0,0.594,0.03342280487,0.0,0.0
0,0.595,0.033280874537500005,0.0,0.0
0,0.596,0.033139754205000004,0.0,0.0
0,0.597,0.03299944187250001,0.0,0.0
0,0.598,0.03285993554,0.0,0.0
0,0.599,0.032721233207500006,0.0,0.0
0,0.6,0.032583332875,0.0,0.0
0,0.601,0.0324462325425,0.0,0.0
0,0.602,0.032309930210000004,0.0,0.0
0,0.603,0.0321744238775,0.0,0.0
0,0.604,0.032039711545,0.0,0.0
0,0.605,0.0319057912125,0.0,0.0
0,0.606,0.03177266088,0.0,0.0
0,0.607,0.0316403185475,0.0,0.0
0,0.608,0.031508762215,0.0,0.0
0,0.609,0.031377989882500006,0.0,0.0
0,0.61,0.031247999550000002,0.0,0.0
0,0.611,0.0311187892175,0.0,0.0
0,0.612,0.030990356885000004,0.0,0.0
0,0.613,0.030862700552500007,0.0,0.0
0,0.614,0.03073581822,0.0,0.0
0,0.615,0.030609707887499997,0.0,0.0
0,0.616,0.030484367555,0.0,0.0
0,0.617,0.030359795222500003,0.0,0.0
0,0.618,0.03023598889,0.0,0.0
0,0.619,0.030112946557500003,0.0,0.0
0,0.62,0.029990666225,0.0,0.0
0,0.621,0.0298691458925,0.0,0.0
0,0.622,0.02974838356,0.0,0.0
0,0.623,0.0296283772275,0.0,0.0
0,0.624,0.029509124895000002,0.0,0.0
0,0.625,0.0293906245625,0.0,0.0
0,0.626,0.029272874229999996,0.0,0.0
0,0.627,0.029155871897499998,0.0,0.0
0,0.628,0.029039615564999996,0.0,0.0
0,0.629,0.028924103232499998,0.0,0.0
0,0.63,0.028809332899999998,0.0,0.0
0,0.631,0.0286953025675,0.0,0.0
0,0.632,0.028582010234999997,0.0,0.0
0,0.633,0.028469453902499997,0.0,0.0
0,0.634,0.02835763157,0.0,0.0
0,0.635,0.0282465412375,0.0,0.0
0,0.636,0.028136180905,0.0,0.0
0,0.637,0.028026548572499997,0.0,0.0
0,0.638,0.02791764224,0.0,0.0
0,0.639,0.0278094599075,0.0,0.0
0,0.64,0.027701999574999997,0.0,0.0
0,0.641,0.027595259242500003,0.0,0.0
0,0.642,0.02748923691,0.0,0.0
0,0.643,0.0273839305775,0.0,0.0
0,0.644,0.027279338244999996,0.0,0.0
0,0.645,0.027175457912499996,0.0,0.0
0,0.646,0.02707228758,0.0,0.0
0,0.647,0.0269698252475,0.0,0.0
0,0.648,0.026868068914999998,0.0,0.0
0,0.649,0.026767016582499997,0.0,0.0
0,0.65,0.02666666625,0.0,0.0
0,0.651,0.0265670159175,0.0,0.0
0,0.652,0.026468063585,0.0,0.0
0,0.653,0.02636980725249999,0.0,0.0
0,0.654,0.026272244919999996,0.0,0.0
0,0.655,0.026175374587499994,0.0,0.0
0,0.656,0.026079194255,0.0,0.0
0,0.657,0.025983701922499994,0.0,0.0
0,0.658,0.02588889559,0.0,0.0
0,0.659,0.025794773257500004,0.0,0.0
0,0.66,0.025701332924999997,0.0,0.0
0,0.661,0.025608572592499997,0.0,0.0
0,0.662,0.025516490259999997,0.0,0.0
0,0.663,0.025425083927499995,0.0,0.0
0,0.664,0.025334351594999995,0.0,0.0
0,0.665,0.0252442912625,0.0,0.0
0,0.666,0.025154900929999998,0.0,0.0
0,0.667,0.025066178597499995,0.0,0.0
0,0.668,0.024978122264999996,0.0,0.0
0,0.669,0.024890729932499998,0.0,0.0
0,0.67,0.024803999599999994,0.0,0.0
0,0.671,0.024717929267499994,0.0,0.0
0,0.672,0.024632516934999994,0.0,0.0
0,0.673,0.024547760602499996,0.0,0.0
0,0.674,0.024463658269999997,0.0,0.0
0,0.675,0.024380207937499995,0.0,0.0
0,0.676,0.024297407604999995,0.0,0.0
0,0.677,0.024215255272499996,0.0,0.0
0,0.678,0.024133748939999995,0.0,0.0
0,0.679,0.024052886607499997,0.0,0.0
0,0.68,0.023972666274999995,0.0,0.0
0,0.681,0.023893085942499996,0.0,0.0
0,0.682,0.023814143609999998,0.0,0.0
0,0.683,0.023735837277499998,0.0,0.0
0,0.684,0.023658164944999997,0.0,0.0
0,0.685,0.023581124612499997,0.0,0.0
0,0.686,0.023504714279999995,0.0,0.0
0,0.687,0.023428931947499995,0.0,0.0
0,0.688,0.023353775615000003,0.0,0.0
0,0.689,0.023279243282500004,0.0,0.0
0,0.69,0.023205332950000004,0.0,0.0
0,0.691,0.023132042617500004,0.0,0.0
0,0.692,0.023059370285000005,0.0,0.0
0,0.693,0.022987313952500005,0.0,0.0
0,0.694,0.02291587162,0.0,0.0
0,0.695,0.022845041287500003,0.0,0.0
0,0.696,0.022774820955000004,0.0,0.0
0,0.697,0.022705208622500004,0.0,0.0
0,0.698,0.022636202290000004,0.0,0.0
0,0.699,0.022567799957500006,0.0,0.0
0,0.7,0.022499999625000003,0.0,0.0
0,0.701,0.022432799292500003,0.0,0.0
0,0.702,0.022366196960000004,0.0,0.0
0,0.703,0.022300190627500008,0.0,0.0
0,0.704,0.022234778295,0.0,0.0
0,0.705,0.0221699579625,0.0,0.0
0,0.706,0.022105727630000002,0.0,0.0
0,0.707,0.022042085297500003,0.0,0.0
0,0.708,0.021979028965000005,0.0,0.0
0,0.709,0.021916556632500004,0.0,0.0
0,0.71,0.021854666300000002,0.0,0.0
0,0.711,0.021793355967500004,0.0,0.0
0,0.712,0.021732623635,0.0,0.0
0,0.713,0.0216724673025,0.0,0.0
0,0.714,0.021612884970000006,0.0,0.0
0,0.715,0.0215538746375,0.0,0.0
0,0.716,0.021495434305,0.0,0.0
0,0.717,0.021437561972500005,0.0,0.0
0,0.718,0.02138025564,0.0,0.0
0,0.719,0.021323513307500003,0.0,0.0
0,0.72,0.021267332975,0.0,0.0
0,0.721,0.021211712642500005,0.0,0.0
0,0.722,0.021156650310000004,0.0,0.0
0,0.723,0.0211021439775,0.0,0.0
0,0.724,0.021048191645000002,0.0,0.0
0,0.725,0.0209947913125,0.0,0.0
0,0.726,0.02094194098,0.0,0.0
0,0.727,0.0208896386475,0.0,0.0
0,0.728,0.020837882315,0.0,0.0
0,0.729,0.020786669982500002,0.0,0.0
0,0.73,0.020735999650000003,0.0,0.0
0,0.731,0.0206858693175,0.0,0.0
0,0.732,0.020636276985,0.0,0.0
0,0.733,0.020587220652500002,0.0,0.0
0,0.734,0.020538698320000003,0.0,0.0
0,0.735,0.020490707987500002,0.0,0.0
0,0.736,0.020443247655000003,0.0,0.0
0,0.737,0.0203963153225,0.0,0.0
0,0.738,0.02034990899,0.0,0.0
0,0.739,0.0203040266575,0.0,0.0
0,0.74,0.020258666325,0.0,0.0
0,0.741,0.0202138259925,0.0,0.0
0,0.742,0.02016950366,0.0,0.0
0,0.743,0.0201256973275,0.0,0.0
0,0.744,0.020082404995,0.0,0.0
0,0.745,0.0200396246625,0.0,0.0
0,0.746,0.01999735433,0.0,0.0
0,0.747,0.0199555919975,0.0,0.0
0,0.748,0.019914335665,0.0,0.0
0,0.749,0.0198735833325,0.0,0.0
0,0.75,0.019833332999999998,0.0,0.0
0,0.751,0.0197935826675,0.0,0.0
0,0.752,0.019754330335000004,0.0,0.0
0,0.753,0.0197155740025,0.0,0.0
0,0.754,0.01967731167,0.0,0.0
0,0.755,0.0196395413375,0.0,0.0
0,0.756,0.019602261005,0.0,0.0
0,0.757,0.0195654686725,0.0,0.0
0,0.758,0.01952916234,0.0,0.0
0,0.759,0.019493340007500002,0.0,0.0
0,0.76,0.019457999675,0.0,0.0
0,0.761,0.019423139342500003,0.0,0.0
0,0.762,0.01938875701,0.0,0.0
0,0.763,0.019354850677500004,0.0,0.0
0,0.764,0.019321418345,0.0,0.0
0,0.765,0.019288458012500002,0.0,0.0
0,0.766,0.01925596768,0.0,0.0
0,0.767,0.0192239453475,0.0,0.0
0,0.768,0.019192389015000002,0.0,0.0
0,0.769,0.0191612966825,0.0,0.0
0,0.77,0.019130666350000002,0.0,0.0
0,0.771,0.0191004960175,0.0,0.0
0,0.772,0.019070783685000002,0.0,0.0
0,0.773,0.0190415273525,0.0,0.0
0,0.774,0.01901272502,0.0,0.0
0,0.775,0.018984374687500003,0.0,0.0
0,0.776,0.018956474355,0.0,0.0
0,0.777,0.018929022022500002,0.0,0.0
0,0.778,0.018902015690000003,0.0,0.0
0,0.779,0.018875453357500002,0.0,0.0
0,0.78,0.018849333025,0.0,0.0
0,0.781,0.0188236526925,0.0,0.0
0,0.782,0.018798410360000004,0.0,0.0
0,0.783,0.018773604027499998,0.0,0.0
0,0.784,0.018749231695,0.0,0.0
0,0.785,0.0187252913625,0.0,0.0
0,0.786,0.01870178103,0.0,0.0
0,0.787,0.0186786986975,0.0,0.0
0,0.788,0.018656042365,0.0,0.0
0,0.789,0.0186338100325,0.0,0.0
0,0.79,0.0186119997,0.0,0.0
0,0.791,0.018590609367500004,0.0,0.0
0,0.792,0.018569637035,0.0,0.0
0,0.793,0.0185490807025,0.0,0.0
0,0.794,0.01852893837,0.0,0.0
0,0.795,0.018509208037500002,0.0,0.0
0,0.796,0.018489887705,0.0,0.0
0,0.797,0.0184709753725,0.0,0.0
0,0.798,0.01845246904,0.0,0.0
0,0.799,0.0184343667075,0.0,0.0
0,0.8,0.018416666375,0.0,0.0
0,0.801,0.0183993660425,0.0,0.0
0,0.802,0.01838246371,0.0,0.0
0,0.803,0.018365957377500002,0.0,0.0
0,0.804,0.018349845045,0.0,0.0
0,0.805,0.0183341247125,0.0,0.0
0,0.806,0.018318794380000003,0.0,0.0
0,0.807,0.018303852047500003,0.0,0.0
0,0.808,0.018289295715000004,0.0,0.0
0,0.809,0.0182751233825,0.0,0.0
0,0.81,0.018261333050000002,0.0,0.0
0,0.811,0.0182479227175,0.0,0.0
0,0.812,0.018234890385,0.0,0.0
0,0.813,0.0182222340525,0.0,0.0
0,0.814,0.018209951720000003,0.0,0.0
0,0.815,0.018198041387500002,0.0,0.0
0,0.816,0.018186501055000002,0.0,0.0
0,0.817,0.018175328722500002,0.0,0.0
0,0.818,0.018164522390000003,0.0,0.0
0,0.819,0.0181540800575,0.0,0.0
0,0.82,0.018143999725000002,0.0,0.0
0,0.821,0.0181342793925,0.0,0.0
0,0.822,0.018124917060000002,0.0,0.0
0,0.823,0.018115910727500004,0.0,0.0
0,0.824,0.018107258395000003,0.0,0.0
0,0.825,0.018098958062500003,0.0,0.0
0,0.826,0.01809100773,0.0,0.0
0,0.827,0.018083405397500002,0.0,0.0
0,0.828,0.018076149065,0.0,0.0
0,0.829,0.0180692367325,0.0,0.0
0,0.83,0.0180626664,0.0,0.0
0,0.831,0.0180564360675,0.0,0.0
0,0.832,0.018050543735,0.0,0.0
0,0.833,0.0180449874025,0.0,0.0
0,0.834,0.01803976507,0.0,0.0
0,0.835,0.0180348747375,0.0,0.0
0,0.836,0.018030314405,0.0,0.0
0,0.837,0.0180260820725,0.0,0.0
0,0.838,0.01802217574,0.0,0.0
0,0.839,0.018018593407500002,0.0,0.0
0,0.84,0.018015333075,0.0,0.0
0,0.841,0.018012392742500005,0.0,0.0
0,0.842,0.01800977041,0.0,0.0
0,0.843,0.018007464077500004,0.0,0.0
0,0.844,0.018005471745,0.0,0.0
0,0.845,0.0180037914125,0.0,0.0
0,0.846,0.01800242108,0.0,0.0
0,0.847,0.0180013587475,0.0,0.0
0,0.848,0.018000602415000004,0.0,0.0
0,0.849,0.0180001500825,0.0,0.0
0,0.85,0.017999999750000002,0.0,0.0
0,0.851,0.0180001494175,0.0,0.0
0,0.852,0.018000597085,0.0,0.0
0,0.853,0.0180013407525,0.0,0.0
0,0.854,0.018002378420000003,0.0,0.0
0,0.855,0.0180037080875,0.0,0.0
0,0.856,0.018005327755,0.0,0.0
0,0.857,0.018007235422500004,0.0,0.0
0,0.858,0.018009429090000004,0.0,0.0
0,0.859,0.0180119067575,0.0,0.0
0,0.86,0.018014666425000003,0.0,0.0
0,0.861,0.018017706092500002,0.0,0.0
0,0.862,0.018021023760000004,0.0,0.0
0,0.863,0.0180246174275,0.0,0.0
0,0.864,0.018028485095,0.0,0.0
0,0.865,0.0180326247625,0.0,0.0
0,0.866,0.01803703443,0.0,0.0
0,0.867,0.018041712097500003,0.0,0.0
0,0.868,0.018046655765000003,0.0,0.0
0,0.869,0.018051863432500002,0.0,0.0
0,0.87,0.018057333100000003,0.0,0.0
0,0.871,0.018063062767500002,0.0,0.0
0,0.872,0.018069050435,0.0,0.0
0,0.873,0.0180752941025,0.0,0.0
0,0.874,0.01808179177,0.0,0.0
0,0.875,0.018088541437500005,0.0,0.0
0,0.876,0.018095541105,0.0,0.0
0,0.877,0.018102788772500003,0.0,0.0
0,0.878,0.018110282440000004,0.0,0.0
0,0.879,0.0181180201075,0.0,0.0
0,0.88,0.018125999775000002,0.0,0.0
0,0.881,0.018134219442500002,0.0,0.0
0,0.882,0.01814267711,0.0,0.0
0,0.883,0.018151370777500002,0.0,0.0
0,0.884,0.018160298445,0.0,0.0
0,0.885,0.018169458112500002,0.0,0.0
0,0.886,0.01817884778,0.0,0.0
0,0.887,0.018188465447500003,0.0,0.0
0,0.888,0.018198309115000002,0.0,0.0
0,0.889,0.018208376782500004,0.0,0.0
0,0.89,0.018218666450000004,0.0,0.0
0,0.891,0.018229176117500002,0.0,0.0
0,0.892,0.018239903785,0.0,0.0
0,0.893,0.018250847452500003,0.0,0.0
0,0.894,0.018262005120000004,0.0,0.0
0,0.895,0.0182733747875,0.0,0.0
0,0.896,0.018284954455000002,0.0,0.0
0,0.897,0.0182967421225,0.0,0.0
0,0.898,0.018308735790000003,0.0,0.0
0,0.899,0.0183209334575,0.0,0.0
0,0.9,0.018333333125,0.0,0.0
0,0.901,0.018345932792500002,0.0,0.0
0,0.902,0.018358730460000004,0.0,0.0
0,0.903,0.018371724127500003,0.0,0.0
0,0.904,0.018384911795000004,0.0,0.0
0,0.905,0.018398291462500004,0.0,0.0
0,0.906,0.018411861130000002,0.0,0.0
0,0.907,0.018425618797500005,0.0,0.0
0,0.908,0.018439562465000003,0.0,0.0
0,0.909,0.018453690132500002,0.0,0.0
0,0.91,0.018467999800000003,0.0,0.0
0,0.911,0.018482489467500002,0.0,0.0
0,0.912,0.018497157135000004,0.0,0.0
0,0.913,0.018512000802500005,0.0,0.0
0,0.914,0.01852701847,0.0,0.0
0,0.915,0.018542208137500002,0.0,0.0
0,0.916,0.018557567805,0.0,0.0
0,0.917,0.018573095472500002,0.0,0.0
0,0.918,0.018588789140000003,0.0,0.0
0,0.919,0.018604646807500003,0.0,0.0
0,0.92,0.018620666475000002,0.0,0.0
0,0.921,0.018636846142500003,0.0,0.0
0,0.922,0.01865318381,0.0,0.0
0,0.923,0.018669677477500004,0.0,0.0
0,0.924,0.018686325145000005,0.0,0.0
0,0.925,0.018703124812500006,0.0,0.0
0,0.926,0.018720074480000005,0.0,0.0
0,0.927,0.0187371721475,0.0,0.0
0,0.928,0.018754415815000005,0.0,0.0
0,0.929,0.018771803482500002,0.0,0.0
0,0.93,0.018789333150000004,0.0,0.0
0,0.931,0.018807002817500005,0.0,0.0
0,0.932,0.018824810485000003,0.0,0.0
0,0.933,0.018842754152500005,0.0,0.0
0,0.934,0.018860831820000003,0.0,0.0
0,0.935,0.018879041487500005,0.0,0.0
0,0.936,0.018897381155000004,0.0,0.0
0,0.937,0.018915848822500005,0.0,0.0
0,0.938,0.018934442490000005,0.0,0.0
0,0.939,0.018953160157500003,0.0,0.0
0,0.94,0.018971999825,0.0,0.0
0,0.941,0.0189909594925,0.0,0.0
0,0.942,0.019010037160000003,0.0,0.0
0,0.943,0.019029230827500004,0.0,0.0
0,0.944,0.019048538495000003,0.0,0.0
0,0.945,0.019067958162500002,0.0,0.0
0,0.946,0.019087487830000003,0.0,0.0
0,0.947,0.019107125497500002,0.0,0.0
0,0.948,0.019126869165,0.0,0.0
0,0.949,0.0191467168325,0.0,0.0
0,0.95,0.019166666500000002,0.0,0.0
0,0.951,0.019186716167500003,0.0,0.0
0,0.952,0.019206863835,0.0,0.0
0,0.953,0.0192271075025,0.0,0.0
0,0.954,0.019247445170000002,0.0,0.0
0,0.955,0.019267874837500004,0.0,0.0
0,0.956,0.019288394505,0.0,0.0
0,0.957,0.019309002172500003,0.0,0.0
0,0.958,0.01932969584,0.0,0.0
0,0.959,0.019350473507500004,0.0,0.0
0,0.96,0.019371333175,0.0,0.0
0,0.961,0.019392272842500002,0.0,0.0
0,0.962,0.01941329051,0.0,0.0
0,0.963,0.019434384177500003,0.0,0.0
0,0.964,0.019455551845000002,0.0,0.0
0,0.965,0.019476791512500004,0.0,0.0
0,0.966,0.019498101180000005,0.0,0.0
0,0.967,0.019519478847500004,0.0,0.0
0,0.968,0.019540922515000003,0.0,0.0
0,0.969,0.019562430182500003,0.0,0.0
0,0.97,0.019583999850000002,0.0,0.0
0,0.971,0.019605629517500004,0.0,0.0
0,0.972,0.019627317185000003,0.0,0.0
0,0.973,0.019649060852500004,0.0,0.0
0,0.974,0.01967085852,0.0,0.0
0,0.975,0.0196927081875,0.0,0.0
0,0.976,0.019714607855000003,0.0,0.0
0,0.977,0.019736555522500004,0.0,0.0
0,0.978,0.019758549190000002,0.0,0.0
0,0.979,0.019780586857500004,0.0,0.0
0,0.98,0.019802666525000005,0.0,0.0
0,0.981,0.019824786192500003,0.0,0.0
0,0.982,0.019846943860000004,0.0,0.0
0,0.983,0.019869137527500004,0.0,0.0
0,0.984,0.019891365195000003,0.0,0.0
0,0.985,0.019913624862500003,0.0,0.0
0,0.986,0.01993591453,0.0,0.0
0,0.987,0.019958232197500002,0.0,0.0
0,0.988,0.019980575865000003,0.0,0.0
0,0.989,0.020002943532500005,0.0,0.0
0,0.99,0.020025333200000002,0.0,0.0
0,0.991,0.020047742867500003,0.0,0.0
0,0.992,0.020070170535,0.0,0.0
0,0.993,0.020092614202500005,0.0,0.0
0,0.994,0.020115071870000004,0.0,0.0
0,0.995,0.020137541537500005,0.0,0.0
0,0.996,0.020160021205000003,0.0,0.0
0,0.997,0.020182508872500005,0.0,0.0
0,0.998,0.020205002540000003,0.0,0.0
0,0.999,0.020227500207500002,0.0,0.0
0,1.0,0.020249999875000004,0.0,0.0
0,1.001,0.0202724995425,0.0,0.0
0,1.002,0.020294997210000002,0.0,0.0
0,1.003,0.0203174908775,0.0,0.0
0,1.004,0.020339978545,0.0,0.0
0,1.005,0.0203624582125,0.0,0.0
0,1.006,0.020384927880000004,0.0,0.0
0,1.007,0.0204073855475,0.0,0.0
0,1.008,0.020429829215000004,0.0,0.0
0,1.009,0.020452256882500002,0.0,0.0
0,1.01,0.020474666550000003,0.0,0.0
0,1.011,0.0204970562175,0.0,0.0
0,1.012,0.020519423885000002,0.0,0.0
0,1.013,0.0205417675525,0.0,0.0
0,1.014,0.020564085220000004,0.0,0.0
0,1.015,0.0205863748875,0.0,0.0
0,1.016,0.020608634555000005,0.0,0.0
0,1.017,0.0206308622225,0.0,0.0
0,1.018,0.020653055890000004,0.0,0.0
0,1.019,0.020675213557500002,0.0,0.0
0,1.02,0.020697333225000003,0.0,0.0
0,1.021,0.020719412892500004,0.0,0.0
0,1.022,0.020741450560000003,0.0,0.0
0,1.023,0.020763444227500004,0.0,0.0
0,1.024,0.020785391895000005,0.0,0.0
0,1.025,0.0208072915625,0.0,0.0
0,1.026,0.020829141230000004,0.0,0.0
0,1.027,0.0208509388975,0.0,0.0
0,1.028,0.020872682565,0.0,0.0
0,1.029,0.0208943702325,0.0,0.0
0,1.03,0.020915999900000003,0.0,0.0
0,1.031,0.0209375695675,0.0,0.0
0,1.032,0.020959077235000005,0.0,0.0
0,1.033,0.0209805209025,0.0,0.0
0,1.034,0.021001898570000004,0.0,0.0
0,1.035,0.0210232082375,0.0,0.0
0,1.036,0.021044447905000003,0.0,0.0
0,1.037,0.0210656155725,0.0,0.0
0,1.038,0.021086709240000005,0.0,0.0
0,1.039,0.0211077269075,0.0,0.0
0,1.04,0.021128666575000007,0.0,0.0
0,1.041,0.0211495262425,0.0,0.0
0,1.042,0.021170303910000004,0.0,0.0
0,1.043,0.021190997577500002,0.0,0.0
0,1.044,0.021211605245000004,0.0,0.0
0,1.045,0.0212321249125,0.0,0.0
0,1.046,0.021252554580000003,0.0,0.0
0,1.047,0.0212728922475,0.0,0.0
0,1.048,0.021293135915000004,0.0,0.0
0,1.049,0.021313283582500002,0.0,0.0
0,1.05,0.021333333250000003,0.0,0.0
0,1.051,0.0213532829175,0.0,0.0
0,1.052,0.021373130585000004,0.0,0.0
0,1.053,0.021392874252500003,0.0,0.0
0,1.054,0.021412511920000002,0.0,0.0
0,1.055,0.021432041587500002,0.0,0.0
0,1.056,0.021451461255000005,0.0,0.0
0,1.057,0.0214707689225,0.0,0.0
0,1.058,0.021489962590000005,0.0,0.0
0,1.059,0.0215090402575,0.0,0.0
0,1.06,0.021527999925000003,0.0,0.0
0,1.061,0.021546839592500002,0.0,0.0
0,1.062,0.021565557260000003,0.0,0.0
0,1.063,0.021584150927500004,0.0,0.0
0,1.064,0.021602618595000005,0.0,0.0
0,1.065,0.021620958262500004,0.0,0.0
0,1.066,0.02163916793,0.0,0.0
0,1.067,0.021657245597500003,0.0,0.0
0,1.068,0.021675189265000002,0.0,0.0
0,1.069,0.0216929969325,0.0,0.0
0,1.07,0.021710666600000005,0.0,0.0
0,1.071,0.021728196267500003,0.0,0.0
0,1.072,0.021745583935000003,0.0,0.0
0,1.073,0.021762827602500003,0.0,0.0
0,1.074,0.021779925270000004,0.0,0.0
0,1.075,0.021796874937500002,0.0,0.0
0,1.076,0.021813674605000007,0.0,0.0
0,1.077,0.0218303222725,0.0,0.0
0,1.078,0.021846815940000004,0.0,0.0
0,1.079,0.0218631536075,0.0,0.0
0,1.08,0.021879333275000006,0.0,0.0
0,1.081,0.0218953529425,0.0,0.0
0,1.082,0.021911210610000002,0.0,0.0
0,1.083,0.0219269042775,0.0,0.0
0,1.084,0.021942431945000004,0.0,0.0
0,1.085,0.021957791612500003,0.0,0.0
0,1.086,0.021972981280000005,0.0,0.0
0,1.087,0.0219879989475,0.0,0.0
0,1.088,0.022002842615000004,0.0,0.0
0,1.089,0.0220175102825,0.0,0.0
0,1.09,0.022031999950000006,0.0,0.0
0,1.091,0.022046309617500003,0.0,0.0
0,1.092,0.022060437285000005,0.0,0.0
0,1.093,0.0220743809525,0.0,0.0
0,1.094,0.022088138620000003,0.0,0.0
0,1.095,0.022101708287500004,0.0,0.0
0,1.096,0.022115087955000005,0.0,0.0
0,1.097,0.022128275622500002,0.0,0.0
0,1.098,0.02214126929,0.0,0.0
0,1.099,0.022154066957500003,0.0,0.0
0,1.1,0.022166666625000005,0.0,0.0
0,1.101,0.0221790662925,0.0,0.0
0,1.102,0.022191263960000002,0.0,0.0
0,1.103,0.022203257627500004,0.0,0.0
0,1.104,0.022215045295000003,0.0,0.0
0,1.105,0.022226624962500004,0.0,0.0
0,1.106,0.022237994630000004,0.0,0.0
0,1.107,0.0222491522975,0.0,0.0
0,1.108,0.022260095965000004,0.0,0.0
0,1.109,0.022270823632500002,0.0,0.0
0,1.11,0.022281333300000004,0.0,0.0
0,1.111,0.0222916229675,0.0,0.0
0,1.112,0.022301690635000003,0.0,0.0
0,1.113,0.0223115343025,0.0,0.0
0,1.114,0.02232115197,0.0,0.0
0,1.115,0.022330541637500003,0.0,0.0
0,1.116,0.022339701305,0.0,0.0
0,1.117,0.0223486289725,0.0,0.0
0,1.118,0.022357322640000003,0.0,0.0
0,1.119,0.022365780307500003,0.0,0.0
0,1.12,0.022373999975000003,0.0,0.0
0,1.121,0.0223819796425,0.0,0.0
0,1.122,0.022389717310000005,0.0,0.0
0,1.123,0.022397210977500002,0.0,0.0
0,1.124,0.022404458645000003,0.0,0.0
0,1.125,0.022411458312500004,0.0,0.0
0,1.126,0.022418207980000004,0.0,0.0
0,1.127,0.0224247056475,0.0,0.0
0,1.128,0.022430949315,0.0,0.0
0,1.129,0.022436936982500003,0.0,0.0
0,1.13,0.022442666650000002,0.0,0.0
0,1.131,0.022448136317500002,0.0,0.0
0,1.132,0.022453343985000002,0.0,0.0
0,1.133,0.022458287652500002,0.0,0.0
0,1.134,0.02246296532,0.0,0.0
0,1.135,0.022467374987500004,0.0,0.0
0,1.136,0.022471514655,0.0,0.0
0,1.137,0.0224753823225,0.0,0.0
0,1.138,0.022478975990000004,0.0,0.0
0,1.139,0.022482293657500003,0.0,0.0
0,1.14,0.022485333325000002,0.0,0.0
0,1.141,0.022488092992500004,0.0,0.0
0,1.142,0.022490570660000004,0.0,0.0
0,1.143,0.022492764327500005,0.0,0.0
0,1.144,0.022494671995000003,0.0,0.0
0,1.145,0.0224962916625,0.0,0.0
0,1.146,0.022497621330000002,0.0,0.0
0,1.147,0.0224986589975,0.0,0.0
0,1.148,0.022499402665,0.0,0.0
0,1.149,0.0224998503325,0.0,0.0
0,1.15,0.022500000000000003,0.0,0.0
0,1.151,0.022500000000000003,0.0,0.0
0,1.152,0.022500000000000003,0.0,0.0
0,1.153,0.022500000000000003,0.0,0.0
0,1.154,0.022500000000000003,0.0,0.0
0,1.155,0.022500000000000003,0.0,0.0
0,1.156,0.022500000000000003,0.0,0.0
0,1.157,0.022500000000000003,0.0,0.0
0,1.158,0.022500000000000003,0.0,0.0
0,1.159,0.022500000000000003,0.0,0.0
0,1.16,0.022500000000000003,0.0,0.0
0,1.161,0.022500000000000003,0.0,0.0
0,1.162,0.022500000000000003,0.0,0.0
0,1.163,0.022500000000000003,0.0,0.0
0,1.164,0.022500000000000003,0.0,0.0
0,1.165,0.022500000000000003,0.0,0.0
0,1.166,0.022500000000000003,0.0,0.0
0,1.167,0.022500000000000003,0.0,0.0
0,1.168,0.022500000000000003,0.0,0.0
0,1.169,0.022500000000000003,0.0,0.0
0,1.17,0.022500000000000003,0.0,0.0
0,1.171,0.022500000000000003,0.0,0.0
0,1.172,0.022500000000000003,0.0,0.0
0,1.173,0.022500000000000003,0.0,0.0
0,1.174,0.022500000000000003,0.0,0.0
0,1.175,0.022500000000000003,0.0,0.0
0,1.176,0.022500000000000003,0.0,0.0
0,1.177,0.022500000000000003,0.0,0.0
0,1.178,0.022500000000000003,0.0,0.0
0,1.179,0.022500000000000003,0.0,0.0
0,1.18,0.022500000000000003,0.0,0.0
0,1.181,0.022500000000000003,0.0,0.0
0,1.182,0.022500000000000003,0.0,0.0
0,1.183,0.022500000000000003,0.0,0.0
0,1.184,0.022500000000000003,0.0,0.0
0,1.185,0.022500000000000003,0.0,0.0
0,1.186,0.022500000000000003,0.0,0.0
0,1.187,0.022500000000000003,0.0,0.0
0,1.188,0.022500000000000003,0.0,0.0
0,1.189,0.022500000000000003,0.0,0.0
0,1.19,0.022500000000000003,0.0,0.0
0,1.191,0.022500000000000003,0.0,0.0
0,1.192,0.022500000000000003,0.0,0.0
0,1.193,0.022500000000000003,0.0,0.0
0,1.194,0.022500000000000003,0.0,0.0
0,1.195,0.022500000000000003,0.0,0.0
0,1.196,0.022500000000000003,0.0,0.0
0,1.197,0.022500000000000003,0.0,0.0
0,1.198,0.022500000000000003,0.0,0.0
0,1.199,0.022500000000000003,0.0,0.0
0,1.2,0.022500000000000003,0.0,0.0
0.25,0.0,0.259452791390625,0.9438,0.70785
0.25,0.001,0.259412616123125,0.9398,0.70485
0.25,0.002,0.2593711415571875,0.9357,0.701775
0.25,0.003,0.25932924707274996,0.9316,0.6987
0.25,0.004,0.259285966017875,0.9274,0.69555
0.25,0.005,0.2592412501930625,0.9231,0.6923250000000001
0.25,0.006,0.25919597752874995,0.9188,0.6890999999999999
0.25,0.007,0.25914917073849997,0.9144,0.6858
0.25,0.008,0.25910170935625,0.91,0.6825
0.25,0.009,0.2590526073240625,0.9055,0.679125
0.25,0.01,0.25900274760437497,0.901,0.6757500000000001
0.25,0.011,0.25895113361475,0.8964,0.6723
0.25,0.012,0.25889770110468746,0.8917,0.668775
0.25,0.013,0.258843340768125,0.887,0.66525
0.25,0.014,0.258787036703125,0.8822,0.66165
0.25,0.015,0.258729687214125,0.8774,0.65805
0.25,0.016,0.2586702620046875,0.8725,0.654375
0.25,0.017,0.25860966871275,0.8676,0.6507000000000001
0.25,0.018,0.258546861068375,0.8626,0.64695
0.25,0.019,0.258482757724,0.8576,0.6432
0.25,0.02,0.2584162949171875,0.8525,0.639375
0.25,0.021,0.25834840394787495,0.8474,0.6355500000000001
0.25,0.022,0.25827800210812496,0.8422,0.6316499999999999
0.25,0.023,0.258206034924375,0.837,0.62775
0.25,0.024,0.2581313993621875,0.8317,0.623775
0.25,0.025,0.2580550566935,0.8264,0.6198
0.25,0.026,0.25797588225437496,0.821,0.61575
0.25,0.027,0.25789485451524996,0.8156,0.6117
0.25,0.028,0.257811909648125,0.8102,0.60765
0.25,0.029,0.2577258885390625,0.8047,0.603525
0.25,0.03,0.2576366922605625,0.7991,0.599325
0.25,0.031,0.257546456484,0.7936,0.5952
0.25,0.032,0.2574517594075625,0.7879,0.590925
0.25,0.033,0.2573558893290625,0.7823,0.5867249999999999
0.25,0.034,0.257256505097125,0.7766,0.5824499999999999
0.25,0.035,0.25715350035124995,0.7708,0.5781000000000001
0.25,0.036,0.2570491309118125,0.7651,0.573825
0.25,0.037,0.2569397812875,0.7592,0.5694
0.25,0.038,0.256828928001625,0.7534,0.5650499999999999
0.25,0.039,0.25671409583281246,0.7475,0.560625
0.25,0.04,0.2565964096465,0.7416,0.5562
0.25,0.041,0.25647579867218745,0.7357,0.551775
0.25,0.042,0.2563509243159375,0.7297,0.547275
0.25,0.043,0.2562229527596875,0.7237,0.542775
0.25,0.044,0.25609051396149995,0.7176,0.5382
0.25,0.045,0.2559548025753125,0.7115,0.533625
0.25,0.046,0.25581574543162494,0.7054,0.52905
0.25,0.047,0.2556732693609375,0.6993,0.524475
0.25,0.048,0.2555259397568125,0.6931,0.519825
0.25,0.049,0.255376389393125,0.687,0.51525
0.25,0.05,0.2552204106465625,0.6807,0.510525
0.25,0.051,0.2550620625884375,0.6745,0.505875
0.25,0.052,0.25489846481187495,0.6682,0.50115
0.25,0.053,0.25473093648631245,0.6619,0.496425
0.25,0.054,0.25455940229525,0.6556,0.49169999999999997
0.25,0.055,0.2543837869221875,0.6493,0.486975
0.25,0.056,0.25420251680818745,0.6429,0.482175
0.25,0.057,0.2540169786221875,0.6365,0.477375
0.25,0.058,0.2538270960761875,0.6301,0.47257499999999997
0.25,0.059,0.2536327928821875,0.6237,0.46777500000000005
0.25,0.06,0.2534339927521875,0.6173,0.46297499999999997
0.25,0.061,0.25322902981125,0.6108,0.4581
0.25,0.062,0.2530193794203125,0.6043,0.453225
0.25,0.063,0.252804964391875,0.5978,0.44835
0.25,0.064,0.2525857075384375,0.5913,0.44347500000000006
0.25,0.065,0.25235986673656247,0.5847,0.438525
0.25,0.066,0.25212899104868747,0.5781,0.43357499999999993
0.25,0.067,0.25189470555774995,0.5716,0.42869999999999997
0.25,0.068,0.251653545534375,0.565,0.42374999999999996
0.25,0.069,0.251407116851,0.5584,0.4188
0.25,0.07,0.2511535791971875,0.5517,0.413775
0.25,0.071,0.2508963588993125,0.5451,0.408825
0.25,0.072,0.2506318334335,0.5384,0.4038
0.25,0.073,0.25036168633968753,0.5317,0.398775
0.25,0.074,0.25008583885937496,0.525,0.39375000000000004
0.25,0.075,0.24980421223406246,0.5183,0.388725
0.25,0.076,0.24951672770524996,0.5116,0.38370000000000004
0.25,0.077,0.2492233065144375,0.5049,0.378675
0.25,0.078,0.2489219457786875,0.4981,0.373575
0.25,0.079,0.248616393700375,0.4914,0.36855
0.25,0.08,0.24830270248962497,0.4846,0.36345
0.25,0.081,0.247982716846875,0.4778,0.35835
0.25,0.082,0.247656357348125,0.471,0.35324999999999995
0.25,0.083,0.247323544569375,0.4642,0.34815
0.25,0.084,0.246984199086625,0.4574,0.34304999999999997
0.25,0.085,0.246638241475875,0.4506,0.33795
0.25,0.086,0.2462834997646875,0.4437,0.332775
0.25,0.087,0.2459240576369375,0.4369,0.327675
0.25,0.088,0.24555562925625,0.43,0.3225
0.25,0.089,0.24518022716556248,0.4231,0.31732499999999997
0.25,0.09,0.24479777135937503,0.4162,0.31215000000000004
0.25,0.091,0.2444081818321875,0.4093,0.306975
0.25,0.092,0.24401137857850003,0.4024,0.30179999999999996
0.25,0.093,0.24360728159281253,0.3955,0.296625
0.25,0.094,0.243195810869625,0.3886,0.29145
0.25,0.095,0.2427768864034375,0.3817,0.286275
0.25,0.096,0.2423481184278125,0.3747,0.28102499999999997
0.25,0.097,0.24191402375062498,0.3678,0.27585000000000004
0.25,0.098,0.2414698810125,0.3608,0.2706
0.25,0.099,0.2410202953988125,0.3539,0.265425
0.25,0.1,0.2405604565131875,0.3469,0.260175
0.25,0.101,0.24009263797756247,0.3399,0.25492499999999996
0.25,0.102,0.23961675929193751,0.3329,0.24967499999999998
0.25,0.103,0.2391327399563125,0.3259,0.244425
0.25,0.104,0.23864049947068752,0.3189,0.23917500000000003
0.25,0.105,0.2381399573350625,0.3119,0.233925
0.25,0.106,0.23763103304943753,0.3049,0.22867500000000002
0.25,0.107,0.23711364611381255,0.2979,0.22342499999999998
0.25,0.108,0.23658513713124998,0.2908,0.21810000000000002
0.25,0.109,0.23605056009312497,0.2838,0.21284999999999998
0.25,0.11,0.23550727875499997,0.2768,0.2076
0.25,0.111,0.23495256479343749,0.2697,0.20227499999999998
0.25,0.112,0.23439160961781252,0.2627,0.197025
0.25,0.113,0.23381901450525003,0.2556,0.19169999999999998
0.25,0.114,0.23323734637468746,0.2485,0.186375
0.25,0.115,0.23264652432162497,0.2414,0.18105
0.25,0.116,0.23204922942349998,0.2344,0.1758
0.25,0.117,0.23143987971593746,0.2273,0.170475
0.25,0.118,0.23082113349187502,0.2202,0.16515000000000002
0.25,0.119,0.2301929098468125,0.2131,0.159825
0.25,0.12,0.22955512787625,0.206,0.1545
0.25,0.121,0.22890770667568755,0.1989,0.149175
0.25,0.122,0.22825056534062502,0.1918,0.14385
0.25,0.123,0.22758362296656245,0.1847,0.138525
0.25,0.124,0.2269038500890625,0.1775,0.133125
0.25,0.125,0.2262170390635,0.1704,0.1278
0.25,0.126,0.22552018416593747,0.1633,0.122475
0.25,0.127,0.224813204491875,0.1562,0.11715
0.25,0.128,0.22409297611437495,0.149,0.11174999999999999
0.25,0.129,0.2233654798513125,0.1419,0.10642499999999999
0.25,0.13,0.22262452591781248,0.1347,0.10102499999999999
0.25,0.131,0.22187618898525002,0.1276,0.0957
0.25,0.132,0.22111418499975002,0.1204,0.09029999999999999
0.25,0.133,0.22034468331718748,0.1133,0.084975
0.25,0.134,0.21956130478368746,0.1061,0.079575
0.25,0.135,0.21876710569818747,0.0989,0.074175
0.25,0.136,0.217965236693125,0.0918,0.06885000000000001
0.25,0.137,0.21714917621962498,0.0846,0.06344999999999999
0.25,0.138,0.216322051634125,0.0774,0.05805
0.25,0.139,0.215483781720625,0.0702,0.05265
0.25,0.14,0.214634285263125,0.063,0.04725
0.25,0.141,0.21377348104562496,0.0558,0.04185
0.25,0.142,0.212901287852125,0.0486,0.036449999999999996
0.25,0.143,0.21201762446662498,0.0414,0.03105
0.25,0.144,0.211122409673125,0.0342,0.02565
0.25,0.145,0.210215562255625,0.027,0.02025
0.25,0.146,0.20929700099812498,0.0198,0.014850000000000002
0.25,0.147,0.20836664468462499,0.0126,0.00945
0.25,0.148,0.20742441209912496,0.0054,0.00405
0.25,0.149,0.20653433249999997,0.0,0.0
0.25,0.15,0.20583333249999997,0.0,0.0
0.25,0.151,0.2051341821675,0.0,0.0
0.25,0.152,0.20443672983499997,0.0,0.0
0.25,0.153,0.20374097350249998,0.0,0.0
0.25,0.154,0.20304691116999998,0.0,0.0
0.25,0.155,0.20235454083749999,0.0,0.0
0.25,0.156,0.20166386050499996,0.0,0.0
0.25,0.157,0.20097486817249996,0.0,0.0
0.25,0.158,0.20028756184,0.0,0.0
0.25,0.159,0.1996019395075,0.0,0.0
0.25,0.16,0.19891799917499997,0.0,0.0
0.25,0.161,0.19823573884249998,0.0,0.0
0.25,0.162,0.19755515651,0.0,0.0
0.25,0.163,0.1968762501775,0.0,0.0
0.25,0.164,0.196199017845,0.0,0.0
0.25,0.165,0.19552345751249997,0.0,0.0
0.25,0.166,0.19484956717999996,0.0,0.0
0.25,0.167,0.19417734484749996,0.0,0.0
0.25,0.168,0.193506788515,0.0,0.0
0.25,0.169,0.19283789618249997,0.0,0.0
0.25,0.17,0.19217066584999998,0.0,0.0
0.25,0.171,0.19150509551749997,0.0,0.0
0.25,0.172,0.190841183185,0.0,0.0
0.25,0.173,0.19017892685250004,0.0,0.0
0.25,0.174,0.18951832452,0.0,0.0
0.25,0.175,0.18885937418749998,0.0,0.0
0.25,0.176,0.18820207385499998,0.0,0.0
0.25,0.177,0.1875464215225,0.0,0.0
0.25,0.178,0.18689241519,0.0,0.0
0.25,0.179,0.1862400528575,0.0,0.0
0.25,0.18,0.18558933252500004,0.0,0.0
0.25,0.181,0.18494025219250002,0.0,0.0
0.25,0.182,0.18429280986000002,0.0,0.0
0.25,0.183,0.1836470035275,0.0,0.0
0.25,0.184,0.183002831195,0.0,0.0
0.25,0.185,0.1823602908625,0.0,0.0
0.25,0.186,0.18171938053,0.0,0.0
0.25,0.187,0.1810800981975,0.0,0.0
0.25,0.188,0.180442441865,0.0,0.0
0.25,0.189,0.17980640953249996,0.0,0.0
0.25,0.19,0.17917199920000002,0.0,0.0
0.25,0.191,0.1785392088675,0.0,0.0
0.25,0.192,0.177908036535,0.0,0.0
0.25,0.193,0.1772784802025,0.0,0.0
0.25,0.194,0.17665053787,0.0,0.0
0.25,0.195,0.17602420753749998,0.0,0.0
0.25,0.196,0.17539948720499998,0.0,0.0
0.25,0.197,0.1747763748725,0.0,0.0
0.25,0.198,0.17415486853999998,0.0,0.0
0.25,0.199,0.1735349662075,0.0,0.0
0.25,0.2,0.172916665875,0.0,0.0
0.25,0.201,0.17229996554250002,0.0,0.0
0.25,0.202,0.17168486320999998,0.0,0.0
0.25,0.203,0.1710713568775,0.0,0.0
0.25,0.204,0.17045944454500003,0.0,0.0
0.25,0.205,0.16984912421250004,0.0,0.0
0.25,0.206,0.16924039388000003,0.0,0.0
0.25,0.207,0.1686332515475,0.0,0.0
0.25,0.208,0.16802769521500002,0.0,0.0
0.25,0.209,0.16742372288250001,0.0,0.0
0.25,0.21,0.16682133255000003,0.0,0.0
0.25,0.211,0.16622052221750003,0.0,0.0
0.25,0.212,0.16562128988500002,0.0,0.0
0.25,0.213,0.1650236335525,0.0,0.0
0.25,0.214,0.16442755122000002,0.0,0.0
0.25,0.215,0.16383304088750003,0.0,0.0
0.25,0.216,0.16324010055500002,0.0,0.0
0.25,0.217,0.16264872822249998,0.0,0.0
0.25,0.218,0.16205892189000004,0.0,0.0
0.25,0.219,0.16147067955750002,0.0,0.0
0.25,0.22,0.16088399922500002,0.0,0.0
0.25,0.221,0.16029887889250002,0.0,0.0
0.25,0.222,0.15971531656000001,0.0,0.0
0.25,0.223,0.15913331022750005,0.0,0.0
0.25,0.224,0.15855285789500004,0.0,0.0
0.25,0.225,0.15797395756250002,0.0,0.0
0.25,0.226,0.15739660723,0.0,0.0
0.25,0.227,0.15682080489750003,0.0,0.0
0.25,0.228,0.156246548565,0.0,0.0
0.25,0.229,0.15567383623250003,0.0,0.0
0.25,0.23,0.15510266590000002,0.0,0.0
0.25,0.231,0.15453303556749998,0.0,0.0
0.25,0.232,0.153964943235,0.0,0.0
0.25,0.233,0.1533983869025,0.0,0.0
0.25,0.234,0.15283336457000002,0.0,0.0
0.25,0.235,0.15226987423750002,0.0,0.0
0.25,0.236,0.15170791390500002,0.0,0.0
0.25,0.237,0.15114748157250002,0.0,0.0
0.25,0.238,0.15058857524,0.0,0.0
0.25,0.239,0.1500311929075,0.0,0.0
0.25,0.24,0.14947533257499998,0.0,0.0
0.25,0.241,0.1489209922425,0.0,0.0
0.25,0.242,0.14836816991000001,0.0,0.0
0.25,0.243,0.1478168635775,0.0,0.0
0.25,0.244,0.14726707124500002,0.0,0.0
0.25,0.245,0.14671879091249998,0.0,0.0
0.25,0.246,0.14617202058,0.0,0.0
0.25,0.247,0.14562675824750002,0.0,0.0
0.25,0.248,0.145083001915,0.0,0.0
0.25,0.249,0.1445407495825,0.0,0.0
0.25,0.25,0.14399999924999998,0.0,0.0
0.25,0.251,0.14346074891750002,0.0,0.0
0.25,0.252,0.14292299658500005,0.0,0.0
0.25,0.253,0.14238674025249998,0.0,0.0
0.25,0.254,0.14185197791999998,0.0,0.0
0.25,0.255,0.1413187075875,0.0,0.0
0.25,0.256,0.14078692725499997,0.0,0.0
0.25,0.257,0.1402566349225,0.0,0.0
0.25,0.258,0.13972782859000002,0.0,0.0
0.25,0.259,0.1392005062575,0.0,0.0
0.25,0.26,0.138674665925,0.0,0.0
0.25,0.261,0.1381503055925,0.0,0.0
0.25,0.262,0.13762742325999996,0.0,0.0
0.25,0.263,0.1371060169275,0.0,0.0
0.25,0.264,0.136586084595,0.0,0.0
0.25,0.265,0.1360676242625,0.0,0.0
0.25,0.266,0.13555063393,0.0,0.0
0.25,0.267,0.13503511159749998,0.0,0.0
0.25,0.268,0.134521055265,0.0,0.0
0.25,0.269,0.13400846293250002,0.0,0.0
0.25,0.27,0.1334973326,0.0,0.0
0.25,0.271,0.1329876622675,0.0,0.0
0.25,0.272,0.132479449935,0.0,0.0
0.25,0.273,0.1319726936025,0.0,0.0
0.25,0.274,0.13146739126999998,0.0,0.0
0.25,0.275,0.13096354093749998,0.0,0.0
0.25,0.276,0.130461140605,0.0,0.0
0.25,0.277,0.1299601882725,0.0,0.0
0.25,0.278,0.12946068194,0.0,0.0
0.25,0.279,0.1289626196075,0.0,0.0
0.25,0.28,0.12846599927499996,0.0,0.0
0.25,0.281,0.12797081894249998,0.0,0.0
0.25,0.282,0.12747707661000002,0.0,0.0
0.25,0.283,0.12698477027750002,0.0,0.0
0.25,0.284,0.12649389794500002,0.0,0.0
0.25,0.285,0.1260044576125,0.0,0.0
0.25,0.286,0.12551644728000003,0.0,0.0
0.25,0.287,0.1250298649475,0.0,0.0
0.25,0.288,0.12454470861500001,0.0,0.0
0.25,0.289,0.12406097628250001,0.0,0.0
0.25,0.29,0.12357866595000003,0.0,0.0
0.25,0.291,0.1230977756175,0.0,0.0
0.25,0.292,0.12261830328500001,0.0,0.0
0.25,0.293,0.12214024695250003,0.0,0.0
0.25,0.294,0.12166360462,0.0,0.0
0.25,0.295,0.12118837428750003,0.0,0.0
0.25,0.296,0.120714553955,0.0,0.0
0.25,0.297,0.1202421416225,0.0,0.0
0.25,0.298,0.11977113529000001,0.0,0.0
0.25,0.299,0.11930153295749998,0.0,0.0
0.25,0.3,0.118833332625,0.0,0.0
0.25,0.301,0.1183665322925,0.0,0.0
0.25,0.302,0.11790112995999998,0.0,0.0
0.25,0.303,0.11743712362749997,0.0,0.0
0.25,0.304,0.116974511295,0.0,0.0
0.25,0.305,0.11651329096250002,0.0,0.0
0.25,0.306,0.11605346063000002,0.0,0.0
0.25,0.307,0.11559501829750002,0.0,0.0
0.25,0.308,0.115137961965,0.0,0.0
0.25,0.309,0.1146822896325,0.0,0.0
0.25,0.31,0.11422799930000001,0.0,0.0
0.25,0.311,0.11377508896750001,0.0,0.0
0.25,0.312,0.113323556635,0.0,0.0
0.25,0.313,0.1128734003025,0.0,0.0
0.25,0.314,0.11242461797000002,0.0,0.0
0.25,0.315,0.1119772076375,0.0,0.0
0.25,0.316,0.11153116730500001,0.0,0.0
0.25,0.317,0.11108649497249999,0.0,0.0
0.25,0.318,0.11064318864,0.0,0.0
0.25,0.319,0.11020124630749999,0.0,0.0
0.25,0.32,0.109760665975,0.0,0.0
0.25,0.321,0.1093214456425,0.0,0.0
0.25,0.322,0.10888358330999999,0.0,0.0
0.25,0.323,0.1084470769775,0.0,0.0
0.25,0.324,0.108011924645,0.0,0.0
0.25,0.325,0.1075781243125,0.0,0.0
0.25,0.326,0.10714567398,0.0,0.0
0.25,0.327,0.10671457164749999,0.0,0.0
0.25,0.328,0.10628481531499999,0.0,0.0
0.25,0.329,0.1058564029825,0.0,0.0
0.25,0.33,0.10542933265,0.0,0.0
0.25,0.331,0.10500360231749999,0.0,0.0
0.25,0.332,0.10457920998499999,0.0,0.0
0.25,0.333,0.1041561536525,0.0,0.0
0.25,0.334,0.10373443131999997,0.0,0.0
0.25,0.335,0.10331404098749997,0.0,0.0
0.25,0.336,0.102894980655,0.0,0.0
0.25,0.337,0.10247724832249999,0.0,0.0
0.25,0.338,0.10206084198999998,0.0,0.0
0.25,0.339,0.10164575965749997,0.0,0.0
0.25,0.34,0.10123199932499999,0.0,0.0
0.25,0.341,0.1008195589925,0.0,0.0
0.25,0.342,0.10040843665999999,0.0,0.0
0.25,0.343,0.09999863032749999,0.0,0.0
0.25,0.344,0.09959013799500002,0.0,0.0
0.25,0.345,0.09918295766250003,0.0,0.0
0.25,0.346,0.09877708733000001,0.0,0.0
0.25,0.347,0.09837252499750002,0.0,0.0
0.25,0.348,0.09796926866500001,0.0,0.0
0.25,0.349,0.09756731633250001,0.0,0.0
0.25,0.35,0.09716666600000001,0.0,0.0
0.25,0.351,0.09676731566750002,0.0,0.0
0.25,0.352,0.09636926333500001,0.0,0.0
0.25,0.353,0.09597250700250001,0.0,0.0
0.25,0.354,0.09557704467000003,0.0,0.0
0.25,0.355,0.09518287433750001,0.0,0.0
0.25,0.356,0.094789994005,0.0,0.0
0.25,0.357,0.09439840167249999,0.0,0.0
0.25,0.358,0.09400809534000001,0.0,0.0
0.25,0.359,0.0936190730075,0.0,0.0
0.25,0.36,0.093231332675,0.0,0.0
0.25,0.361,0.09284487234250001,0.0,0.0
0.25,0.362,0.09245969001,0.0,0.0
0.25,0.363,0.0920757836775,0.0,0.0
0.25,0.364,0.091693151345,0.0,0.0
0.25,0.365,0.0913117910125,0.0,0.0
0.25,0.366,0.09093170067999999,0.0,0.0
0.25,0.367,0.09055287834749999,0.0,0.0
0.25,0.368,0.09017532201499999,0.0,0.0
0.25,0.369,0.0897990296825,0.0,0.0
0.25,0.37,0.08942399935,0.0,0.0
0.25,0.371,0.0890502290175,0.0,0.0
0.25,0.372,0.08867771668499999,0.0,0.0
0.25,0.373,0.08830646035250002,0.0,0.0
0.25,0.374,0.08793645801999998,0.0,0.0
0.25,0.375,0.0875677076875,0.0,0.0
0.25,0.376,0.087200207355,0.0,0.0
0.25,0.377,0.0868339550225,0.0,0.0
0.25,0.378,0.08646894869,0.0,0.0
0.25,0.379,0.0861051863575,0.0,0.0
0.25,0.38,0.08574266602500001,0.0,0.0
0.25,0.381,0.08538138569249999,0.0,0.0
0.25,0.382,0.08502134335999999,0.0,0.0
0.25,0.383,0.0846625370275,0.0,0.0
0.25,0.384,0.084304964695,0.0,0.0
0.25,0.385,0.0839486243625,0.0,0.0
0.25,0.386,0.08359351403000001,0.0,0.0
0.25,0.387,0.0832396316975,0.0,0.0
0.25,0.388,0.08288697536500002,0.0,0.0
0.25,0.389,0.0825355430325,0.0,0.0
0.25,0.39,0.0821853327,0.0,0.0
0.25,0.391,0.08183634236750001,0.0,0.0
0.25,0.392,0.081488570035,0.0,0.0
0.25,0.393,0.08114201370249999,0.0,0.0
0.25,0.394,0.08079667137,0.0,0.0
0.25,0.395,0.0804525410375,0.0,0.0
0.25,0.396,0.080109620705,0.0,0.0
0.25,0.397,0.07976790837249999,0.0,0.0
0.25,0.398,0.07942740204,0.0,0.0
0.25,0.399,0.07908809970749998,0.0,0.0
0.25,0.4,0.078749999375,0.0,0.0
0.25,0.401,0.07841309904249999,0.0,0.0
0.25,0.402,0.07807739671,0.0,0.0
0.25,0.403,0.07774289037749998,0.0,0.0
0.25,0.404,0.07740957804499998,0.0,0.0
0.25,0.405,0.07707745771249999,0.0,0.0
0.25,0.406,0.07674652738,0.0,0.0
0.25,0.407,0.07641678504750002,0.0,0.0
0.25,0.408,0.076088228715,0.0,0.0
0.25,0.409,0.07576085638250002,0.0,0.0
0.25,0.41,0.07543466605000002,0.0,0.0
0.25,0.411,0.0751096557175,0.0,0.0
0.25,0.412,0.074785823385,0.0,0.0
0.25,0.413,0.0744631670525,0.0,0.0
0.25,0.414,0.07414168472,0.0,0.0
0.25,0.415,0.0738213743875,0.0,0.0
0.25,0.416,0.07350223405499999,0.0,0.0
0.25,0.417,0.07318426172249999,0.0,0.0
0.25,0.418,0.07286745539000002,0.0,0.0
0.25,0.419,0.07255181305750001,0.0,0.0
0.25,0.42,0.07223733272499999,0.0,0.0
0.25,0.421,0.07192401239249999,0.0,0.0
0.25,0.422,0.07161185006,0.0,0.0
0.25,0.423,0.07130084372750001,0.0,0.0
0.25,0.424,0.07099099139500001,0.0,0.0
0.25,0.425,0.07068229106250001,0.0,0.0
0.25,0.426,0.07037474073000001,0.0,0.0
0.25,0.427,0.07006833839750001,0.0,0.0
0.25,0.428,0.06976308206500001,0.0,0.0
0.25,0.429,0.0694589697325,0.0,0.0
0.25,0.43,0.0691559994,0.0,0.0
0.25,0.431,0.0688541690675,0.0,0.0
0.25,0.432,0.06855347673500001,0.0,0.0
0.25,0.433,0.06825392040250002,0.0,0.0
0.25,0.434,0.06795549807000001,0.0,0.0
0.25,0.435,0.0676582077375,0.0,0.0
0.25,0.436,0.067362047405,0.0,0.0
0.25,0.437,0.06706701507250001,0.0,0.0
0.25,0.438,0.06677310874,0.0,0.0
0.25,0.439,0.06648032640749998,0.0,0.0
0.25,0.44,0.066188666075,0.0,0.0
0.25,0.441,0.0658981257425,0.0,0.0
0.25,0.442,0.06560870341,0.0,0.0
0.25,0.443,0.0653203970775,0.0,0.0
0.25,0.444,0.065033204745,0.0,0.0
0.25,0.445,0.0647471244125,0.0,0.0
0.25,0.446,0.06446215408,0.0,0.0
0.25,0.447,0.06417829174749999,0.0,0.0
0.25,0.448,0.063895535415,0.0,0.0
0.25,0.449,0.06361388308249999,0.0,0.0
0.25,0.45,0.06333333275,0.0,0.0
0.25,0.451,0.06305388241750001,0.0,0.0
0.25,0.452,0.062775530085,0.0,0.0
0.25,0.453,0.062498273752499986,0.0,0.0
0.25,0.454,0.06222211142,0.0,0.0
0.25,0.455,0.061947041087499995,0.0,0.0
0.25,0.456,0.061673060754999995,0.0,0.0
0.25,0.457,0.0614001684225,0.0,0.0
0.25,0.458,0.06112836209,0.0,0.0
0.25,0.459,0.0608576397575,0.0,0.0
0.25,0.46,0.06058799942499999,0.0,0.0
0.25,0.461,0.06031943909250001,0.0,0.0
0.25,0.462,0.060051956760000004,0.0,0.0
0.25,0.463,0.059785550427499994,0.0,0.0
0.25,0.464,0.059520218094999994,0.0,0.0
0.25,0.465,0.0592559577625,0.0,0.0
0.25,0.466,0.05899276743,0.0,0.0
0.25,0.467,0.0587306450975,0.0,0.0
0.25,0.468,0.05846958876499999,0.0,0.0
0.25,0.469,0.0582095964325,0.0,0.0
0.25,0.47,0.05795066610000001,0.0,0.0
0.25,0.471,0.0576927957675,0.0,0.0
0.25,0.472,0.057435983435000004,0.0,0.0
0.25,0.473,0.05718022710250001,0.0,0.0
0.25,0.474,0.056925524770000006,0.0,0.0
0.25,0.475,0.05667187443750001,0.0,0.0
0.25,0.476,0.056419274105,0.0,0.0
0.25,0.477,0.05616772177250001,0.0,0.0
0.25,0.478,0.055917215439999994,0.0,0.0
0.25,0.479,0.055667753107499995,0.0,0.0
0.25,0.48,0.055419332774999996,0.0,0.0
0.25,0.481,0.055171952442500005,0.0,0.0
0.25,0.482,0.05492561011,0.0,0.0
0.25,0.483,0.0546803037775,0.0,0.0
0.25,0.484,0.054436031445000005,0.0,0.0
0.25,0.485,0.054192791112500006,0.0,0.0
0.25,0.486,0.05395058078000001,0.0,0.0
0.25,0.487,0.05370939844750001,0.0,0.0
0.25,0.488,0.05346924211500001,0.0,0.0
0.25,0.489,0.05323010978250001,0.0,0.0
0.25,0.49,0.05299199945,0.0,0.0
0.25,0.491,0.052754909117500005,0.0,0.0
0.25,0.492,0.052518836784999995,0.0,0.0
0.25,0.493,0.052283780452500005,0.0,0.0
0.25,0.494,0.052049738119999994,0.0,0.0
0.25,0.495,0.0518167077875,0.0,0.0
0.25,0.496,0.05158468745500001,0.0,0.0
0.25,0.497,0.0513536751225,0.0,0.0
0.25,0.498,0.05112366879,0.0,0.0
0.25,0.499,0.0508946664575,0.0,0.0
0.25,0.5,0.05066666612500001,0.0,0.0
0.25,0.501,0.0504396657925,0.0,0.0
0.25,0.502,0.050213663459999995,0.0,0.0
0.25,0.503,0.0499886571275,0.0,0.0
0.25,0.504,0.04976464479500001,0.0,0.0
0.25,0.505,0.049541624462499996,0.0,0.0
0.25,0.506,0.04931959413,0.0,0.0
0.25,0.507,0.0490985517975,0.0,0.0
0.25,0.508,0.048878495465,0.0,0.0
0.25,0.509,0.048659423132500004,0.0,0.0
0.25,0.51,0.0484413328,0.0,0.0
0.25,0.511,0.0482242224675,0.0,0.0
0.25,0.512,0.048008090135,0.0,0.0
0.25,0.513,0.0477929338025,0.0,0.0
0.25,0.514,0.04757875146999999,0.0,0.0
0.25,0.515,0.047365541137499995,0.0,0.0
0.25,0.516,0.047153300805000006,0.0,0.0
0.25,0.517,0.0469420284725,0.0,0.0
0.25,0.518,0.04673172214,0.0,0.0
0.25,0.519,0.0465223798075,0.0,0.0
0.25,0.52,0.04631399947499999,0.0,0.0
0.25,0.521,0.04610657914249999,0.0,0.0
0.25,0.522,0.04590011680999999,0.0,0.0
0.25,0.523,0.0456946104775,0.0,0.0
0.25,0.524,0.045490058145,0.0,0.0
0.25,0.525,0.04528645781249999,0.0,0.0
0.25,0.526,0.045083807479999995,0.0,0.0
0.25,0.527,0.0448821051475,0.0,0.0
0.25,0.528,0.04468134881499999,0.0,0.0
0.25,0.529,0.04448153648249999,0.0,0.0
0.25,0.53,0.04428266615,0.0,0.0
0.25,0.531,0.0440847358175,0.0,0.0
0.25,0.532,0.04388774348499999,0.0,0.0
0.25,0.533,0.0436916871525,0.0,0.0
0.25,0.534,0.04349656481999999,0.0,0.0
0.25,0.535,0.04330237448749999,0.0,0.0
0.25,0.536,0.043109114154999996,0.0,0.0
0.25,0.537,0.04291678182249999,0.0,0.0
0.25,0.538,0.042725375489999995,0.0,0.0
0.25,0.539,0.04253489315749999,0.0,0.0
0.25,0.54,0.04234533282499999,0.0,0.0
0.25,0.541,0.04215669249249999,0.0,0.0
0.25,0.542,0.041968970159999994,0.0,0.0
0.25,0.543,0.041782163827499996,0.0,0.0
0.25,0.544,0.041596271494999996,0.0,0.0
0.25,0.545,0.041411291162499995,0.0,0.0
0.25,0.546,0.04122722082999999,0.0,0.0
0.25,0.547,0.041044058497499994,0.0,0.0
0.25,0.548,0.040861802164999995,0.0,0.0
0.25,0.549,0.04068044983249999,0.0,0.0
0.25,0.55,0.04049999949999999,0.0,0.0
0.25,0.551,0.040320449167499994,0.0,0.0
0.25,0.552,0.04014179683499999,0.0,0.0
0.25,0.553,0.03996404050249999,0.0,0.0
0.25,0.554,0.03978717816999999,0.0,0.0
0.25,0.555,0.03961120783749999,0.0,0.0
0.25,0.556,0.03943612750499999,0.0,0.0
0.25,0.557,0.03926193517249999,0.0,0.0
0.25,0.558,0.039088628839999986,0.0,0.0
0.25,0.559,0.03891620650749999,0.0,0.0
0.25,0.56,0.03874466617499999,0.0,0.0
0.25,0.561,0.038574005842499995,0.0,0.0
0.25,0.562,0.038404223509999995,0.0,0.0
0.25,0.563,0.038235317177500006,0.0,0.0
0.25,0.564,0.03806728484500001,0.0,0.0
0.25,0.565,0.037900124512500015,0.0,0.0
0.25,0.566,0.03773383418000001,0.0,0.0
0.25,0.567,0.03756841184750001,0.0,0.0
0.25,0.568,0.03740385551500001,0.0,0.0
0.25,0.569,0.03724016318250001,0.0,0.0
0.25,0.57,0.037077332850000005,0.0,0.0
0.25,0.571,0.03691536251750001,0.0,0.0
0.25,0.572,0.03675425018500001,0.0,0.0
0.25,0.573,0.03659399385250001,0.0,0.0
0.25,0.574,0.036434591520000004,0.0,0.0
0.25,0.575,0.036276041187500004,0.0,0.0
0.25,0.576,0.03611834085500001,0.0,0.0
0.25,0.577,0.03596148852250001,0.0,0.0
0.25,0.578,0.03580548219000001,0.0,0.0
0.25,0.579,0.03565031985750001,0.0,0.0
0.25,0.58,0.035495999525,0.0,0.0
0.25,0.581,0.035342519192500005,0.0,0.0
0.25,0.582,0.035189876860000004,0.0,0.0
0.25,0.583,0.0350380705275,0.0,0.0
0.25,0.584,0.03488709819500001,0.0,0.0
0.25,0.585,0.0347369578625,0.0,0.0
0.25,0.586,0.03458764753,0.0,0.0
0.25,0.587,0.0344391651975,0.0,0.0
0.25,0.588,0.034291508865,0.0,0.0
0.25,0.589,0.03414467653250001,0.0,0.0
0.25,0.59,0.0339986662,0.0,0.0
0.25,0.591,0.0338534758675,0.0,0.0
0.25,0.592,0.033709103535,0.0,0.0
0.25,0.593,0.0335655472025,0.0,0.0
0.25,0.594,0.03342280487,0.0,0.0
0.25,0.595,0.033280874537500005,0.0,0.0
0.25,0.596,0.033139754205000004,0.0,0.0
0.25,0.597,0.03299944187250001,0.0,0.0
0.25,0.598,0.03285993554,0.0,0.0
0.25,0.599,0.032721233207500006,0.0,0.0
0.25,0.6,0.032583332875,0.0,0.0
0.25,0.601,0.0324462325425,0.0,0.0
0.25,0.602,0.032309930210000004,0.0,0.0
0.25,0.603,0.0321744238775,0.0,0.0
0.25,0.604,0.032039711545,0.0,0.0
0.25,0.605,0.0319057912125,0.0,0.0
0.25,0.606,0.03177266088,0.0,0.0
0.25,0.607,0.0316403185475,0.0,0.0
0.25,0.608,0.031508762215,0.0,0.0
0.25,0.609,0.031377989882500006,0.0,0.0
0.25,0.61,0.031247999550000002,0.0,0.0
0.25,0.611,0.0311187892175,0.0,0.0
0.25,0.612,0.030990356885000004,0.0,0.0
0.25,0.613,0.030862700552500007,0.0,0.0
0.25,0.614,0.03073581822,0.0,0.0
0.25,0.615,0.030609707887499997,0.0,0.0
0.25,0.616,0.030484367555,0.0,0.0
0.25,0.617,0.030359795222500003,0.0,0.0
0.25,0.618,0.03023598889,0.0,0.0
0.25,0.619,0.030112946557500003,0.0,0.0
0.25,0.62,0.029990666225,0.0,0.0
0.25,0.621,0.0298691458925,0.0,0.0
0.25,0.622,0.02974838356,0.0,0.0
0.25,0.623,0.0296283772275,0.0,0.0
0.25,0.624,0.029509124895000002,0.0,0.0
0.25,0.625,0.0293906245625,0.0,0.0
0.25,0.626,0.029272874229999996,0.0,0.0
0.25,0.627,0.029155871897499998,0.0,0.0
0.25,0.628,0.029039615564999996,0.0,0.0
0.25,0.629,0.028924103232499998,0.0,0.0
0.25,0.63,0.028809332899999998,0.0,0.0
0.25,0.631,0.0286953025675,0.0,0.0
0.25,0.632,0.028582010234999997,0.0,0.0
0.25,0.633,0.028469453902499997,0.0,0.0
0.25,0.634,0.02835763157,0.0,0.0
0.25,0.635,0.0282465412375,0.0,0.0
0.25,0.636,0.028136180905,0.0,0.0
0.25,0.637,0.028026548572499997,0.0,0.0
0.25,0.638,0.02791764224,0.0,0.0
0.25,0.639,0.0278094599075,0.0,0.0
0.25,0.64,0.027701999574999997,0.0,0.0
0.25,0.641,0.027595259242500003,0.0,0.0
0.25,0.642,0.02748923691,0.0,0.0
0.25,0.643,0.0273839305775,0.0,0.0
0.25,0.644,0.027279338244999996,0.0,0.0
0.25,0.645,0.027175457912499996,0.0,0.0
0.25,0.646,0.02707228758,0.0,0.0
0.25,0.647,0.0269698252475,0.0,0.0
0.25,0.648,0.026868068914999998,0.0,0.0
0.25,0.649,0.026767016582499997,0.0,0.0
0.25,0.65,0.02666666625,0.0,0.0
0.25,0.651,0.0265670159175,0.0,0.0
0.25,0.652,0.026468063585,0.0,0.0
0.25,0.653,0.02636980725249999,0.0,0.0
0.25,0.654,0.026272244919999996,0.0,0.0
0.25,0.655,0.026175374587499994,0.0,0.0
0.25,0.656,0.026079194255,0.0,0.0
0.25,0.657,0.025983701922499994,0.0,0.0
0.25,0.658,0.02588889559,0.0,0.0
0.25,0.659,0.025794773257500004,0.0,0.0
0.25,0.66,0.025701332924999997,0.0,0.0
0.25,0.661,0.025608572592499997,0.0,0.0
0.25,0.662,0.025516490259999997,0.0,0.0
0.25,0.663,0.025425083927499995,0.0,0.0
0.25,0.664,0.025334351594999995,0.0,0.0
0.25,0.665,0.0252442912625,0.0,0.0
0.25,0.666,0.025154900929999998,0.0,0.0
0.25,0.667,0.025066178597499995,0.0,0.0
0.25,0.668,0.024978122264999996,0.0,0.0
0.25,0.669,0.024890729932499998,0.0,0.0
0.25,0.67,0.024803999599999994,0.0,0.0
0.25,0.671,0.024717929267499994,0.0,0.0
0.25,0.672,0.024632516934999994,0.0,0.0
0.25,0.673,0.024547760602499996,0.0,0.0
0.25,0.674,0.024463658269999997,0.0,0.0
0.25,0.675,0.024380207937499995,0.0,0.0
0.25,0.676,0.024297407604999995,0.0,0.0
0.25,0.677,0.024215255272499996,0.0,0.0
0.25,0.678,0.024133748939999995,0.0,0.0
0.25,0.679,0.024052886607499997,0.0,0.0
0.25,0.68,0.023972666274999995,0.0,0.0
0.25,0.681,0.023893085942499996,0.0,0.0
0.25,0.682,0.023814143609999998,0.0,0.0
0.25,0.683,0.023735837277499998,0.0,0.0
0.25,0.684,0.023658164944999997,0.0,0.0
0.25,0.685,0.023581124612499997,0.0,0.0
0.25,0.686,0.023504714279999995,0.0,0.0
0.25,0.687,0.023428931947499995,0.0,0.0
0.25,0.688,0.023353775615000003,0.0,0.0
0.25,0.689,0.023279243282500004,0.0,0.0
0.25,0.69,0.023205332950000004,0.0,0.0
0.25,0.691,0.023132042617500004,0.0,0.0
0.25,0.692,0.023059370285000005,0.0,0.0
0.25,0.693,0.022987313952500005,0.0,0.0
0.25,0.694,0.02291587162,0.0,0.0
0.25,0.695,0.022845041287500003,0.0,0.0
0.25,0.696,0.022774820955000004,0.0,0.0
0.25,0.697,0.022705208622500004,0.0,0.0
0.25,0.698,0.022636202290000004,0.0,0.0
0.25,0.699,0.022567799957500006,0.0,0.0
0.25,0.7,0.022499999625000003,0.0,0.0
0.25,0.701,0.022432799292500003,0.0,0.0
0.25,0.702,0.022366196960000004,0.0,0.0
0.25,0.703,0.022300190627500008,0.0,0.0
0.25,0.704,0.022234778295,0.0,0.0
0.25,0.705,0.0221699579625,0.0,0.0
0.25,0.706,0.022105727630000002,0.0,0.0
0.25,0.707,0.022042085297500003,0.0,0.0
0.25,0.708,0.021979028965000005,0.0,0.0
0.25,0.709,0.021916556632500004,0.0,0.0
0.25,0.71,0.021854666300000002,0.0,0.0
0.25,0.711,0.021793355967500004,0.0,0.0
0.25,0.712,0.021732623635,0.0,0.0
0.25,0.713,0.0216724673025,0.0,0.0
0.25,0.714,0.021612884970000006,0.0,0.0
0.25,0.715,0.0215538746375,0.0,0.0
0.25,0.716,0.021495434305,0.0,0.0
0.25,0.717,0.021437561972500005,0.0,0.0
0.25,0.718,0.02138025564,0.0,0.0
0.25,0.719,0.021323513307500003,0.0,0.0
0.25,0.72,0.021267332975,0.0,0.0
0.25,0.721,0.021211712642500005,0.0,0.0
0.25,0.722,0.021156650310000004,0.0,0.0
0.25,0.723,0.0211021439775,0.0,0.0
0.25,0.724,0.021048191645000002,0.0,0.0
0.25,0.725,0.0209947913125,0.0,0.0
0.25,0.726,0.02094194098,0.0,0.0
0.25,0.727,0.0208896386475,0.0,0.0
0.25,0.728,0.020837882315,0.0,0.0
0.25,0.729,0.020786669982500002,0.0,0.0
0.25,0.73,0.020735999650000003,0.0,0.0
0.25,0.731,0.0206858693175,0.0,0.0
0.25,0.732,0.020636276985,0.0,0.0
0.25,0.733,0.020587220652500002,0.0,0.0
0.25,0.734,0.020538698320000003,0.0,0.0
0.25,0.735,0.020490707987500002,0.0,0.0
0.25,0.736,0.020443247655000003,0.0,0.0
0.25,0.737,0.0203963153225,0.0,0.0
0.25,0.738,0.02034990899,0.0,0.0
0.25,0.739,0.0203040266575,0.0,0.0
0.25,0.74,0.020258666325,0.0,0.0
0.25,0.741,0.0202138259925,0.0,0.0
0.25,0.742,0.02016950366,0.0,0.0
0.25,0.743,0.0201256973275,0.0,0.0
0.25,0.744,0.020082404995,0.0,0.0
0.25,0.745,0.0200396246625,0.0,0.0
0.25,0.746,0.01999735433,0.0,0.0
0.25,0.747,0.0199555919975,0.0,0.0
0.25,0.748,0.019914335665,0.0,0.0
0.25,0.749,0.0198735833325,0.0,0.0
0.25,0.75,0.019833332999999998,0.0,0.0
0.25,0.751,0.0197935826675,0.0,0.0
0.25,0.752,0.019754330335000004,0.0,0.0
0.25,0.753,0.0197155740025,0.0,0.0
0.25,0.754,0.01967731167,0.0,0.0
0.25,0.755,0.0196395413375,0.0,0.0
0.25,0.756,0.019602261005,0.0,0.0
0.25,0.757,0.0195654686725,0.0,0.0
0.25,0.758,0.01952916234,0.0,0.0
0.25,0.759,0.019493340007500002,0.0,0.0
0.25,0.76,0.019457999675,0.0,0.0
0.25,0.761,0.019423139342500003,0.0,0.0
0.25,0.762,0.01938875701,0.0,0.0
0.25,0.763,0.019354850677500004,0.0,0.0
0.25,0.764,0.019321418345,0.0,0.0
0.25,0.765,0.019288458012500002,0.0,0.0
0.25,0.766,0.01925596768,0.0,0.0
0.25,0.767,0.0192239453475,0.0,0.0
0.25,0.768,0.019192389015000002,0.0,0.0
0.25,0.769,0.0191612966825,0.0,0.0
0.25,0.77,0.019130666350000002,0.0,0.0
0.25,0.771,0.0191004960175,0.0,0.0
0.25,0.772,0.019070783685000002,0.0,0.0
0.25,0.773,0.0190415273525,0.0,0.0
0.25,0.774,0.01901272502,0.0,0.0
0.25,0.775,0.018984374687500003,0.0,0.0
0.25,0.776,0.018956474355,0.0,0.0
0.25,0.777,0.018929022022500002,0.0,0.0
0.25,0.778,0.018902015690000003,0.0,0.0
0.25,0.779,0.018875453357500002,0.0,0.0
0.25,0.78,0.018849333025,0.0,0.0
0.25,0.781,0.0188236526925,0.0,0.0
0.25,0.782,0.018798410360000004,0.0,0.0
0.25,0.783,0.018773604027499998,0.0,0.0
0.25,0.784,0.018749231695,0.0,0.0
0.25,0.785,0.0187252913625,0.0,0.0
0.25,0.786,0.01870178103,0.0,0.0
0.25,0.787,0.0186786986975,0.0,0.0
0.25,0.788,0.018656042365,0.0,0.0
0.25,0.789,0.0186338100325,0.0,0.0
0.25,0.79,0.0186119997,0.0,0.0
0.25,0.791,0.018590609367500004,0.0,0.0
0.25,0.792,0.018569637035,0.0,0.0
0.25,0.793,0.0185490807025,0.0,0.0
0.25,0.794,0.01852893837,0.0,0.0
0.25,0.795,0.018509208037500002,0.0,0.0
0.25,0.796,0.018489887705,0.0,0.0
0.25,0.797,0.0184709753725,0.0,0.0
0.25,0.798,0.01845246904,0.0,0.0
0.25,0.799,0.0184343667075,0.0,0.0
0.25,0.8,0.018416666375,0.0,0.0
0.25,0.801,0.0183993660425,0.0,0.0
0.25,0.802,0.01838246371,0.0,0.0
0.25,0.803,0.018365957377500002,0.0,0.0
0.25,0.804,0.018349845045,0.0,0.0
0.25,0.805,0.0183341247125,0.0,0.0
0.25,0.806,0.018318794380000003,0.0,0.0
0.25,0.807,0.018303852047500003,0.0,0.0
0.25,0.808,0.018289295715000004,0.0,0.0
0.25,0.809,0.0182751233825,0.0,0.0
0.25,0.81,0.018261333050000002,0.0,0.0
0.25,0.811,0.0182479227175,0.0,0.0
0.25,0.812,0.018234890385,0.0,0.0
0.25,0.813,0.0182222340525,0.0,0.0
0.25,0.814,0.018209951720000003,0.0,0.0
0.25,0.815,0.018198041387500002,0.0,0.0
0.25,0.816,0.018186501055000002,0.0,0.0
0.25,0.817,0.018175328722500002,0.0,0.0
0.25,0.818,0.018164522390000003,0.0,0.0
0.25,0.819,0.0181540800575,0.0,0.0
0.25,0.82,0.018143999725000002,0.0,0.0
0.25,0.821,0.0181342793925,0.0,0.0
0.25,0.822,0.018124917060000002,0.0,0.0
0.25,0.823,0.018115910727500004,0.0,0.0
0.25,0.824,0.018107258395000003,0.0,0.0
0.25,0.825,0.018098958062500003,0.0,0.0
0.25,0.826,0.01809100773,0.0,0.0
0.25,0.827,0.018083405397500002,0.0,0.0
0.25,0.828,0.018076149065,0.0,0.0
0.25,0.829,0.0180692367325,0.0,0.0
0.25,0.83,0.0180626664,0.0,0.0
0.25,0.831,0.0180564360675,0.0,0.0
0.25,0.832,0.018050543735,0.0,0.0
0.25,0.833,0.0180449874025,0.0,0.0
0.25,0.834,0.01803976507,0.0,0.0
0.25,0.835,0.0180348747375,0.0,0.0
0.25,0.836,0.018030314405,0.0,0.0
0.25,0.837,0.0180260820725,0.0,0.0
0.25,0.838,0.01802217574,0.0,0.0
0.25,0.839,0.018018593407500002,0.0,0.0
0.25,0.84,0.018015333075,0.0,0.0
0.25,0.841,0.018012392742500005,0.0,0.0
0.25,0.842,0.01800977041,0.0,0.0
0.25,0.843,0.018007464077500004,0.0,0.0
0.25,0.844,0.018005471745,0.0,0.0
0.25,0.845,0.0180037914125,0.0,0.0
0.25,0.846,0.01800242108,0.0,0.0
0.25,0.847,0.0180013587475,0.0,0.0
0.25,0.848,0.018000602415000004,0.0,0.0
0.25,0.849,0.0180001500825,0.0,0.0
0.25,0.85,0.017999999750000002,0.0,0.0
0.25,0.851,0.0180001494175,0.0,0.0
0.25,0.852,0.018000597085,0.0,0.0
0.25,0.853,0.0180013407525,0.0,0.0
0.25,0.854,0.018002378420000003,0.0,0.0
0.25,0.855,0.0180037080875,0.0,0.0
0.25,0.856,0.018005327755,0.0,0.0
0.25,0.857,0.018007235422500004,0.0,0.0
0.25,0.858,0.018009429090000004,0.0,0.0
0.25,0.859,0.0180119067575,0.0,0.0
0.25,0.86,0.018014666425000003,0.0,0.0
0.25,0.861,0.018017706092500002,0.0,0.0
0.25,0.862,0.018021023760000004,0.0,0.0
0.25,0.863,0.0180246174275,0.0,0.0
0.25,0.864,0.018028485095,0.0,0.0
0.25,0.865,0.0180326247625,0.0,0.0
0.25,0.866,0.01803703443,0.0,0.0
0.25,0.867,0.018041712097500003,0.0,0.0
0.25,0.868,0.018046655765000003,0.0,0.0
0.25,0.869,0.018051863432500002,0.0,0.0
0.25,0.87,0.018057333100000003,0.0,0.0
0.25,0.871,0.018063062767500002,0.0,0.0
0.25,0.872,0.018069050435,0.0,0.0
0.25,0.873,0.0180752941025,0.0,0.0
0.25,0.874,0.01808179177,0.0,0.0
0.25,0.875,0.018088541437500005,0.0,0.0
0.25,0.876,0.018095541105,0.0,0.0
0.25,0.877,0.018102788772500003,0.0,0.0
0.25,0.878,0.018110282440000004,0.0,0.0
0.25,0.879,0.0181180201075,0.0,0.0
0.25,0.88,0.018125999775000002,0.0,0.0
0.25,0.881,0.018134219442500002,0.0,0.0
0.25,0.882,0.01814267711,0.0,0.0
0.25,0.883,0.018151370777500002,0.0,0.0
0.25,0.884,0.018160298445,0.0,0.0
0.25,0.885,0.018169458112500002,0.0,0.0
0.25,0.886,0.01817884778,0.0,0.0
0.25,0.887,0.018188465447500003,0.0,0.0
0.25,0.888,0.018198309115000002,0.0,0.0
0.25,0.889,0.018208376782500004,0.0,0.0
0.25,0.89,0.018218666450000004,0.0,0.0
0.25,0.891,0.018229176117500002,0.0,0.0
0.25,0.892,0.018239903785,0.0,0.0
0.25,0.893,0.018250847452500003,0.0,0.0
0.25,0.894,0.018262005120000004,0.0,0.0
0.25,0.895,0.0182733747875,0.0,0.0
0.25,0.896,0.018284954455000002,0.0,0.0
0.25,0.897,0.0182967421225,0.0,0.0
0.25,0.898,0.018308735790000003,0.0,0.0
0.25,0.899,0.0183209334575,0.0,0.0
0.25,0.9,0.018333333125,0.0,0.0
0.25,0.901,0.018345932792500002,0.0,0.0
0.25,0.902,0.018358730460000004,0.0,0.0
0.25,0.903,0.018371724127500003,0.0,0.0
0.25,0.904,0.018384911795000004,0.0,0.0
0.25,0.905,0.018398291462500004,0.0,0.0
0.25,0.906,0.018411861130000002,0.0,0.0
0.25,0.907,0.018425618797500005,0.0,0.0
0.25,0.908,0.018439562465000003,0.0,0.0
0.25,0.909,0.018453690132500002,0.0,0.0
0.25,0.91,0.018467999800000003,0.0,0.0
0.25,0.911,0.018482489467500002,0.0,0.0
0.25,0.912,0.018497157135000004,0.0,0.0
0.25,0.913,0.018512000802500005,0.0,0.0
0.25,0.914,0.01852701847,0.0,0.0
0.25,0.915,0.018542208137500002,0.0,0.0
0.25,0.916,0.018557567805,0.0,0.0
0.25,0.917,0.018573095472500002,0.0,0.0
0.25,0.918,0.018588789140000003,0.0,0.0
0.25,0.919,0.018604646807500003,0.0,0.0
0.25,0.92,0.018620666475000002,0.0,0.0
0.25,0.921,0.018636846142500003,0.0,0.0
0.25,0.922,0.01865318381,0.0,0.0
0.25,0.923,0.018669677477500004,0.0,0.0
0.25,0.924,0.018686325145000005,0.0,0.0
0.25,0.925,0.018703124812500006,0.0,0.0
0.25,0.926,0.018720074480000005,0.0,0.0
0.25,0.927,0.0187371721475,0.0,0.0
0.25,0.928,0.018754415815000005,0.0,0.0
0.25,0.929,0.018771803482500002,0.0,0.0
0.25,0.93,0.018789333150000004,0.0,0.0
0.25,0.931,0.018807002817500005,0.0,0.0
0.25,0.932,0.018824810485000003,0.0,0.0
0.25,0.933,0.018842754152500005,0.0,0.0
0.25,0.934,0.018860831820000003,0.0,0.0
0.25,0.935,0.018879041487500005,0.0,0.0
0.25,0.936,0.018897381155000004,0.0,0.0
0.25,0.937,0.018915848822500005,0.0,0.0
0.25,0.938,0.018934442490000005,0.0,0.0
0.25,0.939,0.018953160157500003,0.0,0.0
0.25,0.94,0.018971999825,0.0,0.0
0.25,0.941,0.0189909594925,0.0,0.0
0.25,0.942,0.019010037160000003,0.0,0.0
0.25,0.943,0.019029230827500004,0.0,0.0
0.25,0.944,0.019048538495000003,0.0,0.0
0.25,0.945,0.019067958162500002,0.0,0.0
0.25,0.946,0.019087487830000003,0.0,0.0
0.25,0.947,0.019107125497500002,0.0,0.0
0.25,0.948,0.019126869165,0.0,0.0
0.25,0.949,0.0191467168325,0.0,0.0
0.25,0.95,0.019166666500000002,0.0,0.0
0.25,0.951,0.019186716167500003,0.0,0.0
0.25,0.952,0.019206863835,0.0,0.0
0.25,0.953,0.0192271075025,0.0,0.0
0.25,0.954,0.019247445170000002,0.0,0.0
0.25,0.955,0.019267874837500004,0.0,0.0
0.25,0.956,0.019288394505,0.0,0.0
0.25,0.957,0.019309002172500003,0.0,0.0
0.25,0.958,0.01932969584,0.0,0.0
0.25,0.959,0.019350473507500004,0.0,0.0
0.25,0.96,0.019371333175,0.0,0.0
0.25,0.961,0.019392272842500002,0.0,0.0
0.25,0.962,0.01941329051,0.0,0.0
0.25,0.963,0.019434384177500003,0.0,0.0
0.25,0.964,0.019455551845000002,0.0,0.0
0.25,0.965,0.019476791512500004,0.0,0.0
0.25,0.966,0.019498101180000005,0.0,0.0
0.25,0.967,0.019519478847500004,0.0,0.0
0.25,0.968,0.019540922515000003,0.0,0.0
0.25,0.969,0.019562430182500003,0.0,0.0
0.25,0.97,0.019583999850000002,0.0,0.0
0.25,0.971,0.019605629517500004,0.0,0.0
0.25,0.972,0.019627317185000003,0.0,0.0
0.25,0.973,0.019649060852500004,0.0,0.0
0.25,0.974,0.01967085852,0.0,0.0
0.25,0.975,0.0196927081875,0.0,0.0
0.25,0.976,0.019714607855000003,0.0,0.0
0.25,0.977,0.019736555522500004,0.0,0.0
0.25,0.978,0.019758549190000002,0.0,0.0
0.25,0.979,0.019780586857500004,0.0,0.0
0.25,0.98,0.019802666525000005,0.0,0.0
0.25,0.981,0.019824786192500003,0.0,0.0
0.25,0.982,0.019846943860000004,0.0,0.0
0.25,0.983,0.019869137527500004,0.0,0.0
0.25,0.984,0.019891365195000003,0.0,0.0
0.25,0.985,0.019913624862500003,0.0,0.0
0.25,0.986,0.01993591453,0.0,0.0
0.25,0.987,0.019958232197500002,0.0,0.0
0.25,0.988,0.019980575865000003,0.0,0.0
0.25,0.989,0.020002943532500005,0.0,0.0
0.25,0.99,0.020025333200000002,0.0,0.0
0.25,0.991,0.020047742867500003,0.0,0.0
0.25,0.992,0.020070170535,0.0,0.0
0.25,0.993,0.020092614202500005,0.0,0.0
0.25,0.994,0.020115071870000004,0.0,0.0
0.25,0.995,0.020137541537500005,0.0,0.0
0.25,0.996,0.020160021205000003,0.0,0.0
0.25,0.997,0.020182508872500005,0.0,0.0
0.25,0.998,0.020205002540000003,0.0,0.0
0.25,0.999,0.020227500207500002,0.0,0.0
0.25,1.0,0.020249999875000004,0.0,0.0
0.25,1.001,0.0202724995425,0.0,0.0
0.25,1.002,0.020294997210000002,0.0,0.0
0.25,1.003,0.0203174908775,0.0,0.0
0.25,1.004,0.020339978545,0.0,0.0
0.25,1.005,0.0203624582125,0.0,0.0
0.25,1.006,0.020384927880000004,0.0,0.0
0.25,1.007,0.0204073855475,0.0,0.0
0.25,1.008,0.020429829215000004,0.0,0.0
0.25,1.009,0.020452256882500002,0.0,0.0
0.25,1.01,0.020474666550000003,0.0,0.0
0.25,1.011,0.0204970562175,0.0,0.0
0.25,1.012,0.020519423885000002,0.0,0.0
0.25,1.013,0.0205417675525,0.0,0.0
0.25,1.014,0.020564085220000004,0.0,0.0
0.25,1.015,0.0205863748875,0.0,0.0
0.25,1.016,0.020608634555000005,0.0,0.0
0.25,1.017,0.0206308622225,0.0,0.0
0.25,1.018,0.020653055890000004,0.0,0.0
0.25,1.019,0.020675213557500002,0.0,0.0
0.25,1.02,0.020697333225000003,0.0,0.0
0.25,1.021,0.020719412892500004,0.0,0.0
0.25,1.022,0.020741450560000003,0.0,0.0
0.25,1.023,0.020763444227500004,0.0,0.0
0.25,1.024,0.020785391895000005,0.0,0.0
0.25,1.025,0.0208072915625,0.0,0.0
0.25,1.026,0.020829141230000004,0.0,0.0
0.25,1.027,0.0208509388975,0.0,0.0
0.25,1.028,0.020872682565,0.0,0.0
0.25,1.029,0.0208943702325,0.0,0.0
0.25,1.03,0.020915999900000003,0.0,0.0
0.25,1.031,0.0209375695675,0.0,0.0
0.25,1.032,0.020959077235000005,0.0,0.0
0.25,1.033,0.0209805209025,0.0,0.0
0.25,1.034,0.021001898570000004,0.0,0.0
0.25,1.035,0.0210232082375,0.0,0.0
0.25,1.036,0.021044447905000003,0.0,0.0
0.25,1.037,0.0210656155725,0.0,0.0
0.25,1.038,0.021086709240000005,0.0,0.0
0.25,1.039,0.0211077269075,0.0,0.0
0.25,1.04,0.021128666575000007,0.0,0.0
0.25,1.041,0.0211495262425,0.0,0.0
0.25,1.042,0.021170303910000004,0.0,0.0
0.25,1.043,0.021190997577500002,0.0,0.0
0.25,1.044,0.021211605245000004,0.0,0.0
0.25,1.045,0.0212321249125,0.0,0.0
0.25,1.046,0.021252554580000003,0.0,0.0
0.25,1.047,0.0212728922475,0.0,0.0
0.25,1.048,0.021293135915000004,0.0,0.0
0.25,1.049,0.021313283582500002,0.0,0.0
0.25,1.05,0.021333333250000003,0.0,0.0
0.25,1.051,0.0213532829175,0.0,0.0
0.25,1.052,0.021373130585000004,0.0,0.0
0.25,1.053,0.021392874252500003,0.0,0.0
0.25,1.054,0.021412511920000002,0.0,0.0
0.25,1.055,0.021432041587500002,0.0,0.0
0.25,1.056,0.021451461255000005,0.0,0.0
0.25,1.057,0.0214707689225,0.0,0.0
0.25,1.058,0.021489962590000005,0.0,0.0
0.25,1.059,0.0215090402575,0.0,0.0
0.25,1.06,0.021527999925000003,0.0,0.0
0.25,1.061,0.021546839592500002,0.0,0.0
0.25,1.062,0.021565557260000003,0.0,0.0
0.25,1.063,0.021584150927500004,0.0,0.0
0.25,1.064,0.021602618595000005,0.0,0.0
0.25,1.065,0.021620958262500004,0.0,0.0
0.25,1.066,0.02163916793,0.0,0.0
0.25,1.067,0.021657245597500003,0.0,0.0
0.25,1.068,0.021675189265000002,0.0,0.0
0.25,1.069,0.0216929969325,0.0,0.0
0.25,1.07,0.021710666600000005,0.0,0.0
0.25,1.071,0.021728196267500003,0.0,0.0
0.25,1.072,0.021745583935000003,0.0,0.0
0.25,1.073,0.021762827602500003,0.0,0.0
0.25,1.074,0.021779925270000004,0.0,0.0
0.25,1.075,0.021796874937500002,0.0,0.0
0.25,1.076,0.021813674605000007,0.0,0.0
0.25,1.077,0.0218303222725,0.0,0.0
0.25,1.078,0.021846815940000004,0.0,0.0
0.25,1.079,0.0218631536075,0.0,0.0
0.25,1.08,0.021879333275000006,0.0,0.0
0.25,1.081,0.0218953529425,0.0,0.0
0.25,1.082,0.021911210610000002,0.0,0.0
0.25,1.083,0.0219269042775,0.0,0.0
0.25,1.084,0.021942431945000004,0.0,0.0
0.25,1.085,0.021957791612500003,0.0,0.0
0.25,1.086,0.021972981280000005,0.0,0.0
0.25,1.087,0.0219879989475,0.0,0.0
0.25,1.088,0.022002842615000004,0.0,0.0
0.25,1.089,0.0220175102825,0.0,0.0
0.25,1.09,0.022031999950000006,0.0,0.0
0.25,1.091,0.022046309617500003,0.0,0.0
0.25,1.092,0.022060437285000005,0.0,0.0
0.25,1.093,0.0220743809525,0.0,0.0
0.25,1.094,0.022088138620000003,0.0,0.0
0.25,1.095,0.022101708287500004,0.0,0.0
0.25,1.096,0.022115087955000005,0.0,0.0
0.25,1.097,0.022128275622500002,0.0,0.0
0.25,1.098,0.02214126929,0.0,0.0
0.25,1.099,0.022154066957500003,0.0,0.0
0.25,1.1,0.022166666625000005,0.0,0.0
0.25,1.101,0.0221790662925,0.0,0.0
0.25,1.102,0.022191263960000002,0.0,0.0
0.25,1.103,0.022203257627500004,0.0,0.0
0.25,1.104,0.022215045295000003,0.0,0.0
0.25,1.105,0.022226624962500004,0.0,0.0
0.25,1.106,0.022237994630000004,0.0,0.0
0.25,1.107,0.0222491522975,0.0,0.0
0.25,1.108,0.022260095965000004,0.0,0.0
0.25,1.109,0.022270823632500002,0.0,0.0
0.25,1.11,0.022281333300000004,0.0,0.0
0.25,1.111,0.0222916229675,0.0,0.0
0.25,1.112,0.022301690635000003,0.0,0.0
0.25,1.113,0.0223115343025,0.0,0.0
0.25,1.114,0.02232115197,0.0,0.0
0.25,1.115,0.022330541637500003,0.0,0.0
0.25,1.116,0.022339701305,0.0,0.0
0.25,1.117,0.0223486289725,0.0,0.0
0.25,1.118,0.022357322640000003,0.0,0.0
0.25,1.119,0.022365780307500003,0.0,0.0
0.25,1.12,0.022373999975000003,0.0,0.0
0.25,1.121,0.0223819796425,0.0,0.0
0.25,1.122,0.022389717310000005,0.0,0.0
0.25,1.123,0.022397210977500002,0.0,0.0
0.25,1.124,0.022404458645000003,0.0,0.0
0.25,1.125,0.022411458312500004,0.0,0.0
0.25,1.126,0.022418207980000004,0.0,0.0
0.25,1.127,0.0224247056475,0.0,0.0
0.25,1.128,0.022430949315,0.0,0.0
0.25,1.129,0.022436936982500003,0.0,0.0
0.25,1.13,0.022442666650000002,0.0,0.0
0.25,1.131,0.022448136317500002,0.0,0.0
0.25,1.132,0.022453343985000002,0.0,0.0
0.25,1.133,0.022458287652500002,0.0,0.0
0.25,1.134,0.02246296532,0.0,0.0
0.25,1.135,0.022467374987500004,0.0,0.0
0.25,1.136,0.022471514655,0.0,0.0
0.25,1.137,0.0224753823225,0.0,0.0
0.25,1.138,0.022478975990000004,0.0,0.0
0.25,1.139,0.022482293657500003,0.0,0.0
0.25,1.14,0.022485333325000002,0.0,0.0
0.25,1.141,0.022488092992500004,0.0,0.0
0.25,1.142,0.022490570660000004,0.0,0.0
0.25,1.143,0.022492764327500005,0.0,0.0
0.25,1.144,0.022494671995000003,0.0,0.0
0.25,1.145,0.0224962916625,0.0,0.0
0.25,1.146,0.022497621330000002,0.0,0.0
0.25,1.147,0.0224986589975,0.0,0.0
0.25,1.148,0.022499402665,0.0,0.0
0.25,1.149,0.0224998503325,0.0,0.0
0.25,1.15,0.022500000000000003,0.0,0.0
0.25,1.151,0.022500000000000003,0.0,0.0
0.25,1.152,0.022500000000000003,0.0,0.0
0.25,1.153,0.022500000000000003,0.0,0.0
0.25,1.154,0.022500000000000003,0.0,0.0
0.25,1.155,0.022500000000000003,0.0,0.0
0.25,1.156,0.022500000000000003,0.0,0.0
0.25,1.157,0.022500000000000003,0.0,0.0
0.25,1.158,0.022500000000000003,0.0,0.0
0.25,1.159,0.022500000000000003,0.0,0.0
0.25,1.16,0.022500000000000003,0.0,0.0
0.25,1.161,0.022500000000000003,0.0,0.0
0.25,1.162,0.022500000000000003,0.0,0.0
0.25,1.163,0.022500000000000003,0.0,0.0
0.25,1.164,0.022500000000000003,0.0,0.0
0.25,1.165,0.022500000000000003,0.0,0.0
0.25,1.166,0.022500000000000003,0.0,0.0
0.25,1.167,0.022500000000000003,0.0,0.0
0.25,1.168,0.022500000000000003,0.0,0.0
0.25,1.169,0.022500000000000003,0.0,0.0
0.25,1.17,0.022500000000000003,0.0,0.0
0.25,1.171,0.022500000000000003,0.0,0.0
0.25,1.172,0.022500000000000003,0.0,0.0
0.25,1.173,0.022500000000000003,0.0,0.0
0.25,1.174,0.022500000000000003,0.0,0.0
0.25,1.175,0.022500000000000003,0.0,0.0
0.25,1.176,0.022500000000000003,0.0,0.0
0.25,1.177,0.022500000000000003,0.0,0.0
0.25,1.178,0.022500000000000003,0.0,0.0
0.25,1.179,0.022500000000000003,0.0,0.0
0.25,1.18,0.022500000000000003,0.0,0.0
0.25,1.181,0.022500000000000003,0.0,0.0
0.25,1.182,0.022500000000000003,0.0,0.0
0.25,1.183,0.022500000000000003,0.0,0.0
0.25,1.184,0.022500000000000003,0.0,0.0
0.25,1.185,0.022500000000000003,0.0,0.0
0.25,1.186,0.022500000000000003,0.0,0.0
0.25,1.187,0.022500000000000003,0.0,0.0
0.25,1.188,0.022500000000000003,0.0,0.0
0.25,1.189,0.022500000000000003,0.0,0.0
0.25,1.19,0.022500000000000003,0.0,0.0
0.25,1.191,0.022500000000000003,0.0,0.0
0.25,1.192,0.022500000000000003,0.0,0.0
0.25,1.193,0.022500000000000003,0.0,0.0
0.25,1.194,0.022500000000000003,0.0,0.0
0.25,1.195,0.022500000000000003,0.0,0.0
0.25,1.196,0.022500000000000003,0.0,0.0
0.25,1.197,0.022500000000000003,0.0,0.0
0.25,1.198,0.022500000000000003,0.0,0.0
0.25,1.199,0.022500000000000003,0.0,0.0
0.25,1.2,0.022500000000000003,0.0,0.0
0.5,0.0,0.176368302591875,0.9697,0.48485
0.5,0.001,0.176348271624375,0.9677,0.48385
0.5,0.002,0.17632817605687498,0.9657,0.48285
0.5,0.003,0.17630801188937498,0.9637,0.48185
0.5,0.004,0.176286819578,0.9616,0.4808
0.5,0.005,0.1762665053105,0.9596,0.4798
0.5,0.006,0.176245153003125,0.9575,0.47875
0.5,0.007,0.17622467183562499,0.9555,0.47775
0.5,0.008,0.17620314193324998,0.9534,0.4767
0.5,0.009,0.17618151593687498,0.9513,0.47565
0.5,0.01,0.1761597892475,0.9492,0.4746
0.5,0.011,0.176137957266125,0.9471,0.47355
0.5,0.012,0.176115049198875,0.9449,0.47245
0.5,0.013,0.17609299064749998,0.9428,0.4714
0.5,0.014,0.17606984234925,0.9406,0.4703
0.5,0.015,0.176047538036875,0.9385,0.46925
0.5,0.016,0.176024129525625,0.9363,0.46815
0.5,0.017,0.17600058208237498,0.9341,0.46705
0.5,0.018,0.175976890515125,0.9319,0.46595
0.5,0.019,0.175953049631875,0.9297,0.46485
0.5,0.02,0.175929054240625,0.9275,0.46375
0.5,0.021,0.175904899149375,0.9253,0.46265
0.5,0.022,0.17588057916612498,0.9231,0.46155
0.5,0.023,0.17585509114499998,0.9208,0.4604
0.5,0.024,0.17583042176674998,0.9186,0.4593
0.5,0.025,0.17580456584062498,0.9163,0.45815
0.5,0.026,0.1757785155475,0.914,0.457
0.5,0.027,0.175752265114375,0.9117,0.45585
0.5,0.028,0.17572580876825,0.9094,0.4547
0.5,0.029,0.175699140736125,0.9071,0.45355
0.5,0.03,0.175672255245,0.9048,0.4524
0.5,0.031,0.175645146521875,0.9025,0.45125
0.5,0.032,0.175616770654875,0.9001,0.45005
0.5,0.033,0.17558919272875,0.8978,0.4489
0.5,0.034,0.17556032525575,0.8954,0.4477
0.5,0.035,0.17553225427362498,0.8931,0.44655
0.5,0.036,0.17550287059062497,0.8907,0.44535
0.5,0.037,0.175473216675625,0.8883,0.44415
0.5,0.038,0.17544328619262498,0.8859,0.44295
0.5,0.039,0.175413072805625,0.8835,0.44175
0.5,0.04,0.175382570178625,0.8811,0.44055
0.5,0.041,0.17535068129675,0.8786,0.4393
0.5,0.042,0.17531957446375,0.8762,0.4381
0.5,0.043,0.175287055301875,0.8737,0.43685
0.5,0.044,0.175255318186875,0.8713,0.43565
0.5,0.045,0.17522214195,0.8688,0.4344
0.5,0.046,0.17518862361312498,0.8663,0.43315
0.5,0.047,0.175155888370125,0.8639,0.43195
0.5,0.048,0.17512167258825,0.8614,0.4307
0.5,0.049,0.17508709425637498,0.8589,0.42945
0.5,0.05,0.1750521464995,0.8564,0.4282
0.5,0.051,0.17501565980374997,0.8538,0.4269
0.5,0.052,0.17497994449187498,0.8513,0.42565
0.5,0.053,0.17494383895500001,0.8488,0.4244
0.5,0.054,0.17490614937124999,0.8462,0.4231
0.5,0.055,0.174869234159375,0.8437,0.42185
0.5,0.056,0.17483070406862497,0.8411,0.42055
0.5,0.057,0.174791738661875,0.8385,0.41925
0.5,0.058,0.17475233055512499,0.8359,0.41795
0.5,0.059,0.17471247236437498,0.8333,0.41665
0.5,0.06,0.1746733954275,0.8308,0.4154
0.5,0.061,0.174631376194875,0.8281,0.41405
0.5,0.062,0.174590123448125,0.8255,0.41275
0.5,0.063,0.174548391081375,0.8229,0.41145
0.5,0.064,0.174506171710625,0.8203,0.41015
0.5,0.065,0.174462172478,0.8176,0.4088
0.5,0.066,0.17441894700625,0.815,0.4075
0.5,0.067,0.17437390723062499,0.8123,0.40615
0.5,0.068,0.174329645471875,0.8097,0.40485
0.5,0.069,0.17428353433625,0.807,0.4035
0.5,0.07,0.17423687095062498,0.8043,0.40215
0.5,0.071,0.174189647458,0.8016,0.4008
0.5,0.072,0.17414321166625,0.799,0.3995
0.5,0.073,0.174094854870625,0.7963,0.39815
0.5,0.074,0.174044537768125,0.7935,0.39675
0.5,0.075,0.17399499527749998,0.7908,0.3954
0.5,0.076,0.17394485339487498,0.7881,0.39405
0.5,0.077,0.17389410426324997,0.7854,0.3927
0.5,0.078,0.173842740025625,0.7827,0.39135
0.5,0.079,0.173789321235125,0.7799,0.38995
0.5,0.08,0.1737366916825,0.7772,0.3886
0.5,0.081,0.17368196913199999,0.7744,0.3872
0.5,0.082,0.17362657688549998,0.7716,0.3858
0.5,0.083,0.173571983328875,0.7689,0.38445
0.5,0.084,0.173515238282375,0.7661,0.38305
0.5,0.085,0.173457798811875,0.7633,0.38165
0.5,0.086,0.173399656629375,0.7605,0.38025
0.5,0.087,0.173340803446875,0.7577,0.37885
0.5,0.088,0.173281230976375,0.7549,0.37745
0.5,0.089,0.173220930929875,0.7521,0.37605
0.5,0.09,0.17315989501937498,0.7493,0.37465
0.5,0.091,0.173098114956875,0.7465,0.37325
0.5,0.092,0.17303558245437498,0.7437,0.37185
0.5,0.093,0.17297069187,0.7408,0.3704
0.5,0.094,0.1729066168075,0.738,0.369
0.5,0.095,0.17284176430499998,0.7352,0.3676
0.5,0.096,0.172774490620625,0.7323,0.36615
0.5,0.097,0.172708045158125,0.7295,0.36475
0.5,0.098,0.17263913600675,0.7266,0.3633
0.5,0.099,0.172569389949375,0.7237,0.36185
0.5,0.1,0.172500485078875,0.7209,0.36045
0.5,0.101,0.17242905213249998,0.718,0.359
0.5,0.102,0.172356756386125,0.7151,0.35755
0.5,0.103,0.17228358916875,0.7122,0.3561
0.5,0.104,0.17220954180937498,0.7093,0.35465
0.5,0.105,0.17213460563699998,0.7064,0.3532
0.5,0.106,0.172058771980625,0.7035,0.35175
0.5,0.107,0.17198203216924998,0.7006,0.3503
0.5,0.108,0.17190437753187499,0.6977,0.34885
0.5,0.109,0.17182579939749998,0.6948,0.3474
0.5,0.11,0.171746289095125,0.6919,0.34595
0.5,0.111,0.17166583795374998,0.689,0.3445
0.5,0.112,0.1715825874525,0.686,0.343
0.5,0.113,0.171500214256125,0.6831,0.34155
0.5,0.114,0.17141499630987497,0.6801,0.34005
0.5,0.115,0.17133066590749998,0.6772,0.3386
0.5,0.116,0.171245351073125,0.6743,0.33715
0.5,0.117,0.171157122166875,0.6713,0.33565
0.5,0.118,0.17106786256062498,0.6683,0.33415
0.5,0.119,0.17097951229324998,0.6654,0.3327
0.5,0.12,0.17088817847199997,0.6624,0.3312
0.5,0.121,0.17079578705075,0.6594,0.3297
0.5,0.122,0.17070432191937499,0.6565,0.32825
0.5,0.123,0.170609802793125,0.6535,0.32675
0.5,0.124,0.170514199166875,0.6505,0.32525
0.5,0.125,0.17041750204062497,0.6475,0.32375
0.5,0.126,0.17031970241437497,0.6445,0.32225
0.5,0.127,0.170220791288125,0.6415,0.32075
0.5,0.128,0.17012075966187498,0.6385,0.31925
0.5,0.129,0.17001959853562498,0.6355,0.31775
0.5,0.13,0.169917298909375,0.6325,0.31625
0.5,0.131,0.16981385178312497,0.6295,0.31475
0.5,0.132,0.169709248156875,0.6265,0.31325
0.5,0.133,0.16960347903062498,0.6235,0.31175
0.5,0.134,0.1694943619745,0.6204,0.3102
0.5,0.135,0.16938621915324997,0.6174,0.3087
0.5,0.136,0.16927688373199998,0.6144,0.3072
0.5,0.137,0.16916634671074998,0.6114,0.3057
0.5,0.138,0.169052363435625,0.6083,0.30415
0.5,0.139,0.16893938012937498,0.6053,0.30265
0.5,0.14,0.16882290137625,0.6022,0.3011
0.5,0.141,0.168707435395,0.5992,0.2996
0.5,0.142,0.168588424414875,0.5961,0.29805
0.5,0.143,0.168470439368625,0.5931,0.29655
0.5,0.144,0.1683488594125,0.59,0.295
0.5,0.145,0.16822831891125,0.587,0.2935
0.5,0.146,0.168104133230125,0.5839,0.29195
0.5,0.147,0.16797862311,0.5808,0.2904
0.5,0.148,0.16785417272875,0.5778,0.2889
0.5,0.149,0.167726001675625,0.5747,0.28735
0.5,0.15,0.1675964784555,0.5716,0.2858
0.5,0.151,0.167465443466875,0.5685,0.28425
0.5,0.152,0.167335194008125,0.5655,0.28275
0.5,0.153,0.1672008184195,0.5624,0.2812
0.5,0.154,0.16706474766687499,0.5593,0.27965
0.5,0.155,0.16692697048125,0.5562,0.2781
0.5,0.156,0.16678747559362497,0.5531,0.27655
0.5,0.157,0.166646251735,0.55,0.275
0.5,0.158,0.16650328763637498,0.5469,0.27345
0.5,0.159,0.16635857202874998,0.5438,0.2719
0.5,0.16,0.166212093643125,0.5407,0.27035
0.5,0.161,0.16606384121049997,0.5376,0.2688
0.5,0.162,0.16591380346187498,0.5345,0.26725
0.5,0.163,0.16576196912824998,0.5314,0.2657
0.5,0.164,0.16560567054375,0.5282,0.2641
0.5,0.165,0.16545019220612497,0.5251,0.26255
0.5,0.166,0.16529288339749998,0.522,0.261
0.5,0.167,0.16513373284887498,0.5189,0.25945
0.5,0.168,0.16497272929124998,0.5158,0.2579
0.5,0.169,0.16480712062675,0.5126,0.2563
0.5,0.17,0.164642359833125,0.5095,0.25475
0.5,0.171,0.1644757121445,0.5064,0.2532
0.5,0.172,0.16430437452,0.5032,0.2516
0.5,0.173,0.16413390159737498,0.5001,0.25005
0.5,0.174,0.16396150789375002,0.497,0.2485
0.5,0.175,0.16378433878124998,0.4938,0.2469
0.5,0.176,0.163608051845625,0.4907,0.24535
0.5,0.177,0.163426932663125,0.4875,0.24375
0.5,0.178,0.1632467071145,0.4844,0.2422
0.5,0.179,0.16306159221,0.4812,0.2406
0.5,0.18,0.162877382667375,0.4781,0.23905
0.5,0.181,0.162688226388875,0.4749,0.23745
0.5,0.182,0.16249998747125,0.4718,0.2359
0.5,0.183,0.16230674416674998,0.4686,0.2343
0.5,0.184,0.16211143183825,0.4654,0.2327
0.5,0.185,0.16191705451062502,0.4623,0.23115
0.5,0.186,0.161717586616125,0.4591,0.22955
0.5,0.187,0.161516015337625,0.4559,0.22795
0.5,0.188,0.161315397275,0.4528,0.2264
0.5,0.189,0.1611096018905,0.4496,0.2248
0.5,0.19,0.16090166876200002,0.4464,0.2232
0.5,0.191,0.160694707639375,0.4433,0.22165
0.5,0.192,0.16048248186487502,0.4401,0.22005
0.5,0.193,0.160268083986375,0.4369,0.21845
0.5,0.194,0.160051502531875,0.4337,0.21685
0.5,0.195,0.159832726029375,0.4305,0.21525
0.5,0.196,0.15961174300687497,0.4273,0.21365
0.5,0.197,0.15939176942125,0.4242,0.2121
0.5,0.198,0.15916635654875003,0.421,0.2105
0.5,0.199,0.15893870279625,0.4178,0.2089
0.5,0.2,0.15870879669175,0.4146,0.2073
0.5,0.201,0.15847662676325,0.4114,0.2057
0.5,0.202,0.15824218153875,0.4082,0.2041
0.5,0.203,0.15800544954625,0.405,0.2025
0.5,0.204,0.15776641931375,0.4018,0.2009
0.5,0.205,0.15752507936925,0.3986,0.1993
0.5,0.206,0.15728141824075,0.3954,0.1977
0.5,0.207,0.15703542445625,0.3922,0.1961
0.5,0.208,0.15678708654375,0.389,0.1945
0.5,0.209,0.15653639303125,0.3858,0.1929
0.5,0.21,0.15628333244675,0.3826,0.1913
0.5,0.211,0.15602789331824998,0.3794,0.1897
0.5,0.212,0.15577006417375,0.3762,0.1881
0.5,0.213,0.155506317696375,0.3729,0.18645
0.5,0.214,0.155243655601875,0.3697,0.18485
0.5,0.215,0.154978569019375,0.3665,0.18325
0.5,0.216,0.154711046476875,0.3633,0.18165
0.5,0.217,0.15444107650237499,0.3601,0.18005
0.5,0.218,0.154168647623875,0.3569,0.17845
0.5,0.219,0.15389012275550001,0.3536,0.1768
0.5,0.22,0.153612722827,0.3504,0.1752
0.5,0.221,0.1533328295225,0.3472,0.1736
0.5,0.222,0.15305043137,0.344,0.172
0.5,0.223,0.152761817775625,0.3407,0.17035
0.5,0.224,0.152474356473125,0.3375,0.16875
0.5,0.225,0.152184355850625,0.3343,0.16715
0.5,0.226,0.15189180443612502,0.3311,0.16555
0.5,0.227,0.15159291732875002,0.3278,0.1639
0.5,0.228,0.15129521066425,0.3246,0.1623
0.5,0.229,0.150991108956875,0.3213,0.16065
0.5,0.23,0.150688200942375,0.3181,0.15905
0.5,0.231,0.150382684663875,0.3149,0.15745
0.5,0.232,0.1500706828955,0.3116,0.1558
0.5,0.233,0.149759896167,0.3084,0.1542
0.5,0.234,0.1494464667025,0.3052,0.1526
0.5,0.235,0.149126460870125,0.3019,0.15095
0.5,0.236,0.148807691855625,0.2987,0.14935
0.5,0.237,0.14848228639825,0.2954,0.1477
0.5,0.238,0.14815813173375,0.2922,0.1461
0.5,0.239,0.14782728037637502,0.2889,0.14445
0.5,0.24,0.14749769396187498,0.2857,0.14285
0.5,0.241,0.1471613504295,0.2824,0.1412
0.5,0.242,0.14682628616500001,0.2792,0.1396
0.5,0.243,0.146484404182625,0.2759,0.13795
0.5,0.244,0.146143815968125,0.2727,0.13635
0.5,0.245,0.14579634926075,0.2694,0.1347
0.5,0.246,0.14545019099625,0.2662,0.1331
0.5,0.247,0.145097093288875,0.2629,0.13145
0.5,0.248,0.144745318874375,0.2597,0.12985
0.5,0.249,0.14438654389199998,0.2564,0.1282
0.5,0.25,0.144024903973625,0.2531,0.12655
0.5,0.251,0.143664608695125,0.2499,0.12495
0.5,0.252,0.14329722205175002,0.2466,0.1233
0.5,0.253,0.14293119532325,0.2434,0.1217
0.5,0.254,0.14255801567987497,0.2401,0.12005
0.5,0.255,0.1421819131475,0.2368,0.1184
0.5,0.256,0.141807192483,0.2336,0.1168
0.5,0.257,0.141425227500625,0.2303,0.11515
0.5,0.258,0.14104030485125,0.227,0.1135
0.5,0.259,0.14065678637874998,0.2238,0.1119
0.5,0.26,0.140265931829375,0.2205,0.11025
0.5,0.261,0.13987208483500002,0.2172,0.1086
0.5,0.262,0.13947523379262497,0.2139,0.10695
0.5,0.263,0.13907981633812502,0.2107,0.10535
0.5,0.264,0.13867694077075,0.2074,0.1037
0.5,0.265,0.13827102637737498,0.2041,0.10205
0.5,0.266,0.13786656869887498,0.2009,0.10045
0.5,0.267,0.13745456033049996,0.1976,0.0988
0.5,0.268,0.137039478358125,0.1943,0.09715
0.5,0.269,0.13662131117875,0.191,0.0955
0.5,0.27,0.13620004718937498,0.1877,0.09385
0.5,0.271,0.135780277406875,0.1845,0.09225
0.5,0.272,0.1353528036425,0.1812,0.0906
0.5,0.273,0.134922198290125,0.1779,0.08895
0.5,0.274,0.13448844974675,0.1746,0.0873
0.5,0.275,0.134051546409375,0.1713,0.08565
0.5,0.276,0.133616175674875,0.1681,0.08405
0.5,0.277,0.1331729467625,0.1648,0.0824
0.5,0.278,0.13272652827812498,0.1615,0.08075
0.5,0.279,0.13227690861875,0.1582,0.0791
0.5,0.28,0.13182407618137498,0.1549,0.07745
0.5,0.281,0.131368019363,0.1516,0.0758
0.5,0.282,0.130908726560625,0.1483,0.07415
0.5,0.283,0.13044618617125,0.145,0.0725
0.5,0.284,0.12998523993875,0.1418,0.0709
0.5,0.285,0.129516188649375,0.1385,0.06925
0.5,0.286,0.129043854995,0.1352,0.0676
0.5,0.287,0.128568227372625,0.1319,0.06595
0.5,0.288,0.12808929417925,0.1286,0.0643
0.5,0.289,0.127607043811875,0.1253,0.06265
0.5,0.29,0.12712146466750002,0.122,0.061
0.5,0.291,0.126632545143125,0.1187,0.05935
0.5,0.292,0.12614027363575,0.1154,0.0577
0.5,0.293,0.125644638542375,0.1121,0.05605
0.5,0.294,0.12514562826,0.1088,0.0544
0.5,0.295,0.12464323118562502,0.1055,0.05275
0.5,0.296,0.12413743571625001,0.1022,0.0511
0.5,0.297,0.123628230248875,0.0989,0.04945
0.5,0.298,0.12311560318050001,0.0956,0.0478
0.5,0.299,0.122599542908125,0.0923,0.04615
0.5,0.3,0.12208003782875,0.089,0.0445
0.5,0.301,0.121557076339375,0.0857,0.04285
0.5,0.302,0.12103064683699999,0.0824,0.0412
0.5,0.303,0.12050073771862499,0.0791,0.03955
0.5,0.304,0.11996733738125001,0.0758,0.0379
0.5,0.305,0.11943043422187498,0.0725,0.03625
0.5,0.306,0.11889001663750003,0.0692,0.0346
0.5,0.307,0.118346073025125,0.0659,0.03295
0.5,0.308,0.11779859178175002,0.0626,0.0313
0.5,0.309,0.11724756130437501,0.0593,0.02965
0.5,0.31,0.11669296999,0.056,0.028
0.5,0.311,0.116134806235625,0.0527,0.02635
0.5,0.312,0.11557305843825,0.0494,0.0247
0.5,0.313,0.11500229565500002,0.046,0.023
0.5,0.314,0.114433324980625,0.0427,0.02135
0.5,0.315,0.11386073542325001,0.0394,0.0197
0.5,0.316,0.11328451537987501,0.0361,0.01805
0.5,0.317,0.11270465324750001,0.0328,0.0164
0.5,0.318,0.11212113742312499,0.0295,0.01475
0.5,0.319,0.11153395630375,0.0262,0.0131
0.5,0.32,0.110943098286375,0.0229,0.01145
0.5,0.321,0.11034855176800001,0.0196,0.0098
0.5,0.322,0.10974470824875,0.0162,0.0081
0.5,0.323,0.10914272967137499,0.0129,0.00645
0.5,0.324,0.108537027753,0.0096,0.0048
0.5,0.325,0.107927590890625,0.0063,0.00315
0.5,0.326,0.10731440748124998,0.003,0.0015
0.5,0.327,0.10671457164749999,0.0,0.0
0.5,0.328,0.10628481531499999,0.0,0.0
0.5,0.329,0.1058564029825,0.0,0.0
0.5,0.33,0.10542933265,0.0,0.0
0.5,0.331,0.10500360231749999,0.0,0.0
0.5,0.332,0.10457920998499999,0.0,0.0
0.5,0.333,0.1041561536525,0.0,0.0
0.5,0.334,0.10373443131999997,0.0,0.0
0.5,0.335,0.10331404098749997,0.0,0.0
0.5,0.336,0.102894980655,0.0,0.0
0.5,0.337,0.10247724832249999,0.0,0.0
0.5,0.338,0.10206084198999998,0.0,0.0
0.5,0.339,0.10164575965749997,0.0,0.0
0.5,0.34,0.10123199932499999,0.0,0.0
0.5,0.341,0.1008195589925,0.0,0.0
0.5,0.342,0.10040843665999999,0.0,0.0
0.5,0.343,0.09999863032749999,0.0,0.0
0.5,0.344,0.09959013799500002,0.0,0.0
0.5,0.345,0.09918295766250003,0.0,0.0
0.5,0.346,0.09877708733000001,0.0,0.0
0.5,0.347,0.09837252499750002,0.0,0.0
0.5,0.348,0.09796926866500001,0.0,0.0
0.5,0.349,0.09756731633250001,0.0,0.0
0.5,0.35,0.09716666600000001,0.0,0.0
0.5,0.351,0.09676731566750002,0.0,0.0
0.5,0.352,0.09636926333500001,0.0,0.0
0.5,0.353,0.09597250700250001,0.0,0.0
0.5,0.354,0.09557704467000003,0.0,0.0
0.5,0.355,0.09518287433750001,0.0,0.0
0.5,0.356,0.094789994005,0.0,0.0
0.5,0.357,0.09439840167249999,0.0,0.0
0.5,0.358,0.09400809534000001,0.0,0.0
0.5,0.359,0.0936190730075,0.0,0.0
0.5,0.36,0.093231332675,0.0,0.0
0.5,0.361,0.09284487234250001,0.0,0.0
0.5,0.362,0.09245969001,0.0,0.0
0.5,0.363,0.0920757836775,0.0,0.0
0.5,0.364,0.091693151345,0.0,0.0
0.5,0.365,0.0913117910125,0.0,0.0
0.5,0.366,0.09093170067999999,0.0,0.0
0.5,0.367,0.09055287834749999,0.0,0.0
0.5,0.368,0.09017532201499999,0.0,0.0
0.5,0.369,0.0897990296825,0.0,0.0
0.5,0.37,0.08942399935,0.0,0.0
0.5,0.371,0.0890502290175,0.0,0.0
0.5,0.372,0.08867771668499999,0.0,0.0
0.5,0.373,0.08830646035250002,0.0,0.0
0.5,0.374,0.08793645801999998,0.0,0.0
0.5,0.375,0.0875677076875,0.0,0.0
0.5,0.376,0.087200207355,0.0,0.0
0.5,0.377,0.0868339550225,0.0,0.0
0.5,0.378,0.08646894869,0.0,0.0
0.5,0.379,0.0861051863575,0.0,0.0
0.5,0.38,0.08574266602500001,0.0,0.0
0.5,0.381,0.08538138569249999,0.0,0.0
0.5,0.382,0.08502134335999999,0.0,0.0
0.5,0.383,0.0846625370275,0.0,0.0
0.5,0.384,0.084304964695,0.0,0.0
0.5,0.385,0.0839486243625,0.0,0.0
0.5,0.386,0.08359351403000001,0.0,0.0
0.5,0.387,0.0832396316975,0.0,0.0
0.5,0.388,0.08288697536500002,0.0,0.0
0.5,0.389,0.0825355430325,0.0,0.0
0.5,0.39,0.0821853327,0.0,0.0
0.5,0.391,0.08183634236750001,0.0,0.0
0.5,0.392,0.081488570035,0.0,0.0
0.5,0.393,0.08114201370249999,0.0,0.0
0.5,0.394,0.08079667137,0.0,0.0
0.5,0.395,0.0804525410375,0.0,0.0
0.5,0.396,0.080109620705,0.0,0.0
0.5,0.397,0.07976790837249999,0.0,0.0
0.5,0.398,0.07942740204,0.0,0.0
0.5,0.399,0.07908809970749998,0.0,0.0
0.5,0.4,0.078749999375,0.0,0.0
0.5,0.401,0.07841309904249999,0.0,0.0
0.5,0.402,0.07807739671,0.0,0.0
0.5,0.403,0.07774289037749998,0.0,0.0
0.5,0.404,0.07740957804499998,0.0,0.0
0.5,0.405,0.07707745771249999,0.0,0.0
0.5,0.406,0.07674652738,0.0,0.0
0.5,0.407,0.07641678504750002,0.0,0.0
0.5,0.408,0.076088228715,0.0,0.0
0.5,0.409,0.07576085638250002,0.0,0.0
0.5,0.41,0.07543466605000002,0.0,0.0
0.5,0.411,0.0751096557175,0.0,0.0
0.5,0.412,0.074785823385,0.0,0.0
0.5,0.413,0.0744631670525,0.0,0.0
0.5,0.414,0.07414168472,0.0,0.0
0.5,0.415,0.0738213743875,0.0,0.0
0.5,0.416,0.07350223405499999,0.0,0.0
0.5,0.417,0.07318426172249999,0.0,0.0
0.5,0.418,0.07286745539000002,0.0,0.0
0.5,0.419,0.07255181305750001,0.0,0.0
0.5,0.42,0.07223733272499999,0.0,0.0
0.5,0.421,0.07192401239249999,0.0,0.0
0.5,0.422,0.07161185006,0.0,0.0
0.5,0.423,0.07130084372750001,0.0,0.0
0.5,0.424,0.07099099139500001,0.0,0.0
0.5,0.425,0.07068229106250001,0.0,0.0
0.5,0.426,0.07037474073000001,0.0,0.0
0.5,0.427,0.07006833839750001,0.0,0.0
0.5,0.428,0.06976308206500001,0.0,0.0
0.5,0.429,0.0694589697325,0.0,0.0
0.5,0.43,0.0691559994,0.0,0.0
0.5,0.431,0.0688541690675,0.0,0.0
0.5,0.432,0.06855347673500001,0.0,0.0
0.5,0.433,0.06825392040250002,0.0,0.0
0.5,0.434,0.06795549807000001,0.0,0.0
0.5,0.435,0.0676582077375,0.0,0.0
0.5,0.436,0.067362047405,0.0,0.0
0.5,0.437,0.06706701507250001,0.0,0.0
0.5,0.438,0.06677310874,0.0,0.0
0.5,0.439,0.06648032640749998,0.0,0.0
0.5,0.44,0.066188666075,0.0,0.0
0.5,0.441,0.0658981257425,0.0,0.0
0.5,0.442,0.06560870341,0.0,0.0
0.5,0.443,0.0653203970775,0.0,0.0
0.5,0.444,0.065033204745,0.0,0.0
0.5,0.445,0.0647471244125,0.0,0.0
0.5,0.446,0.06446215408,0.0,0.0
0.5,0.447,0.06417829174749999,0.0,0.0
0.5,0.448,0.063895535415,0.0,0.0
0.5,0.449,0.06361388308249999,0.0,0.0
0.5,0.45,0.06333333275,0.0,0.0
0.5,0.451,0.06305388241750001,0.0,0.0
0.5,0.452,0.062775530085,0.0,0.0
0.5,0.453,0.062498273752499986,0.0,0.0
0.5,0.454,0.06222211142,0.0,0.0
0.5,0.455,0.061947041087499995,0.0,0.0
0.5,0.456,0.061673060754999995,0.0,0.0
0.5,0.457,0.0614001684225,0.0,0.0
0.5,0.458,0.06112836209,0.0,0.0
0.5,0.459,0.0608576397575,0.0,0.0
0.5,0.46,0.06058799942499999,0.0,0.0
0.5,0.461,0.06031943909250001,0.0,0.0
0.5,0.462,0.060051956760000004,0.0,0.0
0.5,0.463,0.059785550427499994,0.0,0.0
0.5,0.464,0.059520218094999994,0.0,0.0
0.5,0.465,0.0592559577625,0.0,0.0
0.5,0.466,0.05899276743,0.0,0.0
0.5,0.467,0.0587306450975,0.0,0.0
0.5,0.468,0.05846958876499999,0.0,0.0
0.5,0.469,0.0582095964325,0.0,0.0
0.5,0.47,0.05795066610000001,0.0,0.0
0.5,0.471,0.0576927957675,0.0,0.0
0.5,0.472,0.057435983435000004,0.0,0.0
0.5,0.473,0.05718022710250001,0.0,0.0
0.5,0.474,0.056925524770000006,0.0,0.0
0.5,0.475,0.05667187443750001,0.0,0.0
0.5,0.476,0.056419274105,0.0,0.0
0.5,0.477,0.05616772177250001,0.0,0.0
0.5,0.478,0.055917215439999994,0.0,0.0
0.5,0.479,0.055667753107499995,0.0,0.0
0.5,0.48,0.055419332774999996,0.0,0.0
0.5,0.481,0.055171952442500005,0.0,0.0
0.5,0.482,0.05492561011,0.0,0.0
0.5,0.483,0.0546803037775,0.0,0.0
0.5,0.484,0.054436031445000005,0.0,0.0
0.5,0.485,0.054192791112500006,0.0,0.0
0.5,0.486,0.05395058078000001,0.0,0.0
0.5,0.487,0.05370939844750001,0.0,0.0
0.5,0.488,0.05346924211500001,0.0,0.0
0.5,0.489,0.05323010978250001,0.0,0.0
0.5,0.49,0.05299199945,0.0,0.0
0.5,0.491,0.052754909117500005,0.0,0.0
0.5,0.492,0.052518836784999995,0.0,0.0
0.5,0.493,0.052283780452500005,0.0,0.0
0.5,0.494,0.052049738119999994,0.0,0.0
0.5,0.495,0.0518167077875,0.0,0.0
0.5,0.496,0.05158468745500001,0.0,0.0
0.5,0.497,0.0513536751225,0.0,0.0
0.5,0.498,0.05112366879,0.0,0.0
0.5,0.499,0.0508946664575,0.0,0.0
0.5,0.5,0.05066666612500001,0.0,0.0
0.5,0.501,0.0504396657925,0.0,0.0
0.5,0.502,0.050213663459999995,0.0,0.0
0.5,0.503,0.0499886571275,0.0,0.0
0.5,0.504,0.04976464479500001,0.0,0.0
0.5,0.505,0.049541624462499996,0.0,0.0
0.5,0.506,0.04931959413,0.0,0.0
0.5,0.507,0.0490985517975,0.0,0.0
0.5,0.508,0.048878495465,0.0,0.0
0.5,0.509,0.048659423132500004,0.0,0.0
0.5,0.51,0.0484413328,0.0,0.0
0.5,0.511,0.0482242224675,0.0,0.0
0.5,0.512,0.048008090135,0.0,0.0
0.5,0.513,0.0477929338025,0.0,0.0
0.5,0.514,0.04757875146999999,0.0,0.0
0.5,0.515,0.047365541137499995,0.0,0.0
0.5,0.516,0.047153300805000006,0.0,0.0
0.5,0.517,0.0469420284725,0.0,0.0
0.5,0.518,0.04673172214,0.0,0.0
0.5,0.519,0.0465223798075,0.0,0.0
0.5,0.52,0.04631399947499999,0.0,0.0
0.5,0.521,0.04610657914249999,0.0,0.0
0.5,0.522,0.04590011680999999,0.0,0.0
0.5,0.523,0.0456946104775,0.0,0.0
0.5,0.524,0.045490058145,0.0,0.0
0.5,0.525,0.04528645781249999,0.0,0.0
0.5,0.526,0.045083807479999995,0.0,0.0
0.5,0.527,0.0448821051475,0.0,0.0
0.5,0.528,0.04468134881499999,0.0,0.0
0.5,0.529,0.04448153648249999,0.0,0.0
0.5,0.53,0.04428266615,0.0,0.0
0.5,0.531,0.0440847358175,0.0,0.0
0.5,0.532,0.04388774348499999,0.0,0.0
0.5,0.533,0.0436916871525,0.0,0.0
0.5,0.534,0.04349656481999999,0.0,0.0
0.5,0.535,0.04330237448749999,0.0,0.0
0.5,0.536,0.043109114154999996,0.0,0.0
0.5,0.537,0.04291678182249999,0.0,0.0
0.5,0.538,0.042725375489999995,0.0,0.0
0.5,0.539,0.04253489315749999,0.0,0.0
0.5,0.54,0.04234533282499999,0.0,0.0
0.5,0.541,0.04215669249249999,0.0,0.0
0.5,0.542,0.041968970159999994,0.0,0.0
0.5,0.543,0.041782163827499996,0.0,0.0
0.5,0.544,0.041596271494999996,0.0,0.0
0.5,0.545,0.041411291162499995,0.0,0.0
0.5,0.546,0.04122722082999999,0.0,0.0
0.5,0.547,0.041044058497499994,0.0,0.0
0.5,0.548,0.040861802164999995,0.0,0.0
0.5,0.549,0.04068044983249999,0.0,0.0
0.5,0.55,0.04049999949999999,0.0,0.0
0.5,0.551,0.040320449167499994,0.0,0.0
0.5,0.552,0.04014179683499999,0.0,0.0
0.5,0.553,0.03996404050249999,0.0,0.0
0.5,0.554,0.03978717816999999,0.0,0.0
0.5,0.555,0.03961120783749999,0.0,0.0
0.5,0.556,0.03943612750499999,0.0,0.0
0.5,0.557,0.03926193517249999,0.0,0.0
0.5,0.558,0.039088628839999986,0.0,0.0
0.5,0.559,0.03891620650749999,0.0,0.0
0.5,0.56,0.03874466617499999,0.0,0.0
0.5,0.561,0.038574005842499995,0.0,0.0
0.5,0.562,0.038404223509999995,0.0,0.0
0.5,0.563,0.038235317177500006,0.0,0.0
0.5,0.564,0.03806728484500001,0.0,0.0
0.5,0.565,0.037900124512500015,0.0,0.0
0.5,0.566,0.03773383418000001,0.0,0.0
0.5,0.567,0.03756841184750001,0.0,0.0
0.5,0.568,0.03740385551500001,0.0,0.0
0.5,0.569,0.03724016318250001,0.0,0.0
0.5,0.57,0.037077332850000005,0.0,0.0
0.5,0.571,0.03691536251750001,0.0,0.0
0.5,0.572,0.03675425018500001,0.0,0.0
0.5,0.573,0.03659399385250001,0.0,0.0
0.5,0.574,0.036434591520000004,0.0,0.0
0.5,0.575,0.036276041187500004,0.0,0.0
0.5,0.576,0.03611834085500001,0.0,0.0
0.5,0.577,0.03596148852250001,0.0,0.0
0.5,0.578,0.03580548219000001,0.0,0.0
0.5,0.579,0.03565031985750001,0.0,0.0
0.5,0.58,0.035495999525,0.0,0.0
0.5,0.581,0.035342519192500005,0.0,0.0
0.5,0.582,0.035189876860000004,0.0,0.0
0.5,0.583,0.0350380705275,0.0,0.0
0.5,0.584,0.03488709819500001,0.0,0.0
0.5,0.585,0.0347369578625,0.0,0.0
0.5,0.586,0.03458764753,0.0,0.0
0.5,0.587,0.0344391651975,0.0,0.0
0.5,0.588,0.034291508865,0.0,0.0
0.5,0.589,0.03414467653250001,0.0,0.0
0.5,0.59,0.0339986662,0.0,0.0
0.5,0.591,0.0338534758675,0.0,0.0
0.5,0.592,0.033709103535,0.0,0.0
0.5,0.593,0.0335655472025,0.0,0.0
0.5,0.594,0.03342280487,0.0,0.0
0.5,0.595,0.033280874537500005,0.0,0.0
0.5,0.596,0.033139754205000004,0.0,0.0
0.5,0.597,0.03299944187250001,0.0,0.0
0.5,0.598,0.03285993554,0.0,0.0
0.5,0.599,0.032721233207500006,0.0,0.0
0.5,0.6,0.032583332875,0.0,0.0
0.5,0.601,0.0324462325425,0.0,0.0
0.5,0.602,0.032309930210000004,0.0,0.0
0.5,0.603,0.0321744238775,0.0,0.0
0.5,0.604,0.032039711545,0.0,0.0
0.5,0.605,0.0319057912125,0.0,0.0
0.5,0.606,0.03177266088,0.0,0.0
0.5,0.607,0.0316403185475,0.0,0.0
0.5,0.608,0.031508762215,0.0,0.0
0.5,0.609,0.031377989882500006,0.0,0.0
0.5,0.61,0.031247999550000002,0.0,0.0
0.5,0.611,0.0311187892175,0.0,0.0
0.5,0.612,0.030990356885000004,0.0,0.0
0.5,0.613,0.030862700552500007,0.0,0.0
0.5,0.614,0.03073581822,0.0,0.0
0.5,0.615,0.030609707887499997,0.0,0.0
0.5,0.616,0.030484367555,0.0,0.0
0.5,0.617,0.030359795222500003,0.0,0.0
0.5,0.618,0.03023598889,0.0,0.0
0.5,0.619,0.030112946557500003,0.0,0.0
0.5,0.62,0.029990666225,0.0,0.0
0.5,0.621,0.0298691458925,0.0,0.0
0.5,0.622,0.02974838356,0.0,0.0
0.5,0.623,0.0296283772275,0.0,0.0
0.5,0.624,0.029509124895000002,0.0,0.0
0.5,0.625,0.0293906245625,0.0,0.0
0.5,0.626,0.029272874229999996,0.0,0.0
0.5,0.627,0.029155871897499998,0.0,0.0
0.5,0.628,0.029039615564999996,0.0,0.0
0.5,0.629,0.028924103232499998,0.0,0.0
0.5,0.63,0.028809332899999998,0.0,0.0
0.5,0.631,0.0286953025675,0.0,0.0
0.5,0.632,0.028582010234999997,0.0,0.0
0.5,0.633,0.028469453902499997,0.0,0.0
0.5,0.634,0.02835763157,0.0,0.0
0.5,0.635,0.0282465412375,0.0,0.0
0.5,0.636,0.028136180905,0.0,0.0
0.5,0.637,0.028026548572499997,0.0,0.0
0.5,0.638,0.02791764224,0.0,0.0
0.5,0.639,0.0278094599075,0.0,0.0
0.5,0.64,0.027701999574999997,0.0,0.0
0.5,0.641,0.027595259242500003,0.0,0.0
0.5,0.642,0.02748923691,0.0,0.0
0.5,0.643,0.0273839305775,0.0,0.0
0.5,0.644,0.027279338244999996,0.0,0.0
0.5,0.645,0.027175457912499996,0.0,0.0
0.5,0.646,0.02707228758,0.0,0.0
0.5,0.647,0.0269698252475,0.0,0.0
0.5,0.648,0.026868068914999998,0.0,0.0
0.5,0.649,0.026767016582499997,0.0,0.0
0.5,0.65,0.02666666625,0.0,0.0
0.5,0.651,0.0265670159175,0.0,0.0
0.5,0.652,0.026468063585,0.0,0.0
0.5,0.653,0.02636980725249999,0.0,0.0
0.5,0.654,0.026272244919999996,0.0,0.0
0.5,0.655,0.026175374587499994,0.0,0.0
0.5,0.656,0.026079194255,0.0,0.0
0.5,0.657,0.025983701922499994,0.0,0.0
0.5,0.658,0.02588889559,0.0,0.0
0.5,0.659,0.025794773257500004,0.0,0.0
0.5,0.66,0.025701332924999997,0.0,0.0
0.5,0.661,0.025608572592499997,0.0,0.0
0.5,0.662,0.025516490259999997,0.0,0.0
0.5,0.663,0.025425083927499995,0.0,0.0
0.5,0.664,0.025334351594999995,0.0,0.0
0.5,0.665,0.0252442912625,0.0,0.0
0.5,0.666,0.025154900929999998,0.0,0.0
0.5,0.667,0.025066178597499995,0.0,0.0
0.5,0.668,0.024978122264999996,0.0,0.0
0.5,0.669,0.024890729932499998,0.0,0.0
0.5,0.67,0.024803999599999994,0.0,0.0
0.5,0.671,0.024717929267499994,0.0,0.0
0.5,0.672,0.024632516934999994,0.0,0.0
0.5,0.673,0.024547760602499996,0.0,0.0
0.5,0.674,0.024463658269999997,0.0,0.0
0.5,0.675,0.024380207937499995,0.0,0.0
0.5,0.676,0.024297407604999995,0.0,0.0
0.5,0.677,0.024215255272499996,0.0,0.0
0.5,0.678,0.024133748939999995,0.0,0.0
0.5,0.679,0.024052886607499997,0.0,0.0
0.5,0.68,0.023972666274999995,0.0,0.0
0.5,0.681,0.023893085942499996,0.0,0.0
0.5,0.682,0.023814143609999998,0.0,0.0
0.5,0.683,0.023735837277499998,0.0,0.0
0.5,0.684,0.023658164944999997,0.0,0.0
0.5,0.685,0.023581124612499997,0.0,0.0
0.5,0.686,0.023504714279999995,0.0,0.0
0.5,0.687,0.023428931947499995,0.0,0.0
0.5,0.688,0.023353775615000003,0.0,0.0
0.5,0.689,0.023279243282500004,0.0,0.0
0.5,0.69,0.023205332950000004,0.0,0.0
0.5,0.691,0.023132042617500004,0.0,0.0
0.5,0.692,0.023059370285000005,0.0,0.0
0.5,0.693,0.022987313952500005,0.0,0.0
0.5,0.694,0.02291587162,0.0,0.0
0.5,0.695,0.022845041287500003,0.0,0.0
0.5,0.696,0.022774820955000004,0.0,0.0
0.5,0.697,0.022705208622500004,0.0,0.0
0.5,0.698,0.022636202290000004,0.0,0.0
0.5,0.699,0.022567799957500006,0.0,0.0
0.5,0.7,0.022499999625000003,0.0,0.0
0.5,0.701,0.022432799292500003,0.0,0.0
0.5,0.702,0.022366196960000004,0.0,0.0
0.5,0.703,0.022300190627500008,0.0,0.0
0.5,0.704,0.022234778295,0.0,0.0
0.5,0.705,0.0221699579625,0.0,0.0
0.5,0.706,0.022105727630000002,0.0,0.0
0.5,0.707,0.022042085297500003,0.0,0.0
0.5,0.708,0.021979028965000005,0.0,0.0
0.5,0.709,0.021916556632500004,0.0,0.0
0.5,0.71,0.021854666300000002,0.0,0.0
0.5,0.711,0.021793355967500004,0.0,0.0
0.5,0.712,0.021732623635,0.0,0.0
0.5,0.713,0.0216724673025,0.0,0.0
0.5,0.714,0.021612884970000006,0.0,0.0
0.5,0.715,0.0215538746375,0.0,0.0
0.5,0.716,0.021495434305,0.0,0.0
0.5,0.717,0.021437561972500005,0.0,0.0
0.5,0.718,0.02138025564,0.0,0.0
0.5,0.719,0.021323513307500003,0.0,0.0
0.5,0.72,0.021267332975,0.0,0.0
0.5,0.721,0.021211712642500005,0.0,0.0
0.5,0.722,0.021156650310000004,0.0,0.0
0.5,0.723,0.0211021439775,0.0,0.0
0.5,0.724,0.021048191645000002,0.0,0.0
0.5,0.725,0.0209947913125,0.0,0.0
0.5,0.726,0.02094194098,0.0,0.0
0.5,0.727,0.0208896386475,0.0,0.0
0.5,0.728,0.020837882315,0.0,0.0
0.5,0.729,0.020786669982500002,0.0,0.0
0.5,0.73,0.020735999650000003,0.0,0.0
0.5,0.731,0.0206858693175,0.0,0.0
0.5,0.732,0.020636276985,0.0,0.0
0.5,0.733,0.020587220652500002,0.0,0.0
0.5,0.734,0.020538698320000003,0.0,0.0
0.5,0.735,0.020490707987500002,0.0,0.0
0.5,0.736,0.020443247655000003,0.0,0.0
0.5,0.737,0.0203963153225,0.0,0.0
0.5,0.738,0.02034990899,0.0,0.0
0.5,0.739,0.0203040266575,0.0,0.0
0.5,0.74,0.020258666325,0.0,0.0
0.5,0.741,0.0202138259925,0.0,0.0
0.5,0.742,0.02016950366,0.0,0.0
0.5,0.743,0.0201256973275,0.0,0.0
0.5,0.744,0.020082404995,0.0,0.0
0.5,0.745,0.0200396246625,0.0,0.0
0.5,0.746,0.01999735433,0.0,0.0
0.5,0.747,0.0199555919975,0.0,0.0
0.5,0.748,0.019914335665,0.0,0.0
0.5,0.749,0.0198735833325,0.0,0.0
0.5,0.75,0.019833332999999998,0.0,0.0
0.5,0.751,0.0197935826675,0.0,0.0
0.5,0.752,0.019754330335000004,0.0,0.0
0.5,0.753,0.0197155740025,0.0,0.0
0.5,0.754,0.01967731167,0.0,0.0
0.5,0.755,0.0196395413375,0.0,0.0
0.5,0.756,0.019602261005,0.0,0.0
0.5,0.757,0.0195654686725,0.0,0.0
0.5,0.758,0.01952916234,0.0,0.0
0.5,0.759,0.019493340007500002,0.0,0.0
0.5,0.76,0.019457999675,0.0,0.0
0.5,0.761,0.019423139342500003,0.0,0.0
0.5,0.762,0.01938875701,0.0,0.0
0.5,0.763,0.019354850677500004,0.0,0.0
0.5,0.764,0.019321418345,0.0,0.0
0.5,0.765,0.019288458012500002,0.0,0.0
0.5,0.766,0.01925596768,0.0,0.0
0.5,0.767,0.0192239453475,0.0,0.0
0.5,0.768,0.019192389015000002,0.0,0.0
0.5,0.769,0.0191612966825,0.0,0.0
0.5,0.77,0.019130666350000002,0.0,0.0
0.5,0.771,0.0191004960175,0.0,0.0
0.5,0.772,0.019070783685000002,0.0,0.0
0.5,0.773,0.0190415273525,0.0,0.0
0.5,0.774,0.01901272502,0.0,0.0
0.5,0.775,0.018984374687500003,0.0,0.0
0.5,0.776,0.018956474355,0.0,0.0
0.5,0.777,0.018929022022500002,0.0,0.0
0.5,0.778,0.018902015690000003,0.0,0.0
0.5,0.779,0.018875453357500002,0.0,0.0
0.5,0.78,0.018849333025,0.0,0.0
0.5,0.781,0.0188236526925,0.0,0.0
0.5,0.782,0.018798410360000004,0.0,0.0
0.5,0.783,0.018773604027499998,0.0,0.0
0.5,0.784,0.018749231695,0.0,0.0
0.5,0.785,0.0187252913625,0.0,0.0
0.5,0.786,0.01870178103,0.0,0.0
0.5,0.787,0.0186786986975,0.0,0.0
0.5,0.788,0.018656042365,0.0,0.0
0.5,0.789,0.0186338100325,0.0,0.0
0.5,0.79,0.0186119997,0.0,0.0
0.5,0.791,0.018590609367500004,0.0,0.0
0.5,0.792,0.018569637035,0.0,0.0
0.5,0.793,0.0185490807025,0.0,0.0
0.5,0.794,0.01852893837,0.0,0.0
0.5,0.795,0.018509208037500002,0.0,0.0
0.5,0.796,0.018489887705,0.0,0.0
0.5,0.797,0.0184709753725,0.0,0.0
0.5,0.798,0.01845246904,0.0,0.0
0.5,0.799,0.0184343667075,0.0,0.0
0.5,0.8,0.018416666375,0.0,0.0
0.5,0.801,0.0183993660425,0.0,0.0
0.5,0.802,0.01838246371,0.0,0.0
0.5,0.803,0.018365957377500002,0.0,0.0
0.5,0.804,0.018349845045,0.0,0.0
0.5,0.805,0.0183341247125,0.0,0.0
0.5,0.806,0.018318794380000003,0.0,0.0
0.5,0.807,0.018303852047500003,0.0,0.0
0.5,0.808,0.018289295715000004,0.0,0.0
0.5,0.809,0.0182751233825,0.0,0.0
0.5,0.81,0.018261333050000002,0.0,0.0
0.5,0.811,0.0182479227175,0.0,0.0
0.5,0.812,0.018234890385,0.0,0.0
0.5,0.813,0.0182222340525,0.0,0.0
0.5,0.814,0.018209951720000003,0.0,0.0
0.5,0.815,0.018198041387500002,0.0,0.0
0.5,0.816,0.018186501055000002,0.0,0.0
0.5,0.817,0.018175328722500002,0.0,0.0
0.5,0.818,0.018164522390000003,0.0,0.0
0.5,0.819,0.0181540800575,0.0,0.0
0.5,0.82,0.018143999725000002,0.0,0.0
0.5,0.821,0.0181342793925,0.0,0.0
0.5,0.822,0.018124917060000002,0.0,0.0
0.5,0.823,0.018115910727500004,0.0,0.0
0.5,0.824,0.018107258395000003,0.0,0.0
0.5,0.825,0.018098958062500003,0.0,0.0
0.5,0.826,0.01809100773,0.0,0.0
0.5,0.827,0.018083405397500002,0.0,0.0
0.5,0.828,0.018076149065,0.0,0.0
0.5,0.829,0.0180692367325,0.0,0.0
0.5,0.83,0.0180626664,0.0,0.0
0.5,0.831,0.0180564360675,0.0,0.0
0.5,0.832,0.018050543735,0.0,0.0
0.5,0.833,0.0180449874025,0.0,0.0
0.5,0.834,0.01803976507,0.0,0.0
0.5,0.835,0.0180348747375,0.0,0.0
0.5,0.836,0.018030314405,0.0,0.0
0.5,0.837,0.0180260820725,0.0,0.0
0.5,0.838,0.01802217574,0.0,0.0
0.5,0.839,0.018018593407500002,0.0,0.0
0.5,0.84,0.018015333075,0.0,0.0
0.5,0.841,0.018012392742500005,0.0,0.0
0.5,0.842,0.01800977041,0.0,0.0
0.5,0.843,0.018007464077500004,0.0,0.0
0.5,0.844,0.018005471745,0.0,0.0
0.5,0.845,0.0180037914125,0.0,0.0
0.5,0.846,0.01800242108,0.0,0.0
0.5,0.847,0.0180013587475,0.0,0.0
0.5,0.848,0.018000602415000004,0.0,0.0
0.5,0.849,0.0180001500825,0.0,0.0
0.5,0.85,0.017999999750000002,0.0,0.0
0.5,0.851,0.0180001494175,0.0,0.0
0.5,0.852,0.018000597085,0.0,0.0
0.5,0.853,0.0180013407525,0.0,0.0
0.5,0.854,0.018002378420000003,0.0,0.0
0.5,0.855,0.0180037080875,0.0,0.0
0.5,0.856,0.018005327755,0.0,0.0
0.5,0.857,0.018007235422500004,0.0,0.0
0.5,0.858,0.018009429090000004,0.0,0.0
0.5,0.859,0.0180119067575,0.0,0.0
0.5,0.86,0.018014666425000003,0.0,0.0
0.5,0.861,0.018017706092500002,0.0,0.0
0.5,0.862,0.018021023760000004,0.0,0.0
0.5,0.863,0.0180246174275,0.0,0.0
0.5,0.864,0.018028485095,0.0,0.0
0.5,0.865,0.0180326247625,0.0,0.0
0.5,0.866,0.01803703443,0.0,0.0
0.5,0.867,0.018041712097500003,0.0,0.0
0.5,0.868,0.018046655765000003,0.0,0.0
0.5,0.869,0.018051863432500002,0.0,0.0
0.5,0.87,0.018057333100000003,0.0,0.0
0.5,0.871,0.018063062767500002,0.0,0.0
0.5,0.872,0.018069050435,0.0,0.0
0.5,0.873,0.0180752941025,0.0,0.0
0.5,0.874,0.01808179177,0.0,0.0
0.5,0.875,0.018088541437500005,0.0,0.0
0.5,0.876,0.018095541105,0.0,0.0
0.5,0.877,0.018102788772500003,0.0,0.0
0.5,0.878,0.018110282440000004,0.0,0.0
0.5,0.879,0.0181180201075,0.0,0.0
0.5,0.88,0.018125999775000002,0.0,0.0
0.5,0.881,0.018134219442500002,0.0,0.0
0.5,0.882,0.01814267711,0.0,0.0
0.5,0.883,0.018151370777500002,0.0,0.0
0.5,0.884,0.018160298445,0.0,0.0
0.5,0.885,0.018169458112500002,0.0,0.0
0.5,0.886,0.01817884778,0.0,0.0
0.5,0.887,0.018188465447500003,0.0,0.0
0.5,0.888,0.018198309115000002,0.0,0.0
0.5,0.889,0.018208376782500004,0.0,0.0
0.5,0.89,0.018218666450000004,0.0,0.0
0.5,0.891,0.018229176117500002,0.0,0.0
0.5,0.892,0.018239903785,0.0,0.0
0.5,0.893,0.018250847452500003,0.0,0.0
0.5,0.894,0.018262005120000004,0.0,0.0
0.5,0.895,0.0182733747875,0.0,0.0
0.5,0.896,0.018284954455000002,0.0,0.0
0.5,0.897,0.0182967421225,0.0,0.0
0.5,0.898,0.018308735790000003,0.0,0.0
0.5,0.899,0.0183209334575,0.0,0.0
0.5,0.9,0.018333333125,0.0,0.0
0.5,0.901,0.018345932792500002,0.0,0.0
0.5,0.902,0.018358730460000004,0.0,0.0
0.5,0.903,0.018371724127500003,0.0,0.0
0.5,0.904,0.018384911795000004,0.0,0.0
0.5,0.905,0.018398291462500004,0.0,0.0
0.5,0.906,0.018411861130000002,0.0,0.0
0.5,0.907,0.018425618797500005,0.0,0.0
0.5,0.908,0.018439562465000003,0.0,0.0
0.5,0.909,0.018453690132500002,0.0,0.0
0.5,0.91,0.018467999800000003,0.0,0.0
0.5,0.911,0.018482489467500002,0.0,0.0
0.5,0.912,0.018497157135000004,0.0,0.0
0.5,0.913,0.018512000802500005,0.0,0.0
0.5,0.914,0.01852701847,0.0,0.0
0.5,0.915,0.018542208137500002,0.0,0.0
0.5,0.916,0.018557567805,0.0,0.0
0.5,0.917,0.018573095472500002,0.0,0.0
0.5,0.918,0.018588789140000003,0.0,0.0
0.5,0.919,0.018604646807500003,0.0,0.0
0.5,0.92,0.018620666475000002,0.0,0.0
0.5,0.921,0.018636846142500003,0.0,0.0
0.5,0.922,0.01865318381,0.0,0.0
0.5,0.923,0.018669677477500004,0.0,0.0
0.5,0.924,0.018686325145000005,0.0,0.0
0.5,0.925,0.018703124812500006,0.0,0.0
0.5,0.926,0.018720074480000005,0.0,0.0
0.5,0.927,0.0187371721475,0.0,0.0
0.5,0.928,0.018754415815000005,0.0,0.0
0.5,0.929,0.018771803482500002,0.0,0.0
0.5,0.93,0.018789333150000004,0.0,0.0
0.5,0.931,0.018807002817500005,0.0,0.0
0.5,0.932,0.018824810485000003,0.0,0.0
0.5,0.933,0.018842754152500005,0.0,0.0
0.5,0.934,0.018860831820000003,0.0,0.0
0.5,0.935,0.018879041487500005,0.0,0.0
0.5,0.936,0.018897381155000004,0.0,0.0
0.5,0.937,0.018915848822500005,0.0,0.0
0.5,0.938,0.018934442490000005,0.0,0.0
0.5,0.939,0.018953160157500003,0.0,0.0
0.5,0.94,0.018971999825,0.0,0.0
0.5,0.941,0.0189909594925,0.0,0.0
0.5,0.942,0.019010037160000003,0.0,0.0
0.5,0.943,0.019029230827500004,0.0,0.0
0.5,0.944,0.019048538495000003,0.0,0.0
0.5,0.945,0.019067958162500002,0.0,0.0
0.5,0.946,0.019087487830000003,0.0,0.0
0.5,0.947,0.019107125497500002,0.0,0.0
0.5,0.948,0.019126869165,0.0,0.0
0.5,0.949,0.0191467168325,0.0,0.0
0.5,0.95,0.019166666500000002,0.0,0.0
0.5,0.951,0.019186716167500003,0.0,0.0
0.5,0.952,0.019206863835,0.0,0.0
0.5,0.953,0.0192271075025,0.0,0.0
0.5,0.954,0.019247445170000002,0.0,0.0
0.5,0.955,0.019267874837500004,0.0,0.0
0.5,0.956,0.019288394505,0.0,0.0
0.5,0.957,0.019309002172500003,0.0,0.0
0.5,0.958,0.01932969584,0.0,0.0
0.5,0.959,0.019350473507500004,0.0,0.0
0.5,0.96,0.019371333175,0.0,0.0
0.5,0.961,0.019392272842500002,0.0,0.0
0.5,0.962,0.01941329051,0.0,0.0
0.5,0.963,0.019434384177500003,0.0,0.0
0.5,0.964,0.019455551845000002,0.0,0.0
0.5,0.965,0.019476791512500004,0.0,0.0
0.5,0.966,0.019498101180000005,0.0,0.0
0.5,0.967,0.019519478847500004,0.0,0.0
0.5,0.968,0.019540922515000003,0.0,0.0
0.5,0.969,0.019562430182500003,0.0,0.0
0.5,0.97,0.019583999850000002,0.0,0.0
0.5,0.971,0.019605629517500004,0.0,0.0
0.5,0.972,0.019627317185000003,0.0,0.0
0.5,0.973,0.019649060852500004,0.0,0.0
0.5,0.974,0.01967085852,0.0,0.0
0.5,0.975,0.0196927081875,0.0,0.0
0.5,0.976,0.019714607855000003,0.0,0.0
0.5,0.977,0.019736555522500004,0.0,0.0
0.5,0.978,0.019758549190000002,0.0,0.0
0.5,0.979,0.019780586857500004,0.0,0.0
0.5,0.98,0.019802666525000005,0.0,0.0
0.5,0.981,0.019824786192500003,0.0,0.0
0.5,0.982,0.019846943860000004,0.0,0.0
0.5,0.983,0.019869137527500004,0.0,0.0
0.5,0.984,0.019891365195000003,0.0,0.0
0.5,0.985,0.019913624862500003,0.0,0.0
0.5,0.986,0.01993591453,0.0,0.0
0.5,0.987,0.019958232197500002,0.0,0.0
0.5,0.988,0.019980575865000003,0.0,0.0
0.5,0.989,0.020002943532500005,0.0,0.0
0.5,0.99,0.020025333200000002,0.0,0.0
0.5,0.991,0.020047742867500003,0.0,0.0
0.5,0.992,0.020070170535,0.0,0.0
0.5,0.993,0.020092614202500005,0.0,0.0
0.5,0.994,0.020115071870000004,0.0,0.0
0.5,0.995,0.020137541537500005,0.0,0.0
0.5,0.996,0.020160021205000003,0.0,0.0
0.5,0.997,0.020182508872500005,0.0,0.0
0.5,0.998,0.020205002540000003,0.0,0.0
0.5,0.999,0.020227500207500002,0.0,0.0
0.5,1.0,0.020249999875000004,0.0,0.0
0.5,1.001,0.0202724995425,0.0,0.0
0.5,1.002,0.020294997210000002,0.0,0.0
0.5,1.003,0.0203174908775,0.0,0.0
0.5,1.004,0.020339978545,0.0,0.0
0.5,1.005,0.0203624582125,0.0,0.0
0.5,1.006,0.020384927880000004,0.0,0.0
0.5,1.007,0.0204073855475,0.0,0.0
0.5,1.008,0.020429829215000004,0.0,0.0
0.5,1.009,0.020452256882500002,0.0,0.0
0.5,1.01,0.020474666550000003,0.0,0.0
0.5,1.011,0.0204970562175,0.0,0.0
0.5,1.012,0.020519423885000002,0.0,0.0
0.5,1.013,0.0205417675525,0.0,0.0
0.5,1.014,0.020564085220000004,0.0,0.0
0.5,1.015,0.0205863748875,0.0,0.0
0.5,1.016,0.020608634555000005,0.0,0.0
0.5,1.017,0.0206308622225,0.0,0.0
0.5,1.018,0.020653055890000004,0.0,0.0
0.5,1.019,0.020675213557500002,0.0,0.0
0.5,1.02,0.020697333225000003,0.0,0.0
0.5,1.021,0.020719412892500004,0.0,0.0
0.5,1.022,0.020741450560000003,0.0,0.0
0.5,1.023,0.020763444227500004,0.0,0.0
0.5,1.024,0.020785391895000005,0.0,0.0
0.5,1.025,0.0208072915625,0.0,0.0
0.5,1.026,0.020829141230000004,0.0,0.0
0.5,1.027,0.0208509388975,0.0,0.0
0.5,1.028,0.020872682565,0.0,0.0
0.5,1.029,0.0208943702325,0.0,0.0
0.5,1.03,0.020915999900000003,0.0,0.0
0.5,1.031,0.0209375695675,0.0,0.0
0.5,1.032,0.020959077235000005,0.0,0.0
0.5,1.033,0.0209805209025,0.0,0.0
0.5,1.034,0.021001898570000004,0.0,0.0
0.5,1.035,0.0210232082375,0.0,0.0
0.5,1.036,0.021044447905000003,0.0,0.0
0.5,1.037,0.0210656155725,0.0,0.0
0.5,1.038,0.021086709240000005,0.0,0.0
0.5,1.039,0.0211077269075,0.0,0.0
0.5,1.04,0.021128666575000007,0.0,0.0
0.5,1.041,0.0211495262425,0.0,0.0
0.5,1.042,0.021170303910000004,0.0,0.0
0.5,1.043,0.021190997577500002,0.0,0.0
0.5,1.044,0.021211605245000004,0.0,0.0
0.5,1.045,0.0212321249125,0.0,0.0
0.5,1.046,0.021252554580000003,0.0,0.0
0.5,1.047,0.0212728922475,0.0,0.0
0.5,1.048,0.021293135915000004,0.0,0.0
0.5,1.049,0.021313283582500002,0.0,0.0
0.5,1.05,0.021333333250000003,0.0,0.0
0.5,1.051,0.0213532829175,0.0,0.0
0.5,1.052,0.021373130585000004,0.0,0.0
0.5,1.053,0.021392874252500003,0.0,0.0
0.5,1.054,0.021412511920000002,0.0,0.0
0.5,1.055,0.021432041587500002,0.0,0.0
0.5,1.056,0.021451461255000005,0.0,0.0
0.5,1.057,0.0214707689225,0.0,0.0
0.5,1.058,0.021489962590000005,0.0,0.0
0.5,1.059,0.0215090402575,0.0,0.0
0.5,1.06,0.021527999925000003,0.0,0.0
0.5,1.061,0.021546839592500002,0.0,0.0
0.5,1.062,0.021565557260000003,0.0,0.0
0.5,1.063,0.021584150927500004,0.0,0.0
0.5,1.064,0.021602618595000005,0.0,0.0
0.5,1.065,0.021620958262500004,0.0,0.0
0.5,1.066,0.02163916793,0.0,0.0
0.5,1.067,0.021657245597500003,0.0,0.0
0.5,1.068,0.021675189265000002,0.0,0.0
0.5,1.069,0.0216929969325,0.0,0.0
0.5,1.07,0.021710666600000005,0.0,0.0
0.5,1.071,0.021728196267500003,0.0,0.0
0.5,1.072,0.021745583935000003,0.0,0.0
0.5,1.073,0.021762827602500003,0.0,0.0
0.5,1.074,0.021779925270000004,0.0,0.0
0.5,1.075,0.021796874937500002,0.0,0.0
0.5,1.076,0.021813674605000007,0.0,0.0
0.5,1.077,0.0218303222725,0.0,0.0
0.5,1.078,0.021846815940000004,0.0,0.0
0.5,1.079,0.0218631536075,0.0,0.0
0.5,1.08,0.021879333275000006,0.0,0.0
0.5,1.081,0.0218953529425,0.0,0.0
0.5,1.082,0.021911210610000002,0.0,0.0
0.5,1.083,0.0219269042775,0.0,0.0
0.5,1.084,0.021942431945000004,0.0,0.0
0.5,1.085,0.021957791612500003,0.0,0.0
0.5,1.086,0.021972981280000005,0.0,0.0
0.5,1.087,0.0219879989475,0.0,0.0
0.5,1.088,0.022002842615000004,0.0,0.0
0.5,1.089,0.0220175102825,0.0,0.0
0.5,1.09,0.022031999950000006,0.0,0.0
0.5,1.091,0.022046309617500003,0.0,0.0
0.5,1.092,0.022060437285000005,0.0,0.0
0.5,1.093,0.0220743809525,0.0,0.0
0.5,1.094,0.022088138620000003,0.0,0.0
0.5,1.095,0.022101708287500004,0.0,0.0
0.5,1.096,0.022115087955000005,0.0,0.0
0.5,1.097,0.022128275622500002,0.0,0.0
0.5,1.098,0.02214126929,0.0,0.0
0.5,1.099,0.022154066957500003,0.0,0.0
0.5,1.1,0.022166666625000005,0.0,0.0
0.5,1.101,0.0221790662925,0.0,0.0
0.5,1.102,0.022191263960000002,0.0,0.0
0.5,1.103,0.022203257627500004,0.0,0.0
0.5,1.104,0.022215045295000003,0.0,0.0
0.5,1.105,0.022226624962500004,0.0,0.0
0.5,1.106,0.022237994630000004,0.0,0.0
0.5,1.107,0.0222491522975,0.0,0.0
0.5,1.108,0.022260095965000004,0.0,0.0
0.5,1.109,0.022270823632500002,0.0,0.0
0.5,1.11,0.022281333300000004,0.0,0.0
0.5,1.111,0.0222916229675,0.0,0.0
0.5,1.112,0.022301690635000003,0.0,0.0
0.5,1.113,0.0223115343025,0.0,0.0
0.5,1.114,0.02232115197,0.0,0.0
0.5,1.115,0.022330541637500003,0.0,0.0
0.5,1.116,0.022339701305,0.0,0.0
0.5,1.117,0.0223486289725,0.0,0.0
0.5,1.118,0.022357322640000003,0.0,0.0
0.5,1.119,0.022365780307500003,0.0,0.0
0.5,1.12,0.022373999975000003,0.0,0.0
0.5,1.121,0.0223819796425,0.0,0.0
0.5,1.122,0.022389717310000005,0.0,0.0
0.5,1.123,0.022397210977500002,0.0,0.0
0.5,1.124,0.022404458645000003,0.0,0.0
0.5,1.125,0.022411458312500004,0.0,0.0
0.5,1.126,0.022418207980000004,0.0,0.0
0.5,1.127,0.0224247056475,0.0,0.0
0.5,1.128,0.022430949315,0.0,0.0
0.5,1.129,0.022436936982500003,0.0,0.0
0.5,1.13,0.022442666650000002,0.0,0.0
0.5,1.131,0.022448136317500002,0.0,0.0
0.5,1.132,0.022453343985000002,0.0,0.0
0.5,1.133,0.022458287652500002,0.0,0.0
0.5,1.134,0.02246296532,0.0,0.0
0.5,1.135,0.022467374987500004,0.0,0.0
0.5,1.136,0.022471514655,0.0,0.0
0.5,1.137,0.0224753823225,0.0,0.0
0.5,1.138,0.022478975990000004,0.0,0.0
0.5,1.139,0.022482293657500003,0.0,0.0
0.5,1.14,0.022485333325000002,0.0,0.0
0.5,1.141,0.022488092992500004,0.0,0.0
0.5,1.142,0.022490570660000004,0.0,0.0
0.5,1.143,0.022492764327500005,0.0,0.0
0.5,1.144,0.022494671995000003,0.0,0.0
0.5,1.145,0.0224962916625,0.0,0.0
0.5,1.146,0.022497621330000002,0.0,0.0
0.5,1.147,0.0224986589975,0.0,0.0
0.5,1.148,0.022499402665,0.0,0.0
0.5,1.149,0.0224998503325,0.0,0.0
0.5,1.15,0.022500000000000003,0.0,0.0
0.5,1.151,0.022500000000000003,0.0,0.0
0.5,1.152,0.022500000000000003,0.0,0.0
0.5,1.153,0.022500000000000003,0.0,0.0
0.5,1.154,0.022500000000000003,0.0,0.0
0.5,1.155,0.022500000000000003,0.0,0.0
0.5,1.156,0.022500000000000003,0.0,0.0
0.5,1.157,0.022500000000000003,0.0,0.0
0.5,1.158,0.022500000000000003,0.0,0.0
0.5,1.159,0.022500000000000003,0.0,0.0
0.5,1.16,0.022500000000000003,0.0,0.0
0.5,1.161,0.022500000000000003,0.0,0.0
0.5,1.162,0.022500000000000003,0.0,0.0
0.5,1.163,0.022500000000000003,0.0,0.0
0.5,1.164,0.022500000000000003,0.0,0.0
0.5,1.165,0.022500000000000003,0.0,0.0
0.5,1.166,0.022500000000000003,0.0,0.0
0.5,1.167,0.022500000000000003,0.0,0.0
0.5,1.168,0.022500000000000003,0.0,0.0
0.5,1.169,0.022500000000000003,0.0,0.0
0.5,1.17,0.022500000000000003,0.0,0.0
0.5,1.171,0.022500000000000003,0.0,0.0
0.5,1.172,0.022500000000000003,0.0,0.0
0.5,1.173,0.022500000000000003,0.0,0.0
0.5,1.174,0.022500000000000003,0.0,0.0
0.5,1.175,0.022500000000000003,0.0,0.0
0.5,1.176,0.022500000000000003,0.0,0.0
0.5,1.177,0.022500000000000003,0.0,0.0
0.5,1.178,0.022500000000000003,0.0,0.0
0.5,1.179,0.022500000000000003,0.0,0.0
0.5,1.18,0.022500000000000003,0.0,0.0
0.5,1.181,0.022500000000000003,0.0,0.0
0.5,1.182,0.022500000000000003,0.0,0.0
0.5,1.183,0.022500000000000003,0.0,0.0
0.5,1.184,0.022500000000000003,0.0,0.0
0.5,1.185,0.022500000000000003,0.0,0.0
0.5,1.186,0.022500000000000003,0.0,0.0
0.5,1.187,0.022500000000000003,0.0,0.0
0.5,1.188,0.022500000000000003,0.0,0.0
0.5,1.189,0.022500000000000003,0.0,0.0
0.5,1.19,0.022500000000000003,0.0,0.0
0.5,1.191,0.022500000000000003,0.0,0.0
0.5,1.192,0.022500000000000003,0.0,0.0
0.5,1.193,0.022500000000000003,0.0,0.0
0.5,1.194,0.022500000000000003,0.0,0.0
0.5,1.195,0.022500000000000003,0.0,0.0
0.5,1.196,0.022500000000000003,0.0,0.0
0.5,1.197,0.022500000000000003,0.0,0.0
0.5,1.198,0.022500000000000003,0.0,0.0
0.5,1.199,0.022500000000000003,0.0,0.0
0.5,1.2,0.022500000000000003,0.0,0.0
0.75,0.0,0.09312758284000001,0.9792,0.2448
0.75,0.001,0.09311456526643751,0.9779,0.244475
0.75,0.002,0.09310056707906252,0.9765,0.244125
0.75,0.003,0.09308752443750001,0.9752,0.2438
0.75,0.004,0.0930744707639375,0.9739,0.243475
0.75,0.005,0.0930604385765625,0.9725,0.243125
0.75,0.006,0.09304736523500001,0.9712,0.2428
0.75,0.007,0.09303331452812501,0.9698,0.24245
0.75,0.008,0.0930202250740625,0.9685,0.242125
0.75,0.009,0.0930061591366875,0.9671,0.241775
0.75,0.01,0.092993057125625,0.9658,0.24145
0.75,0.011,0.09297897924675001,0.9644,0.2411
0.75,0.012,0.092964896351875,0.963,0.24075
0.75,0.013,0.09295178170281251,0.9617,0.240425
0.75,0.014,0.09293769173343751,0.9603,0.240075
0.75,0.015,0.0929235990820625,0.9589,0.239725
0.75,0.016,0.09291047959450001,0.9576,0.2394
0.75,0.017,0.092896384735625,0.9562,0.23905
0.75,0.018,0.09288228952875001,0.9548,0.2387
0.75,0.019,0.09286819472987501,0.9534,0.23835
0.75,0.02,0.09285410109500002,0.952,0.238
0.75,0.021,0.092840009380125,0.9506,0.23765
0.75,0.022,0.09282690207406251,0.9493,0.237325
0.75,0.023,0.09281281775268752,0.9479,0.236975
0.75,0.024,0.09279873768531251,0.9465,0.236625
0.75,0.025,0.09278466262793751,0.9451,0.236275
0.75,0.026,0.0927705933365625,0.9437,0.235925
0.75,0.027,0.09275653056718751,0.9423,0.235575
0.75,0.028,0.09274247507581251,0.9409,0.235225
0.75,0.029,0.09272842761843751,0.9395,0.234875
0.75,0.03,0.0927143889510625,0.9381,0.234525
0.75,0.031,0.092699364151375,0.9366,0.23415
0.75,0.032,0.0926853434525,0.9352,0.2338
0.75,0.033,0.09267133374562501,0.9338,0.23345
0.75,0.034,0.09265733578675002,0.9324,0.2331
0.75,0.035,0.09264335033187501,0.931,0.23275
0.75,0.036,0.0926283727371875,0.9295,0.232375
0.75,0.037,0.0926144123498125,0.9281,0.232025
0.75,0.038,0.0926004666684375,0.9267,0.231675
0.75,0.039,0.09258552456625001,0.9252,0.2313
0.75,0.04,0.092571608159375,0.9238,0.23095
0.75,0.041,0.0925577086605,0.9224,0.2306
0.75,0.042,0.09254280787331251,0.9209,0.230225
0.75,0.043,0.0925289418559375,0.9195,0.229875
0.75,0.044,0.0925150949485625,0.9181,0.229525
0.75,0.045,0.092500241298875,0.9166,0.22915
0.75,0.046,0.09248643208000001,0.9152,0.2288
0.75,0.047,0.0924716122528125,0.9137,0.228425
0.75,0.048,0.09245680898812501,0.9122,0.22805
0.75,0.049,0.09244305998125,0.9108,0.2277
0.75,0.05,0.09242829422906251,0.9093,0.227325
0.75,0.051,0.0924145897476875,0.9079,0.226975
0.75,0.052,0.0923998640105,0.9064,0.2266
0.75,0.053,0.0923851577733125,0.9049,0.226225
0.75,0.054,0.0923715235959375,0.9035,0.225875
0.75,0.055,0.09235686106375002,0.902,0.2255
0.75,0.056,0.09234221978156251,0.9005,0.225125
0.75,0.057,0.09232760031187501,0.899,0.22475
0.75,0.058,0.092314068037,0.8976,0.2244
0.75,0.059,0.0922994971498125,0.8961,0.224025
0.75,0.06,0.09228494982512501,0.8946,0.22365
0.75,0.061,0.09227042662543751,0.8931,0.223275
0.75,0.062,0.09225592811325001,0.8916,0.2229
0.75,0.063,0.09224145485106251,0.8901,0.222525
0.75,0.064,0.09222700740137502,0.8886,0.22215
0.75,0.065,0.09221258632668751,0.8871,0.221775
0.75,0.066,0.09219819218950001,0.8856,0.2214
0.75,0.067,0.09218382555231251,0.8841,0.221025
0.75,0.068,0.092169486977625,0.8826,0.22065
0.75,0.069,0.0921551770279375,0.8811,0.220275
0.75,0.07,0.09214089626575,0.8796,0.2199
0.75,0.071,0.0921266452535625,0.8781,0.219525
0.75,0.072,0.09211242455387501,0.8766,0.21915
0.75,0.073,0.0920982347291875,0.8751,0.218775
0.75,0.074,0.092084076342,0.8736,0.2184
0.75,0.075,0.092068821045,0.872,0.218
0.75,0.076,0.09205472288781251,0.8705,0.217625
0.75,0.077,0.09204065779312501,0.869,0.21725
0.75,0.078,0.0920266263234375,0.8675,0.216875
0.75,0.079,0.09201148285643751,0.8659,0.216475
0.75,0.08,0.09199751574425001,0.8644,0.2161
0.75,0.081,0.09198358388206251,0.8629,0.215725
0.75,0.082,0.09196852815906251,0.8613,0.215325
0.75,0.083,0.091954663719375,0.8598,0.21495
0.75,0.084,0.09194083615468751,0.8583,0.214575
0.75,0.085,0.0919258723196875,0.8567,0.214175
0.75,0.086,0.09191211524250001,0.8552,0.2138
0.75,0.087,0.09189721344950001,0.8536,0.2134
0.75,0.088,0.0918835288623125,0.8521,0.213025
0.75,0.089,0.0918686908753125,0.8505,0.212625
0.75,0.09,0.091855080780625,0.849,0.21225
0.75,0.091,0.09184030836362501,0.8474,0.21185
0.75,0.092,0.09182677476393751,0.8459,0.211475
0.75,0.093,0.09181206968093751,0.8443,0.211075
0.75,0.094,0.09179739644593751,0.8427,0.210675
0.75,0.095,0.09178397859375001,0.8412,0.2103
0.75,0.096,0.09176937528075,0.8396,0.2099
0.75,0.097,0.09175603886856251,0.8381,0.209525
0.75,0.098,0.0917415072415625,0.8365,0.209125
0.75,0.099,0.0917270094945625,0.8349,0.208725
0.75,0.1,0.0917125460115625,0.8333,0.208325
0.75,0.101,0.091699372621875,0.8318,0.20795
0.75,0.102,0.091684984236875,0.8302,0.20755
0.75,0.103,0.091670631323875,0.8286,0.20715
0.75,0.104,0.09165631426687501,0.827,0.20675
0.75,0.105,0.09164203344987501,0.8254,0.20635
0.75,0.106,0.09162778925687501,0.8238,0.20595
0.75,0.107,0.0916148713921875,0.8223,0.205575
0.75,0.108,0.0916007073571875,0.8207,0.205175
0.75,0.109,0.0915865811541875,0.8191,0.204775
0.75,0.11,0.0915724931671875,0.8175,0.204375
0.75,0.111,0.09155844378018752,0.8159,0.203975
0.75,0.112,0.09154443337718751,0.8143,0.203575
0.75,0.113,0.09153046234218751,0.8127,0.203175
0.75,0.114,0.09151653105918751,0.8111,0.202775
0.75,0.115,0.09150263991218752,0.8095,0.202375
0.75,0.116,0.09148878928518751,0.8079,0.201975
0.75,0.117,0.091473630141875,0.8062,0.20155
0.75,0.118,0.09145985538887501,0.8046,0.20115
0.75,0.119,0.09144612225187501,0.803,0.20075
0.75,0.12,0.091432431114875,0.8014,0.20035
0.75,0.121,0.091418782361875,0.7998,0.19995
0.75,0.122,0.09140517637687501,0.7982,0.19955
0.75,0.123,0.09139161354387501,0.7966,0.19915
0.75,0.124,0.09137670001956251,0.7949,0.198725
0.75,0.125,0.0913632179365625,0.7933,0.198325
0.75,0.126,0.09134978010156251,0.7917,0.197925
0.75,0.127,0.09133497299375001,0.79,0.1975
0.75,0.128,0.09132161793675,0.7884,0.1971
0.75,0.129,0.09130830822375001,0.7868,0.1967
0.75,0.13,0.09129504423875001,0.7852,0.1963
0.75,0.131,0.0912803852709375,0.7835,0.195875
0.75,0.132,0.0912672068039375,0.7819,0.195475
0.75,0.133,0.091252620465625,0.7802,0.19505
0.75,0.134,0.091239528832625,0.7786,0.19465
0.75,0.135,0.09122648473562502,0.777,0.19425
0.75,0.136,0.09121201275031252,0.7753,0.193825
0.75,0.137,0.0911990575153125,0.7737,0.193425
0.75,0.138,0.09118466098250001,0.772,0.193
0.75,0.139,0.09117179592550001,0.7704,0.1926
0.75,0.14,0.0911574759546875,0.7687,0.192175
0.75,0.141,0.09114470239168751,0.7671,0.191775
0.75,0.142,0.091130460092375,0.7654,0.19135
0.75,0.143,0.09111625354406251,0.7637,0.190925
0.75,0.144,0.09110361582106251,0.7621,0.190525
0.75,0.145,0.09108948855925,0.7604,0.1901
0.75,0.146,0.09107694556625,0.7588,0.1897
0.75,0.147,0.0910628987004375,0.7571,0.189275
0.75,0.148,0.09104888882612501,0.7554,0.18885
0.75,0.149,0.091036486393125,0.7538,0.18845
0.75,0.15,0.0910225585298125,0.7521,0.188025
0.75,0.151,0.0910085180605,0.7504,0.1876
0.75,0.152,0.090995806655,0.7488,0.1872
0.75,0.153,0.0909812438116875,0.7471,0.186775
0.75,0.154,0.090966413429875,0.7454,0.18635
0.75,0.155,0.09095131373906251,0.7437,0.185925
0.75,0.156,0.09093594296875002,0.742,0.1855
0.75,0.157,0.09092193109925001,0.7404,0.1851
0.75,0.158,0.0909060205809375,0.7387,0.184675
0.75,0.159,0.09088983371812501,0.737,0.18425
0.75,0.16,0.0908733687403125,0.7353,0.183825
0.75,0.161,0.090856623877,0.7336,0.1834
0.75,0.162,0.09083959735768751,0.7319,0.182975
0.75,0.163,0.09082228741187501,0.7302,0.18255
0.75,0.164,0.09080637984637502,0.7286,0.18215
0.75,0.165,0.0907885057895625,0.7269,0.181725
0.75,0.166,0.09077034304125,0.7252,0.1813
0.75,0.167,0.09075188983093752,0.7235,0.180875
0.75,0.168,0.090733144388125,0.7218,0.18045
0.75,0.169,0.09071410494231251,0.7201,0.180025
0.75,0.17,0.090694769723,0.7184,0.1796
0.75,0.171,0.09067513695968751,0.7167,0.179175
0.75,0.172,0.090655204881875,0.715,0.17875
0.75,0.173,0.0906349717190625,0.7133,0.178325
0.75,0.174,0.09061266549593751,0.7115,0.177875
0.75,0.175,0.090591816333125,0.7098,0.17745
0.75,0.176,0.09057066072731251,0.7081,0.177025
0.75,0.177,0.09054919690800001,0.7064,0.1766
0.75,0.178,0.09052742310468752,0.7047,0.176175
0.75,0.179,0.09050533754687501,0.703,0.17575
0.75,0.18,0.09048293846406251,0.7013,0.175325
0.75,0.181,0.09046022408575001,0.6996,0.1749
0.75,0.182,0.09043535387812501,0.6978,0.17445
0.75,0.183,0.0904119947123125,0.6961,0.174025
0.75,0.184,0.090388314893,0.6944,0.1736
0.75,0.185,0.09036431264968751,0.6927,0.173175
0.75,0.186,0.09033811254456252,0.6909,0.172725
0.75,0.187,0.09031345107625001,0.6892,0.1723
0.75,0.188,0.09028846182593751,0.6875,0.171875
0.75,0.189,0.090263143023125,0.6858,0.17145
0.75,0.19,0.0902355836275,0.684,0.171
0.75,0.191,0.0902095911621875,0.6823,0.170575
0.75,0.192,0.090183263786375,0.6806,0.17015
0.75,0.193,0.09015466353875,0.6788,0.1697
0.75,0.194,0.09012765165043751,0.6771,0.169275
0.75,0.195,0.09010029949362501,0.6754,0.16885
0.75,0.196,0.09007064180200001,0.6736,0.1684
0.75,0.197,0.0900425942826875,0.6719,0.167975
0.75,0.198,0.09001420113687501,0.6702,0.16755
0.75,0.199,0.08998346940925,0.6684,0.1671
0.75,0.2,0.08995437005093751,0.6667,0.166675
0.75,0.201,0.08992291018581251,0.6649,0.166225
0.75,0.202,0.0898930973525,0.6632,0.1658
0.75,0.203,0.089860901924875,0.6614,0.16535
0.75,0.204,0.08983036835406251,0.6597,0.164925
0.75,0.205,0.08979742993893751,0.6579,0.164475
0.75,0.206,0.08976616836812501,0.6562,0.16405
0.75,0.207,0.08973247954050001,0.6544,0.1636
0.75,0.208,0.0897004827071875,0.6527,0.163175
0.75,0.209,0.0896660360420625,0.6509,0.162725
0.75,0.21,0.08963329668375,0.6492,0.1623
0.75,0.211,0.089598084756125,0.6474,0.16185
0.75,0.212,0.0895645956103125,0.6457,0.161425
0.75,0.213,0.08952861099518751,0.6439,0.160975
0.75,0.214,0.0894922326660625,0.6421,0.160525
0.75,0.215,0.08945760007175001,0.6404,0.1601
0.75,0.216,0.089420437880125,0.6386,0.15965
0.75,0.217,0.08938287633250001,0.6368,0.1592
0.75,0.218,0.0893470838191875,0.6351,0.158775
0.75,0.219,0.08930872723406251,0.6333,0.158325
0.75,0.22,0.0892699656509375,0.6315,0.157875
0.75,0.221,0.089232996748125,0.6298,0.15745
0.75,0.222,0.0891934289525,0.628,0.157
0.75,0.223,0.089153450516875,0.6262,0.15655
0.75,0.224,0.08911528875406251,0.6245,0.156125
0.75,0.225,0.0890744929309375,0.6227,0.155675
0.75,0.226,0.08903328082581251,0.6209,0.155225
0.75,0.227,0.0889916505466875,0.6191,0.154775
0.75,0.228,0.08895186906487501,0.6174,0.15435
0.75,0.229,0.08890940647325,0.6156,0.1539
0.75,0.23,0.08886652006562501,0.6138,0.15345
0.75,0.231,0.08882320795000001,0.612,0.153
0.75,0.232,0.08878177735468751,0.6103,0.152575
0.75,0.233,0.0887376180015625,0.6085,0.152125
0.75,0.234,0.0886930272984375,0.6067,0.151675
0.75,0.235,0.08864800335331251,0.6049,0.151225
0.75,0.236,0.08860254427418751,0.6031,0.150775
0.75,0.237,0.08855664816906252,0.6013,0.150325
0.75,0.238,0.08851268315075,0.5996,0.1499
0.75,0.239,0.08846591738312501,0.5978,0.14945
0.75,0.24,0.08841870894750001,0.596,0.149
0.75,0.241,0.08837105595187501,0.5942,0.14855
0.75,0.242,0.08832295650425001,0.5924,0.1481
0.75,0.243,0.08827440871262501,0.5906,0.14765
0.75,0.244,0.088225410685,0.5888,0.1472
0.75,0.245,0.088175960529375,0.587,0.14675
0.75,0.246,0.08812605635375001,0.5852,0.1463
0.75,0.247,0.088075696266125,0.5834,0.14585
0.75,0.248,0.08802487837450002,0.5816,0.1454
0.75,0.249,0.08797360078687501,0.5798,0.14495
0.75,0.25,0.08792186161125,0.578,0.1445
0.75,0.251,0.087869658955625,0.5762,0.14405
0.75,0.252,0.08781699092800001,0.5744,0.1436
0.75,0.253,0.087763855636375,0.5726,0.14315
0.75,0.254,0.08771025118875,0.5708,0.1427
0.75,0.255,0.087656175693125,0.569,0.14225
0.75,0.256,0.08760162725750001,0.5672,0.1418
0.75,0.257,0.087546603989875,0.5654,0.14135
0.75,0.258,0.08749110399825,0.5636,0.1409
0.75,0.259,0.08743512539062501,0.5618,0.14045
0.75,0.26,0.087378666275,0.56,0.14
0.75,0.261,0.087321724759375,0.5582,0.13955
0.75,0.262,0.08726429895175,0.5564,0.1391
0.75,0.263,0.087206386960125,0.5546,0.13865
0.75,0.264,0.08714798689250002,0.5528,0.1382
0.75,0.265,0.0870864431495625,0.5509,0.137725
0.75,0.266,0.08702705027043751,0.5491,0.137275
0.75,0.267,0.08696716360531251,0.5473,0.136825
0.75,0.268,0.08690678126218751,0.5455,0.136375
0.75,0.269,0.0868459013490625,0.5437,0.135925
0.75,0.27,0.0867845219739375,0.5419,0.135475
0.75,0.271,0.0867226412448125,0.5401,0.135025
0.75,0.272,0.08665752744937501,0.5382,0.13455
0.75,0.273,0.08659462712175,0.5364,0.1341
0.75,0.274,0.08653121973012501,0.5346,0.13365
0.75,0.275,0.0864673033825,0.5328,0.1332
0.75,0.276,0.086402876186875,0.531,0.13275
0.75,0.277,0.0863351515404375,0.5291,0.132275
0.75,0.278,0.0862696855953125,0.5273,0.131825
0.75,0.279,0.0862037030921875,0.5255,0.131375
0.75,0.28,0.08613720213906251,0.5237,0.130925
0.75,0.281,0.08606735197062501,0.5218,0.13045
0.75,0.282,0.08599979693500001,0.52,0.13
0.75,0.283,0.08593171773937501,0.5182,0.12955
0.75,0.284,0.08586311249175001,0.5164,0.1291
0.75,0.285,0.0857911057778125,0.5145,0.128625
0.75,0.286,0.08572143111468751,0.5127,0.128175
0.75,0.287,0.0856512246895625,0.5109,0.127725
0.75,0.288,0.085577577683125,0.509,0.12725
0.75,0.289,0.08550629032750001,0.5072,0.1268
0.75,0.29,0.085434465499875,0.5054,0.12635
0.75,0.291,0.0853591607134375,0.5035,0.125875
0.75,0.292,0.0852862434403125,0.5017,0.125425
0.75,0.293,0.0852127829851875,0.4999,0.124975
0.75,0.294,0.08513580293125,0.498,0.1245
0.75,0.295,0.08506123851562501,0.4962,0.12405
0.75,0.296,0.084986125208,0.4944,0.1236
0.75,0.297,0.0849074523990625,0.4925,0.123125
0.75,0.298,0.0848312236159375,0.4907,0.122675
0.75,0.299,0.084751409135,0.4888,0.1222
0.75,0.3,0.08467405717937501,0.487,0.12175
0.75,0.301,0.08459614680375001,0.4852,0.1213
0.75,0.302,0.0845146103978125,0.4833,0.120825
0.75,0.303,0.0844355653346875,0.4815,0.120375
0.75,0.304,0.08435286777074999,0.4796,0.1199
0.75,0.305,0.084272680323125,0.4778,0.11945
0.75,0.306,0.0841888137976875,0.4759,0.118975
0.75,0.307,0.0841074762685625,0.4741,0.118525
0.75,0.308,0.08402556697343751,0.4723,0.118075
0.75,0.309,0.0839399376705,0.4704,0.1176
0.75,0.31,0.083856866778875,0.4686,0.11715
0.75,0.311,0.0837700490284375,0.4667,0.116675
0.75,0.312,0.0836858088433125,0.4649,0.116225
0.75,0.313,0.083597794841875,0.463,0.11575
0.75,0.314,0.08351237766625001,0.4612,0.1153
0.75,0.315,0.08342315961031249,0.4593,0.114825
0.75,0.316,0.0833365577471875,0.4575,0.114375
0.75,0.317,0.08324612783325,0.4556,0.1139
0.75,0.318,0.08315833358562501,0.4538,0.11345
0.75,0.319,0.0830666840101875,0.4519,0.112975
0.75,0.32,0.0829776896810625,0.4501,0.112525
0.75,0.321,0.082884812640625,0.4482,0.11205
0.75,0.322,0.082794610533,0.4464,0.1116
0.75,0.323,0.0827004982240625,0.4445,0.111125
0.75,0.324,0.08260575988762499,0.4426,0.11065
0.75,0.325,0.08251372526000002,0.4408,0.1102
0.75,0.326,0.08241773992706251,0.4389,0.109725
0.75,0.327,0.0823244782479375,0.4371,0.109275
0.75,0.328,0.082227238115,0.4352,0.1088
0.75,0.329,0.082132741687375,0.4334,0.10835
0.75,0.33,0.0820342389509375,0.4315,0.107875
0.75,0.331,0.081935096442,0.4296,0.1074
0.75,0.332,0.081838726934375,0.4278,0.10695
0.75,0.333,0.0817383100939375,0.4259,0.106475
0.75,0.334,0.081637247585,0.424,0.106
0.75,0.335,0.081538987589375,0.4222,0.10555
0.75,0.336,0.0814366390209375,0.4203,0.105075
0.75,0.337,0.08133711342781251,0.4185,0.104625
0.75,0.338,0.081233470996375,0.4166,0.10415
0.75,0.339,0.0811291730759375,0.4147,0.103675
0.75,0.34,0.08102772801081251,0.4129,0.103225
0.75,0.341,0.080922124499375,0.411,0.10275
0.75,0.342,0.0808158596029375,0.4091,0.102275
0.75,0.343,0.0807124776578125,0.4073,0.101825
0.75,0.344,0.08060489544237501,0.4054,0.10135
0.75,0.345,0.0804966459459375,0.4035,0.100875
0.75,0.346,0.08039130971281251,0.4017,0.100425
0.75,0.347,0.08028173116937501,0.3998,0.09995
0.75,0.348,0.08017147944893752,0.3979,0.099475
0.75,0.349,0.08006055258,0.396,0.099
0.75,0.35,0.07995257902437501,0.3942,0.09855
0.75,0.351,0.0798403074559375,0.3923,0.098075
0.75,0.352,0.07972735484300002,0.3904,0.0976
0.75,0.353,0.07961738635137501,0.3886,0.09715
0.75,0.354,0.07950307731093752,0.3867,0.096675
0.75,0.355,0.07938808133000001,0.3848,0.0962
0.75,0.356,0.0792723964370625,0.3829,0.095725
0.75,0.357,0.07915973635793751,0.3811,0.095275
0.75,0.358,0.07904267938500001,0.3792,0.0948
0.75,0.359,0.07892492760406251,0.3773,0.094325
0.75,0.36,0.07880647904362499,0.3754,0.09385
0.75,0.361,0.078691096352,0.3736,0.0934
0.75,0.362,0.0785712600590625,0.3717,0.092925
0.75,0.363,0.07845072109062501,0.3698,0.09245
0.75,0.364,0.07832947747518751,0.3679,0.091975
0.75,0.365,0.07820752724125,0.366,0.0915
0.75,0.366,0.078088694145625,0.3642,0.09105
0.75,0.367,0.0779653366021875,0.3623,0.090575
0.75,0.368,0.07784126654425,0.3604,0.0901
0.75,0.369,0.0777164820003125,0.3585,0.089625
0.75,0.37,0.07759098099887501,0.3566,0.08915
0.75,0.371,0.07746864895125001,0.3548,0.0887
0.75,0.372,0.0773417210633125,0.3529,0.088225
0.75,0.373,0.07721407082187501,0.351,0.08775
0.75,0.374,0.0770856962554375,0.3491,0.087275
0.75,0.375,0.07695659539250001,0.3472,0.0868
0.75,0.376,0.076830715844875,0.3454,0.08635
0.75,0.377,0.0767001685184375,0.3435,0.085875
0.75,0.378,0.07656888899950001,0.3416,0.0854
0.75,0.379,0.07643687531656251,0.3397,0.084925
0.75,0.38,0.076304125498125,0.3378,0.08445
0.75,0.381,0.07617063757268751,0.3359,0.083975
0.75,0.382,0.07603640956875,0.334,0.0835
0.75,0.383,0.0759014395148125,0.3321,0.083025
0.75,0.384,0.0757697742596875,0.3303,0.082575
0.75,0.385,0.07563332639175001,0.3284,0.0821
0.75,0.386,0.0754961305778125,0.3265,0.081625
0.75,0.387,0.075358184846375,0.3246,0.08115
0.75,0.388,0.07521948722593749,0.3227,0.080675
0.75,0.389,0.07508003574500001,0.3208,0.0802
0.75,0.39,0.07493982843206251,0.3189,0.079725
0.75,0.391,0.074798863315625,0.317,0.07925
0.75,0.392,0.0746571384241875,0.3151,0.078775
0.75,0.393,0.0745188135190625,0.3133,0.078325
0.75,0.394,0.074375575538625,0.3114,0.07785
0.75,0.395,0.07423157188718751,0.3095,0.077375
0.75,0.396,0.07408680059325001,0.3076,0.0769
0.75,0.397,0.0739412596853125,0.3057,0.076425
0.75,0.398,0.073794947191875,0.3038,0.07595
0.75,0.399,0.07364786114143748,0.3019,0.075475
0.75,0.4,0.0734999995625,0.3,0.075
0.75,0.401,0.07335136048356251,0.2981,0.074525
0.75,0.402,0.07320194193312501,0.2962,0.07405
0.75,0.403,0.0730517419396875,0.2943,0.073575
0.75,0.404,0.07290075853174999,0.2924,0.0731
0.75,0.405,0.0727489897378125,0.2905,0.072625
0.75,0.406,0.072596433586375,0.2886,0.07215
0.75,0.407,0.07244308810593751,0.2867,0.071675
0.75,0.408,0.07228895132499999,0.2848,0.0712
0.75,0.409,0.07213402127206252,0.2829,0.070725
0.75,0.41,0.07197829597562501,0.281,0.07025
0.75,0.411,0.0718217734641875,0.2791,0.069775
0.75,0.412,0.07166445176625,0.2772,0.0693
0.75,0.413,0.0715063289103125,0.2753,0.068825
0.75,0.414,0.071347402924875,0.2734,0.06835
0.75,0.415,0.0711876718384375,0.2715,0.067875
0.75,0.416,0.0710271336795,0.2696,0.0674
0.75,0.417,0.0708657864765625,0.2677,0.066925
0.75,0.418,0.07070362825812501,0.2658,0.06645
0.75,0.419,0.0705406570526875,0.2639,0.065975
0.75,0.42,0.07037687088875,0.262,0.0655
0.75,0.421,0.0702122677948125,0.2601,0.065025
0.75,0.422,0.07004684579937501,0.2582,0.06455
0.75,0.423,0.06988060293093751,0.2563,0.064075
0.75,0.424,0.06971353721800001,0.2544,0.0636
0.75,0.425,0.0695456466890625,0.2525,0.063125
0.75,0.426,0.069376929372625,0.2506,0.06265
0.75,0.427,0.06920738329718751,0.2487,0.062175
0.75,0.428,0.06903700649125001,0.2468,0.0617
0.75,0.429,0.06886579698331251,0.2449,0.061225
0.75,0.43,0.06869375280187501,0.243,0.06075
0.75,0.431,0.0685208719754375,0.2411,0.060275
0.75,0.432,0.0683471525325,0.2392,0.0598
0.75,0.433,0.0681725925015625,0.2373,0.059325
0.75,0.434,0.06799718991112501,0.2354,0.05885
0.75,0.435,0.06781624535737502,0.2334,0.05835
0.75,0.436,0.06763913858093752,0.2315,0.057875
0.75,0.437,0.06746118331200002,0.2296,0.0574
0.75,0.438,0.06728237757906251,0.2277,0.056925
0.75,0.439,0.067102719410625,0.2258,0.05645
0.75,0.44,0.06692220683518751,0.2239,0.055975
0.75,0.441,0.06674083788125,0.222,0.0555
0.75,0.442,0.06655861057731251,0.2201,0.055025
0.75,0.443,0.066375522951875,0.2182,0.05455
0.75,0.444,0.0661915730334375,0.2163,0.054075
0.75,0.445,0.0660067588505,0.2144,0.0536
0.75,0.446,0.06581623819675,0.2124,0.0531
0.75,0.447,0.0656296762228125,0.2105,0.052625
0.75,0.448,0.065442244051375,0.2086,0.05215
0.75,0.449,0.0652539397109375,0.2067,0.051675
0.75,0.45,0.06506476123,0.2048,0.0512
0.75,0.451,0.06487470663706252,0.2029,0.050725
0.75,0.452,0.064683773960625,0.201,0.05025
0.75,0.453,0.06449196122918749,0.1991,0.049775
0.75,0.454,0.0642943219004375,0.1971,0.049275
0.75,0.455,0.06410072965750001,0.1952,0.0488
0.75,0.456,0.06390625142656249,0.1933,0.048325
0.75,0.457,0.063710885236125,0.1914,0.04785
0.75,0.458,0.0635146291146875,0.1895,0.047375
0.75,0.459,0.06331748109075,0.1876,0.0469
0.75,0.46,0.0631194391928125,0.1857,0.046425
0.75,0.461,0.06291546510406248,0.1837,0.045925
0.75,0.462,0.06271561593562501,0.1818,0.04545
0.75,0.463,0.0625148669601875,0.1799,0.044975
0.75,0.464,0.06231321620625,0.178,0.0445
0.75,0.465,0.0621106617023125,0.1761,0.044025
0.75,0.466,0.061907201476875,0.1742,0.04355
0.75,0.467,0.061697718363125,0.1722,0.04305
0.75,0.468,0.061492427069687494,0.1703,0.042575
0.75,0.469,0.06128622412175,0.1684,0.0421
0.75,0.47,0.0610791075478125,0.1665,0.041625
0.75,0.471,0.060871075376375004,0.1646,0.04115
0.75,0.472,0.06065694482262499,0.1626,0.04065
0.75,0.473,0.0604470617471875,0.1607,0.040175
0.75,0.474,0.060236257141250006,0.1588,0.0397
0.75,0.475,0.0600245290333125,0.1569,0.039225
0.75,0.476,0.059811875451875,0.155,0.03875
0.75,0.477,0.059593047618125,0.153,0.03825
0.75,0.478,0.0593785232966875,0.1511,0.037775
0.75,0.479,0.05916306756875,0.1492,0.0373
0.75,0.48,0.0589466784628125,0.1473,0.036825
0.75,0.481,0.058729354007375015,0.1454,0.03635
0.75,0.482,0.058505779053624994,0.1434,0.03585
0.75,0.483,0.05828656402218751,0.1415,0.035375
0.75,0.484,0.05806640770825001,0.1396,0.0349
0.75,0.485,0.0578453081403125,0.1377,0.034425
0.75,0.486,0.05761789745156251,0.1357,0.033925
0.75,0.487,0.057394891433125,0.1338,0.03345
0.75,0.488,0.0571709362276875,0.1319,0.032975
0.75,0.489,0.056946029863750004,0.13,0.0325
0.75,0.49,0.056720170369812514,0.1281,0.032025
0.75,0.491,0.05648792284106251,0.1261,0.031525
0.75,0.492,0.05626013706062501,0.1242,0.03105
0.75,0.493,0.056031392217187496,0.1223,0.030575
0.75,0.494,0.05580168633925,0.1204,0.0301
0.75,0.495,0.05556553128549999,0.1184,0.0296
0.75,0.496,0.05533388324656251,0.1165,0.029125
0.75,0.497,0.055101268240125,0.1146,0.02865
0.75,0.498,0.054862158886375,0.1126,0.02815
0.75,0.499,0.0546275898059375,0.1107,0.027675
0.75,0.5,0.05439204782500001,0.1088,0.0272
0.75,0.501,0.0541555309720625,0.1069,0.026725
0.75,0.502,0.053912458243312505,0.1049,0.026225
0.75,0.503,0.053673971441875,0.103,0.02575
0.75,0.504,0.0534345038354375,0.1011,0.025275
0.75,0.505,0.0531940534525,0.0992,0.0248
0.75,0.506,0.05294698543875,0.0972,0.0243
0.75,0.507,0.05270454923281251,0.0953,0.023825
0.75,0.508,0.052461124317375006,0.0934,0.02335
0.75,0.509,0.052211036163625,0.0914,0.02285
0.75,0.51,0.051965613512187495,0.0895,0.022375
0.75,0.511,0.051719196218249996,0.0876,0.0219
0.75,0.512,0.051471782310312506,0.0857,0.021425
0.75,0.513,0.0512176430215625,0.0837,0.020925
0.75,0.514,0.050968215503125004,0.0818,0.02045
0.75,0.515,0.0507177854376875,0.0799,0.019975
0.75,0.516,0.05046058410893751,0.0779,0.019475
0.75,0.517,0.05020812852,0.076,0.019
0.75,0.518,0.0499546644510625,0.0741,0.018525
0.75,0.519,0.0496943831223125,0.0721,0.018025
0.75,0.52,0.04943888161687499,0.0702,0.01755
0.75,0.521,0.0491823656984375,0.0683,0.017075
0.75,0.522,0.048924833395499995,0.0664,0.0166
0.75,0.523,0.048660421141749996,0.0644,0.0161
0.75,0.524,0.0484008355278125,0.0625,0.015625
0.75,0.525,0.04814022759637499,0.0606,0.01515
0.75,0.526,0.04787269344262499,0.0586,0.01465
0.75,0.527,0.04761002028718749,0.0567,0.014175
0.75,0.528,0.04734631888124999,0.0548,0.0137
0.75,0.529,0.047075644867499995,0.0528,0.0132
0.75,0.53,0.046809866324562494,0.0509,0.012725
0.75,0.531,0.046543053598125,0.049,0.01225
0.75,0.532,0.04626922176437499,0.047,0.01175
0.75,0.533,0.0460003199879375,0.0451,0.011275
0.75,0.534,0.04573037809499999,0.0432,0.0108
0.75,0.535,0.04545337048124999,0.0412,0.0103
0.75,0.536,0.045181327625312497,0.0393,0.009825
0.75,0.537,0.044908238719875,0.0374,0.00935
0.75,0.538,0.044628037366124994,0.0354,0.00885
0.75,0.539,0.04435283558468749,0.0335,0.008375
0.75,0.54,0.04407049137593749,0.0315,0.007875
0.75,0.541,0.04379316876699999,0.0296,0.0074
0.75,0.542,0.043514790214062495,0.0277,0.006925
0.75,0.543,0.04322922232531249,0.0257,0.006425
0.75,0.544,0.042948711031874996,0.0238,0.00595
0.75,0.545,0.0426671378614375,0.0219,0.005475
0.75,0.546,0.04237832833268749,0.0199,0.004975
0.75,0.547,0.04209461050874999,0.018,0.0045
0.75,0.548,0.041809824874812496,0.0161,0.004025
0.75,0.549,0.04151775574606249,0.0141,0.003525
0.75,0.55,0.041230813545624995,0.0122,0.00305
0.75,0.551,0.04093655763187499,0.0102,0.00255
0.75,0.552,0.04064745091343749,0.0083,0.002075
0.75,0.553,0.0403572664905,0.0064,0.0016
0.75,0.554,0.04005972103674999,0.0044,0.0011
0.75,0.555,0.03976736018281249,0.0025,0.000625
0.75,0.556,0.03946760797406249,0.0005,0.000125
0.75,0.557,0.03926193517249999,0.0,0.0
0.75,0.558,0.039088628839999986,0.0,0.0
0.75,0.559,0.03891620650749999,0.0,0.0
0.75,0.56,0.03874466617499999,0.0,0.0
0.75,0.561,0.038574005842499995,0.0,0.0
0.75,0.562,0.038404223509999995,0.0,0.0
0.75,0.563,0.038235317177500006,0.0,0.0
0.75,0.564,0.03806728484500001,0.0,0.0
0.75,0.565,0.037900124512500015,0.0,0.0
0.75,0.566,0.03773383418000001,0.0,0.0
0.75,0.567,0.03756841184750001,0.0,0.0
0.75,0.568,0.03740385551500001,0.0,0.0
0.75,0.569,0.03724016318250001,0.0,0.0
0.75,0.57,0.037077332850000005,0.0,0.0
0.75,0.571,0.03691536251750001,0.0,0.0
0.75,0.572,0.03675425018500001,0.0,0.0
0.75,0.573,0.03659399385250001,0.0,0.0
0.75,0.574,0.036434591520000004,0.0,0.0
0.75,0.575,0.036276041187500004,0.0,0.0
0.75,0.576,0.03611834085500001,0.0,0.0
0.75,0.577,0.03596148852250001,0.0,0.0
0.75,0.578,0.03580548219000001,0.0,0.0
0.75,0.579,0.03565031985750001,0.0,0.0
0.75,0.58,0.035495999525,0.0,0.0
0.75,0.581,0.035342519192500005,0.0,0.0
0.75,0.582,0.035189876860000004,0.0,0.0
0.75,0.583,0.0350380705275,0.0,0.0
0.75,0.584,0.03488709819500001,0.0,0.0
0.75,0.585,0.0347369578625,0.0,0.0
0.75,0.586,0.03458764753,0.0,0.0
0.75,0.587,0.0344391651975,0.0,0.0
0.75,0.588,0.034291508865,0.0,0.0
0.75,0.589,0.03414467653250001,0.0,0.0
0.75,0.59,0.0339986662,0.0,0.0
0.75,0.591,0.0338534758675,0.0,0.0
0.75,0.592,0.033709103535,0.0,0.0
0.75,0.593,0.0335655472025,0.0,0.0
0.75,0.594,0.03342280487,0.0,0.0
0.75,0.595,0.033280874537500005,0.0,0.0
0.75,0.596,0.033139754205000004,0.0,0.0
0.75,0.597,0.03299944187250001,0.0,0.0
0.75,0.598,0.03285993554,0.0,0.0
0.75,0.599,0.032721233207500006,0.0,0.0
0.75,0.6,0.032583332875,0.0,0.0
0.75,0.601,0.0324462325425,0.0,0.0
0.75,0.602,0.032309930210000004,0.0,0.0
0.75,0.603,0.0321744238775,0.0,0.0
0.75,0.604,0.032039711545,0.0,0.0
0.75,0.605,0.0319057912125,0.0,0.0
0.75,0.606,0.03177266088,0.0,0.0
0.75,0.607,0.0316403185475,0.0,0.0
0.75,0.608,0.031508762215,0.0,0.0
0.75,0.609,0.031377989882500006,0.0,0.0
0.75,0.61,0.031247999550000002,0.0,0.0
0.75,0.611,0.0311187892175,0.0,0.0
0.75,0.612,0.030990356885000004,0.0,0.0
0.75,0.613,0.030862700552500007,0.0,0.0
0.75,0.614,0.03073581822,0.0,0.0
0.75,0.615,0.030609707887499997,0.0,0.0
0.75,0.616,0.030484367555,0.0,0.0
0.75,0.617,0.030359795222500003,0.0,0.0
0.75,0.618,0.03023598889,0.0,0.0
0.75,0.619,0.030112946557500003,0.0,0.0
0.75,0.62,0.029990666225,0.0,0.0
0.75,0.621,0.0298691458925,0.0,0.0
0.75,0.622,0.02974838356,0.0,0.0
0.75,0.623,0.0296283772275,0.0,0.0
0.75,0.624,0.029509124895000002,0.0,0.0
0.75,0.625,0.0293906245625,0.0,0.0
0.75,0.626,0.029272874229999996,0.0,0.0
0.75,0.627,0.029155871897499998,0.0,0.0
0.75,0.628,0.029039615564999996,0.0,0.0
0.75,0.629,0.028924103232499998,0.0,0.0
0.75,0.63,0.028809332899999998,0.0,0.0
0.75,0.631,0.0286953025675,0.0,0.0
0.75,0.632,0.028582010234999997,0.0,0.0
0.75,0.633,0.028469453902499997,0.0,0.0
0.75,0.634,0.02835763157,0.0,0.0
0.75,0.635,0.0282465412375,0.0,0.0
0.75,0.636,0.028136180905,0.0,0.0
0.75,0.637,0.028026548572499997,0.0,0.0
0.75,0.638,0.02791764224,0.0,0.0
0.75,0.639,0.0278094599075,0.0,0.0
0.75,0.64,0.027701999574999997,0.0,0.0
0.75,0.641,0.027595259242500003,0.0,0.0
0.75,0.642,0.02748923691,0.0,0.0
0.75,0.643,0.0273839305775,0.0,0.0
0.75,0.644,0.027279338244999996,0.0,0.0
0.75,0.645,0.027175457912499996,0.0,0.0
0.75,0.646,0.02707228758,0.0,0.0
0.75,0.647,0.0269698252475,0.0,0.0
0.75,0.648,0.026868068914999998,0.0,0.0
0.75,0.649,0.026767016582499997,0.0,0.0
0.75,0.65,0.02666666625,0.0,0.0
0.75,0.651,0.0265670159175,0.0,0.0
0.75,0.652,0.026468063585,0.0,0.0
0.75,0.653,0.02636980725249999,0.0,0.0
0.75,0.654,0.026272244919999996,0.0,0.0
0.75,0.655,0.026175374587499994,0.0,0.0
0.75,0.656,0.026079194255,0.0,0.0
0.75,0.657,0.025983701922499994,0.0,0.0
0.75,0.658,0.02588889559,0.0,0.0
0.75,0.659,0.025794773257500004,0.0,0.0
0.75,0.66,0.025701332924999997,0.0,0.0
0.75,0.661,0.025608572592499997,0.0,0.0
0.75,0.662,0.025516490259999997,0.0,0.0
0.75,0.663,0.025425083927499995,0.0,0.0
0.75,0.664,0.025334351594999995,0.0,0.0
0.75,0.665,0.0252442912625,0.0,0.0
0.75,0.666,0.025154900929999998,0.0,0.0
0.75,0.667,0.025066178597499995,0.0,0.0
0.75,0.668,0.024978122264999996,0.0,0.0
0.75,0.669,0.024890729932499998,0.0,0.0
0.75,0.67,0.024803999599999994,0.0,0.0
0.75,0.671,0.024717929267499994,0.0,0.0
0.75,0.672,0.024632516934999994,0.0,0.0
0.75,0.673,0.024547760602499996,0.0,0.0
0.75,0.674,0.024463658269999997,0.0,0.0
0.75,0.675,0.024380207937499995,0.0,0.0
0.75,0.676,0.024297407604999995,0.0,0.0
0.75,0.677,0.024215255272499996,0.0,0.0
0.75,0.678,0.024133748939999995,0.0,0.0
0.75,0.679,0.024052886607499997,0.0,0.0
0.75,0.68,0.023972666274999995,0.0,0.0
0.75,0.681,0.023893085942499996,0.0,0.0
0.75,0.682,0.023814143609999998,0.0,0.0
0.75,0.683,0.023735837277499998,0.0,0.0
0.75,0.684,0.023658164944999997,0.0,0.0
0.75,0.685,0.023581124612499997,0.0,0.0
0.75,0.686,0.023504714279999995,0.0,0.0
0.75,0.687,0.023428931947499995,0.0,0.0
0.75,0.688,0.023353775615000003,0.0,0.0
0.75,0.689,0.023279243282500004,0.0,0.0
0.75,0.69,0.023205332950000004,0.0,0.0
0.75,0.691,0.023132042617500004,0.0,0.0
0.75,0.692,0.023059370285000005,0.0,0.0
0.75,0.693,0.022987313952500005,0.0,0.0
0.75,0.694,0.02291587162,0.0,0.0
0.75,0.695,0.022845041287500003,0.0,0.0
0.75,0.696,0.022774820955000004,0.0,0.0
0.75,0.697,0.022705208622500004,0.0,0.0
0.75,0.698,0.022636202290000004,0.0,0.0
0.75,0.699,0.022567799957500006,0.0,0.0
0.75,0.7,0.022499999625000003,0.0,0.0
0.75,0.701,0.022432799292500003,0.0,0.0
0.75,0.702,0.022366196960000004,0.0,0.0
0.75,0.703,0.022300190627500008,0.0,0.0
0.75,0.704,0.022234778295,0.0,0.0
0.75,0.705,0.0221699579625,0.0,0.0
0.75,0.706,0.022105727630000002,0.0,0.0
0.75,0.707,0.022042085297500003,0.0,0.0
0.75,0.708,0.021979028965000005,0.0,0.0
0.75,0.709,0.021916556632500004,0.0,0.0
0.75,0.71,0.021854666300000002,0.0,0.0
0.75,0.711,0.021793355967500004,0.0,0.0
0.75,0.712,0.021732623635,0.0,0.0
0.75,0.713,0.0216724673025,0.0,0.0
0.75,0.714,0.021612884970000006,0.0,0.0
0.75,0.715,0.0215538746375,0.0,0.0
0.75,0.716,0.021495434305,0.0,0.0
0.75,0.717,0.021437561972500005,0.0,0.0
0.75,0.718,0.02138025564,0.0,0.0
0.75,0.719,0.021323513307500003,0.0,0.0
0.75,0.72,0.021267332975,0.0,0.0
0.75,0.721,0.021211712642500005,0.0,0.0
0.75,0.722,0.021156650310000004,0.0,0.0
0.75,0.723,0.0211021439775,0.0,0.0
0.75,0.724,0.021048191645000002,0.0,0.0
0.75,0.725,0.0209947913125,0.0,0.0
0.75,0.726,0.02094194098,0.0,0.0
0.75,0.727,0.0208896386475,0.0,0.0
0.75,0.728,0.020837882315,0.0,0.0
0.75,0.729,0.020786669982500002,0.0,0.0
0.75,0.73,0.020735999650000003,0.0,0.0
0.75,0.731,0.0206858693175,0.0,0.0
0.75,0.732,0.020636276985,0.0,0.0
0.75,0.733,0.020587220652500002,0.0,0.0
0.75,0.734,0.020538698320000003,0.0,0.0
0.75,0.735,0.020490707987500002,0.0,0.0
0.75,0.736,0.020443247655000003,0.0,0.0
0.75,0.737,0.0203963153225,0.0,0.0
0.75,0.738,0.02034990899,0.0,0.0
0.75,0.739,0.0203040266575,0.0,0.0
0.75,0.74,0.020258666325,0.0,0.0
0.75,0.741,0.0202138259925,0.0,0.0
0.75,0.742,0.02016950366,0.0,0.0
0.75,0.743,0.0201256973275,0.0,0.0
0.75,0.744,0.020082404995,0.0,0.0
0.75,0.745,0.0200396246625,0.0,0.0
0.75,0.746,0.01999735433,0.0,0.0
0.75,0.747,0.0199555919975,0.0,0.0
0.75,0.748,0.019914335665,0.0,0.0
0.75,0.749,0.0198735833325,0.0,0.0
0.75,0.75,0.019833332999999998,0.0,0.0
0.75,0.751,0.0197935826675,0.0,0.0
0.75,0.752,0.019754330335000004,0.0,0.0
0.75,0.753,0.0197155740025,0.0,0.0
0.75,0.754,0.01967731167,0.0,0.0
0.75,0.755,0.0196395413375,0.0,0.0
0.75,0.756,0.019602261005,0.0,0.0
0.75,0.757,0.0195654686725,0.0,0.0
0.75,0.758,0.01952916234,0.0,0.0
0.75,0.759,0.019493340007500002,0.0,0.0
0.75,0.76,0.019457999675,0.0,0.0
0.75,0.761,0.019423139342500003,0.0,0.0
0.75,0.762,0.01938875701,0.0,0.0
0.75,0.763,0.019354850677500004,0.0,0.0
0.75,0.764,0.019321418345,0.0,0.0
0.75,0.765,0.019288458012500002,0.0,0.0
0.75,0.766,0.01925596768,0.0,0.0
0.75,0.767,0.0192239453475,0.0,0.0
0.75,0.768,0.019192389015000002,0.0,0.0
0.75,0.769,0.0191612966825,0.0,0.0
0.75,0.77,0.019130666350000002,0.0,0.0
0.75,0.771,0.0191004960175,0.0,0.0
0.75,0.772,0.019070783685000002,0.0,0.0
0.75,0.773,0.0190415273525,0.0,0.0
0.75,0.774,0.01901272502,0.0,0.0
0.75,0.775,0.018984374687500003,0.0,0.0
0.75,0.776,0.018956474355,0.0,0.0
0.75,0.777,0.018929022022500002,0.0,0.0
0.75,0.778,0.018902015690000003,0.0,0.0
0.75,0.779,0.018875453357500002,0.0,0.0
0.75,0.78,0.018849333025,0.0,0.0
0.75,0.781,0.0188236526925,0.0,0.0
0.75,0.782,0.018798410360000004,0.0,0.0
0.75,0.783,0.018773604027499998,0.0,0.0
0.75,0.784,0.018749231695,0.0,0.0
0.75,0.785,0.0187252913625,0.0,0.0
0.75,0.786,0.01870178103,0.0,0.0
0.75,0.787,0.0186786986975,0.0,0.0
0.75,0.788,0.018656042365,0.0,0.0
0.75,0.789,0.0186338100325,0.0,0.0
0.75,0.79,0.0186119997,0.0,0.0
0.75,0.791,0.018590609367500004,0.0,0.0
0.75,0.792,0.018569637035,0.0,0.0
0.75,0.793,0.0185490807025,0.0,0.0
0.75,0.794,0.01852893837,0.0,0.0
0.75,0.795,0.018509208037500002,0.0,0.0
0.75,0.796,0.018489887705,0.0,0.0
0.75,0.797,0.0184709753725,0.0,0.0
0.75,0.798,0.01845246904,0.0,0.0
0.75,0.799,0.0184343667075,0.0,0.0
0.75,0.8,0.018416666375,0.0,0.0
0.75,0.801,0.0183993660425,0.0,0.0
0.75,0.802,0.01838246371,0.0,0.0
0.75,0.803,0.018365957377500002,0.0,0.0
0.75,0.804,0.018349845045,0.0,0.0
0.75,0.805,0.0183341247125,0.0,0.0
0.75,0.806,0.018318794380000003,0.0,0.0
0.75,0.807,0.018303852047500003,0.0,0.0
0.75,0.808,0.018289295715000004,0.0,0.0
0.75,0.809,0.0182751233825,0.0,0.0
0.75,0.81,0.018261333050000002,0.0,0.0
0.75,0.811,0.0182479227175,0.0,0.0
0.75,0.812,0.018234890385,0.0,0.0
0.75,0.813,0.0182222340525,0.0,0.0
0.75,0.814,0.018209951720000003,0.0,0.0
0.75,0.815,0.018198041387500002,0.0,0.0
0.75,0.816,0.018186501055000002,0.0,0.0
0.75,0.817,0.018175328722500002,0.0,0.0
0.75,0.818,0.018164522390000003,0.0,0.0
0.75,0.819,0.0181540800575,0.0,0.0
0.75,0.82,0.018143999725000002,0.0,0.0
0.75,0.821,0.0181342793925,0.0,0.0
0.75,0.822,0.018124917060000002,0.0,0.0
0.75,0.823,0.018115910727500004,0.0,0.0
0.75,0.824,0.018107258395000003,0.0,0.0
0.75,0.825,0.018098958062500003,0.0,0.0
0.75,0.826,0.01809100773,0.0,0.0
0.75,0.827,0.018083405397500002,0.0,0.0
0.75,0.828,0.018076149065,0.0,0.0
0.75,0.829,0.0180692367325,0.0,0.0
0.75,0.83,0.0180626664,0.0,0.0
0.75,0.831,0.0180564360675,0.0,0.0
0.75,0.832,0.018050543735,0.0,0.0
0.75,0.833,0.0180449874025,0.0,0.0
0.75,0.834,0.01803976507,0.0,0.0
0.75,0.835,0.0180348747375,0.0,0.0
0.75,0.836,0.018030314405,0.0,0.0
0.75,0.837,0.0180260820725,0.0,0.0
0.75,0.838,0.01802217574,0.0,0.0
0.75,0.839,0.018018593407500002,0.0,0.0
0.75,0.84,0.018015333075,0.0,0.0
0.75,0.841,0.018012392742500005,0.0,0.0
0.75,0.842,0.01800977041,0.0,0.0
0.75,0.843,0.018007464077500004,0.0,0.0
0.75,0.844,0.018005471745,0.0,0.0
0.75,0.845,0.0180037914125,0.0,0.0
0.75,0.846,0.01800242108,0.0,0.0
0.75,0.847,0.0180013587475,0.0,0.0
0.75,0.848,0.018000602415000004,0.0,0.0
0.75,0.849,0.0180001500825,0.0,0.0
0.75,0.85,0.017999999750000002,0.0,0.0
0.75,0.851,0.0180001494175,0.0,0.0
0.75,0.852,0.018000597085,0.0,0.0
0.75,0.853,0.0180013407525,0.0,0.0
0.75,0.854,0.018002378420000003,0.0,0.0
0.75,0.855,0.0180037080875,0.0,0.0
0.75,0.856,0.018005327755,0.0,0.0
0.75,0.857,0.018007235422500004,0.0,0.0
0.75,0.858,0.018009429090000004,0.0,0.0
0.75,0.859,0.0180119067575,0.0,0.0
0.75,0.86,0.018014666425000003,0.0,0.0
0.75,0.861,0.018017706092500002,0.0,0.0
0.75,0.862,0.018021023760000004,0.0,0.0
0.75,0.863,0.0180246174275,0.0,0.0
0.75,0.864,0.018028485095,0.0,0.0
0.75,0.865,0.0180326247625,0.0,0.0
0.75,0.866,0.01803703443,0.0,0.0
0.75,0.867,0.018041712097500003,0.0,0.0
0.75,0.868,0.018046655765000003,0.0,0.0
0.75,0.869,0.018051863432500002,0.0,0.0
0.75,0.87,0.018057333100000003,0.0,0.0
0.75,0.871,0.018063062767500002,0.0,0.0
0.75,0.872,0.018069050435,0.0,0.0
0.75,0.873,0.0180752941025,0.0,0.0
0.75,0.874,0.01808179177,0.0,0.0
0.75,0.875,0.018088541437500005,0.0,0.0
0.75,0.876,0.018095541105,0.0,0.0
0.75,0.877,0.018102788772500003,0.0,0.0
0.75,0.878,0.018110282440000004,0.0,0.0
0.75,0.879,0.0181180201075,0.0,0.0
0.75,0.88,0.018125999775000002,0.0,0.0
0.75,0.881,0.018134219442500002,0.0,0.0
0.75,0.882,0.01814267711,0.0,0.0
0.75,0.883,0.018151370777500002,0.0,0.0
0.75,0.884,0.018160298445,0.0,0.0
0.75,0.885,0.018169458112500002,0.0,0.0
0.75,0.886,0.01817884778,0.0,0.0
0.75,0.887,0.018188465447500003,0.0,0.0
0.75,0.888,0.018198309115000002,0.0,0.0
0.75,0.889,0.018208376782500004,0.0,0.0
0.75,0.89,0.018218666450000004,0.0,0.0
0.75,0.891,0.018229176117500002,0.0,0.0
0.75,0.892,0.018239903785,0.0,0.0
0.75,0.893,0.018250847452500003,0.0,0.0
0.75,0.894,0.018262005120000004,0.0,0.0
0.75,0.895,0.0182733747875,0.0,0.0
0.75,0.896,0.018284954455000002,0.0,0.0
0.75,0.897,0.0182967421225,0.0,0.0
0.75,0.898,0.018308735790000003,0.0,0.0
0.75,0.899,0.0183209334575,0.0,0.0
0.75,0.9,0.018333333125,0.0,0.0
0.75,0.901,0.018345932792500002,0.0,0.0
0.75,0.902,0.018358730460000004,0.0,0.0
0.75,0.903,0.018371724127500003,0.0,0.0
0.75,0.904,0.018384911795000004,0.0,0.0
0.75,0.905,0.018398291462500004,0.0,0.0
0.75,0.906,0.018411861130000002,0.0,0.0
0.75,0.907,0.018425618797500005,0.0,0.0
0.75,0.908,0.018439562465000003,0.0,0.0
0.75,0.909,0.018453690132500002,0.0,0.0
0.75,0.91,0.018467999800000003,0.0,0.0
0.75,0.911,0.018482489467500002,0.0,0.0
0.75,0.912,0.018497157135000004,0.0,0.0
0.75,0.913,0.018512000802500005,0.0,0.0
0.75,0.914,0.01852701847,0.0,0.0
0.75,0.915,0.018542208137500002,0.0,0.0
0.75,0.916,0.018557567805,0.0,0.0
0.75,0.917,0.018573095472500002,0.0,0.0
0.75,0.918,0.018588789140000003,0.0,0.0
0.75,0.919,0.018604646807500003,0.0,0.0
0.75,0.92,0.018620666475000002,0.0,0.0
0.75,0.921,0.018636846142500003,0.0,0.0
0.75,0.922,0.01865318381,0.0,0.0
0.75,0.923,0.018669677477500004,0.0,0.0
0.75,0.924,0.018686325145000005,0.0,0.0
0.75,0.925,0.018703124812500006,0.0,0.0
0.75,0.926,0.018720074480000005,0.0,0.0
0.75,0.927,0.0187371721475,0.0,0.0
0.75,0.928,0.018754415815000005,0.0,0.0
0.75,0.929,0.018771803482500002,0.0,0.0
0.75,0.93,0.018789333150000004,0.0,0.0
0.75,0.931,0.018807002817500005,0.0,0.0
0.75,0.932,0.018824810485000003,0.0,0.0
0.75,0.933,0.018842754152500005,0.0,0.0
0.75,0.934,0.018860831820000003,0.0,0.0
0.75,0.935,0.018879041487500005,0.0,0.0
0.75,0.936,0.018897381155000004,0.0,0.0
0.75,0.937,0.018915848822500005,0.0,0.0
0.75,0.938,0.018934442490000005,0.0,0.0
0.75,0.939,0.018953160157500003,0.0,0.0
0.75,0.94,0.018971999825,0.0,0.0
0.75,0.941,0.0189909594925,0.0,0.0
0.75,0.942,0.019010037160000003,0.0,0.0
0.75,0.943,0.019029230827500004,0.0,0.0
0.75,0.944,0.019048538495000003,0.0,0.0
0.75,0.945,0.019067958162500002,0.0,0.0
0.75,0.946,0.019087487830000003,0.0,0.0
0.75,0.947,0.019107125497500002,0.0,0.0
0.75,0.948,0.019126869165,0.0,0.0
0.75,0.949,0.0191467168325,0.0,0.0
0.75,0.95,0.019166666500000002,0.0,0.0
0.75,0.951,0.019186716167500003,0.0,0.0
0.75,0.952,0.019206863835,0.0,0.0
0.75,0.953,0.0192271075025,0.0,0.0
0.75,0.954,0.019247445170000002,0.0,0.0
0.75,0.955,0.019267874837500004,0.0,0.0
0.75,0.956,0.019288394505,0.0,0.0
0.75,0.957,0.019309002172500003,0.0,0.0
0.75,0.958,0.01932969584,0.0,0.0
0.75,0.959,0.019350473507500004,0.0,0.0
0.75,0.96,0.019371333175,0.0,0.0
0.75,0.961,0.019392272842500002,0.0,0.0
0.75,0.962,0.01941329051,0.0,0.0
0.75,0.963,0.019434384177500003,0.0,0.0
0.75,0.964,0.019455551845000002,0.0,0.0
0.75,0.965,0.019476791512500004,0.0,0.0
0.75,0.966,0.019498101180000005,0.0,0.0
0.75,0.967,0.019519478847500004,0.0,0.0
0.75,0.968,0.019540922515000003,0.0,0.0
0.75,0.969,0.019562430182500003,0.0,0.0
0.75,0.97,0.019583999850000002,0.0,0.0
0.75,0.971,0.019605629517500004,0.0,0.0
0.75,0.972,0.019627317185000003,0.0,0.0
0.75,0.973,0.019649060852500004,0.0,0.0
0.75,0.974,0.01967085852,0.0,0.0
0.75,0.975,0.0196927081875,0.0,0.0
0.75,0.976,0.019714607855000003,0.0,0.0
0.75,0.977,0.019736555522500004,0.0,0.0
0.75,0.978,0.019758549190000002,0.0,0.0
0.75,0.979,0.019780586857500004,0.0,0.0
0.75,0.98,0.019802666525000005,0.0,0.0
0.75,0.981,0.019824786192500003,0.0,0.0
0.75,0.982,0.019846943860000004,0.0,0.0
0.75,0.983,0.019869137527500004,0.0,0.0
0.75,0.984,0.019891365195000003,0.0,0.0
0.75,0.985,0.019913624862500003,0.0,0.0
0.75,0.986,0.01993591453,0.0,0.0
0.75,0.987,0.019958232197500002,0.0,0.0
0.75,0.988,0.019980575865000003,0.0,0.0
0.75,0.989,0.020002943532500005,0.0,0.0
0.75,0.99,0.020025333200000002,0.0,0.0
0.75,0.991,0.020047742867500003,0.0,0.0
0.75,0.992,0.020070170535,0.0,0.0
0.75,0.993,0.020092614202500005,0.0,0.0
0.75,0.994,0.020115071870000004,0.0,0.0
0.75,0.995,0.020137541537500005,0.0,0.0
0.75,0.996,0.020160021205000003,0.0,0.0
0.75,0.997,0.020182508872500005,0.0,0.0
0.75,0.998,0.020205002540000003,0.0,0.0
0.75,0.999,0.020227500207500002,0.0,0.0
0.75,1.0,0.020249999875000004,0.0,0.0
0.75,1.001,0.0202724995425,0.0,0.0
0.75,1.002,0.020294997210000002,0.0,0.0
0.75,1.003,0.0203174908775,0.0,0.0
0.75,1.004,0.020339978545,0.0,0.0
0.75,1.005,0.0203624582125,0.0,0.0
0.75,1.006,0.020384927880000004,0.0,0.0
0.75,1.007,0.0204073855475,0.0,0.0
0.75,1.008,0.020429829215000004,0.0,0.0
0.75,1.009,0.020452256882500002,0.0,0.0
0.75,1.01,0.020474666550000003,0.0,0.0
0.75,1.011,0.0204970562175,0.0,0.0
0.75,1.012,0.020519423885000002,0.0,0.0
0.75,1.013,0.0205417675525,0.0,0.0
0.75,1.014,0.020564085220000004,0.0,0.0
0.75,1.015,0.0205863748875,0.0,0.0
0.75,1.016,0.020608634555000005,0.0,0.0
0.75,1.017,0.0206308622225,0.0,0.0
0.75,1.018,0.020653055890000004,0.0,0.0
0.75,1.019,0.020675213557500002,0.0,0.0
0.75,1.02,0.020697333225000003,0.0,0.0
0.75,1.021,0.020719412892500004,0.0,0.0
0.75,1.022,0.020741450560000003,0.0,0.0
0.75,1.023,0.020763444227500004,0.0,0.0
0.75,1.024,0.020785391895000005,0.0,0.0
0.75,1.025,0.0208072915625,0.0,0.0
0.75,1.026,0.020829141230000004,0.0,0.0
0.75,1.027,0.0208509388975,0.0,0.0
0.75,1.028,0.020872682565,0.0,0.0
0.75,1.029,0.0208943702325,0.0,0.0
0.75,1.03,0.020915999900000003,0.0,0.0
0.75,1.031,0.0209375695675,0.0,0.0
0.75,1.032,0.020959077235000005,0.0,0.0
0.75,1.033,0.0209805209025,0.0,0.0
0.75,1.034,0.021001898570000004,0.0,0.0
0.75,1.035,0.0210232082375,0.0,0.0
0.75,1.036,0.021044447905000003,0.0,0.0
0.75,1.037,0.0210656155725,0.0,0.0
0.75,1.038,0.021086709240000005,0.0,0.0
0.75,1.039,0.0211077269075,0.0,0.0
0.75,1.04,0.021128666575000007,0.0,0.0
0.75,1.041,0.0211495262425,0.0,0.0
0.75,1.042,0.021170303910000004,0.0,0.0
0.75,1.043,0.021190997577500002,0.0,0.0
0.75,1.044,0.021211605245000004,0.0,0.0
0.75,1.045,0.0212321249125,0.0,0.0
0.75,1.046,0.021252554580000003,0.0,0.0
0.75,1.047,0.0212728922475,0.0,0.0
0.75,1.048,0.021293135915000004,0.0,0.0
0.75,1.049,0.021313283582500002,0.0,0.0
0.75,1.05,0.021333333250000003,0.0,0.0
0.75,1.051,0.0213532829175,0.0,0.0
0.75,1.052,0.021373130585000004,0.0,0.0
0.75,1.053,0.021392874252500003,0.0,0.0
0.75,1.054,0.021412511920000002,0.0,0.0
0.75,1.055,0.021432041587500002,0.0,0.0
0.75,1.056,0.021451461255000005,0.0,0.0
0.75,1.057,0.0214707689225,0.0,0.0
0.75,1.058,0.021489962590000005,0.0,0.0
0.75,1.059,0.0215090402575,0.0,0.0
0.75,1.06,0.021527999925000003,0.0,0.0
0.75,1.061,0.021546839592500002,0.0,0.0
0.75,1.062,0.021565557260000003,0.0,0.0
0.75,1.063,0.021584150927500004,0.0,0.0
0.75,1.064,0.021602618595000005,0.0,0.0
0.75,1.065,0.021620958262500004,0.0,0.0
0.75,1.066,0.02163916793,0.0,0.0
0.75,1.067,0.021657245597500003,0.0,0.0
0.75,1.068,0.021675189265000002,0.0,0.0
0.75,1.069,0.0216929969325,0.0,0.0
0.75,1.07,0.021710666600000005,0.0,0.0
0.75,1.071,0.021728196267500003,0.0,0.0
0.75,1.072,0.021745583935000003,0.0,0.0
0.75,1.073,0.021762827602500003,0.0,0.0
0.75,1.074,0.021779925270000004,0.0,0.0
0.75,1.075,0.021796874937500002,0.0,0.0
0.75,1.076,0.021813674605000007,0.0,0.0
0.75,1.077,0.0218303222725,0.0,0.0
0.75,1.078,0.021846815940000004,0.0,0.0
0.75,1.079,0.0218631536075,0.0,0.0
0.75,1.08,0.021879333275000006,0.0,0.0
0.75,1.081,0.0218953529425,0.0,0.0
0.75,1.082,0.021911210610000002,0.0,0.0
0.75,1.083,0.0219269042775,0.0,0.0
0.75,1.084,0.021942431945000004,0.0,0.0
0.75,1.085,0.021957791612500003,0.0,0.0
0.75,1.086,0.021972981280000005,0.0,0.0
0.75,1.087,0.0219879989475,0.0,0.0
0.75,1.088,0.022002842615000004,0.0,0.0
0.75,1.089,0.0220175102825,0.0,0.0
0.75,1.09,0.022031999950000006,0.0,0.0
0.75,1.091,0.022046309617500003,0.0,0.0
0.75,1.092,0.022060437285000005,0.0,0.0
0.75,1.093,0.0220743809525,0.0,0.0
0.75,1.094,0.022088138620000003,0.0,0.0
0.75,1.095,0.022101708287500004,0.0,0.0
0.75,1.096,0.022115087955000005,0.0,0.0
0.75,1.097,0.022128275622500002,0.0,0.0
0.75,1.098,0.02214126929,0.0,0.0
0.75,1.099,0.022154066957500003,0.0,0.0
0.75,1.1,0.022166666625000005,0.0,0.0
0.75,1.101,0.0221790662925,0.0,0.0
0.75,1.102,0.022191263960000002,0.0,0.0
0.75,1.103,0.022203257627500004,0.0,0.0
0.75,1.104,0.022215045295000003,0.0,0.0
0.75,1.105,0.022226624962500004,0.0,0.0
0.75,1.106,0.022237994630000004,0.0,0.0
0.75,1.107,0.0222491522975,0.0,0.0
0.75,1.108,0.022260095965000004,0.0,0.0
0.75,1.109,0.022270823632500002,0.0,0.0
0.75,1.11,0.022281333300000004,0.0,0.0
0.75,1.111,0.0222916229675,0.0,0.0
0.75,1.112,0.022301690635000003,0.0,0.0
0.75,1.113,0.0223115343025,0.0,0.0
0.75,1.114,0.02232115197,0.0,0.0
0.75,1.115,0.022330541637500003,0.0,0.0
0.75,1.116,0.022339701305,0.0,0.0
0.75,1.117,0.0223486289725,0.0,0.0
0.75,1.118,0.022357322640000003,0.0,0.0
0.75,1.119,0.022365780307500003,0.0,0.0
0.75,1.12,0.022373999975000003,0.0,0.0
0.75,1.121,0.0223819796425,0.0,0.0
0.75,1.122,0.022389717310000005,0.0,0.0
0.75,1.123,0.022397210977500002,0.0,0.0
0.75,1.124,0.022404458645000003,0.0,0.0
0.75,1.125,0.022411458312500004,0.0,0.0
0.75,1.126,0.022418207980000004,0.0,0.0
0.75,1.127,0.0224247056475,0.0,0.0
0.75,1.128,0.022430949315,0.0,0.0
0.75,1.129,0.022436936982500003,0.0,0.0
0.75,1.13,0.022442666650000002,0.0,0.0
0.75,1.131,0.022448136317500002,0.0,0.0
0.75,1.132,0.022453343985000002,0.0,0.0
0.75,1.133,0.022458287652500002,0.0,0.0
0.75,1.134,0.02246296532,0.0,0.0
0.75,1.135,0.022467374987500004,0.0,0.0
0.75,1.136,0.022471514655,0.0,0.0
0.75,1.137,0.0224753823225,0.0,0.0
0.75,1.138,0.022478975990000004,0.0,0.0
0.75,1.139,0.022482293657500003,0.0,0.0
0.75,1.14,0.022485333325000002,0.0,0.0
0.75,1.141,0.022488092992500004,0.0,0.0
0.75,1.142,0.022490570660000004,0.0,0.0
0.75,1.143,0.022492764327500005,0.0,0.0
0.75,1.144,0.022494671995000003,0.0,0.0
0.75,1.145,0.0224962916625,0.0,0.0
0.75,1.146,0.022497621330000002,0.0,0.0
0.75,1.147,0.0224986589975,0.0,0.0
0.75,1.148,0.022499402665,0.0,0.0
0.75,1.149,0.0224998503325,0.0,0.0
0.75,1.15,0.022500000000000003,0.0,0.0
0.75,1.151,0.022500000000000003,0.0,0.0
0.75,1.152,0.022500000000000003,0.0,0.0
0.75,1.153,0.022500000000000003,0.0,0.0
0.75,1.154,0.022500000000000003,0.0,0.0
0.75,1.155,0.022500000000000003,0.0,0.0
0.75,1.156,0.022500000000000003,0.0,0.0
0.75,1.157,0.022500000000000003,0.0,0.0
0.75,1.158,0.022500000000000003,0.0,0.0
0.75,1.159,0.022500000000000003,0.0,0.0
0.75,1.16,0.022500000000000003,0.0,0.0
0.75,1.161,0.022500000000000003,0.0,0.0
0.75,1.162,0.022500000000000003,0.0,0.0
0.75,1.163,0.022500000000000003,0.0,0.0
0.75,1.164,0.022500000000000003,0.0,0.0
0.75,1.165,0.022500000000000003,0.0,0.0
0.75,1.166,0.022500000000000003,0.0,0.0
0.75,1.167,0.022500000000000003,0.0,0.0
0.75,1.168,0.022500000000000003,0.0,0.0
0.75,1.169,0.022500000000000003,0.0,0.0
0.75,1.17,0.022500000000000003,0.0,0.0
0.75,1.171,0.022500000000000003,0.0,0.0
0.75,1.172,0.022500000000000003,0.0,0.0
0.75,1.173,0.022500000000000003,0.0,0.0
0.75,1.174,0.022500000000000003,0.0,0.0
0.75,1.175,0.022500000000000003,0.0,0.0
0.75,1.176,0.022500000000000003,0.0,0.0
0.75,1.177,0.022500000000000003,0.0,0.0
0.75,1.178,0.022500000000000003,0.0,0.0
0.75,1.179,0.022500000000000003,0.0,0.0
0.75,1.18,0.022500000000000003,0.0,0.0
0.75,1.181,0.022500000000000003,0.0,0.0
0.75,1.182,0.022500000000000003,0.0,0.0
0.75,1.183,0.022500000000000003,0.0,0.0
0.75,1.184,0.022500000000000003,0.0,0.0
0.75,1.185,0.022500000000000003,0.0,0.0
0.75,1.186,0.022500000000000003,0.0,0.0
0.75,1.187,0.022500000000000003,0.0,0.0
0.75,1.188,0.022500000000000003,0.0,0.0
0.75,1.189,0.022500000000000003,0.0,0.0
0.75,1.19,0.022500000000000003,0.0,0.0
0.75,1.191,0.022500000000000003,0.0,0.0
0.75,1.192,0.022500000000000003,0.0,0.0
0.75,1.193,0.022500000000000003,0.0,0.0
0.75,1.194,0.022500000000000003,0.0,0.0
0.75,1.195,0.022500000000000003,0.0,0.0
0.75,1.196,0.022500000000000003,0.0,0.0
0.75,1.197,0.022500000000000003,0.0,0.0
0.75,1.198,0.022500000000000003,0.0,0.0
0.75,1.199,0.022500000000000003,0.0,0.0
0.75,1.2,0.022500000000000003,0.0,0.0
1,0.0,0.009843314757499999,0.9842,0.0
1,0.001,0.00983331509,0.9832,0.0
1,0.002,0.0098233174225,0.9822,0.0
1,0.003,0.009813323755,0.9812,0.0
1,0.004,0.0098033360875,0.9802,0.0
1,0.005,0.009793356420000001,0.9792,0.0
1,0.006,0.0097833867525,0.9782,0.0
1,0.007,0.009773429085,0.9772,0.0
1,0.008,0.0097634854175,0.9762,0.0
1,0.009,0.00975355775,0.9752,0.0
1,0.01,0.0097436480825,0.9742,0.0
1,0.011,0.009733758415,0.9732,0.0
1,0.012,0.009723890747499998,0.9722,0.0
1,0.013,0.00971404708,0.9712,0.0
1,0.014,0.0097042294125,0.9702,0.0
1,0.015,0.009694439745,0.9692,0.0
1,0.016,0.009684680077499999,0.9682,0.0
1,0.017,0.00967495241,0.9672,0.0
1,0.018,0.0096652587425,0.9662,0.0
1,0.019,0.009655601074999999,0.9652,0.0
1,0.02,0.0096459814075,0.9642,0.0
1,0.021,0.00963640174,0.9632,0.0
1,0.022,0.0096268640725,0.9622,0.0
1,0.023,0.009617370405,0.9612,0.0
1,0.024,0.0096079227375,0.9602,0.0
1,0.025,0.00959852307,0.9592,0.0
1,0.026,0.0095891734025,0.9582,0.0
1,0.027,0.009579875735,0.9572,0.0
1,0.028,0.0095706320675,0.9562,0.0
1,0.029,0.009561444399999999,0.9552,0.0
1,0.03,0.0095523147325,0.9542,0.0
1,0.031,0.009543245064999999,0.9532,0.0
1,0.032,0.009534237397500001,0.9522,0.0
1,0.033,0.00952529373,0.9512,0.0
1,0.034,0.0095164160625,0.9502,0.0
1,0.035,0.009507606395,0.9492,0.0
1,0.036,0.0094988667275,0.9482,0.0
1,0.037,0.009490199060000001,0.9472,0.0
1,0.038,0.0094816053925,0.9462,0.0
1,0.039,0.009473087724999999,0.9452,0.0
1,0.04,0.0094646480575,0.9442,0.0
1,0.041,0.00945628839,0.9432,0.0
1,0.042,0.0094480107225,0.9422,0.0
1,0.043,0.009439817055,0.9412,0.0
1,0.044,0.009431709387499999,0.9402,0.0
1,0.045,0.00942368972,0.9392,0.0
1,0.046,0.0094157600525,0.9382,0.0
1,0.047,0.009407922385,0.9372,0.0
1,0.048,0.0094001787175,0.9362,0.0
1,0.049,0.00939253105,0.9352,0.0
1,0.05,0.0093849813825,0.9342,0.0
1,0.051,0.009377531715,0.9332,0.0
1,0.052,0.009370184047499999,0.9322,0.0
1,0.053,0.00936294038,0.9312,0.0
1,0.054,0.0093558027125,0.9302,0.0
1,0.055,0.009348773045,0.9292,0.0
1,0.056,0.0093418533775,0.9282,0.0
1,0.057,0.00933504571,0.9272,0.0
1,0.058,0.0093283520425,0.9262,0.0
1,0.059,0.009321774375,0.9252,0.0
1,0.06,0.0093153147075,0.9242,0.0
1,0.061,0.00930897504,0.9232,0.0
1,0.062,0.0093027573725,0.9222,0.0
1,0.063,0.009296663705,0.9212,0.0
1,0.064,0.009290696037499999,0.9202,0.0
1,0.065,0.00928485637,0.9192,0.0
1,0.066,0.009279146702500001,0.9182,0.0
1,0.067,0.009273569035,0.9172,0.0
1,0.068,0.0092681253675,0.9162,0.0
1,0.069,0.009262817699999999,0.9152,0.0
1,0.07,0.009257648032500001,0.9142,0.0
1,0.071,0.009252618365000001,0.9132,0.0
1,0.072,0.0092477306975,0.9122,0.0
1,0.073,0.00924298703,0.9112,0.0
1,0.074,0.0092383893625,0.9102,0.0
1,0.075,0.009233939695,0.9092,0.0
1,0.076,0.0092296400275,0.9082,0.0
1,0.077,0.00922549236,0.9072,0.0
1,0.078,0.0092214986925,0.9062,0.0
1,0.079,0.009217661024999999,0.9052,0.0
1,0.08,0.0092139813575,0.9042,0.0
1,0.081,0.00921046169,0.9032,0.0
1,0.082,0.0092071040225,0.9022,0.0
1,0.083,0.009203910354999999,0.9012,0.0
1,0.084,0.0092008826875,0.9002,0.0
1,0.085,0.00919802302,0.8992,0.0
1,0.086,0.0091953333525,0.8982,0.0
1,0.087,0.009192815685,0.8972,0.0
1,0.088,0.0091904720175,0.8962,0.0
1,0.089,0.00918830435,0.8952,0.0
1,0.09,0.0091863146825,0.8942,0.0
1,0.091,0.009184505014999999,0.8932,0.0
1,0.092,0.009182877347499998,0.8922,0.0
1,0.093,0.00918143368,0.8912,0.0
1,0.094,0.0091801760125,0.8902,0.0
1,0.095,0.009179106345,0.8892,0.0
1,0.096,0.0091782266775,0.8882,0.0
1,0.097,0.00917753901,0.8872,0.0
1,0.098,0.0091770453425,0.8862,0.0
1,0.099,0.009176747675,0.8852,0.0
1,0.1,0.0091766480075,0.8842,0.0
1,0.101,0.00917674834,0.8832,0.0
1,0.102,0.0091770506725,0.8822,0.0
1,0.103,0.009177557005,0.8812,0.0
1,0.104,0.009178269337500001,0.8802,0.0
1,0.105,0.009179189669999999,0.8792,0.0
1,0.106,0.009180320002499999,0.8782,0.0
1,0.107,0.009181662335,0.8772,0.0
1,0.108,0.0091832186675,0.8762,0.0
1,0.109,0.009184991,0.8752,0.0
1,0.11,0.0091869813325,0.8742,0.0
1,0.111,0.009189191665,0.8732,0.0
1,0.112,0.0091916239975,0.8722,0.0
1,0.113,0.009194280329999999,0.8712,0.0
1,0.114,0.0091971626625,0.8702,0.0
1,0.115,0.009200272995,0.8692,0.0
1,0.116,0.0092036133275,0.8682,0.0
1,0.117,0.00920718566,0.8672,0.0
1,0.118,0.0092109919925,0.8662,0.0
1,0.119,0.009215034325,0.8652,0.0
1,0.12,0.0092193146575,0.8642,0.0
1,0.121,0.00922383499,0.8632,0.0
1,0.122,0.009228597322499999,0.8622,0.0
1,0.123,0.009233603655,0.8612,0.0
1,0.124,0.009238855987499999,0.8602,0.0
1,0.125,0.00924435632,0.8592,0.0
1,0.126,0.0092501066525,0.8582,0.0
1,0.127,0.009256108985,0.8572,0.0
1,0.128,0.0092623653175,0.8562,0.0
1,0.129,0.00926887765,0.8552,0.0
1,0.13,0.0092756479825,0.8542,0.0
1,0.131,0.009282678314999999,0.8532,0.0
1,0.132,0.0092899706475,0.8522,0.0
1,0.133,0.00929752698,0.8512,0.0
1,0.134,0.0093053493125,0.8502,0.0
1,0.135,0.009313439645,0.8492,0.0
1,0.136,0.009321799977500001,0.8482,0.0
1,0.137,0.009330432310000001,0.8472,0.0
1,0.138,0.0093393386425,0.8462,0.0
1,0.139,0.009348520975,0.8452,0.0
1,0.14,0.0093579813075,0.8442,0.0
1,0.141,0.00936772164,0.8432,0.0
1,0.142,0.0093777439725,0.8422,0.0
1,0.143,0.009388050305,0.8412,0.0
1,0.144,0.0093986426375,0.8402,0.0
1,0.145,0.00940952297,0.8392,0.0
1,0.146,0.0094206933025,0.8382,0.0
1,0.147,0.009432155635,0.8372,0.0
1,0.148,0.0094439119675,0.8362,0.0
1,0.149,0.0094559643,0.8352,0.0
1,0.15,0.009468314632499999,0.8342,0.0
1,0.151,0.0094808146325,0.8332,0.0
1,0.152,0.0094933146325,0.8322,0.0
1,0.153,0.0095058146325,0.8312,0.0
1,0.154,0.0095183146325,0.8302,0.0
1,0.155,0.009530814632499999,0.8292,0.0
1,0.156,0.0095433146325,0.8282,0.0
1,0.157,0.0095558146325,0.8272,0.0
1,0.158,0.0095683146325,0.8262,0.0
1,0.159,0.0095808146325,0.8252,0.0
1,0.16,0.009593314632499999,0.8242,0.0
1,0.161,0.0096058146325,0.8232,0.0
1,0.162,0.0096183146325,0.8222,0.0
1,0.163,0.0096308146325,0.8212,0.0
1,0.164,0.0096433146325,0.8202,0.0
1,0.165,0.009655814632499999,0.8192,0.0
1,0.166,0.0096683146325,0.8182,0.0
1,0.167,0.0096808146325,0.8172,0.0
1,0.168,0.0096933146325,0.8162,0.0
1,0.169,0.0097058146325,0.8152,0.0
1,0.17,0.009718314632499999,0.8142,0.0
1,0.171,0.0097308146325,0.8132,0.0
1,0.172,0.0097433146325,0.8122,0.0
1,0.173,0.0097558146325,0.8112,0.0
1,0.174,0.009768314632499999,0.8102,0.0
1,0.175,0.009780814632499999,0.8092,0.0
1,0.176,0.0097933146325,0.8082,0.0
1,0.177,0.0098058146325,0.8072,0.0
1,0.178,0.0098183146325,0.8062,0.0
1,0.179,0.009830814632499999,0.8052,0.0
1,0.18,0.0098433146325,0.8042,0.0
1,0.181,0.0098558146325,0.8032,0.0
1,0.182,0.0098683146325,0.8022,0.0
1,0.183,0.0098808146325,0.8012,0.0
1,0.184,0.009893314632499999,0.8002,0.0
1,0.185,0.0099058146325,0.7992,0.0
1,0.186,0.0099183146325,0.7982,0.0
1,0.187,0.0099308146325,0.7972,0.0
1,0.188,0.0099433146325,0.7962,0.0
1,0.189,0.009955814632499999,0.7952,0.0
1,0.19,0.0099683146325,0.7942,0.0
1,0.191,0.0099808146325,0.7932,0.0
1,0.192,0.0099933146325,0.7922,0.0
1,0.193,0.0100058146325,0.7912,0.0
1,0.194,0.010018314632499999,0.7902,0.0
1,0.195,0.0100308146325,0.7892,0.0
1,0.196,0.0100433146325,0.7882,0.0
1,0.197,0.0100558146325,0.7872,0.0
1,0.198,0.0100683146325,0.7862,0.0
1,0.199,0.010080814632499999,0.7852,0.0
1,0.2,0.0100933146325,0.7842,0.0
1,0.201,0.0101058146325,0.7832,0.0
1,0.202,0.0101183146325,0.7822,0.0
1,0.203,0.010130814632499999,0.7812,0.0
1,0.204,0.010143314632499999,0.7802,0.0
1,0.205,0.0101558146325,0.7792,0.0
1,0.206,0.0101683146325,0.7782,0.0
1,0.207,0.0101808146325,0.7772,0.0
1,0.208,0.010193314632499999,0.7762,0.0
1,0.209,0.010205814632499999,0.7752,0.0
1,0.21,0.0102183146325,0.7742,0.0
1,0.211,0.0102308146325,0.7732,0.0
1,0.212,0.0102433146325,0.7722,0.0
1,0.213,0.010255814632499999,0.7712,0.0
1,0.214,0.0102683146325,0.7702,0.0
1,0.215,0.0102808146325,0.7692,0.0
1,0.216,0.0102933146325,0.7682,0.0
1,0.217,0.0103058146325,0.7672,0.0
1,0.218,0.010318314632499999,0.7662,0.0
1,0.219,0.0103308146325,0.7652,0.0
1,0.22,0.0103433146325,0.7642,0.0
1,0.221,0.0103558146325,0.7632,0.0
1,0.222,0.0103683146325,0.7622,0.0
1,0.223,0.010380814632499999,0.7612,0.0
1,0.224,0.0103933146325,0.7602,0.0
1,0.225,0.0104058146325,0.7592,0.0
1,0.226,0.0104183146325,0.7582,0.0
1,0.227,0.0104308146325,0.7572,0.0
1,0.228,0.010443314632499999,0.7562,0.0
1,0.229,0.0104558146325,0.7552,0.0
1,0.23,0.0104683146325,0.7542,0.0
1,0.231,0.0104808146325,0.7532,0.0
1,0.232,0.0104933146325,0.7522,0.0
1,0.233,0.010505814632499999,0.7512,0.0
1,0.234,0.0105183146325,0.7502,0.0
1,0.235,0.0105308146325,0.7492,0.0
1,0.236,0.0105433146325,0.7482,0.0
1,0.237,0.010555814632499999,0.7472,0.0
1,0.238,0.010568314632499999,0.7462,0.0
1,0.239,0.0105808146325,0.7452,0.0
1,0.24,0.0105933146325,0.7442,0.0
1,0.241,0.0106058146325,0.7432,0.0
1,0.242,0.010618314632499999,0.7422,0.0
1,0.243,0.0106308146325,0.7412,0.0
1,0.244,0.0106433146325,0.7402,0.0
1,0.245,0.0106558146325,0.7392,0.0
1,0.246,0.0106683146325,0.7382,0.0
1,0.247,0.010680814632499999,0.7372,0.0
1,0.248,0.0106933146325,0.7362,0.0
1,0.249,0.0107058146325,0.7352,0.0
1,0.25,0.0107183146325,0.7342,0.0
1,0.251,0.0107308146325,0.7332,0.0
1,0.252,0.010743314632499999,0.7322,0.0
1,0.253,0.0107558146325,0.7312,0.0
1,0.254,0.0107683146325,0.7302,0.0
1,0.255,0.0107808146325,0.7292,0.0
1,0.256,0.0107933146325,0.7282,0.0
1,0.257,0.010805814632499999,0.7272,0.0
1,0.258,0.0108183146325,0.7262,0.0
1,0.259,0.0108308146325,0.7252,0.0
1,0.26,0.0108433146325,0.7242,0.0
1,0.261,0.0108558146325,0.7232,0.0
1,0.262,0.010868314632499999,0.7222,0.0
1,0.263,0.0108808146325,0.7212,0.0
1,0.264,0.0108933146325,0.7202,0.0
1,0.265,0.010905814632500002,0.7192,0.0
1,0.266,0.010918314632499999,0.7182,0.0
1,0.267,0.010930814632499999,0.7172,0.0
1,0.268,0.0109433146325,0.7162,0.0
1,0.269,0.0109558146325,0.7152,0.0
1,0.27,0.0109683146325,0.7142,0.0
1,0.271,0.010980814632499999,0.7132,0.0
1,0.272,0.010993314632499999,0.7122,0.0
1,0.273,0.0110058146325,0.7112,0.0
1,0.274,0.0110183146325,0.7102,0.0
1,0.275,0.0110308146325,0.7092,0.0
1,0.276,0.011043314632499999,0.7082,0.0
1,0.277,0.0110558146325,0.7072,0.0
1,0.278,0.0110683146325,0.7062,0.0
1,0.279,0.0110808146325,0.7052,0.0
1,0.28,0.0110933146325,0.7042,0.0
1,0.281,0.011105814632499999,0.7032,0.0
1,0.282,0.0111183146325,0.7022,0.0
1,0.283,0.0111308146325,0.7012,0.0
1,0.284,0.0111433146325,0.7002,0.0
1,0.285,0.0111558146325,0.6992,0.0
1,0.286,0.011168314632499999,0.6982,0.0
1,0.287,0.0111808146325,0.6972,0.0
1,0.288,0.0111933146325,0.6962,0.0
1,0.289,0.0112058146325,0.6952,0.0
1,0.29,0.0112183146325,0.6942,0.0
1,0.291,0.011230814632499999,0.6932,0.0
1,0.292,0.0112433146325,0.6922,0.0
1,0.293,0.0112558146325,0.6912,0.0
1,0.294,0.0112683146325,0.6902,0.0
1,0.295,0.0112808146325,0.6892,0.0
1,0.296,0.011293314632499999,0.6882,0.0
1,0.297,0.0113058146325,0.6872,0.0
1,0.298,0.0113183146325,0.6862,0.0
1,0.299,0.0113308146325,0.6852,0.0
1,0.3,0.011343314632499999,0.6842,0.0
1,0.301,0.011355814632499999,0.6832,0.0
1,0.302,0.0113683146325,0.6822,0.0
1,0.303,0.0113808146325,0.6812,0.0
1,0.304,0.0113933146325,0.6802,0.0
1,0.305,0.011405814632499999,0.6792,0.0
1,0.306,0.0114183146325,0.6782,0.0
1,0.307,0.0114308146325,0.6772,0.0
1,0.308,0.0114433146325,0.6762,0.0
1,0.309,0.0114558146325,0.6752,0.0
1,0.31,0.011468314632499999,0.6742,0.0
1,0.311,0.0114808146325,0.6732,0.0
1,0.312,0.0114933146325,0.6722,0.0
1,0.313,0.0115058146325,0.6712,0.0
1,0.314,0.0115183146325,0.6702,0.0
1,0.315,0.011530814632499999,0.6692,0.0
1,0.316,0.0115433146325,0.6682,0.0
1,0.317,0.0115558146325,0.6672,0.0
1,0.318,0.0115683146325,0.6662,0.0
1,0.319,0.0115808146325,0.6652,0.0
1,0.32,0.011593314632499999,0.6642,0.0
1,0.321,0.0116058146325,0.6632,0.0
1,0.322,0.0116183146325,0.6622,0.0
1,0.323,0.0116308146325,0.6612,0.0
1,0.324,0.0116433146325,0.6602,0.0
1,0.325,0.011655814632499999,0.6592,0.0
1,0.326,0.0116683146325,0.6582,0.0
1,0.327,0.0116808146325,0.6572,0.0
1,0.328,0.0116933146325,0.6562,0.0
1,0.329,0.011705814632499999,0.6552,0.0
1,0.33,0.011718314632499999,0.6542,0.0
1,0.331,0.011730814632500001,0.6532,0.0
1,0.332,0.0117433146325,0.6522,0.0
1,0.333,0.0117558146325,0.6512,0.0
1,0.334,0.011768314632499999,0.6502,0.0
1,0.335,0.011780814632499999,0.6492,0.0
1,0.336,0.0117933146325,0.6482,0.0
1,0.337,0.0118058146325,0.6472,0.0
1,0.338,0.0118183146325,0.6462,0.0
1,0.339,0.011830814632499999,0.6452,0.0
1,0.34,0.0118433146325,0.6442,0.0
1,0.341,0.0118558146325,0.6432,0.0
1,0.342,0.0118683146325,0.6422,0.0
1,0.343,0.0118808146325,0.6412,0.0
1,0.344,0.011893314632499999,0.6402,0.0
1,0.345,0.0119058146325,0.6392,0.0
1,0.346,0.0119183146325,0.6382,0.0
1,0.347,0.0119308146325,0.6372,0.0
1,0.348,0.0119433146325,0.6362,0.0
1,0.349,0.011955814632499999,0.6352,0.0
1,0.35,0.0119683146325,0.6342,0.0
1,0.351,0.0119808146325,0.6332,0.0
1,0.352,0.0119933146325,0.6322,0.0
1,0.353,0.0120058146325,0.6312,0.0
1,0.354,0.012018314632499999,0.6302,0.0
1,0.355,0.0120308146325,0.6292,0.0
1,0.356,0.0120433146325,0.6282,0.0
1,0.357,0.0120558146325,0.6272,0.0
1,0.358,0.0120683146325,0.6262,0.0
1,0.359,0.012080814632499999,0.6252,0.0
1,0.36,0.0120933146325,0.6242,0.0
1,0.361,0.0121058146325,0.6232,0.0
1,0.362,0.0121183146325,0.6222,0.0
1,0.363,0.012130814632499999,0.6212,0.0
1,0.364,0.012143314632499999,0.6202,0.0
1,0.365,0.0121558146325,0.6192,0.0
1,0.366,0.0121683146325,0.6182,0.0
1,0.367,0.0121808146325,0.6172,0.0
1,0.368,0.012193314632499999,0.6162,0.0
1,0.369,0.0122058146325,0.6152,0.0
1,0.37,0.0122183146325,0.6142,0.0
1,0.371,0.0122308146325,0.6132,0.0
1,0.372,0.0122433146325,0.6122,0.0
1,0.373,0.012255814632499999,0.6112,0.0
1,0.374,0.0122683146325,0.6102,0.0
1,0.375,0.0122808146325,0.6092,0.0
1,0.376,0.0122933146325,0.6082,0.0
1,0.377,0.0123058146325,0.6072,0.0
1,0.378,0.012318314632499999,0.6062,0.0
1,0.379,0.0123308146325,0.6052,0.0
1,0.38,0.0123433146325,0.6042,0.0
1,0.381,0.0123558146325,0.6032,0.0
1,0.382,0.0123683146325,0.6022,0.0
1,0.383,0.012380814632499999,0.6012,0.0
1,0.384,0.0123933146325,0.6002,0.0
1,0.385,0.0124058146325,0.5992,0.0
1,0.386,0.0124183146325,0.5982,0.0
1,0.387,0.0124308146325,0.5972,0.0
1,0.388,0.012443314632499999,0.5962,0.0
1,0.389,0.0124558146325,0.5952,0.0
1,0.39,0.0124683146325,0.5942,0.0
1,0.391,0.0124808146325,0.5932,0.0
1,0.392,0.012493314632499999,0.5922,0.0
1,0.393,0.012505814632499999,0.5912,0.0
1,0.394,0.0125183146325,0.5902,0.0
1,0.395,0.0125308146325,0.5892,0.0
1,0.396,0.0125433146325,0.5882,0.0
1,0.397,0.012555814632499999,0.5872,0.0
1,0.398,0.012568314632499999,0.5862,0.0
1,0.399,0.0125808146325,0.5852,0.0
1,0.4,0.0125933146325,0.5842,0.0
1,0.401,0.0126058146325,0.5832,0.0
1,0.402,0.012618314632499999,0.5822,0.0
1,0.403,0.0126308146325,0.5812,0.0
1,0.404,0.0126433146325,0.5802,0.0
1,0.405,0.0126558146325,0.5792,0.0
1,0.406,0.0126683146325,0.5782,0.0
1,0.407,0.012680814632499999,0.5772,0.0
1,0.408,0.0126933146325,0.5762,0.0
1,0.409,0.0127058146325,0.5752,0.0
1,0.41,0.0127183146325,0.5742,0.0
1,0.411,0.0127308146325,0.5732,0.0
1,0.412,0.012743314632499999,0.5722,0.0
1,0.413,0.0127558146325,0.5712,0.0
1,0.414,0.0127683146325,0.5702,0.0
1,0.415,0.0127808146325,0.5692,0.0
1,0.416,0.0127933146325,0.5682,0.0
1,0.417,0.012805814632499999,0.5672,0.0
1,0.418,0.0128183146325,0.5662,0.0
1,0.419,0.0128308146325,0.5652,0.0
1,0.42,0.0128433146325,0.5642,0.0
1,0.421,0.0128558146325,0.5632,0.0
1,0.422,0.012868314632499999,0.5622,0.0
1,0.423,0.0128808146325,0.5612,0.0
1,0.424,0.0128933146325,0.5602,0.0
1,0.425,0.0129058146325,0.5592,0.0
1,0.426,0.012918314632499999,0.5582,0.0
1,0.427,0.012930814632499999,0.5572,0.0
1,0.428,0.0129433146325,0.5562,0.0
1,0.429,0.0129558146325,0.5552,0.0
1,0.43,0.0129683146325,0.5542,0.0
1,0.431,0.012980814632499999,0.5532,0.0
1,0.432,0.0129933146325,0.5522,0.0
1,0.433,0.0130058146325,0.5512,0.0
1,0.434,0.0130183146325,0.5502,0.0
1,0.435,0.0130308146325,0.5492,0.0
1,0.436,0.013043314632499999,0.5482,0.0
1,0.437,0.0130558146325,0.5472,0.0
1,0.438,0.0130683146325,0.5462,0.0
1,0.439,0.0130808146325,0.5452,0.0
1,0.44,0.0130933146325,0.5442,0.0
1,0.441,0.013105814632499999,0.5432,0.0
1,0.442,0.0131183146325,0.5422,0.0
1,0.443,0.0131308146325,0.5412,0.0
1,0.444,0.0131433146325,0.5402,0.0
1,0.445,0.0131558146325,0.5392,0.0
1,0.446,0.013168314632499999,0.5382,0.0
1,0.447,0.0131808146325,0.5372,0.0
1,0.448,0.0131933146325,0.5362,0.0
1,0.449,0.0132058146325,0.5352,0.0
1,0.45,0.0132183146325,0.5342,0.0
1,0.451,0.013230814632499999,0.5332,0.0
1,0.452,0.0132433146325,0.5322,0.0
1,0.453,0.0132558146325,0.5312,0.0
1,0.454,0.0132683146325,0.5302,0.0
1,0.455,0.013280814632499999,0.5292,0.0
1,0.456,0.013293314632499999,0.5282,0.0
1,0.457,0.0133058146325,0.5272,0.0
1,0.458,0.0133183146325,0.5262,0.0
1,0.459,0.0133308146325,0.5252,0.0
1,0.46,0.013343314632499999,0.5242,0.0
1,0.461,0.013355814632499999,0.5232,0.0
1,0.462,0.0133683146325,0.5222,0.0
1,0.463,0.0133808146325,0.5212,0.0
1,0.464,0.0133933146325,0.5202,0.0
1,0.465,0.013405814632499999,0.5192,0.0
1,0.466,0.0134183146325,0.5182,0.0
1,0.467,0.0134308146325,0.5172,0.0
1,0.468,0.0134433146325,0.5162,0.0
1,0.469,0.0134558146325,0.5152,0.0
1,0.47,0.013468314632499999,0.5142,0.0
1,0.471,0.0134808146325,0.5132,0.0
1,0.472,0.0134933146325,0.5122,0.0
1,0.473,0.0135058146325,0.5112,0.0
1,0.474,0.0135183146325,0.5102,0.0
1,0.475,0.013530814632499999,0.5092,0.0
1,0.476,0.0135433146325,0.5082,0.0
1,0.477,0.0135558146325,0.5072,0.0
1,0.478,0.0135683146325,0.5062,0.0
1,0.479,0.0135808146325,0.5052,0.0
1,0.48,0.013593314632499999,0.5042,0.0
1,0.481,0.0136058146325,0.5032,0.0
1,0.482,0.0136183146325,0.5022,0.0
1,0.483,0.0136308146325,0.5012,0.0
1,0.484,0.0136433146325,0.5002,0.0
1,0.485,0.013655814632499999,0.4992,0.0
1,0.486,0.0136683146325,0.4982,0.0
1,0.487,0.0136808146325,0.4972,0.0
1,0.488,0.0136933146325,0.4962,0.0
1,0.489,0.013705814632499999,0.4952,0.0
1,0.49,0.013718314632499999,0.4942,0.0
1,0.491,0.0137308146325,0.4932,0.0
1,0.492,0.0137433146325,0.4922,0.0
1,0.493,0.0137558146325,0.4912,0.0
1,0.494,0.013768314632499999,0.4902,0.0
1,0.495,0.0137808146325,0.4892,0.0
1,0.496,0.0137933146325,0.4882,0.0
1,0.497,0.0138058146325,0.4872,0.0
1,0.498,0.0138183146325,0.4862,0.0
1,0.499,0.013830814632499999,0.4852,0.0
1,0.5,0.0138433146325,0.4842,0.0
1,0.501,0.0138558146325,0.4832,0.0
1,0.502,0.0138683146325,0.4822,0.0
1,0.503,0.0138808146325,0.4812,0.0
1,0.504,0.013893314632499999,0.4802,0.0
1,0.505,0.0139058146325,0.4792,0.0
1,0.506,0.0139183146325,0.4782,0.0
1,0.507,0.0139308146325,0.4772,0.0
1,0.508,0.0139433146325,0.4762,0.0
1,0.509,0.013955814632499999,0.4752,0.0
1,0.51,0.0139683146325,0.4742,0.0
1,0.511,0.0139808146325,0.4732,0.0
1,0.512,0.0139933146325,0.4722,0.0
1,0.513,0.0140058146325,0.4712,0.0
1,0.514,0.014018314632499999,0.4702,0.0
1,0.515,0.0140308146325,0.4692,0.0
1,0.516,0.0140433146325,0.4682,0.0
1,0.517,0.0140558146325,0.4672,0.0
1,0.518,0.014068314632499999,0.4662,0.0
1,0.519,0.014080814632499999,0.4652,0.0
1,0.52,0.0140933146325,0.4642,0.0
1,0.521,0.0141058146325,0.4632,0.0
1,0.522,0.0141183146325,0.4622,0.0
1,0.523,0.014130814632499999,0.4612,0.0
1,0.524,0.0141433146325,0.4602,0.0
1,0.525,0.0141558146325,0.4592,0.0
1,0.526,0.0141683146325,0.4582,0.0
1,0.527,0.0141808146325,0.4572,0.0
1,0.528,0.014193314632499999,0.4562,0.0
1,0.529,0.0142058146325,0.4552,0.0
1,0.53,0.0142183146325,0.4542,0.0
1,0.531,0.0142308146325,0.4532,0.0
1,0.532,0.0142433146325,0.4522,0.0
1,0.533,0.014255814632499999,0.4512,0.0
1,0.534,0.0142683146325,0.4502,0.0
1,0.535,0.0142808146325,0.4492,0.0
1,0.536,0.0142933146325,0.4482,0.0
1,0.537,0.0143058146325,0.4472,0.0
1,0.538,0.014318314632499999,0.4462,0.0
1,0.539,0.0143308146325,0.4452,0.0
1,0.54,0.0143433146325,0.4442,0.0
1,0.541,0.0143558146325,0.4432,0.0
1,0.542,0.0143683146325,0.4422,0.0
1,0.543,0.014380814632499999,0.4412,0.0
1,0.544,0.0143933146325,0.4402,0.0
1,0.545,0.0144058146325,0.4392,0.0
1,0.546,0.0144183146325,0.4382,0.0
1,0.547,0.014430814632499999,0.4372,0.0
1,0.548,0.014443314632499999,0.4362,0.0
1,0.549,0.0144558146325,0.4352,0.0
1,0.55,0.0144683146325,0.4342,0.0
1,0.551,0.0144808146325,0.4332,0.0
1,0.552,0.014493314632499999,0.4322,0.0
1,0.553,0.014505814632499999,0.4312,0.0
1,0.554,0.0145183146325,0.4302,0.0
1,0.555,0.0145308146325,0.4292,0.0
1,0.556,0.0145433146325,0.4282,0.0
1,0.557,0.014555814632499999,0.4272,0.0
1,0.558,0.0145683146325,0.4262,0.0
1,0.559,0.0145808146325,0.4252,0.0
1,0.56,0.0145933146325,0.4242,0.0
1,0.561,0.0146058146325,0.4232,0.0
1,0.562,0.014618314632499999,0.4222,0.0
1,0.563,0.0146308146325,0.4212,0.0
1,0.564,0.0146433146325,0.4202,0.0
1,0.565,0.0146558146325,0.4192,0.0
1,0.566,0.0146683146325,0.4182,0.0
1,0.567,0.014680814632499999,0.4172,0.0
1,0.568,0.0146933146325,0.4162,0.0
1,0.569,0.0147058146325,0.4152,0.0
1,0.57,0.0147183146325,0.4142,0.0
1,0.571,0.0147308146325,0.4132,0.0
1,0.572,0.014743314632499999,0.4122,0.0
1,0.573,0.0147558146325,0.4112,0.0
1,0.574,0.0147683146325,0.4102,0.0
1,0.575,0.0147808146325,0.4092,0.0
1,0.576,0.0147933146325,0.4082,0.0
1,0.577,0.014805814632499999,0.4072,0.0
1,0.578,0.0148183146325,0.4062,0.0
1,0.579,0.0148308146325,0.4052,0.0
1,0.58,0.0148433146325,0.4042,0.0
1,0.581,0.014855814632499999,0.4032,0.0
1,0.582,0.014868314632499999,0.4022,0.0
1,0.583,0.0148808146325,0.4012,0.0
1,0.584,0.0148933146325,0.4002,0.0
1,0.585,0.0149058146325,0.3992,0.0
1,0.586,0.014918314632499999,0.3982,0.0
1,0.587,0.0149308146325,0.3972,0.0
1,0.588,0.0149433146325,0.3962,0.0
1,0.589,0.0149558146325,0.3952,0.0
1,0.59,0.0149683146325,0.3942,0.0
1,0.591,0.014980814632499999,0.3932,0.0
1,0.592,0.0149933146325,0.3922,0.0
1,0.593,0.0150058146325,0.3912,0.0
1,0.594,0.0150183146325,0.3902,0.0
1,0.595,0.0150308146325,0.3892,0.0
1,0.596,0.015043314632499999,0.3882,0.0
1,0.597,0.0150558146325,0.3872,0.0
1,0.598,0.0150683146325,0.3862,0.0
1,0.599,0.0150808146325,0.3852,0.0
1,0.6,0.0150933146325,0.3842,0.0
1,0.601,0.015105814632499999,0.3832,0.0
1,0.602,0.0151183146325,0.3822,0.0
1,0.603,0.0151308146325,0.3812,0.0
1,0.604,0.0151433146325,0.3802,0.0
1,0.605,0.0151558146325,0.3792,0.0
1,0.606,0.015168314632499999,0.3782,0.0
1,0.607,0.0151808146325,0.3772,0.0
1,0.608,0.0151933146325,0.3762,0.0
1,0.609,0.0152058146325,0.3752,0.0
1,0.61,0.015218314632499999,0.3742,0.0
1,0.611,0.015230814632499999,0.3732,0.0
1,0.612,0.0152433146325,0.3722,0.0
1,0.613,0.0152558146325,0.3712,0.0
1,0.614,0.0152683146325,0.3702,0.0
1,0.615,0.015280814632499999,0.3692,0.0
1,0.616,0.015293314632499999,0.3682,0.0
1,0.617,0.0153058146325,0.3672,0.0
1,0.618,0.0153183146325,0.3662,0.0
1,0.619,0.0153308146325,0.3652,0.0
1,0.62,0.015343314632499999,0.3642,0.0
1,0.621,0.0153558146325,0.3632,0.0
1,0.622,0.0153683146325,0.3622,0.0
1,0.623,0.0153808146325,0.3612,0.0
1,0.624,0.0153933146325,0.3602,0.0
1,0.625,0.015405814632499999,0.3592,0.0
1,0.626,0.0154183146325,0.3582,0.0
1,0.627,0.0154308146325,0.3572,0.0
1,0.628,0.0154433146325,0.3562,0.0
1,0.629,0.0154558146325,0.3552,0.0
1,0.63,0.015468314632499999,0.3542,0.0
1,0.631,0.0154808146325,0.3532,0.0
1,0.632,0.0154933146325,0.3522,0.0
1,0.633,0.0155058146325,0.3512,0.0
1,0.634,0.0155183146325,0.3502,0.0
1,0.635,0.015530814632499999,0.3492,0.0
1,0.636,0.0155433146325,0.3482,0.0
1,0.637,0.0155558146325,0.3472,0.0
1,0.638,0.0155683146325,0.3462,0.0
1,0.639,0.0155808146325,0.3452,0.0
1,0.64,0.015593314632499999,0.3442,0.0
1,0.641,0.0156058146325,0.3432,0.0
1,0.642,0.0156183146325,0.3422,0.0
1,0.643,0.0156308146325,0.3412,0.0
1,0.644,0.0156433146325,0.3402,0.0
1,0.645,0.0156558146325,0.3392,0.0
1,0.646,0.0156683146325,0.3382,0.0
1,0.647,0.015680814632499998,0.3372,0.0
1,0.648,0.0156933146325,0.3362,0.0
1,0.649,0.0157058146325,0.3352,0.0
1,0.65,0.0157183146325,0.3342,0.0
1,0.651,0.0157308146325,0.3332,0.0
1,0.652,0.015743314632499998,0.3322,0.0
1,0.653,0.0157558146325,0.3312,0.0
1,0.654,0.0157683146325,0.3302,0.0
1,0.655,0.0157808146325,0.3292,0.0
1,0.656,0.0157933146325,0.3282,0.0
1,0.657,0.015805814632499998,0.3272,0.0
1,0.658,0.0158183146325,0.3262,0.0
1,0.659,0.0158308146325,0.3252,0.0
1,0.66,0.0158433146325,0.3242,0.0
1,0.661,0.0158558146325,0.3232,0.0
1,0.662,0.015868314632499998,0.3222,0.0
1,0.663,0.0158808146325,0.3212,0.0
1,0.664,0.0158933146325,0.3202,0.0
1,0.665,0.0159058146325,0.3192,0.0
1,0.666,0.0159183146325,0.3182,0.0
1,0.667,0.0159308146325,0.3172,0.0
1,0.668,0.0159433146325,0.3162,0.0
1,0.669,0.0159558146325,0.3152,0.0
1,0.67,0.0159683146325,0.3142,0.0
1,0.671,0.0159808146325,0.3132,0.0
1,0.672,0.0159933146325,0.3122,0.0
1,0.673,0.0160058146325,0.3112,0.0
1,0.674,0.0160183146325,0.3102,0.0
1,0.675,0.0160308146325,0.3092,0.0
1,0.676,0.0160433146325,0.3082,0.0
1,0.677,0.0160558146325,0.3072,0.0
1,0.678,0.0160683146325,0.3062,0.0
1,0.679,0.016080814632500003,0.3052,0.0
1,0.68,0.0160933146325,0.3042,0.0
1,0.681,0.0161058146325,0.3032,0.0
1,0.682,0.016118314632500002,0.3022,0.0
1,0.683,0.0161308146325,0.3012,0.0
1,0.684,0.016143314632500003,0.3002,0.0
1,0.685,0.0161558146325,0.2992,0.0
1,0.686,0.0161683146325,0.2982,0.0
1,0.687,0.016180814632500002,0.2972,0.0
1,0.688,0.0161933146325,0.2962,0.0
1,0.689,0.0162058146325,0.2952,0.0
1,0.69,0.016218314632499998,0.2942,0.0
1,0.691,0.0162308146325,0.2932,0.0
1,0.692,0.0162433146325,0.2922,0.0
1,0.693,0.0162558146325,0.2912,0.0
1,0.694,0.0162683146325,0.2902,0.0
1,0.695,0.016280814632499998,0.2892,0.0
1,0.696,0.0162933146325,0.2882,0.0
1,0.697,0.0163058146325,0.2872,0.0
1,0.698,0.0163183146325,0.2862,0.0
1,0.699,0.0163308146325,0.2852,0.0
1,0.7,0.016343314632499998,0.2842,0.0
1,0.701,0.0163558146325,0.2832,0.0
1,0.702,0.0163683146325,0.2822,0.0
1,0.703,0.0163808146325,0.2812,0.0
1,0.704,0.0163933146325,0.2802,0.0
1,0.705,0.016405814632499998,0.2792,0.0
1,0.706,0.0164183146325,0.2782,0.0
1,0.707,0.0164308146325,0.2772,0.0
1,0.708,0.0164433146325,0.2762,0.0
1,0.709,0.0164558146325,0.2752,0.0
1,0.71,0.016468314632499998,0.2742,0.0
1,0.711,0.0164808146325,0.2732,0.0
1,0.712,0.0164933146325,0.2722,0.0
1,0.713,0.0165058146325,0.2712,0.0
1,0.714,0.0165183146325,0.2702,0.0
1,0.715,0.016530814632499998,0.2692,0.0
1,0.716,0.0165433146325,0.2682,0.0
1,0.717,0.0165558146325,0.2672,0.0
1,0.718,0.0165683146325,0.2662,0.0
1,0.719,0.0165808146325,0.2652,0.0
1,0.72,0.016593314632499998,0.2642,0.0
1,0.721,0.0166058146325,0.2632,0.0
1,0.722,0.0166183146325,0.2622,0.0
1,0.723,0.0166308146325,0.2612,0.0
1,0.724,0.0166433146325,0.2602,0.0
1,0.725,0.016655814632499998,0.2592,0.0
1,0.726,0.0166683146325,0.2582,0.0
1,0.727,0.0166808146325,0.2572,0.0
1,0.728,0.0166933146325,0.2562,0.0
1,0.729,0.0167058146325,0.2552,0.0
1,0.73,0.0167183146325,0.2542,0.0
1,0.731,0.0167308146325,0.2532,0.0
1,0.732,0.0167433146325,0.2522,0.0
1,0.733,0.0167558146325,0.2512,0.0
1,0.734,0.0167683146325,0.2502,0.0
1,0.735,0.0167808146325,0.2492,0.0
1,0.736,0.0167933146325,0.2482,0.0
1,0.737,0.0168058146325,0.2472,0.0
1,0.738,0.0168183146325,0.2462,0.0
1,0.739,0.0168308146325,0.2452,0.0
1,0.74,0.0168433146325,0.2442,0.0
1,0.741,0.0168558146325,0.2432,0.0
1,0.742,0.0168683146325,0.2422,0.0
1,0.743,0.0168808146325,0.2412,0.0
1,0.744,0.0168933146325,0.2402,0.0
1,0.745,0.0169058146325,0.2392,0.0
1,0.746,0.0169183146325,0.2382,0.0
1,0.747,0.0169308146325,0.2372,0.0
1,0.748,0.0169433146325,0.2362,0.0
1,0.749,0.0169558146325,0.2352,0.0
1,0.75,0.0169683146325,0.2342,0.0
1,0.751,0.0169808146325,0.2332,0.0
1,0.752,0.0169933146325,0.2322,0.0
1,0.753,0.017005814632499998,0.2312,0.0
1,0.754,0.0170183146325,0.2302,0.0
1,0.755,0.0170308146325,0.2292,0.0
1,0.756,0.0170433146325,0.2282,0.0
1,0.757,0.017055814632500003,0.2272,0.0
1,0.758,0.017068314632499998,0.2262,0.0
1,0.759,0.017080814632500003,0.2252,0.0
1,0.76,0.017093314632500002,0.2242,0.0
1,0.761,0.0171058146325,0.2232,0.0
1,0.762,0.017118314632500003,0.2222,0.0
1,0.763,0.017130814632499998,0.2212,0.0
1,0.764,0.017143314632500004,0.2202,0.0
1,0.765,0.017155814632500002,0.2192,0.0
1,0.766,0.0171683146325,0.2182,0.0
1,0.767,0.0171808146325,0.2172,0.0
1,0.768,0.0171933146325,0.2162,0.0
1,0.769,0.017205814632500004,0.2152,0.0
1,0.77,0.017218314632500002,0.2142,0.0
1,0.771,0.0172308146325,0.2132,0.0
1,0.772,0.017243314632500003,0.2122,0.0
1,0.773,0.017255814632499998,0.2112,0.0
1,0.774,0.017268314632500004,0.2102,0.0
1,0.775,0.017280814632500002,0.2092,0.0
1,0.776,0.0172933146325,0.2082,0.0
1,0.777,0.017305814632500003,0.2072,0.0
1,0.778,0.0173183146325,0.2062,0.0
1,0.779,0.017330814632500004,0.2052,0.0
1,0.78,0.017343314632500002,0.2042,0.0
1,0.781,0.0173558146325,0.2032,0.0
1,0.782,0.017368314632500003,0.2022,0.0
1,0.783,0.0173808146325,0.2012,0.0
1,0.784,0.017393314632500004,0.2002,0.0
1,0.785,0.017405814632500002,0.1992,0.0
1,0.786,0.0174183146325,0.1982,0.0
1,0.787,0.017430814632500003,0.1972,0.0
1,0.788,0.0174433146325,0.1962,0.0
1,0.789,0.017455814632500004,0.1952,0.0
1,0.79,0.017468314632500002,0.1942,0.0
1,0.791,0.0174808146325,0.1932,0.0
1,0.792,0.017493314632500003,0.1922,0.0
1,0.793,0.017505814632500002,0.1912,0.0
1,0.794,0.017518314632500004,0.1902,0.0
1,0.795,0.017530814632500002,0.1892,0.0
1,0.796,0.0175433146325,0.1882,0.0
1,0.797,0.017555814632500003,0.1872,0.0
1,0.798,0.017568314632500002,0.1862,0.0
1,0.799,0.017580814632500004,0.1852,0.0
1,0.8,0.017593314632500003,0.1842,0.0
1,0.801,0.0176058146325,0.1832,0.0
1,0.802,0.017618314632500003,0.1822,0.0
1,0.803,0.017630814632500002,0.1812,0.0
1,0.804,0.017643314632500004,0.1802,0.0
1,0.805,0.017655814632500003,0.1792,0.0
1,0.806,0.0176683146325,0.1782,0.0
1,0.807,0.017680814632500003,0.1772,0.0
1,0.808,0.017693314632500002,0.1762,0.0
1,0.809,0.017705814632500004,0.1752,0.0
1,0.81,0.017718314632500003,0.1742,0.0
1,0.811,0.0177308146325,0.1732,0.0
1,0.812,0.017743314632500003,0.1722,0.0
1,0.813,0.0177558146325,0.1712,0.0
1,0.814,0.0177683146325,0.1702,0.0
1,0.815,0.0177808146325,0.1692,0.0
1,0.816,0.017793314632499998,0.1682,0.0
1,0.817,0.0178058146325,0.1672,0.0
1,0.818,0.0178183146325,0.1662,0.0
1,0.819,0.0178308146325,0.1652,0.0
1,0.82,0.0178433146325,0.1642,0.0
1,0.821,0.017855814632499998,0.1632,0.0
1,0.822,0.0178683146325,0.1622,0.0
1,0.823,0.0178808146325,0.1612,0.0
1,0.824,0.0178933146325,0.1602,0.0
1,0.825,0.0179058146325,0.1592,0.0
1,0.826,0.017918314632499998,0.1582,0.0
1,0.827,0.0179308146325,0.1572,0.0
1,0.828,0.0179433146325,0.1562,0.0
1,0.829,0.0179558146325,0.1552,0.0
1,0.83,0.0179683146325,0.1542,0.0
1,0.831,0.017980814632499998,0.1532,0.0
1,0.832,0.017993314632500004,0.1522,0.0
1,0.833,0.0180058146325,0.1512,0.0
1,0.834,0.0180183146325,0.1502,0.0
1,0.835,0.0180308146325,0.1492,0.0
1,0.836,0.018043314632499998,0.1482,0.0
1,0.837,0.0180558146325,0.1472,0.0
1,0.838,0.0180683146325,0.1462,0.0
1,0.839,0.0180808146325,0.1452,0.0
1,0.84,0.0180933146325,0.1442,0.0
1,0.841,0.018105814632499998,0.1432,0.0
1,0.842,0.0181183146325,0.1422,0.0
1,0.843,0.0181308146325,0.1412,0.0
1,0.844,0.0181433146325,0.1402,0.0
1,0.845,0.0181558146325,0.1392,0.0
1,0.846,0.0181683146325,0.1382,0.0
1,0.847,0.018180814632500004,0.1372,0.0
1,0.848,0.018193314632500002,0.1362,0.0
1,0.849,0.0182058146325,0.1352,0.0
1,0.85,0.018218314632500003,0.1342,0.0
1,0.851,0.0182308146325,0.1332,0.0
1,0.852,0.018243314632500004,0.1322,0.0
1,0.853,0.018255814632500002,0.1312,0.0
1,0.854,0.0182683146325,0.1302,0.0
1,0.855,0.018280814632500003,0.1292,0.0
1,0.856,0.018293314632500002,0.1282,0.0
1,0.857,0.018305814632500004,0.1272,0.0
1,0.858,0.018318314632500002,0.1262,0.0
1,0.859,0.0183308146325,0.1252,0.0
1,0.86,0.018343314632500003,0.1242,0.0
1,0.861,0.018355814632500002,0.1232,0.0
1,0.862,0.018368314632500004,0.1222,0.0
1,0.863,0.0183808146325,0.1212,0.0
1,0.864,0.0183933146325,0.1202,0.0
1,0.865,0.018405814632500003,0.1192,0.0
1,0.866,0.0184183146325,0.1182,0.0
1,0.867,0.018430814632500004,0.1172,0.0
1,0.868,0.018443314632500003,0.1162,0.0
1,0.869,0.0184558146325,0.1152,0.0
1,0.87,0.018468314632500003,0.1142,0.0
1,0.871,0.018480814632500002,0.1132,0.0
1,0.872,0.018493314632500004,0.1122,0.0
1,0.873,0.018505814632500003,0.1112,0.0
1,0.874,0.0185183146325,0.1102,0.0
1,0.875,0.018530814632500003,0.1092,0.0
1,0.876,0.018543314632500002,0.1082,0.0
1,0.877,0.018555814632500004,0.1072,0.0
1,0.878,0.018568314632500003,0.1062,0.0
1,0.879,0.0185808146325,0.1052,0.0
1,0.88,0.018593314632500003,0.1042,0.0
1,0.881,0.018605814632500002,0.1032,0.0
1,0.882,0.0186183146325,0.1022,0.0
1,0.883,0.018630814632500003,0.1012,0.0
1,0.884,0.0186433146325,0.1002,0.0
1,0.885,0.018655814632500003,0.0992,0.0
1,0.886,0.018668314632500002,0.0982,0.0
1,0.887,0.0186808146325,0.0972,0.0
1,0.888,0.018693314632500003,0.0962,0.0
1,0.889,0.0187058146325,0.0952,0.0
1,0.89,0.018718314632500004,0.0942,0.0
1,0.891,0.018730814632500002,0.0932,0.0
1,0.892,0.0187433146325,0.0922,0.0
1,0.893,0.018755814632500003,0.0912,0.0
1,0.894,0.0187683146325,0.0902,0.0
1,0.895,0.018780814632500004,0.0892,0.0
1,0.896,0.018793314632500002,0.0882,0.0
1,0.897,0.0188058146325,0.0872,0.0
1,0.898,0.018818314632500003,0.0862,0.0
1,0.899,0.0188308146325,0.0852,0.0
1,0.9,0.018843314632500004,0.0842,0.0
1,0.901,0.018855814632500002,0.0832,0.0
1,0.902,0.0188683146325,0.0822,0.0
1,0.903,0.018880814632500003,0.0812,0.0
1,0.904,0.0188933146325,0.0802,0.0
1,0.905,0.018905814632500004,0.0792,0.0
1,0.906,0.018918314632500002,0.0782,0.0
1,0.907,0.0189308146325,0.0772,0.0
1,0.908,0.018943314632500003,0.0762,0.0
1,0.909,0.0189558146325,0.0752,0.0
1,0.91,0.018968314632500004,0.0742,0.0
1,0.911,0.018980814632500006,0.0732,0.0
1,0.912,0.0189933146325,0.0722,0.0
1,0.913,0.019005814632500007,0.0712,0.0
1,0.914,0.0190183146325,0.0702,0.0
1,0.915,0.019030814632500004,0.0692,0.0
1,0.916,0.019043314632500006,0.0682,0.0
1,0.917,0.019055814632500005,0.0672,0.0
1,0.918,0.019068314632500003,0.0662,0.0
1,0.919,0.019080814632500005,0.0652,0.0
1,0.92,0.019093314632500004,0.0642,0.0
1,0.921,0.019105814632500006,0.0632,0.0
1,0.922,0.019118314632500005,0.0622,0.0
1,0.923,0.019130814632500007,0.0612,0.0
1,0.924,0.019143314632500005,0.0602,0.0
1,0.925,0.019155814632500004,0.0592,0.0
1,0.926,0.019168314632500006,0.0582,0.0
1,0.927,0.019180814632500005,0.0572,0.0
1,0.928,0.019193314632500007,0.0562,0.0
1,0.929,0.019205814632500005,0.0552,0.0
1,0.93,0.019218314632500004,0.0542,0.0
1,0.931,0.019230814632500006,0.0532,0.0
1,0.932,0.019243314632500005,0.0522,0.0
1,0.933,0.019255814632500007,0.0512,0.0
1,0.934,0.019268314632500005,0.0502,0.0
1,0.935,0.019280814632500004,0.0492,0.0
1,0.936,0.019293314632500006,0.0482,0.0
1,0.937,0.019305814632500005,0.0472,0.0
1,0.938,0.0193183146325,0.0462,0.0
1,0.939,0.019330814632500002,0.0452,0.0
1,0.94,0.0193433146325,0.0442,0.0
1,0.941,0.019355814632500003,0.0432,0.0
1,0.942,0.0193683146325,0.0422,0.0
1,0.943,0.019380814632500003,0.0412,0.0
1,0.944,0.019393314632500002,0.0402,0.0
1,0.945,0.0194058146325,0.0392,0.0
1,0.946,0.019418314632500003,0.0382,0.0
1,0.947,0.0194308146325,0.0372,0.0
1,0.948,0.019443314632500003,0.0362,0.0
1,0.949,0.019455814632500002,0.0352,0.0
1,0.95,0.0194683146325,0.0342,0.0
1,0.951,0.019480814632500003,0.0332,0.0
1,0.952,0.0194933146325,0.0322,0.0
1,0.953,0.019505814632500004,0.0312,0.0
1,0.954,0.019518314632500002,0.0302,0.0
1,0.955,0.0195308146325,0.0292,0.0
1,0.956,0.019543314632500003,0.0282,0.0
1,0.957,0.0195558146325,0.0272,0.0
1,0.958,0.019568314632500004,0.0262,0.0
1,0.959,0.019580814632500002,0.0252,0.0
1,0.96,0.0195933146325,0.0242,0.0
1,0.961,0.019605814632500003,0.0232,0.0
1,0.962,0.0196183146325,0.0222,0.0
1,0.963,0.019630814632500004,0.0212,0.0
1,0.964,0.019643314632500002,0.0202,0.0
1,0.965,0.0196558146325,0.0192,0.0
1,0.966,0.019668314632500003,0.0182,0.0
1,0.967,0.0196808146325,0.0172,0.0
1,0.968,0.019693314632500004,0.0162,0.0
1,0.969,0.019705814632500002,0.0152,0.0
1,0.97,0.0197183146325,0.0142,0.0
1,0.971,0.019730814632500003,0.0132,0.0
1,0.972,0.0197433146325,0.0122,0.0
1,0.973,0.019755814632500004,0.0112,0.0
1,0.974,0.019768314632500002,0.0102,0.0
1,0.975,0.0197808146325,0.0092,0.0
1,0.976,0.019793314632500003,0.0082,0.0
1,0.977,0.019805814632500002,0.0072,0.0
1,0.978,0.019818314632500004,0.0062,0.0
1,0.979,0.019830814632500002,0.0052,0.0
1,0.98,0.0198433146325,0.0042,0.0
1,0.981,0.019855814632500003,0.0032,0.0
1,0.982,0.019868314632500002,0.0022,0.0
1,0.983,0.019880814632500004,0.0012,0.0
1,0.984,0.019893314632500003,0.0002,0.0
1,0.985,0.019913624862500003,0.0,0.0
1,0.986,0.01993591453,0.0,0.0
1,0.987,0.019958232197500002,0.0,0.0
1,0.988,0.019980575865000003,0.0,0.0
1,0.989,0.020002943532500005,0.0,0.0
1,0.99,0.020025333200000002,0.0,0.0
1,0.991,0.020047742867500003,0.0,0.0
1,0.992,0.020070170535,0.0,0.0
1,0.993,0.020092614202500005,0.0,0.0
1,0.994,0.020115071870000004,0.0,0.0
1,0.995,0.020137541537500005,0.0,0.0
1,0.996,0.020160021205000003,0.0,0.0
1,0.997,0.020182508872500005,0.0,0.0
1,0.998,0.020205002540000003,0.0,0.0
1,0.999,0.020227500207500002,0.0,0.0
1,1.0,0.020249999875000004,0.0,0.0
1,1.001,0.0202724995425,0.0,0.0
1,1.002,0.020294997210000002,0.0,0.0
1,1.003,0.0203174908775,0.0,0.0
1,1.004,0.020339978545,0.0,0.0
1,1.005,0.0203624582125,0.0,0.0
1,1.006,0.020384927880000004,0.0,0.0
1,1.007,0.0204073855475,0.0,0.0
1,1.008,0.020429829215000004,0.0,0.0
1,1.009,0.020452256882500002,0.0,0.0
1,1.01,0.020474666550000003,0.0,0.0
1,1.011,0.0204970562175,0.0,0.0
1,1.012,0.020519423885000002,0.0,0.0
1,1.013,0.0205417675525,0.0,0.0
1,1.014,0.020564085220000004,0.0,0.0
1,1.015,0.0205863748875,0.0,0.0
1,1.016,0.020608634555000005,0.0,0.0
1,1.017,0.0206308622225,0.0,0.0
1,1.018,0.020653055890000004,0.0,0.0
1,1.019,0.020675213557500002,0.0,0.0
1,1.02,0.020697333225000003,0.0,0.0
1,1.021,0.020719412892500004,0.0,0.0
1,1.022,0.020741450560000003,0.0,0.0
1,1.023,0.020763444227500004,0.0,0.0
1,1.024,0.020785391895000005,0.0,0.0
1,1.025,0.0208072915625,0.0,0.0
1,1.026,0.020829141230000004,0.0,0.0
1,1.027,0.0208509388975,0.0,0.0
1,1.028,0.020872682565,0.0,0.0
1,1.029,0.0208943702325,0.0,0.0
1,1.03,0.020915999900000003,0.0,0.0
1,1.031,0.0209375695675,0.0,0.0
1,1.032,0.020959077235000005,0.0,0.0
1,1.033,0.0209805209025,0.0,0.0
1,1.034,0.021001898570000004,0.0,0.0
1,1.035,0.0210232082375,0.0,0.0
1,1.036,0.021044447905000003,0.0,0.0
1,1.037,0.0210656155725,0.0,0.0
1,1.038,0.021086709240000005,0.0,0.0
1,1.039,0.0211077269075,0.0,0.0
1,1.04,0.021128666575000007,0.0,0.0
1,1.041,0.0211495262425,0.0,0.0
1,1.042,0.021170303910000004,0.0,0.0
1,1.043,0.021190997577500002,0.0,0.0
1,1.044,0.021211605245000004,0.0,0.0
1,1.045,0.0212321249125,0.0,0.0
1,1.046,0.021252554580000003,0.0,0.0
1,1.047,0.0212728922475,0.0,0.0
1,1.048,0.021293135915000004,0.0,0.0
1,1.049,0.021313283582500002,0.0,0.0
1,1.05,0.021333333250000003,0.0,0.0
1,1.051,0.0213532829175,0.0,0.0
1,1.052,0.021373130585000004,0.0,0.0
1,1.053,0.021392874252500003,0.0,0.0
1,1.054,0.021412511920000002,0.0,0.0
1,1.055,0.021432041587500002,0.0,0.0
1,1.056,0.021451461255000005,0.0,0.0
1,1.057,0.0214707689225,0.0,0.0
1,1.058,0.021489962590000005,0.0,0.0
1,1.059,0.0215090402575,0.0,0.0
1,1.06,0.021527999925000003,0.0,0.0
1,1.061,0.021546839592500002,0.0,0.0
1,1.062,0.021565557260000003,0.0,0.0
1,1.063,0.021584150927500004,0.0,0.0
1,1.064,0.021602618595000005,0.0,0.0
1,1.065,0.021620958262500004,0.0,0.0
1,1.066,0.02163916793,0.0,0.0
1,1.067,0.021657245597500003,0.0,0.0
1,1.068,0.021675189265000002,0.0,0.0
1,1.069,0.0216929969325,0.0,0.0
1,1.07,0.021710666600000005,0.0,0.0
1,1.071,0.021728196267500003,0.0,0.0
1,1.072,0.021745583935000003,0.0,0.0
1,1.073,0.021762827602500003,0.0,0.0
1,1.074,0.021779925270000004,0.0,0.0
1,1.075,0.021796874937500002,0.0,0.0
1,1.076,0.021813674605000007,0.0,0.0
1,1.077,0.0218303222725,0.0,0.0
1,1.078,0.021846815940000004,0.0,0.0
1,1.079,0.0218631536075,0.0,0.0
1,1.08,0.021879333275000006,0.0,0.0
1,1.081,0.0218953529425,0.0,0.0
1,1.082,0.021911210610000002,0.0,0.0
1,1.083,0.0219269042775,0.0,0.0
1,1.084,0.021942431945000004,0.0,0.0
1,1.085,0.021957791612500003,0.0,0.0
1,1.086,0.021972981280000005,0.0,0.0
1,1.087,0.0219879989475,0.0,0.0
1,1.088,0.022002842615000004,0.0,0.0
1,1.089,0.0220175102825,0.0,0.0
1,1.09,0.022031999950000006,0.0,0.0
1,1.091,0.022046309617500003,0.0,0.0
1,1.092,0.022060437285000005,0.0,0.0
1,1.093,0.0220743809525,0.0,0.0
1,1.094,0.022088138620000003,0.0,0.0
1,1.095,0.022101708287500004,0.0,0.0
1,1.096,0.022115087955000005,0.0,0.0
1,1.097,0.022128275622500002,0.0,0.0
1,1.098,0.02214126929,0.0,0.0
1,1.099,0.022154066957500003,0.0,0.0
1,1.1,0.022166666625000005,0.0,0.0
1,1.101,0.0221790662925,0.0,0.0
1,1.102,0.022191263960000002,0.0,0.0
1,1.103,0.022203257627500004,0.0,0.0
1,1.104,0.022215045295000003,0.0,0.0
1,1.105,0.022226624962500004,0.0,0.0
1,1.106,0.022237994630000004,0.0,0.0
1,1.107,0.0222491522975,0.0,0.0
1,1.108,0.022260095965000004,0.0,0.0
1,1.109,0.022270823632500002,0.0,0.0
1,1.11,0.022281333300000004,0.0,0.0
1,1.111,0.0222916229675,0.0,0.0
1,1.112,0.022301690635000003,0.0,0.0
1,1.113,0.0223115343025,0.0,0.0
1,1.114,0.02232115197,0.0,0.0
1,1.115,0.022330541637500003,0.0,0.0
1,1.116,0.022339701305,0.0,0.0
1,1.117,0.0223486289725,0.0,0.0
1,1.118,0.022357322640000003,0.0,0.0
1,1.119,0.022365780307500003,0.0,0.0
1,1.12,0.022373999975000003,0.0,0.0
1,1.121,0.0223819796425,0.0,0.0
1,1.122,0.022389717310000005,0.0,0.0
1,1.123,0.022397210977500002,0.0,0.0
1,1.124,0.022404458645000003,0.0,0.0
1,1.125,0.022411458312500004,0.0,0.0
1,1.126,0.022418207980000004,0.0,0.0
1,1.127,0.0224247056475,0.0,0.0
1,1.128,0.022430949315,0.0,0.0
1,1.129,0.022436936982500003,0.0,0.0
1,1.13,0.022442666650000002,0.0,0.0
1,1.131,0.022448136317500002,0.0,0.0
1,1.132,0.022453343985000002,0.0,0.0
1,1.133,0.022458287652500002,0.0,0.0
1,1.134,0.02246296532,0.0,0.0
1,1.135,0.022467374987500004,0.0,0.0
1,1.136,0.022471514655,0.0,0.0
1,1.137,0.0224753823225,0.0,0.0
1,1.138,0.022478975990000004,0.0,0.0
1,1.139,0.022482293657500003,0.0,0.0
1,1.14,0.022485333325000002,0.0,0.0
1,1.141,0.022488092992500004,0.0,0.0
1,1.142,0.022490570660000004,0.0,0.0
1,1.143,0.022492764327500005,0.0,0.0
1,1.144,0.022494671995000003,0.0,0.0
1,1.145,0.0224962916625,0.0,0.0
1,1.146,0.022497621330000002,0.0,0.0
1,1.147,0.0224986589975,0.0,0.0
1,1.148,0.022499402665,0.0,0.0
1,1.149,0.0224998503325,0.0,0.0
1,1.15,0.022500000000000003,0.0,0.0
1,1.151,0.022500000000000003,0.0,0.0
1,1.152,0.022500000000000003,0.0,0.0
1,1.153,0.022500000000000003,0.0,0.0
1,1.154,0.022500000000000003,0.0,0.0
1,1.155,0.022500000000000003,0.0,0.0
1,1.156,0.022500000000000003,0.0,0.0
1,1.157,0.022500000000000003,0.0,0.0
1,1.158,0.022500000000000003,0.0,0.0
1,1.159,0.022500000000000003,0.0,0.0
1,1.16,0.022500000000000003,0.0,0.0
1,1.161,0.022500000000000003,0.0,0.0
1,1.162,0.022500000000000003,0.0,0.0
1,1.163,0.022500000000000003,0.0,0.0
1,1.164,0.022500000000000003,0.0,0.0
1,1.165,0.022500000000000003,0.0,0.0
1,1.166,0.022500000000000003,0.0,0.0
1,1.167,0.022500000000000003,0.0,0.0
1,1.168,0.022500000000000003,0.0,0.0
1,1.169,0.022500000000000003,0.0,0.0
1,1.17,0.022500000000000003,0.0,0.0
1,1.171,0.022500000000000003,0.0,0.0
1,1.172,0.022500000000000003,0.0,0.0
1,1.173,0.022500000000000003,0.0,0.0
1,1.174,0.022500000000000003,0.0,0.0
1,1.175,0.022500000000000003,0.0,0.0
1,1.176,0.022500000000000003,0.0,0.0
1,1.177,0.022500000000000003,0.0,0.0
1,1.178,0.022500000000000003,0.0,0.0
1,1.179,0.022500000000000003,0.0,0.0
1,1.18,0.022500000000000003,0.0,0.0
1,1.181,0.022500000000000003,0.0,0.0
1,1.182,0.022500000000000003,0.0,0.0
1,1.183,0.022500000000000003,0.0,0.0
1,1.184,0.022500000000000003,0.0,0.0
1,1.185,0.022500000000000003,0.0,0.0
1,1.186,0.022500000000000003,0.0,0.0
1,1.187,0.022500000000000003,0.0,0.0
1,1.188,0.022500000000000003,0.0,0.0
1,1.189,0.022500000000000003,0.0,0.0
1,1.19,0.022500000000000003,0.0,0.0
1,1.191,0.022500000000000003,0.0,0.0
1,1.192,0.022500000000000003,0.0,0.0
1,1.193,0.022500000000000003,0.0,0.0
1,1.194,0.022500000000000003,0.0,0.0
1,1.195,0.022500000000000003,0.0,0.0
1,1.196,0.022500000000000003,0.0,0.0
1,1.197,0.022500000000000003,0.0,0.0
1,1.198,0.022500000000000003,0.0,0.0
1,1.199,0.022500000000000003,0.0,0.0
1,1.2,0.022500000000000003,0.0,0.0
