q,d,mean_user_loss,review_share,regime
0.0,0.85,0.018000000000000002,0.0,no_review
0.0005,0.85,0.018000000000000002,0.0,no_review
0.001,0.85,0.018000000000000002,0.0,no_review
0.0015,0.85,0.018000000000000002,0.0,no_review
0.002,0.85,0.018000000000000002,0.0,no_review
0.0025,0.85,0.018000000000000002,0.0,no_review
0.003,0.85,0.018000000000000002,0.0,no_review
0.0035,0.85,0.018000000000000002,0.0,no_review
0.004,0.85,0.018000000000000002,0.0,no_review
0.0045000000000000005,0.85,0.018000000000000002,0.0,no_review
0.005,0.85,0.018000000000000002,0.0,no_review
0.0055,0.85,0.018000000000000002,0.0,no_review
0.006,0.85,0.018000000000000002,0.0,no_review
0.006500000000000001,0.85,0.018000000000000002,0.0,no_review
0.007,0.85,0.018000000000000002,0.0,no_review
0.0075,0.85,0.018000000000000002,0.0,no_review
0.008,0.85,0.018000000000000002,0.0,no_review
0.0085,0.85,0.018000000000000002,0.0,no_review
0.009000000000000001,0.85,0.018000000000000002,0.0,no_review
0.0095,0.85,0.018000000000000002,0.0,no_review
0.01,0.85,0.018000000000000002,0.0,no_review
0.0105,0.85,0.018000000000000002,0.0,no_review
0.011,0.85,0.018000000000000002,0.0,no_review
0.0115,0.85,0.018000000000000002,0.0,no_review
0.012,0.85,0.018000000000000002,0.0,no_review
0.0125,0.85,0.018000000000000002,0.0,no_review
0.013000000000000001,0.85,0.018000000000000002,0.0,no_review
0.0135,0.85,0.018000000000000002,0.0,no_review
0.014,0.85,0.018000000000000002,0.0,no_review
0.0145,0.85,0.018000000000000002,0.0,no_review
0.015,0.85,0.018000000000000002,0.0,no_review
0.0155,0.85,0.018000000000000002,0.0,no_review
0.016,0.85,0.018000000000000002,0.0,no_review
0.0165,0.85,0.018000000000000002,0.0,no_review
0.017,0.85,0.018000000000000002,0.0,no_review
0.0175,0.85,0.018000000000000002,0.0,no_review
0.018000000000000002,0.85,0.018000000000000002,0.0,no_review
0.0185,0.85,0.018000000000000002,0.0,no_review
0.019,0.85,0.018000000000000002,0.0,no_review
0.0195,0.85,0.018000000000000002,0.0,no_review
0.02,0.85,0.018000000000000002,0.0,no_review
0.0205,0.85,0.018000000000000002,0.0,no_review
0.021,0.85,0.018000000000000002,0.0,no_review
0.021500000000000002,0.85,0.018000000000000002,0.0,no_review
0.022,0.85,0.018000000000000002,0.0,no_review
0.0225,0.85,0.018000000000000002,0.0,no_review
0.023,0.85,0.018000000000000002,0.0,no_review
0.0235,0.85,0.018000000000000002,0.0,no_review
0.024,0.85,0.018000000000000002,0.0,no_review
0.0245,0.85,0.018000000000000002,0.0,no_review
0.025,0.85,0.018000000000000002,0.0,no_review
0.025500000000000002,0.85,0.018000000000000002,0.0,no_review
0.026000000000000002,0.85,0.018000000000000002,0.0,no_review
0.0265,0.85,0.018000000000000002,0.0,no_review
0.027,0.85,0.018000000000000002,0.0,no_review
0.0275,0.85,0.018000000000000002,0.0,no_review
0.028,0.85,0.018000000000000002,0.0,no_review
0.0285,0.85,0.018000000000000002,0.0,no_review
0.029,0.85,0.018000000000000002,0.0,no_review
0.029500000000000002,0.85,0.018000000000000002,0.0,no_review
0.03,0.85,0.018000000000000002,0.0,no_review
0.0305,0.85,0.018000000000000002,0.0,no_review
0.031,0.85,0.018000000000000002,0.0,no_review
0.0315,0.85,0.018000000000000002,0.0,no_review
0.032,0.85,0.018000000000000002,0.0,no_review
0.0325,0.85,0.018000000000000002,0.0,no_review
0.033,0.85,0.018000000000000002,0.0,no_review
0.0335,0.85,0.018000000000000002,0.0,no_review
0.034,0.85,0.018000000000000002,0.0,no_review
0.0345,0.85,0.018000000000000002,0.0,no_review
0.035,0.85,0.018000000000000002,0.0,no_review
0.035500000000000004,0.85,0.018000000000000002,0.0,no_review
0.036000000000000004,0.85,0.018000000000000002,0.0,no_review
0.0365,0.85,0.018000000000000002,0.0,no_review
0.037,0.85,0.018000000000000002,0.0,no_review
0.0375,0.85,0.018000000000000002,0.0,no_review
0.038,0.85,0.018000000000000002,0.0,no_review
0.0385,0.85,0.018000000000000002,0.0,no_review
0.039,0.85,0.018000000000000002,0.0,no_review
0.0395,0.85,0.018000000000000002,0.0,no_review
0.04,0.85,0.018000000000000002,0.0,no_review
0.0405,0.85,0.018000000000000002,0.0,no_review
0.041,0.85,0.018000000000000002,0.0,no_review
0.0415,0.85,0.018000000000000002,0.0,no_review
0.042,0.85,0.018000000000000002,0.0,no_review
0.0425,0.85,0.018000000000000002,0.0,no_review
0.043000000000000003,0.85,0.018000000000000002,0.0,no_review
0.043500000000000004,0.85,0.018000000000000002,0.0,no_review
0.044,0.85,0.018000000000000002,0.0,no_review
0.0445,0.85,0.018000000000000002,0.0,no_review
0.045,0.85,0.018000000000000002,0.0,no_review
0.0455,0.85,0.018000000000000002,0.0,no_review
0.046,0.85,0.018000000000000002,0.0,no_review
0.0465,0.85,0.018000000000000002,0.0,no_review
0.047,0.85,0.018000000000000002,0.0,no_review
0.0475,0.85,0.018000000000000002,0.0,no_review
0.048,0.85,0.018000000000000002,0.0,no_review
0.0485,0.85,0.018000000000000002,0.0,no_review
0.049,0.85,0.018000000000000002,0.0,no_review
0.0495,0.85,0.018000000000000002,0.0,no_review
0.05,0.85,0.018000000000000002,0.0,no_review
0.0505,0.85,0.018000000000000002,0.0,no_review
0.051000000000000004,0.85,0.018000000000000002,0.0,no_review
0.051500000000000004,0.85,0.018000000000000002,0.0,no_review
0.052000000000000005,0.85,0.018000000000000002,0.0,no_review
0.0525,0.85,0.018000000000000002,0.0,no_review
0.053,0.85,0.018000000000000002,0.0,no_review
0.0535,0.85,0.018000000000000002,0.0,no_review
0.054,0.85,0.018000000000000002,0.0,no_review
0.0545,0.85,0.018000000000000002,0.0,no_review
0.055,0.85,0.018000000000000002,0.0,no_review
0.0555,0.85,0.018000000000000002,0.0,no_review
0.056,0.85,0.018000000000000002,0.0,no_review
0.0565,0.85,0.018000000000000002,0.0,no_review
0.057,0.85,0.018000000000000002,0.0,no_review
0.0575,0.85,0.018000000000000002,0.0,no_review
0.058,0.85,0.018000000000000002,0.0,no_review
0.0585,0.85,0.018000000000000002,0.0,no_review
0.059000000000000004,0.85,0.018000000000000002,0.0,no_review
0.059500000000000004,0.85,0.018000000000000002,0.0,no_review
0.06,0.85,0.018000000000000002,0.0,no_review
0.0605,0.85,0.018000000000000002,0.0,no_review
0.061,0.85,0.018000000000000002,0.0,no_review
0.0615,0.85,0.018000000000000002,0.0,no_review
0.062,0.85,0.018000000000000002,0.0,no_review
0.0625,0.85,0.018000000000000002,0.0,no_review
0.063,0.85,0.018000000000000002,0.0,no_review
0.0635,0.85,0.018000000000000002,0.0,no_review
0.064,0.85,0.018000000000000002,0.0,no_review
0.0645,0.85,0.018000000000000002,0.0,no_review
0.065,0.85,0.018000000000000002,0.0,no_review
0.0655,0.85,0.018000000000000002,0.0,no_review
0.066,0.85,0.018000000000000002,0.0,no_review
0.0665,0.85,0.018000000000000002,0.0,no_review
0.067,0.85,0.018000000000000002,0.0,no_review
0.0675,0.85,0.018000000000000002,0.0,no_review
0.068,0.85,0.018000000000000002,0.0,no_review
0.0685,0.85,0.018000000000000002,0.0,no_review
0.069,0.85,0.018000000000000002,0.0,no_review
0.0695,0.85,0.018000000000000002,0.0,no_review
0.07,0.85,0.018000000000000002,0.0,no_review
0.07050000000000001,0.85,0.018000000000000002,0.0,no_review
0.07100000000000001,0.85,0.018000000000000002,0.0,no_review
0.07150000000000001,0.85,0.018000000000000002,0.0,no_review
0.07200000000000001,0.85,0.018000000000000002,0.0,no_review
0.0725,0.85,0.018000000000000002,0.0,no_review
0.073,0.85,0.018000000000000002,0.0,no_review
0.0735,0.85,0.018000000000000002,0.0,no_review
0.074,0.85,0.018000000000000002,0.0,no_review
0.0745,0.85,0.018000000000000002,0.0,no_review
0.075,0.85,0.018000000000000002,0.0,no_review
0.0755,0.85,0.018000000000000002,0.0,no_review
0.076,0.85,0.018000000000000002,0.0,no_review
0.0765,0.85,0.018000000000000002,0.0,no_review
0.077,0.85,0.018000000000000002,0.0,no_review
0.0775,0.85,0.018000000000000002,0.0,no_review
0.078,0.85,0.018000000000000002,0.0,no_review
0.0785,0.85,0.018000000000000002,0.0,no_review
0.079,0.85,0.018000000000000002,0.0,no_review
0.0795,0.85,0.018000000000000002,0.0,no_review
0.08,0.85,0.018000000000000002,0.0,no_review
0.0805,0.85,0.018000000000000002,0.0,no_review
0.081,0.85,0.018000000000000002,0.0,no_review
0.0815,0.85,0.018000000000000002,0.0,no_review
0.082,0.85,0.018000000000000002,0.0,no_review
0.0825,0.85,0.018000000000000002,0.0,no_review
0.083,0.85,0.018000000000000002,0.0,no_review
0.0835,0.85,0.018000000000000002,0.0,no_review
0.084,0.85,0.018000000000000002,0.0,no_review
0.0845,0.85,0.018000000000000002,0.0,no_review
0.085,0.85,0.018000000000000002,0.0,no_review
0.0855,0.85,0.018000000000000002,0.0,no_review
0.08600000000000001,0.85,0.018000000000000002,0.0,no_review
0.08650000000000001,0.85,0.018000000000000002,0.0,no_review
0.08700000000000001,0.85,0.018000000000000002,0.0,no_review
0.08750000000000001,0.85,0.018000000000000002,0.0,no_review
0.088,0.85,0.018000000000000002,0.0,no_review
0.0885,0.85,0.018000000000000002,0.0,no_review
0.089,0.85,0.018000000000000002,0.0,no_review
0.0895,0.85,0.018000000000000002,0.0,no_review
0.09,0.85,0.018000000000000002,0.0,no_review
0.0905,0.85,0.018000000000000002,0.0,no_review
0.091,0.85,0.018000000000000002,0.0,no_review
0.0915,0.85,0.018000000000000002,0.0,no_review
0.092,0.85,0.018000000000000002,0.0,no_review
0.0925,0.85,0.018000000000000002,0.0,no_review
0.093,0.85,0.018000000000000002,0.0,no_review
0.0935,0.85,0.018000000000000002,0.0,no_review
0.094,0.85,0.018000000000000002,0.0,no_review
0.0945,0.85,0.018000000000000002,0.0,no_review
0.095,0.85,0.018000000000000002,0.0,no_review
0.0955,0.85,0.018000000000000002,0.0,no_review
0.096,0.85,0.018000000000000002,0.0,no_review
0.0965,0.85,0.018000000000000002,0.0,no_review
0.097,0.85,0.018000000000000002,0.0,no_review
0.0975,0.85,0.018000000000000002,0.0,no_review
0.098,0.85,0.018000000000000002,0.0,no_review
0.0985,0.85,0.018000000000000002,0.0,no_review
0.099,0.85,0.018000000000000002,0.0,no_review
0.0995,0.85,0.018000000000000002,0.0,no_review
0.1,0.85,0.018000000000000002,0.0,no_review
0.1005,0.85,0.018000000000000002,0.0,no_review
0.101,0.85,0.018000000000000002,0.0,no_review
0.1015,0.85,0.018000000000000002,0.0,no_review
0.10200000000000001,0.85,0.018000000000000002,0.0,no_review
0.10250000000000001,0.85,0.018000000000000002,0.0,no_review
0.10300000000000001,0.85,0.018000000000000002,0.0,no_review
0.10350000000000001,0.85,0.018000000000000002,0.0,no_review
0.10400000000000001,0.85,0.018000000000000002,0.0,no_review
0.1045,0.85,0.018000000000000002,0.0,no_review
0.105,0.85,0.018000000000000002,0.0,no_review
0.1055,0.85,0.018000000000000002,0.0,no_review
0.106,0.85,0.018000000000000002,0.0,no_review
0.1065,0.85,0.018000000000000002,0.0,no_review
0.107,0.85,0.018000000000000002,0.0,no_review
0.1075,0.85,0.018000000000000002,0.0,no_review
0.108,0.85,0.018000000000000002,0.0,no_review
0.1085,0.85,0.018000000000000002,0.0,no_review
0.109,0.85,0.018000000000000002,0.0,no_review
0.1095,0.85,0.018000000000000002,0.0,no_review
0.11,0.85,0.018000000000000002,0.0,no_review
0.1105,0.85,0.018000000000000002,0.0,no_review
0.111,0.85,0.018000000000000002,0.0,no_review
0.1115,0.85,0.018000000000000002,0.0,no_review
0.112,0.85,0.018000000000000002,0.0,no_review
0.1125,0.85,0.018000000000000002,0.0,no_review
0.113,0.85,0.018000000000000002,0.0,no_review
0.1135,0.85,0.018000000000000002,0.0,no_review
0.114,0.85,0.018000000000000002,0.0,no_review
0.1145,0.85,0.018000000000000002,0.0,no_review
0.115,0.85,0.018000000000000002,0.0,no_review
0.1155,0.85,0.018000000000000002,0.0,no_review
0.116,0.85,0.018000000000000002,0.0,no_review
0.1165,0.85,0.018000000000000002,0.0,no_review
0.117,0.85,0.018000000000000002,0.0,no_review
0.11750000000000001,0.85,0.018000000000000002,0.0,no_review
0.11800000000000001,0.85,0.018000000000000002,0.0,no_review
0.11850000000000001,0.85,0.018000000000000002,0.0,no_review
0.11900000000000001,0.85,0.018000000000000002,0.0,no_review
0.11950000000000001,0.85,0.018000000000000002,0.0,no_review
0.12,0.85,0.018000000000000002,0.0,no_review
0.1205,0.85,0.018000000000000002,0.0,no_review
0.121,0.85,0.018000000000000002,0.0,no_review
0.1215,0.85,0.018000000000000002,0.0,no_review
0.122,0.85,0.018000000000000002,0.0,no_review
0.1225,0.85,0.018000000000000002,0.0,no_review
0.123,0.85,0.018000000000000002,0.0,no_review
0.1235,0.85,0.018000000000000002,0.0,no_review
0.124,0.85,0.018000000000000002,0.0,no_review
0.1245,0.85,0.018000000000000002,0.0,no_review
0.125,0.85,0.018000000000000002,0.0,no_review
0.1255,0.85,0.018000000000000002,0.0,no_review
0.126,0.85,0.018000000000000002,0.0,no_review
0.1265,0.85,0.018000000000000002,0.0,no_review
0.127,0.85,0.018000000000000002,0.0,no_review
0.1275,0.85,0.018000000000000002,0.0,no_review
0.128,0.85,0.018000000000000002,0.0,no_review
0.1285,0.85,0.018000000000000002,0.0,no_review
0.129,0.85,0.018000000000000002,0.0,no_review
0.1295,0.85,0.018000000000000002,0.0,no_review
0.13,0.85,0.018000000000000002,0.0,no_review
0.1305,0.85,0.018000000000000002,0.0,no_review
0.131,0.85,0.018000000000000002,0.0,no_review
0.1315,0.85,0.018000000000000002,0.0,no_review
0.132,0.85,0.018000000000000002,0.0,no_review
0.1325,0.85,0.018000000000000002,0.0,no_review
0.133,0.85,0.018000000000000002,0.0,no_review
0.1335,0.85,0.018000000000000002,0.0,no_review
0.134,0.85,0.018000000000000002,0.0,no_review
0.1345,0.85,0.018000000000000002,0.0,no_review
0.135,0.85,0.018000000000000002,0.0,no_review
0.1355,0.85,0.018000000000000002,0.0,no_review
0.136,0.85,0.018000000000000002,0.0,no_review
0.1365,0.85,0.018000000000000002,0.0,no_review
0.137,0.85,0.018000000000000002,0.0,no_review
0.1375,0.85,0.018000000000000002,0.0,no_review
0.138,0.85,0.018000000000000002,0.0,no_review
0.1385,0.85,0.018000000000000002,0.0,no_review
0.139,0.85,0.018000000000000002,0.0,no_review
0.1395,0.85,0.018000000000000002,0.0,no_review
0.14,0.85,0.018000000000000002,0.0,no_review
0.1405,0.85,0.018000000000000002,0.0,no_review
0.14100000000000001,0.85,0.018000000000000002,0.0,no_review
0.14150000000000001,0.85,0.018000000000000002,0.0,no_review
0.14200000000000002,0.85,0.018000000000000002,0.0,no_review
0.14250000000000002,0.85,0.018000000000000002,0.0,no_review
0.14300000000000002,0.85,0.018000000000000002,0.0,no_review
0.14350000000000002,0.85,0.018000000000000002,0.0,no_review
0.14400000000000002,0.85,0.018000000000000002,0.0,no_review
0.1445,0.85,0.018000000000000002,0.0,no_review
0.145,0.85,0.018000000000000002,0.0,no_review
0.1455,0.85,0.018000000000000002,0.0,no_review
0.146,0.85,0.018000000000000002,0.0,no_review
0.1465,0.85,0.018000000000000002,0.0,no_review
0.147,0.85,0.018000000000000002,0.0,no_review
0.1475,0.85,0.018000000000000002,0.0,no_review
0.148,0.85,0.018000000000000002,0.0,no_review
0.1485,0.85,0.018000000000000002,0.0,no_review
0.149,0.85,0.018000000000000002,0.0,no_review
0.1495,0.85,0.018000000000000002,0.0,no_review
0.15,0.85,0.018000000000000002,0.0,no_review
0.1505,0.85,0.018000000000000002,0.0,no_review
0.151,0.85,0.018000000000000002,0.0,no_review
0.1515,0.85,0.018000000000000002,0.0,no_review
0.152,0.85,0.018000000000000002,0.0,no_review
0.1525,0.85,0.018000000000000002,0.0,no_review
0.153,0.85,0.018000000000000002,0.0,no_review
0.1535,0.85,0.018000000000000002,0.0,no_review
0.154,0.85,0.018000000000000002,0.0,no_review
0.1545,0.85,0.018000000000000002,0.0,no_review
0.155,0.85,0.018000000000000002,0.0,no_review
0.1555,0.85,0.018000000000000002,0.0,no_review
0.156,0.85,0.018000000000000002,0.0,no_review
0.1565,0.85,0.018000000000000002,0.0,no_review
0.157,0.85,0.018000000000000002,0.0,no_review
0.1575,0.85,0.018000000000000002,0.0,no_review
0.158,0.85,0.018000000000000002,0.0,no_review
0.1585,0.85,0.018000000000000002,0.0,no_review
0.159,0.85,0.018000000000000002,0.0,no_review
0.1595,0.85,0.018000000000000002,0.0,no_review
0.16,0.85,0.018000000000000002,0.0,no_review
0.1605,0.85,0.018000000000000002,0.0,no_review
0.161,0.85,0.018000000000000002,0.0,no_review
0.1615,0.85,0.018000000000000002,0.0,no_review
0.162,0.85,0.018000000000000002,0.0,no_review
0.1625,0.85,0.018000000000000002,0.0,no_review
0.163,0.85,0.018000000000000002,0.0,no_review
0.1635,0.85,0.018000000000000002,0.0,no_review
0.164,0.85,0.018000000000000002,0.0,no_review
0.1645,0.85,0.018000000000000002,0.0,no_review
0.165,0.85,0.018000000000000002,0.0,no_review
0.1655,0.85,0.018000000000000002,0.0,no_review
0.166,0.85,0.018000000000000002,0.0,no_review
0.1665,0.85,0.018000000000000002,0.0,no_review
0.167,0.85,0.018000000000000002,0.0,no_review
0.1675,0.85,0.018000000000000002,0.0,no_review
0.168,0.85,0.018000000000000002,0.0,no_review
0.1685,0.85,0.018000000000000002,0.0,no_review
0.169,0.85,0.018000000000000002,0.0,no_review
0.1695,0.85,0.018000000000000002,0.0,no_review
0.17,0.85,0.018000000000000002,0.0,no_review
0.1705,0.85,0.018000000000000002,0.0,no_review
0.171,0.85,0.018000000000000002,0.0,no_review
0.1715,0.85,0.018000000000000002,0.0,no_review
0.17200000000000001,0.85,0.018000000000000002,0.0,no_review
0.17250000000000001,0.85,0.018000000000000002,0.0,no_review
0.17300000000000001,0.85,0.018000000000000002,0.0,no_review
0.17350000000000002,0.85,0.018000000000000002,0.0,no_review
0.17400000000000002,0.85,0.018000000000000002,0.0,no_review
0.17450000000000002,0.85,0.018000000000000002,0.0,no_review
0.17500000000000002,0.85,0.018000000000000002,0.0,no_review
0.17550000000000002,0.85,0.018000000000000002,0.0,no_review
0.176,0.85,0.018000000000000002,0.0,no_review
0.1765,0.85,0.018000000000000002,0.0,no_review
0.177,0.85,0.018000000000000002,0.0,no_review
0.1775,0.85,0.018000000000000002,0.0,no_review
0.178,0.85,0.018000000000000002,0.0,no_review
0.1785,0.85,0.018000000000000002,0.0,no_review
0.179,0.85,0.018000000000000002,0.0,no_review
0.1795,0.85,0.018000000000000002,0.0,no_review
0.18,0.85,0.018000000000000002,0.0,no_review
0.1805,0.85,0.018000000000000002,0.0,no_review
0.181,0.85,0.018000000000000002,0.0,no_review
0.1815,0.85,0.018000000000000002,0.0,no_review
0.182,0.85,0.018000000000000002,0.0,no_review
0.1825,0.85,0.018000000000000002,0.0,no_review
0.183,0.85,0.018000000000000002,0.0,no_review
0.1835,0.85,0.018000000000000002,0.0,no_review
0.184,0.85,0.018000000000000002,0.0,no_review
0.1845,0.85,0.018000000000000002,0.0,no_review
0.185,0.85,0.018000000000000002,0.0,no_review
0.1855,0.85,0.018000000000000002,0.0,no_review
0.186,0.85,0.018000000000000002,0.0,no_review
0.1865,0.85,0.018000000000000002,0.0,no_review
0.187,0.85,0.018000000000000002,0.0,no_review
0.1875,0.85,0.018000000000000002,0.0,no_review
0.188,0.85,0.018000000000000002,0.0,no_review
0.1885,0.85,0.018000000000000002,0.0,no_review
0.189,0.85,0.018000000000000002,0.0,no_review
0.1895,0.85,0.018000000000000002,0.0,no_review
0.19,0.85,0.018000000000000002,0.0,no_review
0.1905,0.85,0.018000000000000002,0.0,no_review
0.191,0.85,0.018000000000000002,0.0,no_review
0.1915,0.85,0.018000000000000002,0.0,no_review
0.192,0.85,0.018000000000000002,0.0,no_review
0.1925,0.85,0.018000000000000002,0.0,no_review
0.193,0.85,0.018000000000000002,0.0,no_review
0.1935,0.85,0.018000000000000002,0.0,no_review
0.194,0.85,0.018000000000000002,0.0,no_review
0.1945,0.85,0.018000000000000002,0.0,no_review
0.195,0.85,0.018000000000000002,0.0,no_review
0.1955,0.85,0.018000000000000002,0.0,no_review
0.196,0.85,0.018000000000000002,0.0,no_review
0.1965,0.85,0.018000000000000002,0.0,no_review
0.197,0.85,0.018000000000000002,0.0,no_review
0.1975,0.85,0.018000000000000002,0.0,no_review
0.198,0.85,0.018000000000000002,0.0,no_review
0.1985,0.85,0.018000000000000002,0.0,no_review
0.199,0.85,0.018000000000000002,0.0,no_review
0.1995,0.85,0.018000000000000002,0.0,no_review
0.2,0.85,0.018000000000000002,0.0,no_review
0.2005,0.85,0.018000000000000002,0.0,no_review
0.201,0.85,0.018000000000000002,0.0,no_review
0.2015,0.85,0.018000000000000002,0.0,no_review
0.202,0.85,0.018000000000000002,0.0,no_review
0.2025,0.85,0.018000000000000002,0.0,no_review
0.203,0.85,0.018000000000000002,0.0,no_review
0.20350000000000001,0.85,0.018000000000000002,0.0,no_review
0.20400000000000001,0.85,0.018000000000000002,0.0,no_review
0.20450000000000002,0.85,0.018000000000000002,0.0,no_review
0.20500000000000002,0.85,0.018000000000000002,0.0,no_review
0.20550000000000002,0.85,0.018000000000000002,0.0,no_review
0.20600000000000002,0.85,0.018000000000000002,0.0,no_review
0.20650000000000002,0.85,0.018000000000000002,0.0,no_review
0.20700000000000002,0.85,0.018000000000000002,0.0,no_review
0.20750000000000002,0.85,0.018000000000000002,0.0,no_review
0.20800000000000002,0.85,0.018000000000000002,0.0,no_review
0.2085,0.85,0.018000000000000002,0.0,no_review
0.209,0.85,0.018000000000000002,0.0,no_review
0.2095,0.85,0.018000000000000002,0.0,no_review
0.21,0.85,0.018000000000000002,0.0,no_review
0.2105,0.85,0.018000000000000002,0.0,no_review
0.211,0.85,0.018000000000000002,0.0,no_review
0.2115,0.85,0.018000000000000002,0.0,no_review
0.212,0.85,0.018000000000000002,0.0,no_review
0.2125,0.85,0.018000000000000002,0.0,no_review
0.213,0.85,0.018000000000000002,0.0,no_review
0.2135,0.85,0.018000000000000002,0.0,no_review
0.214,0.85,0.018000000000000002,0.0,no_review
0.2145,0.85,0.018000000000000002,0.0,no_review
0.215,0.85,0.018000000000000002,0.0,no_review
0.2155,0.85,0.018000000000000002,0.0,no_review
0.216,0.85,0.018000000000000002,0.0,no_review
0.2165,0.85,0.018000000000000002,0.0,no_review
0.217,0.85,0.018000000000000002,0.0,no_review
0.2175,0.85,0.018000000000000002,0.0,no_review
0.218,0.85,0.018000000000000002,0.0,no_review
0.2185,0.85,0.018000000000000002,0.0,no_review
0.219,0.85,0.018000000000000002,0.0,no_review
0.2195,0.85,0.018000000000000002,0.0,no_review
0.22,0.85,0.018000000000000002,0.0,no_review
0.2205,0.85,0.018000000000000002,0.0,no_review
0.221,0.85,0.018000000000000002,0.0,no_review
0.2215,0.85,0.018000000000000002,0.0,no_review
0.222,0.85,0.018000000000000002,0.0,no_review
0.2225,0.85,0.018000000000000002,0.0,no_review
0.223,0.85,0.018000000000000002,0.0,no_review
0.2235,0.85,0.018000000000000002,0.0,no_review
0.224,0.85,0.018000000000000002,0.0,no_review
0.2245,0.85,0.018000000000000002,0.0,no_review
0.225,0.85,0.018000000000000002,0.0,no_review
0.2255,0.85,0.018000000000000002,0.0,no_review
0.226,0.85,0.018000000000000002,0.0,no_review
0.2265,0.85,0.018000000000000002,0.0,no_review
0.227,0.85,0.018000000000000002,0.0,no_review
0.2275,0.85,0.018000000000000002,0.0,no_review
0.228,0.85,0.018000000000000002,0.0,no_review
0.2285,0.85,0.018000000000000002,0.0,no_review
0.229,0.85,0.018000000000000002,0.0,no_review
0.2295,0.85,0.018000000000000002,0.0,no_review
0.23,0.85,0.018000000000000002,0.0,no_review
0.2305,0.85,0.018000000000000002,0.0,no_review
0.231,0.85,0.018000000000000002,0.0,no_review
0.2315,0.85,0.018000000000000002,0.0,no_review
0.232,0.85,0.018000000000000002,0.0,no_review
0.2325,0.85,0.018000000000000002,0.0,no_review
0.233,0.85,0.018000000000000002,0.0,no_review
0.2335,0.85,0.018000000000000002,0.0,no_review
0.234,0.85,0.018000000000000002,0.0,no_review
0.23450000000000001,0.85,0.018000000000000002,0.0,no_review
0.23500000000000001,0.85,0.018000000000000002,0.0,no_review
0.23550000000000001,0.85,0.018000000000000002,0.0,no_review
0.23600000000000002,0.85,0.018000000000000002,0.0,no_review
0.23650000000000002,0.85,0.018000000000000002,0.0,no_review
0.23700000000000002,0.85,0.018000000000000002,0.0,no_review
0.23750000000000002,0.85,0.018000000000000002,0.0,no_review
0.23800000000000002,0.85,0.018000000000000002,0.0,no_review
0.23850000000000002,0.85,0.018000000000000002,0.0,no_review
0.23900000000000002,0.85,0.018000000000000002,0.0,no_review
0.23950000000000002,0.85,0.018000000000000002,0.0,no_review
0.24,0.85,0.018000000000000002,0.0,no_review
0.2405,0.85,0.018000000000000002,0.0,no_review
0.241,0.85,0.018000000000000002,0.0,no_review
0.2415,0.85,0.018000000000000002,0.0,no_review
0.242,0.85,0.018000000000000002,0.0,no_review
0.2425,0.85,0.018000000000000002,0.0,no_review
0.243,0.85,0.018000000000000002,0.0,no_review
0.2435,0.85,0.018000000000000002,0.0,no_review
0.244,0.85,0.018000000000000002,0.0,no_review
0.2445,0.85,0.018000000000000002,0.0,no_review
0.245,0.85,0.018000000000000002,0.0,no_review
0.2455,0.85,0.018000000000000002,0.0,no_review
0.246,0.85,0.018000000000000002,0.0,no_review
0.2465,0.85,0.018000000000000002,0.0,no_review
0.247,0.85,0.018000000000000002,0.0,no_review
0.2475,0.85,0.018000000000000002,0.0,no_review
0.248,0.85,0.018000000000000002,0.0,no_review
0.2485,0.85,0.018000000000000002,0.0,no_review
0.249,0.85,0.018000000000000002,0.0,no_review
0.2495,0.85,0.018000000000000002,0.0,no_review
0.25,0.85,0.018000000000000002,0.0,no_review
0.2505,0.85,0.018000000000000002,0.0,no_review
0.251,0.85,0.018000000000000002,0.0,no_review
0.2515,0.85,0.018000000000000002,0.0,no_review
0.252,0.85,0.018000000000000002,0.0,no_review
0.2525,0.85,0.018000000000000002,0.0,no_review
0.253,0.85,0.018000000000000002,0.0,no_review
0.2535,0.85,0.018000000000000002,0.0,no_review
0.254,0.85,0.018000000000000002,0.0,no_review
0.2545,0.85,0.018000000000000002,0.0,no_review
0.255,0.85,0.018000000000000002,0.0,no_review
0.2555,0.85,0.018000000000000002,0.0,no_review
0.256,0.85,0.018000000000000002,0.0,no_review
0.2565,0.85,0.018000000000000002,0.0,no_review
0.257,0.85,0.018000000000000002,0.0,no_review
0.2575,0.85,0.018000000000000002,0.0,no_review
0.258,0.85,0.018000000000000002,0.0,no_review
0.2585,0.85,0.018000000000000002,0.0,no_review
0.259,0.85,0.018000000000000002,0.0,no_review
0.2595,0.85,0.018000000000000002,0.0,no_review
0.26,0.85,0.018000000000000002,0.0,no_review
0.2605,0.85,0.018000000000000002,0.0,no_review
0.261,0.85,0.018000000000000002,0.0,no_review
0.2615,0.85,0.018000000000000002,0.0,no_review
0.262,0.85,0.018000000000000002,0.0,no_review
0.2625,0.85,0.018000000000000002,0.0,no_review
0.263,0.85,0.018000000000000002,0.0,no_review
0.2635,0.85,0.018000000000000002,0.0,no_review
0.264,0.85,0.018000000000000002,0.0,no_review
0.2645,0.85,0.018000000000000002,0.0,no_review
0.265,0.85,0.018000000000000002,0.0,no_review
0.2655,0.85,0.018000000000000002,0.0,no_review
0.266,0.85,0.018000000000000002,0.0,no_review
0.2665,0.85,0.018000000000000002,0.0,no_review
0.267,0.85,0.018000000000000002,0.0,no_review
0.2675,0.85,0.018000000000000002,0.0,no_review
0.268,0.85,0.018000000000000002,0.0,no_review
0.2685,0.85,0.018000000000000002,0.0,no_review
0.269,0.85,0.018000000000000002,0.0,no_review
0.2695,0.85,0.018000000000000002,0.0,no_review
0.27,0.85,0.018000000000000002,0.0,no_review
0.2705,0.85,0.018000000000000002,0.0,no_review
0.271,0.85,0.018000000000000002,0.0,no_review
0.2715,0.85,0.018000000000000002,0.0,no_review
0.272,0.85,0.018000000000000002,0.0,no_review
0.2725,0.85,0.018000000000000002,0.0,no_review
0.273,0.85,0.018000000000000002,0.0,no_review
0.2735,0.85,0.018000000000000002,0.0,no_review
0.274,0.85,0.018000000000000002,0.0,no_review
0.2745,0.85,0.018000000000000002,0.0,no_review
0.275,0.85,0.018000000000000002,0.0,no_review
0.2755,0.85,0.018000000000000002,0.0,no_review
0.276,0.85,0.018000000000000002,0.0,no_review
0.2765,0.85,0.018000000000000002,0.0,no_review
0.277,0.85,0.018000000000000002,0.0,no_review
0.2775,0.85,0.018000000000000002,0.0,no_review
0.278,0.85,0.018000000000000002,0.0,no_review
0.2785,0.85,0.018000000000000002,0.0,no_review
0.279,0.85,0.018000000000000002,0.0,no_review
0.2795,0.85,0.018000000000000002,0.0,no_review
0.28,0.85,0.018000000000000002,0.0,no_review
0.2805,0.85,0.018000000000000002,0.0,no_review
0.281,0.85,0.018000000000000002,0.0,no_review
0.28150000000000003,0.85,0.018000000000000002,0.0,no_review
0.28200000000000003,0.85,0.018000000000000002,0.0,no_review
0.28250000000000003,0.85,0.018000000000000002,0.0,no_review
0.28300000000000003,0.85,0.018000000000000002,0.0,no_review
0.28350000000000003,0.85,0.018000000000000002,0.0,no_review
0.28400000000000003,0.85,0.018000000000000002,0.0,no_review
0.28450000000000003,0.85,0.018000000000000002,0.0,no_review
0.28500000000000003,0.85,0.018000000000000002,0.0,no_review
0.28550000000000003,0.85,0.018000000000000002,0.0,no_review
0.28600000000000003,0.85,0.018000000000000002,0.0,no_review
0.28650000000000003,0.85,0.018000000000000002,0.0,no_review
0.28700000000000003,0.85,0.018000000000000002,0.0,no_review
0.28750000000000003,0.85,0.018000000000000002,0.0,no_review
0.28800000000000003,0.85,0.018000000000000002,0.0,no_review
0.2885,0.85,0.018000000000000002,0.0,no_review
0.289,0.85,0.018000000000000002,0.0,no_review
0.2895,0.85,0.018000000000000002,0.0,no_review
0.29,0.85,0.018000000000000002,0.0,no_review
0.2905,0.85,0.018000000000000002,0.0,no_review
0.291,0.85,0.018000000000000002,0.0,no_review
0.2915,0.85,0.018000000000000002,0.0,no_review
0.292,0.85,0.018000000000000002,0.0,no_review
0.2925,0.85,0.018000000000000002,0.0,no_review
0.293,0.85,0.018000000000000002,0.0,no_review
0.2935,0.85,0.018000000000000002,0.0,no_review
0.294,0.85,0.018000000000000002,0.0,no_review
0.2945,0.85,0.018000000000000002,0.0,no_review
0.295,0.85,0.018000000000000002,0.0,no_review
0.2955,0.85,0.018000000000000002,0.0,no_review
0.296,0.85,0.018000000000000002,0.0,no_review
0.2965,0.85,0.018000000000000002,0.0,no_review
0.297,0.85,0.018000000000000002,0.0,no_review
0.2975,0.85,0.018000000000000002,0.0,no_review
0.298,0.85,0.018000000000000002,0.0,no_review
0.2985,0.85,0.018000000000000002,0.0,no_review
0.299,0.85,0.018000000000000002,0.0,no_review
0.2995,0.85,0.018000000000000002,0.0,no_review
0.3,0.85,0.018000000000000002,0.0,no_review
0.3005,0.85,0.018000000000000002,0.0,no_review
0.301,0.85,0.018000000000000002,0.0,no_review
0.3015,0.85,0.018000000000000002,0.0,no_review
0.302,0.85,0.018000000000000002,0.0,no_review
0.3025,0.85,0.018000000000000002,0.0,no_review
0.303,0.85,0.018000000000000002,0.0,no_review
0.3035,0.85,0.018000000000000002,0.0,no_review
0.304,0.85,0.018000000000000002,0.0,no_review
0.3045,0.85,0.018000000000000002,0.0,no_review
0.305,0.85,0.018000000000000002,0.0,no_review
0.3055,0.85,0.018000000000000002,0.0,no_review
0.306,0.85,0.018000000000000002,0.0,no_review
0.3065,0.85,0.018000000000000002,0.0,no_review
0.307,0.85,0.018000000000000002,0.0,no_review
0.3075,0.85,0.018000000000000002,0.0,no_review
0.308,0.85,0.018000000000000002,0.0,no_review
0.3085,0.85,0.018000000000000002,0.0,no_review
0.309,0.85,0.018000000000000002,0.0,no_review
0.3095,0.85,0.018000000000000002,0.0,no_review
0.31,0.85,0.018000000000000002,0.0,no_review
0.3105,0.85,0.018000000000000002,0.0,no_review
0.311,0.85,0.018000000000000002,0.0,no_review
0.3115,0.85,0.018000000000000002,0.0,no_review
0.312,0.85,0.018000000000000002,0.0,no_review
0.3125,0.85,0.018000000000000002,0.0,no_review
0.313,0.85,0.018000000000000002,0.0,no_review
0.3135,0.85,0.018000000000000002,0.0,no_review
0.314,0.85,0.018000000000000002,0.0,no_review
0.3145,0.85,0.018000000000000002,0.0,no_review
0.315,0.85,0.018000000000000002,0.0,no_review
0.3155,0.85,0.018000000000000002,0.0,no_review
0.316,0.85,0.018000000000000002,0.0,no_review
0.3165,0.85,0.018000000000000002,0.0,no_review
0.317,0.85,0.018000000000000002,0.0,no_review
0.3175,0.85,0.018000000000000002,0.0,no_review
0.318,0.85,0.018000000000000002,0.0,no_review
0.3185,0.85,0.018000000000000002,0.0,no_review
0.319,0.85,0.018000000000000002,0.0,no_review
0.3195,0.85,0.018000000000000002,0.0,no_review
0.32,0.85,0.018000000000000002,0.0,no_review
0.3205,0.85,0.018000000000000002,0.0,no_review
0.321,0.85,0.018000000000000002,0.0,no_review
0.3215,0.85,0.018000000000000002,0.0,no_review
0.322,0.85,0.018000000000000002,0.0,no_review
0.3225,0.85,0.018000000000000002,0.0,no_review
0.323,0.85,0.018000000000000002,0.0,no_review
0.3235,0.85,0.018000000000000002,0.0,no_review
0.324,0.85,0.018000000000000002,0.0,no_review
0.3245,0.85,0.018000000000000002,0.0,no_review
0.325,0.85,0.018000000000000002,0.0,no_review
0.3255,0.85,0.018000000000000002,0.0,no_review
0.326,0.85,0.018000000000000002,0.0,no_review
0.3265,0.85,0.018000000000000002,0.0,no_review
0.327,0.85,0.018000000000000002,0.0,no_review
0.3275,0.85,0.018000000000000002,0.0,no_review
0.328,0.85,0.018000000000000002,0.0,no_review
0.3285,0.85,0.018000000000000002,0.0,no_review
0.329,0.85,0.018000000000000002,0.0,no_review
0.3295,0.85,0.018000000000000002,0.0,no_review
0.33,0.85,0.018000000000000002,0.0,no_review
0.3305,0.85,0.018000000000000002,0.0,no_review
0.331,0.85,0.018000000000000002,0.0,no_review
0.3315,0.85,0.018000000000000002,0.0,no_review
0.332,0.85,0.018000000000000002,0.0,no_review
0.3325,0.85,0.018000000000000002,0.0,no_review
0.333,0.85,0.018000000000000002,0.0,no_review
0.3335,0.85,0.018000000000000002,0.0,no_review
0.334,0.85,0.018000000000000002,0.0,no_review
0.3345,0.85,0.018000000000000002,0.0,no_review
0.335,0.85,0.018000000000000002,0.0,no_review
0.3355,0.85,0.018000000000000002,0.0,no_review
0.336,0.85,0.018000000000000002,0.0,no_review
0.3365,0.85,0.018000000000000002,0.0,no_review
0.337,0.85,0.018000000000000002,0.0,no_review
0.3375,0.85,0.018000000000000002,0.0,no_review
0.338,0.85,0.018000000000000002,0.0,no_review
0.3385,0.85,0.018000000000000002,0.0,no_review
0.339,0.85,0.018000000000000002,0.0,no_review
0.3395,0.85,0.018000000000000002,0.0,no_review
0.34,0.85,0.018000000000000002,0.0,no_review
0.3405,0.85,0.018000000000000002,0.0,no_review
0.341,0.85,0.018000000000000002,0.0,no_review
0.3415,0.85,0.018000000000000002,0.0,no_review
0.342,0.85,0.018000000000000002,0.0,no_review
0.3425,0.85,0.018000000000000002,0.0,no_review
0.343,0.85,0.018000000000000002,0.0,no_review
0.3435,0.85,0.018000000000000002,0.0,no_review
0.34400000000000003,0.85,0.018000000000000002,0.0,no_review
0.34450000000000003,0.85,0.018000000000000002,0.0,no_review
0.34500000000000003,0.85,0.018000000000000002,0.0,no_review
0.34550000000000003,0.85,0.018000000000000002,0.0,no_review
0.34600000000000003,0.85,0.018000000000000002,0.0,no_review
0.34650000000000003,0.85,0.018000000000000002,0.0,no_review
0.34700000000000003,0.85,0.018000000000000002,0.0,no_review
0.34750000000000003,0.85,0.018000000000000002,0.0,no_review
0.34800000000000003,0.85,0.018000000000000002,0.0,no_review
0.34850000000000003,0.85,0.018000000000000002,0.0,no_review
0.34900000000000003,0.85,0.018000000000000002,0.0,no_review
0.34950000000000003,0.85,0.018000000000000002,0.0,no_review
0.35000000000000003,0.85,0.018000000000000002,0.0,no_review
0.35050000000000003,0.85,0.018000000000000002,0.0,no_review
0.35100000000000003,0.85,0.018000000000000002,0.0,no_review
0.35150000000000003,0.85,0.018000000000000002,0.0,no_review
0.352,0.85,0.018000000000000002,0.0,no_review
0.3525,0.85,0.018000000000000002,0.0,no_review
0.353,0.85,0.018000000000000002,0.0,no_review
0.3535,0.85,0.018000000000000002,0.0,no_review
0.354,0.85,0.018000000000000002,0.0,no_review
0.3545,0.85,0.018000000000000002,0.0,no_review
0.355,0.85,0.018000000000000002,0.0,no_review
0.3555,0.85,0.018000000000000002,0.0,no_review
0.356,0.85,0.018000000000000002,0.0,no_review
0.3565,0.85,0.018000000000000002,0.0,no_review
0.357,0.85,0.018000000000000002,0.0,no_review
0.3575,0.85,0.018000000000000002,0.0,no_review
0.358,0.85,0.018000000000000002,0.0,no_review
0.3585,0.85,0.018000000000000002,0.0,no_review
0.359,0.85,0.018000000000000002,0.0,no_review
0.3595,0.85,0.018000000000000002,0.0,no_review
0.36,0.85,0.018000000000000002,0.0,no_review
0.3605,0.85,0.018000000000000002,0.0,no_review
0.361,0.85,0.018000000000000002,0.0,no_review
0.3615,0.85,0.018000000000000002,0.0,no_review
0.362,0.85,0.018000000000000002,0.0,no_review
0.3625,0.85,0.018000000000000002,0.0,no_review
0.363,0.85,0.018000000000000002,0.0,no_review
0.3635,0.85,0.018000000000000002,0.0,no_review
0.364,0.85,0.018000000000000002,0.0,no_review
0.3645,0.85,0.018000000000000002,0.0,no_review
0.365,0.85,0.018000000000000002,0.0,no_review
0.3655,0.85,0.018000000000000002,0.0,no_review
0.366,0.85,0.018000000000000002,0.0,no_review
0.3665,0.85,0.018000000000000002,0.0,no_review
0.367,0.85,0.018000000000000002,0.0,no_review
0.3675,0.85,0.018000000000000002,0.0,no_review
0.368,0.85,0.018000000000000002,0.0,no_review
0.3685,0.85,0.018000000000000002,0.0,no_review
0.369,0.85,0.018000000000000002,0.0,no_review
0.3695,0.85,0.018000000000000002,0.0,no_review
0.37,0.85,0.018000000000000002,0.0,no_review
0.3705,0.85,0.018000000000000002,0.0,no_review
0.371,0.85,0.018000000000000002,0.0,no_review
0.3715,0.85,0.018000000000000002,0.0,no_review
0.372,0.85,0.018000000000000002,0.0,no_review
0.3725,0.85,0.018000000000000002,0.0,no_review
0.373,0.85,0.018000000000000002,0.0,no_review
0.3735,0.85,0.018000000000000002,0.0,no_review
0.374,0.85,0.018000000000000002,0.0,no_review
0.3745,0.85,0.018000000000000002,0.0,no_review
0.375,0.85,0.018000000000000002,0.0,no_review
0.3755,0.85,0.018000000000000002,0.0,no_review
0.376,0.85,0.018000000000000002,0.0,no_review
0.3765,0.85,0.018000000000000002,0.0,no_review
0.377,0.85,0.018000000000000002,0.0,no_review
0.3775,0.85,0.018000000000000002,0.0,no_review
0.378,0.85,0.018000000000000002,0.0,no_review
0.3785,0.85,0.018000000000000002,0.0,no_review
0.379,0.85,0.018000000000000002,0.0,no_review
0.3795,0.85,0.018000000000000002,0.0,no_review
0.38,0.85,0.018000000000000002,0.0,no_review
0.3805,0.85,0.018000000000000002,0.0,no_review
0.381,0.85,0.018000000000000002,0.0,no_review
0.3815,0.85,0.018000000000000002,0.0,no_review
0.382,0.85,0.018000000000000002,0.0,no_review
0.3825,0.85,0.018000000000000002,0.0,no_review
0.383,0.85,0.018000000000000002,0.0,no_review
0.3835,0.85,0.018000000000000002,0.0,no_review
0.384,0.85,0.018000000000000002,0.0,no_review
0.3845,0.85,0.018000000000000002,0.0,no_review
0.385,0.85,0.018000000000000002,0.0,no_review
0.3855,0.85,0.018000000000000002,0.0,no_review
0.386,0.85,0.018000000000000002,0.0,no_review
0.3865,0.85,0.018000000000000002,0.0,no_review
0.387,0.85,0.018000000000000002,0.0,no_review
0.3875,0.85,0.018000000000000002,0.0,no_review
0.388,0.85,0.018000000000000002,0.0,no_review
0.3885,0.85,0.018000000000000002,0.0,no_review
0.389,0.85,0.018000000000000002,0.0,no_review
0.3895,0.85,0.018000000000000002,0.0,no_review
0.39,0.85,0.018000000000000002,0.0,no_review
0.3905,0.85,0.018000000000000002,0.0,no_review
0.391,0.85,0.018000000000000002,0.0,no_review
0.3915,0.85,0.018000000000000002,0.0,no_review
0.392,0.85,0.018000000000000002,0.0,no_review
0.3925,0.85,0.018000000000000002,0.0,no_review
0.393,0.85,0.018000000000000002,0.0,no_review
0.3935,0.85,0.018000000000000002,0.0,no_review
0.394,0.85,0.018000000000000002,0.0,no_review
0.3945,0.85,0.018000000000000002,0.0,no_review
0.395,0.85,0.018000000000000002,0.0,no_review
0.3955,0.85,0.018000000000000002,0.0,no_review
0.396,0.85,0.018000000000000002,0.0,no_review
0.3965,0.85,0.018000000000000002,0.0,no_review
0.397,0.85,0.018000000000000002,0.0,no_review
0.3975,0.85,0.018000000000000002,0.0,no_review
0.398,0.85,0.018000000000000002,0.0,no_review
0.3985,0.85,0.018000000000000002,0.0,no_review
0.399,0.85,0.018000000000000002,0.0,no_review
0.3995,0.85,0.018000000000000002,0.0,no_review
0.4,0.85,0.018000000000000002,0.0,no_review
0.4005,0.85,0.018000000000000002,0.0,no_review
0.401,0.85,0.018000000000000002,0.0,no_review
0.4015,0.85,0.018000000000000002,0.0,no_review
0.402,0.85,0.018000000000000002,0.0,no_review
0.4025,0.85,0.018000000000000002,0.0,no_review
0.403,0.85,0.018000000000000002,0.0,no_review
0.4035,0.85,0.018000000000000002,0.0,no_review
0.404,0.85,0.018000000000000002,0.0,no_review
0.4045,0.85,0.018000000000000002,0.0,no_review
0.405,0.85,0.018000000000000002,0.0,no_review
0.4055,0.85,0.018000000000000002,0.0,no_review
0.406,0.85,0.018000000000000002,0.0,no_review
0.40650000000000003,0.85,0.018000000000000002,0.0,no_review
0.40700000000000003,0.85,0.018000000000000002,0.0,no_review
0.40750000000000003,0.85,0.018000000000000002,0.0,no_review
0.40800000000000003,0.85,0.018000000000000002,0.0,no_review
0.40850000000000003,0.85,0.018000000000000002,0.0,no_review
0.40900000000000003,0.85,0.018000000000000002,0.0,no_review
0.40950000000000003,0.85,0.018000000000000002,0.0,no_review
0.41000000000000003,0.85,0.018000000000000002,0.0,no_review
0.41050000000000003,0.85,0.018000000000000002,0.0,no_review
0.41100000000000003,0.85,0.018000000000000002,0.0,no_review
0.41150000000000003,0.85,0.018000000000000002,0.0,no_review
0.41200000000000003,0.85,0.018000000000000002,0.0,no_review
0.41250000000000003,0.85,0.018000000000000002,0.0,no_review
0.41300000000000003,0.85,0.018000000000000002,0.0,no_review
0.41350000000000003,0.85,0.018000000000000002,0.0,no_review
0.41400000000000003,0.85,0.018000000000000002,0.0,no_review
0.41450000000000004,0.85,0.018000000000000002,0.0,no_review
0.41500000000000004,0.85,0.018000000000000002,0.0,no_review
0.41550000000000004,0.85,0.018000000000000002,0.0,no_review
0.41600000000000004,0.85,0.018000000000000002,0.0,no_review
0.4165,0.85,0.018000000000000002,0.0,no_review
0.417,0.85,0.018000000000000002,0.0,no_review
0.4175,0.85,0.018000000000000002,0.0,no_review
0.418,0.85,0.018000000000000002,0.0,no_review
0.4185,0.85,0.018000000000000002,0.0,no_review
0.419,0.85,0.018000000000000002,0.0,no_review
0.4195,0.85,0.018000000000000002,0.0,no_review
0.42,0.85,0.018000000000000002,0.0,no_review
0.4205,0.85,0.018000000000000002,0.0,no_review
0.421,0.85,0.018000000000000002,0.0,no_review
0.4215,0.85,0.018000000000000002,0.0,no_review
0.422,0.85,0.018000000000000002,0.0,no_review
0.4225,0.85,0.018000000000000002,0.0,no_review
0.423,0.85,0.018000000000000002,0.0,no_review
0.4235,0.85,0.018000000000000002,0.0,no_review
0.424,0.85,0.018000000000000002,0.0,no_review
0.4245,0.85,0.018000000000000002,0.0,no_review
0.425,0.85,0.018000000000000002,0.0,no_review
0.4255,0.85,0.018000000000000002,0.0,no_review
0.426,0.85,0.018000000000000002,0.0,no_review
0.4265,0.85,0.018000000000000002,0.0,no_review
0.427,0.85,0.018000000000000002,0.0,no_review
0.4275,0.85,0.018000000000000002,0.0,no_review
0.428,0.85,0.018000000000000002,0.0,no_review
0.4285,0.85,0.018000000000000002,0.0,no_review
0.429,0.85,0.018000000000000002,0.0,no_review
0.4295,0.85,0.018000000000000002,0.0,no_review
0.43,0.85,0.018000000000000002,0.0,no_review
0.4305,0.85,0.018000000000000002,0.0,no_review
0.431,0.85,0.018000000000000002,0.0,no_review
0.4315,0.85,0.018000000000000002,0.0,no_review
0.432,0.85,0.018000000000000002,0.0,no_review
0.4325,0.85,0.018000000000000002,0.0,no_review
0.433,0.85,0.018000000000000002,0.0,no_review
0.4335,0.85,0.018000000000000002,0.0,no_review
0.434,0.85,0.018000000000000002,0.0,no_review
0.4345,0.85,0.018000000000000002,0.0,no_review
0.435,0.85,0.018000000000000002,0.0,no_review
0.4355,0.85,0.018000000000000002,0.0,no_review
0.436,0.85,0.018000000000000002,0.0,no_review
0.4365,0.85,0.018000000000000002,0.0,no_review
0.437,0.85,0.018000000000000002,0.0,no_review
0.4375,0.85,0.018000000000000002,0.0,no_review
0.438,0.85,0.018000000000000002,0.0,no_review
0.4385,0.85,0.018000000000000002,0.0,no_review
0.439,0.85,0.018000000000000002,0.0,no_review
0.4395,0.85,0.018000000000000002,0.0,no_review
0.44,0.85,0.018000000000000002,0.0,no_review
0.4405,0.85,0.018000000000000002,0.0,no_review
0.441,0.85,0.018000000000000002,0.0,no_review
0.4415,0.85,0.018000000000000002,0.0,no_review
0.442,0.85,0.018000000000000002,0.0,no_review
0.4425,0.85,0.018000000000000002,0.0,no_review
0.443,0.85,0.018000000000000002,0.0,no_review
0.4435,0.85,0.018000000000000002,0.0,no_review
0.444,0.85,0.018000000000000002,0.0,no_review
0.4445,0.85,0.018000000000000002,0.0,no_review
0.445,0.85,0.018000000000000002,0.0,no_review
0.4455,0.85,0.018000000000000002,0.0,no_review
0.446,0.85,0.018000000000000002,0.0,no_review
0.4465,0.85,0.018000000000000002,0.0,no_review
0.447,0.85,0.018000000000000002,0.0,no_review
0.4475,0.85,0.018000000000000002,0.0,no_review
0.448,0.85,0.018000000000000002,0.0,no_review
0.4485,0.85,0.018000000000000002,0.0,no_review
0.449,0.85,0.018000000000000002,0.0,no_review
0.4495,0.85,0.018000000000000002,0.0,no_review
0.45,0.85,0.018000000000000002,0.0,no_review
0.4505,0.85,0.018000000000000002,0.0,no_review
0.451,0.85,0.018000000000000002,0.0,no_review
0.4515,0.85,0.018000000000000002,0.0,no_review
0.452,0.85,0.018000000000000002,0.0,no_review
0.4525,0.85,0.018000000000000002,0.0,no_review
0.453,0.85,0.018000000000000002,0.0,no_review
0.4535,0.85,0.018000000000000002,0.0,no_review
0.454,0.85,0.018000000000000002,0.0,no_review
0.4545,0.85,0.018000000000000002,0.0,no_review
0.455,0.85,0.018000000000000002,0.0,no_review
0.4555,0.85,0.018000000000000002,0.0,no_review
0.456,0.85,0.018000000000000002,0.0,no_review
0.4565,0.85,0.018000000000000002,0.0,no_review
0.457,0.85,0.018000000000000002,0.0,no_review
0.4575,0.85,0.018000000000000002,0.0,no_review
0.458,0.85,0.018000000000000002,0.0,no_review
0.4585,0.85,0.018000000000000002,0.0,no_review
0.459,0.85,0.018000000000000002,0.0,no_review
0.4595,0.85,0.018000000000000002,0.0,no_review
0.46,0.85,0.018000000000000002,0.0,no_review
0.4605,0.85,0.018000000000000002,0.0,no_review
0.461,0.85,0.018000000000000002,0.0,no_review
0.4615,0.85,0.018000000000000002,0.0,no_review
0.462,0.85,0.018000000000000002,0.0,no_review
0.4625,0.85,0.018000000000000002,0.0,no_review
0.463,0.85,0.018000000000000002,0.0,no_review
0.4635,0.85,0.018000000000000002,0.0,no_review
0.464,0.85,0.018000000000000002,0.0,no_review
0.4645,0.85,0.018000000000000002,0.0,no_review
0.465,0.85,0.018000000000000002,0.0,no_review
0.4655,0.85,0.018000000000000002,0.0,no_review
0.466,0.85,0.018000000000000002,0.0,no_review
0.4665,0.85,0.018000000000000002,0.0,no_review
0.467,0.85,0.018000000000000002,0.0,no_review
0.4675,0.85,0.018000000000000002,0.0,no_review
0.468,0.85,0.018000000000000002,0.0,no_review
0.4685,0.85,0.018000000000000002,0.0,no_review
0.46900000000000003,0.85,0.018000000000000002,0.0,no_review
0.46950000000000003,0.85,0.018000000000000002,0.0,no_review
0.47000000000000003,0.85,0.018000000000000002,0.0,no_review
0.47050000000000003,0.85,0.018000000000000002,0.0,no_review
0.47100000000000003,0.85,0.018000000000000002,0.0,no_review
0.47150000000000003,0.85,0.018000000000000002,0.0,no_review
0.47200000000000003,0.85,0.018000000000000002,0.0,no_review
0.47250000000000003,0.85,0.018000000000000002,0.0,no_review
0.47300000000000003,0.85,0.018000000000000002,0.0,no_review
0.47350000000000003,0.85,0.018000000000000002,0.0,no_review
0.47400000000000003,0.85,0.018000000000000002,0.0,no_review
0.47450000000000003,0.85,0.018000000000000002,0.0,no_review
0.47500000000000003,0.85,0.018000000000000002,0.0,no_review
0.47550000000000003,0.85,0.018000000000000002,0.0,no_review
0.47600000000000003,0.85,0.018000000000000002,0.0,no_review
0.47650000000000003,0.85,0.018000000000000002,0.0,no_review
0.47700000000000004,0.85,0.018000000000000002,0.0,no_review
0.47750000000000004,0.85,0.018000000000000002,0.0,no_review
0.47800000000000004,0.85,0.018000000000000002,0.0,no_review
0.47850000000000004,0.85,0.018000000000000002,0.0,no_review
0.47900000000000004,0.85,0.018000000000000002,0.0,no_review
0.47950000000000004,0.85,0.018000000000000002,0.0,no_review
0.48,0.85,0.018000000000000002,0.0,no_review
0.4805,0.85,0.018000000000000002,0.0,no_review
0.481,0.85,0.018000000000000002,0.0,no_review
0.4815,0.85,0.018000000000000002,0.0,no_review
0.482,0.85,0.018000000000000002,0.0,no_review
0.4825,0.85,0.018000000000000002,0.0,no_review
0.483,0.85,0.018000000000000002,0.0,no_review
0.4835,0.85,0.018000000000000002,0.0,no_review
0.484,0.85,0.018000000000000002,0.0,no_review
0.4845,0.85,0.018000000000000002,0.0,no_review
0.485,0.85,0.018000000000000002,0.0,no_review
0.4855,0.85,0.018000000000000002,0.0,no_review
0.486,0.85,0.018000000000000002,0.0,no_review
0.4865,0.85,0.018000000000000002,0.0,no_review
0.487,0.85,0.018000000000000002,0.0,no_review
0.4875,0.85,0.018000000000000002,0.0,no_review
0.488,0.85,0.018000000000000002,0.0,no_review
0.4885,0.85,0.018000000000000002,0.0,no_review
0.489,0.85,0.018000000000000002,0.0,no_review
0.4895,0.85,0.018000000000000002,0.0,no_review
0.49,0.85,0.018000000000000002,0.0,no_review
0.4905,0.85,0.018000000000000002,0.0,no_review
0.491,0.85,0.018000000000000002,0.0,no_review
0.4915,0.85,0.018000000000000002,0.0,no_review
0.492,0.85,0.018000000000000002,0.0,no_review
0.4925,0.85,0.018000000000000002,0.0,no_review
0.493,0.85,0.018000000000000002,0.0,no_review
0.4935,0.85,0.018000000000000002,0.0,no_review
0.494,0.85,0.018000000000000002,0.0,no_review
0.4945,0.85,0.018000000000000002,0.0,no_review
0.495,0.85,0.018000000000000002,0.0,no_review
0.4955,0.85,0.018000000000000002,0.0,no_review
0.496,0.85,0.018000000000000002,0.0,no_review
0.4965,0.85,0.018000000000000002,0.0,no_review
0.497,0.85,0.018000000000000002,0.0,no_review
0.4975,0.85,0.018000000000000002,0.0,no_review
0.498,0.85,0.018000000000000002,0.0,no_review
0.4985,0.85,0.018000000000000002,0.0,no_review
0.499,0.85,0.018000000000000002,0.0,no_review
0.4995,0.85,0.018000000000000002,0.0,no_review
0.5,0.85,0.018000000000000002,0.0,no_review
0.5005000000000001,0.85,0.018000000000000002,0.0,no_review
0.501,0.85,0.018000000000000002,0.0,no_review
0.5015000000000001,0.85,0.018000000000000002,0.0,no_review
0.502,0.85,0.018000000000000002,0.0,no_review
0.5025000000000001,0.85,0.018000000000000002,0.0,no_review
0.503,0.85,0.018000000000000002,0.0,no_review
0.5035000000000001,0.85,0.018000000000000002,0.0,no_review
0.504,0.85,0.018000000000000002,0.0,no_review
0.5045000000000001,0.85,0.018000000000000002,0.0,no_review
0.505,0.85,0.018000000000000002,0.0,no_review
0.5055000000000001,0.85,0.018000000000000002,0.0,no_review
0.506,0.85,0.018000000000000002,0.0,no_review
0.5065000000000001,0.85,0.018000000000000002,0.0,no_review
0.507,0.85,0.018000000000000002,0.0,no_review
0.5075000000000001,0.85,0.018000000000000002,0.0,no_review
0.508,0.85,0.018000000000000002,0.0,no_review
0.5085000000000001,0.85,0.018000000000000002,0.0,no_review
0.509,0.85,0.018000000000000002,0.0,no_review
0.5095000000000001,0.85,0.018000000000000002,0.0,no_review
0.51,0.85,0.018000000000000002,0.0,no_review
0.5105000000000001,0.85,0.018000000000000002,0.0,no_review
0.511,0.85,0.018000000000000002,0.0,no_review
0.5115000000000001,0.85,0.018000000000000002,0.0,no_review
0.512,0.85,0.018000000000000002,0.0,no_review
0.5125,0.85,0.018000000000000002,0.0,no_review
0.513,0.85,0.018000000000000002,0.0,no_review
0.5135,0.85,0.018000000000000002,0.0,no_review
0.514,0.85,0.018000000000000002,0.0,no_review
0.5145,0.85,0.018000000000000002,0.0,no_review
0.515,0.85,0.018000000000000002,0.0,no_review
0.5155,0.85,0.018000000000000002,0.0,no_review
0.516,0.85,0.018000000000000002,0.0,no_review
0.5165,0.85,0.018000000000000002,0.0,no_review
0.517,0.85,0.018000000000000002,0.0,no_review
0.5175,0.85,0.018000000000000002,0.0,no_review
0.518,0.85,0.018000000000000002,0.0,no_review
0.5185,0.85,0.018000000000000002,0.0,no_review
0.519,0.85,0.018000000000000002,0.0,no_review
0.5195,0.85,0.018000000000000002,0.0,no_review
0.52,0.85,0.018000000000000002,0.0,no_review
0.5205,0.85,0.018000000000000002,0.0,no_review
0.521,0.85,0.018000000000000002,0.0,no_review
0.5215,0.85,0.018000000000000002,0.0,no_review
0.522,0.85,0.018000000000000002,0.0,no_review
0.5225,0.85,0.018000000000000002,0.0,no_review
0.523,0.85,0.018000000000000002,0.0,no_review
0.5235,0.85,0.018000000000000002,0.0,no_review
0.524,0.85,0.018000000000000002,0.0,no_review
0.5245,0.85,0.018000000000000002,0.0,no_review
0.525,0.85,0.018000000000000002,0.0,no_review
0.5255,0.85,0.018000000000000002,0.0,no_review
0.526,0.85,0.018000000000000002,0.0,no_review
0.5265,0.85,0.018000000000000002,0.0,no_review
0.527,0.85,0.018000000000000002,0.0,no_review
0.5275,0.85,0.018000000000000002,0.0,no_review
0.528,0.85,0.018000000000000002,0.0,no_review
0.5285,0.85,0.018000000000000002,0.0,no_review
0.529,0.85,0.018000000000000002,0.0,no_review
0.5295,0.85,0.018000000000000002,0.0,no_review
0.53,0.85,0.018000000000000002,0.0,no_review
0.5305,0.85,0.018000000000000002,0.0,no_review
0.531,0.85,0.018000000000000002,0.0,no_review
0.5315,0.85,0.018000000000000002,0.0,no_review
0.532,0.85,0.018000000000000002,0.0,no_review
0.5325,0.85,0.018000000000000002,0.0,no_review
0.533,0.85,0.018000000000000002,0.0,no_review
0.5335,0.85,0.018000000000000002,0.0,no_review
0.534,0.85,0.018000000000000002,0.0,no_review
0.5345,0.85,0.018000000000000002,0.0,no_review
0.535,0.85,0.018000000000000002,0.0,no_review
0.5355,0.85,0.018000000000000002,0.0,no_review
0.536,0.85,0.018000000000000002,0.0,no_review
0.5365,0.85,0.018000000000000002,0.0,no_review
0.537,0.85,0.018000000000000002,0.0,no_review
0.5375,0.85,0.018000000000000002,0.0,no_review
0.538,0.85,0.018000000000000002,0.0,no_review
0.5385,0.85,0.018000000000000002,0.0,no_review
0.539,0.85,0.018000000000000002,0.0,no_review
0.5395,0.85,0.018000000000000002,0.0,no_review
0.54,0.85,0.018000000000000002,0.0,no_review
0.5405,0.85,0.018000000000000002,0.0,no_review
0.541,0.85,0.018000000000000002,0.0,no_review
0.5415,0.85,0.018000000000000002,0.0,no_review
0.542,0.85,0.018000000000000002,0.0,no_review
0.5425,0.85,0.018000000000000002,0.0,no_review
0.543,0.85,0.018000000000000002,0.0,no_review
0.5435,0.85,0.018000000000000002,0.0,no_review
0.544,0.85,0.018000000000000002,0.0,no_review
0.5445,0.85,0.018000000000000002,0.0,no_review
0.545,0.85,0.018000000000000002,0.0,no_review
0.5455,0.85,0.018000000000000002,0.0,no_review
0.546,0.85,0.018000000000000002,0.0,no_review
0.5465,0.85,0.018000000000000002,0.0,no_review
0.547,0.85,0.018000000000000002,0.0,no_review
0.5475,0.85,0.018000000000000002,0.0,no_review
0.548,0.85,0.018000000000000002,0.0,no_review
0.5485,0.85,0.018000000000000002,0.0,no_review
0.549,0.85,0.018000000000000002,0.0,no_review
0.5495,0.85,0.018000000000000002,0.0,no_review
0.55,0.85,0.018000000000000002,0.0,no_review
0.5505,0.85,0.018000000000000002,0.0,no_review
0.551,0.85,0.018000000000000002,0.0,no_review
0.5515,0.85,0.018000000000000002,0.0,no_review
0.552,0.85,0.018000000000000002,0.0,no_review
0.5525,0.85,0.018000000000000002,0.0,no_review
0.553,0.85,0.018000000000000002,0.0,no_review
0.5535,0.85,0.018000000000000002,0.0,no_review
0.554,0.85,0.018000000000000002,0.0,no_review
0.5545,0.85,0.018000000000000002,0.0,no_review
0.555,0.85,0.018000000000000002,0.0,no_review
0.5555,0.85,0.018000000000000002,0.0,no_review
0.556,0.85,0.018000000000000002,0.0,no_review
0.5565,0.85,0.018000000000000002,0.0,no_review
0.557,0.85,0.018000000000000002,0.0,no_review
0.5575,0.85,0.018000000000000002,0.0,no_review
0.558,0.85,0.018000000000000002,0.0,no_review
0.5585,0.85,0.018000000000000002,0.0,no_review
0.559,0.85,0.018000000000000002,0.0,no_review
0.5595,0.85,0.018000000000000002,0.0,no_review
0.56,0.85,0.018000000000000002,0.0,no_review
0.5605,0.85,0.018000000000000002,0.0,no_review
0.561,0.85,0.018000000000000002,0.0,no_review
0.5615,0.85,0.018000000000000002,0.0,no_review
0.562,0.85,0.018000000000000002,0.0,no_review
0.5625,0.85,0.018000000000000002,0.0,no_review
0.5630000000000001,0.85,0.018000000000000002,0.0,no_review
0.5635,0.85,0.018000000000000002,0.0,no_review
0.5640000000000001,0.85,0.018000000000000002,0.0,no_review
0.5645,0.85,0.018000000000000002,0.0,no_review
0.5650000000000001,0.85,0.018000000000000002,0.0,no_review
0.5655,0.85,0.018000000000000002,0.0,no_review
0.5660000000000001,0.85,0.018000000000000002,0.0,no_review
0.5665,0.85,0.018000000000000002,0.0,no_review
0.5670000000000001,0.85,0.018000000000000002,0.0,no_review
0.5675,0.85,0.018000000000000002,0.0,no_review
0.5680000000000001,0.85,0.018000000000000002,0.0,no_review
0.5685,0.85,0.018000000000000002,0.0,no_review
0.5690000000000001,0.85,0.018000000000000002,0.0,no_review
0.5695,0.85,0.018000000000000002,0.0,no_review
0.5700000000000001,0.85,0.018000000000000002,0.0,no_review
0.5705,0.85,0.018000000000000002,0.0,no_review
0.5710000000000001,0.85,0.018000000000000002,0.0,no_review
0.5715,0.85,0.018000000000000002,0.0,no_review
0.5720000000000001,0.85,0.018000000000000002,0.0,no_review
0.5725,0.85,0.018000000000000002,0.0,no_review
0.5730000000000001,0.85,0.018000000000000002,0.0,no_review
0.5735,0.85,0.018000000000000002,0.0,no_review
0.5740000000000001,0.85,0.018000000000000002,0.0,no_review
0.5745,0.85,0.018000000000000002,0.0,no_review
0.5750000000000001,0.85,0.018000000000000002,0.0,no_review
0.5755,0.85,0.018000000000000002,0.0,no_review
0.5760000000000001,0.85,0.018000000000000002,0.0,no_review
0.5765,0.85,0.018000000000000002,0.0,no_review
0.577,0.85,0.018000000000000002,0.0,no_review
0.5775,0.85,0.018000000000000002,0.0,no_review
0.578,0.85,0.018000000000000002,0.0,no_review
0.5785,0.85,0.018000000000000002,0.0,no_review
0.579,0.85,0.018000000000000002,0.0,no_review
0.5795,0.85,0.018000000000000002,0.0,no_review
0.58,0.85,0.018000000000000002,0.0,no_review
0.5805,0.85,0.018000000000000002,0.0,no_review
0.581,0.85,0.018000000000000002,0.0,no_review
0.5815,0.85,0.018000000000000002,0.0,no_review
0.582,0.85,0.018000000000000002,0.0,no_review
0.5825,0.85,0.018000000000000002,0.0,no_review
0.583,0.85,0.018000000000000002,0.0,no_review
0.5835,0.85,0.018000000000000002,0.0,no_review
0.584,0.85,0.018000000000000002,0.0,no_review
0.5845,0.85,0.018000000000000002,0.0,no_review
0.585,0.85,0.018000000000000002,0.0,no_review
0.5855,0.85,0.018000000000000002,0.0,no_review
0.586,0.85,0.018000000000000002,0.0,no_review
0.5865,0.85,0.018000000000000002,0.0,no_review
0.587,0.85,0.018000000000000002,0.0,no_review
0.5875,0.85,0.018000000000000002,0.0,no_review
0.588,0.85,0.018000000000000002,0.0,no_review
0.5885,0.85,0.018000000000000002,0.0,no_review
0.589,0.85,0.018000000000000002,0.0,no_review
0.5895,0.85,0.018000000000000002,0.0,no_review
0.59,0.85,0.018000000000000002,0.0,no_review
0.5905,0.85,0.018000000000000002,0.0,no_review
0.591,0.85,0.018000000000000002,0.0,no_review
0.5915,0.85,0.018000000000000002,0.0,no_review
0.592,0.85,0.018000000000000002,0.0,no_review
0.5925,0.85,0.018000000000000002,0.0,no_review
0.593,0.85,0.018000000000000002,0.0,no_review
0.5935,0.85,0.018000000000000002,0.0,no_review
0.594,0.85,0.018000000000000002,0.0,no_review
0.5945,0.85,0.018000000000000002,0.0,no_review
0.595,0.85,0.018000000000000002,0.0,no_review
0.5955,0.85,0.018000000000000002,0.0,no_review
0.596,0.85,0.018000000000000002,0.0,no_review
0.5965,0.85,0.018000000000000002,0.0,no_review
0.597,0.85,0.018000000000000002,0.0,no_review
0.5975,0.85,0.018000000000000002,0.0,no_review
0.598,0.85,0.018000000000000002,0.0,no_review
0.5985,0.85,0.018000000000000002,0.0,no_review
0.599,0.85,0.018000000000000002,0.0,no_review
0.5995,0.85,0.018000000000000002,0.0,no_review
0.6,0.85,0.018000000000000002,0.0,no_review
0.6005,0.85,0.018000000000000002,0.0,no_review
0.601,0.85,0.018000000000000002,0.0,no_review
0.6015,0.85,0.018000000000000002,0.0,no_review
0.602,0.85,0.018000000000000002,0.0,no_review
0.6025,0.85,0.018000000000000002,0.0,no_review
0.603,0.85,0.018000000000000002,0.0,no_review
0.6035,0.85,0.018000000000000002,0.0,no_review
0.604,0.85,0.018000000000000002,0.0,no_review
0.6045,0.85,0.018000000000000002,0.0,no_review
0.605,0.85,0.018000000000000002,0.0,no_review
0.6055,0.85,0.018000000000000002,0.0,no_review
0.606,0.85,0.018000000000000002,0.0,no_review
0.6065,0.85,0.018000000000000002,0.0,no_review
0.607,0.85,0.018000000000000002,0.0,no_review
0.6075,0.85,0.018000000000000002,0.0,no_review
0.608,0.85,0.018000000000000002,0.0,no_review
0.6085,0.85,0.018000000000000002,0.0,no_review
0.609,0.85,0.018000000000000002,0.0,no_review
0.6095,0.85,0.018000000000000002,0.0,no_review
0.61,0.85,0.018000000000000002,0.0,no_review
0.6105,0.85,0.018000000000000002,0.0,no_review
0.611,0.85,0.018000000000000002,0.0,no_review
0.6115,0.85,0.018000000000000002,0.0,no_review
0.612,0.85,0.018000000000000002,0.0,no_review
0.6125,0.85,0.018000000000000002,0.0,no_review
0.613,0.85,0.018000000000000002,0.0,no_review
0.6135,0.85,0.018000000000000002,0.0,no_review
0.614,0.85,0.018000000000000002,0.0,no_review
0.6145,0.85,0.018000000000000002,0.0,no_review
0.615,0.85,0.018000000000000002,0.0,no_review
0.6155,0.85,0.018000000000000002,0.0,no_review
0.616,0.85,0.018000000000000002,0.0,no_review
0.6165,0.85,0.018000000000000002,0.0,no_review
0.617,0.85,0.018000000000000002,0.0,no_review
0.6175,0.85,0.018000000000000002,0.0,no_review
0.618,0.85,0.018000000000000002,0.0,no_review
0.6185,0.85,0.018000000000000002,0.0,no_review
0.619,0.85,0.018000000000000002,0.0,no_review
0.6195,0.85,0.018000000000000002,0.0,no_review
0.62,0.85,0.018000000000000002,0.0,no_review
0.6205,0.85,0.018000000000000002,0.0,no_review
0.621,0.85,0.018000000000000002,0.0,no_review
0.6215,0.85,0.018000000000000002,0.0,no_review
0.622,0.85,0.018000000000000002,0.0,no_review
0.6225,0.85,0.018000000000000002,0.0,no_review
0.623,0.85,0.018000000000000002,0.0,no_review
0.6235,0.85,0.018000000000000002,0.0,no_review
0.624,0.85,0.018000000000000002,0.0,no_review
0.6245,0.85,0.018000000000000002,0.0,no_review
0.625,0.85,0.018000000000000002,0.0,no_review
0.6255000000000001,0.85,0.018000000000000002,0.0,no_review
0.626,0.85,0.018000000000000002,0.0,no_review
0.6265000000000001,0.85,0.018000000000000002,0.0,no_review
0.627,0.85,0.018000000000000002,0.0,no_review
0.6275000000000001,0.85,0.018000000000000002,0.0,no_review
0.628,0.85,0.018000000000000002,0.0,no_review
0.6285000000000001,0.85,0.018000000000000002,0.0,no_review
0.629,0.85,0.018000000000000002,0.0,no_review
0.6295000000000001,0.85,0.018000000000000002,0.0,no_review
0.63,0.85,0.018000000000000002,0.0,no_review
0.6305000000000001,0.85,0.018000000000000002,0.0,no_review
0.631,0.85,0.018000000000000002,0.0,no_review
0.6315000000000001,0.85,0.018000000000000002,0.0,no_review
0.632,0.85,0.018000000000000002,0.0,no_review
0.6325000000000001,0.85,0.018000000000000002,0.0,no_review
0.633,0.85,0.018000000000000002,0.0,no_review
0.6335000000000001,0.85,0.018000000000000002,0.0,no_review
0.634,0.85,0.018000000000000002,0.0,no_review
0.6345000000000001,0.85,0.018000000000000002,0.0,no_review
0.635,0.85,0.018000000000000002,0.0,no_review
0.6355000000000001,0.85,0.018000000000000002,0.0,no_review
0.636,0.85,0.018000000000000002,0.0,no_review
0.6365000000000001,0.85,0.018000000000000002,0.0,no_review
0.637,0.85,0.018000000000000002,0.0,no_review
0.6375000000000001,0.85,0.018000000000000002,0.0,no_review
0.638,0.85,0.018000000000000002,0.0,no_review
0.6385000000000001,0.85,0.018000000000000002,0.0,no_review
0.639,0.85,0.018000000000000002,0.0,no_review
0.6395000000000001,0.85,0.018000000000000002,0.0,no_review
0.64,0.85,0.018000000000000002,0.0,no_review
0.6405,0.85,0.018000000000000002,0.0,no_review
0.641,0.85,0.018000000000000002,0.0,no_review
0.6415,0.85,0.018000000000000002,0.0,no_review
0.642,0.85,0.018000000000000002,0.0,no_review
0.6425,0.85,0.018000000000000002,0.0,no_review
0.643,0.85,0.018000000000000002,0.0,no_review
0.6435,0.85,0.018000000000000002,0.0,no_review
0.644,0.85,0.018000000000000002,0.0,no_review
0.6445,0.85,0.018000000000000002,0.0,no_review
0.645,0.85,0.018000000000000002,0.0,no_review
0.6455,0.85,0.018000000000000002,0.0,no_review
0.646,0.85,0.018000000000000002,0.0,no_review
0.6465,0.85,0.018000000000000002,0.0,no_review
0.647,0.85,0.018000000000000002,0.0,no_review
0.6475,0.85,0.018000000000000002,0.0,no_review
0.648,0.85,0.018000000000000002,0.0,no_review
0.6485,0.85,0.018000000000000002,0.0,no_review
0.649,0.85,0.018000000000000002,0.0,no_review
0.6495,0.85,0.018000000000000002,0.0,no_review
0.65,0.85,0.018000000000000002,0.0,no_review
0.6505,0.85,0.018000000000000002,0.0,no_review
0.651,0.85,0.018000000000000002,0.0,no_review
0.6515,0.85,0.018000000000000002,0.0,no_review
0.652,0.85,0.018000000000000002,0.0,no_review
0.6525,0.85,0.018000000000000002,0.0,no_review
0.653,0.85,0.018000000000000002,0.0,no_review
0.6535,0.85,0.018000000000000002,0.0,no_review
0.654,0.85,0.018000000000000002,0.0,no_review
0.6545,0.85,0.018000000000000002,0.0,no_review
0.655,0.85,0.018000000000000002,0.0,no_review
0.6555,0.85,0.018000000000000002,0.0,no_review
0.656,0.85,0.018000000000000002,0.0,no_review
0.6565,0.85,0.018000000000000002,0.0,no_review
0.657,0.85,0.018000000000000002,0.0,no_review
0.6575,0.85,0.018000000000000002,0.0,no_review
0.658,0.85,0.018000000000000002,0.0,no_review
0.6585,0.85,0.018000000000000002,0.0,no_review
0.659,0.85,0.018000000000000002,0.0,no_review
0.6595,0.85,0.018000000000000002,0.0,no_review
0.66,0.85,0.018000000000000002,0.0,no_review
0.6605,0.85,0.018000000000000002,0.0,no_review
0.661,0.85,0.018000000000000002,0.0,no_review
0.6615,0.85,0.018000000000000002,0.0,no_review
0.662,0.85,0.018000000000000002,0.0,no_review
0.6625,0.85,0.018000000000000002,0.0,no_review
0.663,0.85,0.018000000000000002,0.0,no_review
0.6635,0.85,0.018000000000000002,0.0,no_review
0.664,0.85,0.018000000000000002,0.0,no_review
0.6645,0.85,0.018000000000000002,0.0,no_review
0.665,0.85,0.018000000000000002,0.0,no_review
0.6655,0.85,0.018000000000000002,0.0,no_review
0.666,0.85,0.018000000000000002,0.0,no_review
0.6665,0.85,0.018000000000000002,0.0,no_review
0.667,0.85,0.018000000000000002,0.0,no_review
0.6675,0.85,0.018000000000000002,0.0,no_review
0.668,0.85,0.018000000000000002,0.0,no_review
0.6685,0.85,0.018000000000000002,0.0,no_review
0.669,0.85,0.018000000000000002,0.0,no_review
0.6695,0.85,0.018000000000000002,0.0,no_review
0.67,0.85,0.018000000000000002,0.0,no_review
0.6705,0.85,0.018000000000000002,0.0,no_review
0.671,0.85,0.018000000000000002,0.0,no_review
0.6715,0.85,0.018000000000000002,0.0,no_review
0.672,0.85,0.018000000000000002,0.0,no_review
0.6725,0.85,0.018000000000000002,0.0,no_review
0.673,0.85,0.018000000000000002,0.0,no_review
0.6735,0.85,0.018000000000000002,0.0,no_review
0.674,0.85,0.018000000000000002,0.0,no_review
0.6745,0.85,0.018000000000000002,0.0,no_review
0.675,0.85,0.018000000000000002,0.0,no_review
0.6755,0.85,0.018000000000000002,0.0,no_review
0.676,0.85,0.018000000000000002,0.0,no_review
0.6765,0.85,0.018000000000000002,0.0,no_review
0.677,0.85,0.018000000000000002,0.0,no_review
0.6775,0.85,0.018000000000000002,0.0,no_review
0.678,0.85,0.018000000000000002,0.0,no_review
0.6785,0.85,0.018000000000000002,0.0,no_review
0.679,0.85,0.018000000000000002,0.0,no_review
0.6795,0.85,0.018000000000000002,0.0,no_review
0.68,0.85,0.018000000000000002,0.0,no_review
0.6805,0.85,0.018000000000000002,0.0,no_review
0.681,0.85,0.018000000000000002,0.0,no_review
0.6815,0.85,0.018000000000000002,0.0,no_review
0.682,0.85,0.018000000000000002,0.0,no_review
0.6825,0.85,0.018000000000000002,0.0,no_review
0.683,0.85,0.018000000000000002,0.0,no_review
0.6835,0.85,0.018000000000000002,0.0,no_review
0.684,0.85,0.018000000000000002,0.0,no_review
0.6845,0.85,0.018000000000000002,0.0,no_review
0.685,0.85,0.018000000000000002,0.0,no_review
0.6855,0.85,0.018000000000000002,0.0,no_review
0.686,0.85,0.018000000000000002,0.0,no_review
0.6865,0.85,0.018000000000000002,0.0,no_review
0.687,0.85,0.018000000000000002,0.0,no_review
0.6875,0.85,0.018000000000000002,0.0,no_review
0.6880000000000001,0.85,0.018000000000000002,0.0,no_review
0.6885,0.85,0.018000000000000002,0.0,no_review
0.6890000000000001,0.85,0.018000000000000002,0.0,no_review
0.6895,0.85,0.018000000000000002,0.0,no_review
0.6900000000000001,0.85,0.018000000000000002,0.0,no_review
0.6905,0.85,0.018000000000000002,0.0,no_review
0.6910000000000001,0.85,0.018000000000000002,0.0,no_review
0.6915,0.85,0.018000000000000002,0.0,no_review
0.6920000000000001,0.85,0.018000000000000002,0.0,no_review
0.6925,0.85,0.018000000000000002,0.0,no_review
0.6930000000000001,0.85,0.018000000000000002,0.0,no_review
0.6935,0.85,0.018000000000000002,0.0,no_review
0.6940000000000001,0.85,0.018000000000000002,0.0,no_review
0.6945,0.85,0.018000000000000002,0.0,no_review
0.6950000000000001,0.85,0.018000000000000002,0.0,no_review
0.6955,0.85,0.018000000000000002,0.0,no_review
0.6960000000000001,0.85,0.018000000000000002,0.0,no_review
0.6965,0.85,0.018000000000000002,0.0,no_review
0.6970000000000001,0.85,0.018000000000000002,0.0,no_review
0.6975,0.85,0.018000000000000002,0.0,no_review
0.6980000000000001,0.85,0.018000000000000002,0.0,no_review
0.6985,0.85,0.018000000000000002,0.0,no_review
0.6990000000000001,0.85,0.018000000000000002,0.0,no_review
0.6995,0.85,0.018000000000000002,0.0,no_review
0.7000000000000001,0.85,0.018000000000000002,0.0,no_review
0.7005,0.85,0.018000000000000002,0.0,no_review
0.7010000000000001,0.85,0.018000000000000002,0.0,no_review
0.7015,0.85,0.018000000000000002,0.0,no_review
0.7020000000000001,0.85,0.018000000000000002,0.0,no_review
0.7025,0.85,0.018000000000000002,0.0,no_review
0.7030000000000001,0.85,0.018000000000000002,0.0,no_review
0.7035,0.85,0.018000000000000002,0.0,no_review
0.704,0.85,0.018000000000000002,0.0,no_review
0.7045,0.85,0.018000000000000002,0.0,no_review
0.705,0.85,0.018000000000000002,0.0,no_review
0.7055,0.85,0.018000000000000002,0.0,no_review
0.706,0.85,0.018000000000000002,0.0,no_review
0.7065,0.85,0.018000000000000002,0.0,no_review
0.707,0.85,0.018000000000000002,0.0,no_review
0.7075,0.85,0.018000000000000002,0.0,no_review
0.708,0.85,0.018000000000000002,0.0,no_review
0.7085,0.85,0.018000000000000002,0.0,no_review
0.709,0.85,0.018000000000000002,0.0,no_review
0.7095,0.85,0.018000000000000002,0.0,no_review
0.71,0.85,0.018000000000000002,0.0,no_review
0.7105,0.85,0.018000000000000002,0.0,no_review
0.711,0.85,0.018000000000000002,0.0,no_review
0.7115,0.85,0.018000000000000002,0.0,no_review
0.712,0.85,0.018000000000000002,0.0,no_review
0.7125,0.85,0.018000000000000002,0.0,no_review
0.713,0.85,0.018000000000000002,0.0,no_review
0.7135,0.85,0.018000000000000002,0.0,no_review
0.714,0.85,0.018000000000000002,0.0,no_review
0.7145,0.85,0.018000000000000002,0.0,no_review
0.715,0.85,0.018000000000000002,0.0,no_review
0.7155,0.85,0.018000000000000002,0.0,no_review
0.716,0.85,0.018000000000000002,0.0,no_review
0.7165,0.85,0.018000000000000002,0.0,no_review
0.717,0.85,0.018000000000000002,0.0,no_review
0.7175,0.85,0.018000000000000002,0.0,no_review
0.718,0.85,0.018000000000000002,0.0,no_review
0.7185,0.85,0.018000000000000002,0.0,no_review
0.719,0.85,0.018000000000000002,0.0,no_review
0.7195,0.85,0.018000000000000002,0.0,no_review
0.72,0.85,0.018000000000000002,0.0,no_review
0.7205,0.85,0.018000000000000002,0.0,no_review
0.721,0.85,0.018000000000000002,0.0,no_review
0.7215,0.85,0.018000000000000002,0.0,no_review
0.722,0.85,0.018000000000000002,0.0,no_review
0.7225,0.85,0.018000000000000002,0.0,no_review
0.723,0.85,0.018000000000000002,0.0,no_review
0.7235,0.85,0.018000000000000002,0.0,no_review
0.724,0.85,0.018000000000000002,0.0,no_review
0.7245,0.85,0.018000000000000002,0.0,no_review
0.725,0.85,0.018000000000000002,0.0,no_review
0.7255,0.85,0.018000000000000002,0.0,no_review
0.726,0.85,0.018000000000000002,0.0,no_review
0.7265,0.85,0.018000000000000002,0.0,no_review
0.727,0.85,0.018000000000000002,0.0,no_review
0.7275,0.85,0.018000000000000002,0.0,no_review
0.728,0.85,0.018000000000000002,0.0,no_review
0.7285,0.85,0.018000000000000002,0.0,no_review
0.729,0.85,0.018000000000000002,0.0,no_review
0.7295,0.85,0.018000000000000002,0.0,no_review
0.73,0.85,0.018000000000000002,0.0,no_review
0.7305,0.85,0.018000000000000002,0.0,no_review
0.731,0.85,0.018000000000000002,0.0,no_review
0.7315,0.85,0.018000000000000002,0.0,no_review
0.732,0.85,0.018000000000000002,0.0,no_review
0.7325,0.85,0.018000000000000002,0.0,no_review
0.733,0.85,0.018000000000000002,0.0,no_review
0.7335,0.85,0.018000000000000002,0.0,no_review
0.734,0.85,0.018000000000000002,0.0,no_review
0.7345,0.85,0.018000000000000002,0.0,no_review
0.735,0.85,0.018000000000000002,0.0,no_review
0.7355,0.85,0.018000000000000002,0.0,no_review
0.736,0.85,0.018000000000000002,0.0,no_review
0.7365,0.85,0.018000000000000002,0.0,no_review
0.737,0.85,0.018000000000000002,0.0,no_review
0.7375,0.85,0.018000000000000002,0.0,no_review
0.738,0.85,0.018000000000000002,0.0,no_review
0.7385,0.85,0.018000000000000002,0.0,no_review
0.739,0.85,0.018000000000000002,0.0,no_review
0.7395,0.85,0.018000000000000002,0.0,no_review
0.74,0.85,0.018000000000000002,0.0,no_review
0.7405,0.85,0.018000000000000002,0.0,no_review
0.741,0.85,0.018000000000000002,0.0,no_review
0.7415,0.85,0.018000000000000002,0.0,no_review
0.742,0.85,0.018000000000000002,0.0,no_review
0.7425,0.85,0.018000000000000002,0.0,no_review
0.743,0.85,0.018000000000000002,0.0,no_review
0.7435,0.85,0.018000000000000002,0.0,no_review
0.744,0.85,0.018000000000000002,0.0,no_review
0.7445,0.85,0.018000000000000002,0.0,no_review
0.745,0.85,0.018000000000000002,0.0,no_review
0.7455,0.85,0.018000000000000002,0.0,no_review
0.746,0.85,0.018000000000000002,0.0,no_review
0.7465,0.85,0.018000000000000002,0.0,no_review
0.747,0.85,0.018000000000000002,0.0,no_review
0.7475,0.85,0.018000000000000002,0.0,no_review
0.748,0.85,0.018000000000000002,0.0,no_review
0.7485,0.85,0.018000000000000002,0.0,no_review
0.749,0.85,0.018000000000000002,0.0,no_review
0.7495,0.85,0.018000000000000002,0.0,no_review
0.75,0.85,0.018000000000000002,0.0,no_review
0.7505000000000001,0.85,0.018000000000000002,0.0,no_review
0.751,0.85,0.018000000000000002,0.0,no_review
0.7515000000000001,0.85,0.018000000000000002,0.0,no_review
0.752,0.85,0.018000000000000002,0.0,no_review
0.7525000000000001,0.85,0.018000000000000002,0.0,no_review
0.753,0.85,0.018000000000000002,0.0,no_review
0.7535000000000001,0.85,0.018000000000000002,0.0,no_review
0.754,0.85,0.018000000000000002,0.0,no_review
0.7545000000000001,0.85,0.018000000000000002,0.0,no_review
0.755,0.85,0.018000000000000002,0.0,no_review
0.7555000000000001,0.85,0.018000000000000002,0.0,no_review
0.756,0.85,0.018000000000000002,0.0,no_review
0.7565000000000001,0.85,0.018000000000000002,0.0,no_review
0.757,0.85,0.018000000000000002,0.0,no_review
0.7575000000000001,0.85,0.018000000000000002,0.0,no_review
0.758,0.85,0.018000000000000002,0.0,no_review
0.7585000000000001,0.85,0.018000000000000002,0.0,no_review
0.759,0.85,0.018000000000000002,0.0,no_review
0.7595000000000001,0.85,0.018000000000000002,0.0,no_review
0.76,0.85,0.018000000000000002,0.0,no_review
0.7605000000000001,0.85,0.018000000000000002,0.0,no_review
0.761,0.85,0.018000000000000002,0.0,no_review
0.7615000000000001,0.85,0.018000000000000002,0.0,no_review
0.762,0.85,0.018000000000000002,0.0,no_review
0.7625000000000001,0.85,0.018000000000000002,0.0,no_review
0.763,0.85,0.018000000000000002,0.0,no_review
0.7635000000000001,0.85,0.018000000000000002,0.0,no_review
0.764,0.85,0.018000000000000002,0.0,no_review
0.7645000000000001,0.85,0.018000000000000002,0.0,no_review
0.765,0.85,0.018000000000000002,0.0,no_review
0.7655000000000001,0.85,0.018000000000000002,0.0,no_review
0.766,0.85,0.018000000000000002,0.0,no_review
0.7665000000000001,0.85,0.018000000000000002,0.0,no_review
0.767,0.85,0.018000000000000002,0.0,no_review
0.7675000000000001,0.85,0.018000000000000002,0.0,no_review
0.768,0.85,0.018000000000000002,0.0,no_review
0.7685,0.85,0.018000000000000002,0.0,no_review
0.769,0.85,0.018000000000000002,0.0,no_review
0.7695,0.85,0.018000000000000002,0.0,no_review
0.77,0.85,0.018000000000000002,0.0,no_review
0.7705,0.85,0.018000000000000002,0.0,no_review
0.771,0.85,0.018000000000000002,0.0,no_review
0.7715,0.85,0.018000000000000002,0.0,no_review
0.772,0.85,0.018000000000000002,0.0,no_review
0.7725,0.85,0.018000000000000002,0.0,no_review
0.773,0.85,0.018000000000000002,0.0,no_review
0.7735,0.85,0.018000000000000002,0.0,no_review
0.774,0.85,0.018000000000000002,0.0,no_review
0.7745,0.85,0.018000000000000002,0.0,no_review
0.775,0.85,0.018000000000000002,0.0,no_review
0.7755,0.85,0.018000000000000002,0.0,no_review
0.776,0.85,0.018000000000000002,0.0,no_review
0.7765,0.85,0.018000000000000002,0.0,no_review
0.777,0.85,0.018000000000000002,0.0,no_review
0.7775,0.85,0.018000000000000002,0.0,no_review
0.778,0.85,0.018000000000000002,0.0,no_review
0.7785,0.85,0.018000000000000002,0.0,no_review
0.779,0.85,0.018000000000000002,0.0,no_review
0.7795,0.85,0.018000000000000002,0.0,no_review
0.78,0.85,0.018000000000000002,0.0,no_review
0.7805,0.85,0.018000000000000002,0.0,no_review
0.781,0.85,0.018000000000000002,0.0,no_review
0.7815,0.85,0.018000000000000002,0.0,no_review
0.782,0.85,0.018000000000000002,0.0,no_review
0.7825,0.85,0.018000000000000002,0.0,no_review
0.783,0.85,0.018000000000000002,0.0,no_review
0.7835,0.85,0.018000000000000002,0.0,no_review
0.784,0.85,0.018000000000000002,0.0,no_review
0.7845,0.85,0.018000000000000002,0.0,no_review
0.785,0.85,0.018000000000000002,0.0,no_review
0.7855,0.85,0.018000000000000002,0.0,no_review
0.786,0.85,0.018000000000000002,0.0,no_review
0.7865,0.85,0.018000000000000002,0.0,no_review
0.787,0.85,0.018000000000000002,0.0,no_review
0.7875,0.85,0.018000000000000002,0.0,no_review
0.788,0.85,0.018000000000000002,0.0,no_review
0.7885,0.85,0.018000000000000002,0.0,no_review
0.789,0.85,0.018000000000000002,0.0,no_review
0.7895,0.85,0.018000000000000002,0.0,no_review
0.79,0.85,0.018000000000000002,0.0,no_review
0.7905,0.85,0.018000000000000002,0.0,no_review
0.791,0.85,0.018000000000000002,0.0,no_review
0.7915,0.85,0.018000000000000002,0.0,no_review
0.792,0.85,0.018000000000000002,0.0,no_review
0.7925,0.85,0.018000000000000002,0.0,no_review
0.793,0.85,0.018000000000000002,0.0,no_review
0.7935,0.85,0.018000000000000002,0.0,no_review
0.794,0.85,0.018000000000000002,0.0,no_review
0.7945,0.85,0.018000000000000002,0.0,no_review
0.795,0.85,0.018000000000000002,0.0,no_review
0.7955,0.85,0.018000000000000002,0.0,no_review
0.796,0.85,0.018000000000000002,0.0,no_review
0.7965,0.85,0.018000000000000002,0.0,no_review
0.797,0.85,0.018000000000000002,0.0,no_review
0.7975,0.85,0.018000000000000002,0.0,no_review
0.798,0.85,0.018000000000000002,0.0,no_review
0.7985,0.85,0.018000000000000002,0.0,no_review
0.799,0.85,0.018000000000000002,0.0,no_review
0.7995,0.85,0.018000000000000002,0.0,no_review
0.8,0.85,0.018000000000000002,0.0,no_review
0.8005,0.85,0.018000000000000002,0.0,no_review
0.801,0.85,0.018000000000000002,0.0,no_review
0.8015,0.85,0.018000000000000002,0.0,no_review
0.802,0.85,0.018000000000000002,0.0,no_review
0.8025,0.85,0.018000000000000002,0.0,no_review
0.803,0.85,0.018000000000000002,0.0,no_review
0.8035,0.85,0.018000000000000002,0.0,no_review
0.804,0.85,0.018000000000000002,0.0,no_review
0.8045,0.85,0.018000000000000002,0.0,no_review
0.805,0.85,0.018000000000000002,0.0,no_review
0.8055,0.85,0.018000000000000002,0.0,no_review
0.806,0.85,0.018000000000000002,0.0,no_review
0.8065,0.85,0.018000000000000002,0.0,no_review
0.807,0.85,0.018000000000000002,0.0,no_review
0.8075,0.85,0.018000000000000002,0.0,no_review
0.808,0.85,0.018000000000000002,0.0,no_review
0.8085,0.85,0.018000000000000002,0.0,no_review
0.809,0.85,0.018000000000000002,0.0,no_review
0.8095,0.85,0.018000000000000002,0.0,no_review
0.81,0.85,0.018000000000000002,0.0,no_review
0.8105,0.85,0.018000000000000002,0.0,no_review
0.811,0.85,0.018000000000000002,0.0,no_review
0.8115,0.85,0.018000000000000002,0.0,no_review
0.812,0.85,0.018000000000000002,0.0,no_review
0.8125,0.85,0.018000000000000002,0.0,no_review
0.8130000000000001,0.85,0.018000000000000002,0.0,no_review
0.8135,0.85,0.018000000000000002,0.0,no_review
0.8140000000000001,0.85,0.018000000000000002,0.0,no_review
0.8145,0.85,0.018000000000000002,0.0,no_review
0.8150000000000001,0.85,0.018000000000000002,0.0,no_review
0.8155,0.85,0.018000000000000002,0.0,no_review
0.8160000000000001,0.85,0.018000000000000002,0.0,no_review
0.8165,0.85,0.018000000000000002,0.0,no_review
0.8170000000000001,0.85,0.018000000000000002,0.0,no_review
0.8175,0.85,0.018000000000000002,0.0,no_review
0.8180000000000001,0.85,0.018000000000000002,0.0,no_review
0.8185,0.85,0.018000000000000002,0.0,no_review
0.8190000000000001,0.85,0.018000000000000002,0.0,no_review
0.8195,0.85,0.018000000000000002,0.0,no_review
0.8200000000000001,0.85,0.018000000000000002,0.0,no_review
0.8205,0.85,0.018000000000000002,0.0,no_review
0.8210000000000001,0.85,0.018000000000000002,0.0,no_review
0.8215,0.85,0.018000000000000002,0.0,no_review
0.8220000000000001,0.85,0.018000000000000002,0.0,no_review
0.8225,0.85,0.018000000000000002,0.0,no_review
0.8230000000000001,0.85,0.018000000000000002,0.0,no_review
0.8235,0.85,0.018000000000000002,0.0,no_review
0.8240000000000001,0.85,0.018000000000000002,0.0,no_review
0.8245,0.85,0.018000000000000002,0.0,no_review
0.8250000000000001,0.85,0.018000000000000002,0.0,no_review
0.8255,0.85,0.018000000000000002,0.0,no_review
0.8260000000000001,0.85,0.018000000000000002,0.0,no_review
0.8265,0.85,0.018000000000000002,0.0,no_review
0.8270000000000001,0.85,0.018000000000000002,0.0,no_review
0.8275,0.85,0.018000000000000002,0.0,no_review
0.8280000000000001,0.85,0.018000000000000002,0.0,no_review
0.8285,0.85,0.018000000000000002,0.0,no_review
0.8290000000000001,0.85,0.018000000000000002,0.0,no_review
0.8295,0.85,0.018000000000000002,0.0,no_review
0.8300000000000001,0.85,0.018000000000000002,0.0,no_review
0.8305,0.85,0.018000000000000002,0.0,no_review
0.8310000000000001,0.85,0.018000000000000002,0.0,no_review
0.8315,0.85,0.018000000000000002,0.0,no_review
0.8320000000000001,0.85,0.018000000000000002,0.0,no_review
0.8325,0.85,0.018000000000000002,0.0,no_review
0.833,0.85,0.018000000000000002,0.0,no_review
0.8335,0.85,0.018000000000000002,0.0,no_review
0.834,0.85,0.018000000000000002,0.0,no_review
0.8345,0.85,0.018000000000000002,0.0,no_review
0.835,0.85,0.018000000000000002,0.0,no_review
0.8355,0.85,0.018000000000000002,0.0,no_review
0.836,0.85,0.018000000000000002,0.0,no_review
0.8365,0.85,0.018000000000000002,0.0,no_review
0.837,0.85,0.018000000000000002,0.0,no_review
0.8375,0.85,0.018000000000000002,0.0,no_review
0.838,0.85,0.018000000000000002,0.0,no_review
0.8385,0.85,0.018000000000000002,0.0,no_review
0.839,0.85,0.018000000000000002,0.0,no_review
0.8395,0.85,0.018000000000000002,0.0,no_review
0.84,0.85,0.018000000000000002,0.0,no_review
0.8405,0.85,0.018000000000000002,0.0,no_review
0.841,0.85,0.018000000000000002,0.0,no_review
0.8415,0.85,0.018000000000000002,0.0,no_review
0.842,0.85,0.018000000000000002,0.0,no_review
0.8425,0.85,0.018000000000000002,0.0,no_review
0.843,0.85,0.018000000000000002,0.0,no_review
0.8435,0.85,0.018000000000000002,0.0,no_review
0.844,0.85,0.018000000000000002,0.0,no_review
0.8445,0.85,0.018000000000000002,0.0,no_review
0.845,0.85,0.018000000000000002,0.0,no_review
0.8455,0.85,0.018000000000000002,0.0,no_review
0.846,0.85,0.018000000000000002,0.0,no_review
0.8465,0.85,0.018000000000000002,0.0,no_review
0.847,0.85,0.018000000000000002,0.0,no_review
0.8475,0.85,0.018000000000000002,0.0,no_review
0.848,0.85,0.018000000000000002,0.0,no_review
0.8485,0.85,0.018000000000000002,0.0,no_review
0.849,0.85,0.018000000000000002,0.0,no_review
0.8495,0.85,0.018000000000000002,0.0,no_review
0.85,0.85,0.018000000000000002,0.0,no_review
0.8505,0.85,0.018000000000000002,0.0,no_review
0.851,0.85,0.018000000000000002,0.0,no_review
0.8515,0.85,0.018000000000000002,0.0,no_review
0.852,0.85,0.018000000000000002,0.0,no_review
0.8525,0.85,0.018000000000000002,0.0,no_review
0.853,0.85,0.018000000000000002,0.0,no_review
0.8535,0.85,0.018000000000000002,0.0,no_review
0.854,0.85,0.018000000000000002,0.0,no_review
0.8545,0.85,0.018000000000000002,0.0,no_review
0.855,0.85,0.018000000000000002,0.0,no_review
0.8555,0.85,0.018000000000000002,0.0,no_review
0.856,0.85,0.018000000000000002,0.0,no_review
0.8565,0.85,0.018000000000000002,0.0,no_review
0.857,0.85,0.018000000000000002,0.0,no_review
0.8575,0.85,0.018000000000000002,0.0,no_review
0.858,0.85,0.018000000000000002,0.0,no_review
0.8585,0.85,0.018000000000000002,0.0,no_review
0.859,0.85,0.018000000000000002,0.0,no_review
0.8595,0.85,0.018000000000000002,0.0,no_review
0.86,0.85,0.018000000000000002,0.0,no_review
0.8605,0.85,0.018000000000000002,0.0,no_review
0.861,0.85,0.018000000000000002,0.0,no_review
0.8615,0.85,0.018000000000000002,0.0,no_review
0.862,0.85,0.018000000000000002,0.0,no_review
0.8625,0.85,0.018000000000000002,0.0,no_review
0.863,0.85,0.018000000000000002,0.0,no_review
0.8635,0.85,0.018000000000000002,0.0,no_review
0.864,0.85,0.018000000000000002,0.0,no_review
0.8645,0.85,0.018000000000000002,0.0,no_review
0.865,0.85,0.018000000000000002,0.0,no_review
0.8655,0.85,0.018000000000000002,0.0,no_review
0.866,0.85,0.018000000000000002,0.0,no_review
0.8665,0.85,0.018000000000000002,0.0,no_review
0.867,0.85,0.018000000000000002,0.0,no_review
0.8675,0.85,0.018000000000000002,0.0,no_review
0.868,0.85,0.018000000000000002,0.0,no_review
0.8685,0.85,0.018000000000000002,0.0,no_review
0.869,0.85,0.018000000000000002,0.0,no_review
0.8695,0.85,0.018000000000000002,0.0,no_review
0.87,0.85,0.018000000000000002,0.0,no_review
0.8705,0.85,0.018000000000000002,0.0,no_review
0.871,0.85,0.018000000000000002,0.0,no_review
0.8715,0.85,0.018000000000000002,0.0,no_review
0.872,0.85,0.018000000000000002,0.0,no_review
0.8725,0.85,0.018000000000000002,0.0,no_review
0.873,0.85,0.018000000000000002,0.0,no_review
0.8735,0.85,0.018000000000000002,0.0,no_review
0.874,0.85,0.018000000000000002,0.0,no_review
0.8745,0.85,0.018000000000000002,0.0,no_review
0.875,0.85,0.018000000000000002,0.0,no_review
0.8755000000000001,0.85,0.018000000000000002,0.0,no_review
0.876,0.85,0.018000000000000002,0.0,no_review
0.8765000000000001,0.85,0.018000000000000002,0.0,no_review
0.877,0.85,0.018000000000000002,0.0,no_review
0.8775000000000001,0.85,0.018000000000000002,0.0,no_review
0.878,0.85,0.018000000000000002,0.0,no_review
0.8785000000000001,0.85,0.018000000000000002,0.0,no_review
0.879,0.85,0.018000000000000002,0.0,no_review
0.8795000000000001,0.85,0.018000000000000002,0.0,no_review
0.88,0.85,0.018000000000000002,0.0,no_review
0.8805000000000001,0.85,0.018000000000000002,0.0,no_review
0.881,0.85,0.018000000000000002,0.0,no_review
0.8815000000000001,0.85,0.018000000000000002,0.0,no_review
0.882,0.85,0.018000000000000002,0.0,no_review
0.8825000000000001,0.85,0.018000000000000002,0.0,no_review
0.883,0.85,0.018000000000000002,0.0,no_review
0.8835000000000001,0.85,0.018000000000000002,0.0,no_review
0.884,0.85,0.018000000000000002,0.0,no_review
0.8845000000000001,0.85,0.018000000000000002,0.0,no_review
0.885,0.85,0.018000000000000002,0.0,no_review
0.8855000000000001,0.85,0.018000000000000002,0.0,no_review
0.886,0.85,0.018000000000000002,0.0,no_review
0.8865000000000001,0.85,0.018000000000000002,0.0,no_review
0.887,0.85,0.018000000000000002,0.0,no_review
0.8875000000000001,0.85,0.018000000000000002,0.0,no_review
0.888,0.85,0.018000000000000002,0.0,no_review
0.8885000000000001,0.85,0.018000000000000002,0.0,no_review
0.889,0.85,0.018000000000000002,0.0,no_review
0.8895000000000001,0.85,0.018000000000000002,0.0,no_review
0.89,0.85,0.018000000000000002,0.0,no_review
0.8905000000000001,0.85,0.018000000000000002,0.0,no_review
0.891,0.85,0.018000000000000002,0.0,no_review
0.8915000000000001,0.85,0.018000000000000002,0.0,no_review
0.892,0.85,0.018000000000000002,0.0,no_review
0.8925000000000001,0.85,0.018000000000000002,0.0,no_review
0.893,0.85,0.018000000000000002,0.0,no_review
0.8935000000000001,0.85,0.018000000000000002,0.0,no_review
0.894,0.85,0.018000000000000002,0.0,no_review
0.8945000000000001,0.85,0.018000000000000002,0.0,no_review
0.895,0.85,0.018000000000000002,0.0,no_review
0.8955000000000001,0.85,0.018000000000000002,0.0,no_review
0.896,0.85,0.018000000000000002,0.0,no_review
0.8965,0.85,0.018000000000000002,0.0,no_review
0.897,0.85,0.018000000000000002,0.0,no_review
0.8975,0.85,0.018000000000000002,0.0,no_review
0.898,0.85,0.018000000000000002,0.0,no_review
0.8985,0.85,0.018000000000000002,0.0,no_review
0.899,0.85,0.018000000000000002,0.0,no_review
0.8995,0.85,0.018000000000000002,0.0,no_review
0.9,0.85,0.018000000000000002,0.0,no_review
0.9005,0.85,0.018000000000000002,0.0,no_review
0.901,0.85,0.018000000000000002,0.0,no_review
0.9015,0.85,0.018000000000000002,0.0,no_review
0.902,0.85,0.018000000000000002,0.0,no_review
0.9025,0.85,0.018000000000000002,0.0,no_review
0.903,0.85,0.018000000000000002,0.0,no_review
0.9035,0.85,0.018000000000000002,0.0,no_review
0.904,0.85,0.018000000000000002,0.0,no_review
0.9045,0.85,0.018000000000000002,0.0,no_review
0.905,0.85,0.018000000000000002,0.0,no_review
0.9055,0.85,0.018000000000000002,0.0,no_review
0.906,0.85,0.018000000000000002,0.0,no_review
0.9065,0.85,0.018000000000000002,0.0,no_review
0.907,0.85,0.018000000000000002,0.0,no_review
0.9075,0.85,0.018000000000000002,0.0,no_review
0.908,0.85,0.018000000000000002,0.0,no_review
0.9085,0.85,0.018000000000000002,0.0,no_review
0.909,0.85,0.018000000000000002,0.0,no_review
0.9095,0.85,0.018000000000000002,0.0,no_review
0.91,0.85,0.018000000000000002,0.0,no_review
0.9105,0.85,0.018000000000000002,0.0,no_review
0.911,0.85,0.018000000000000002,0.0,no_review
0.9115,0.85,0.018000000000000002,0.0,no_review
0.912,0.85,0.018000000000000002,0.0,no_review
0.9125,0.85,0.018000000000000002,0.0,no_review
0.913,0.85,0.018000000000000002,0.0,no_review
0.9135,0.85,0.018000000000000002,0.0,no_review
0.914,0.85,0.018000000000000002,0.0,no_review
0.9145,0.85,0.018000000000000002,0.0,no_review
0.915,0.85,0.018000000000000002,0.0,no_review
0.9155,0.85,0.018000000000000002,0.0,no_review
0.916,0.85,0.018000000000000002,0.0,no_review
0.9165,0.85,0.018000000000000002,0.0,no_review
0.917,0.85,0.018000000000000002,0.0,no_review
0.9175,0.85,0.018000000000000002,0.0,no_review
0.918,0.85,0.018000000000000002,0.0,no_review
0.9185,0.85,0.018000000000000002,0.0,no_review
0.919,0.85,0.018000000000000002,0.0,no_review
0.9195,0.85,0.018000000000000002,0.0,no_review
0.92,0.85,0.018000000000000002,0.0,no_review
0.9205,0.85,0.018000000000000002,0.0,no_review
0.921,0.85,0.018000000000000002,0.0,no_review
0.9215,0.85,0.018000000000000002,0.0,no_review
0.922,0.85,0.018000000000000002,0.0,no_review
0.9225,0.85,0.018000000000000002,0.0,no_review
0.923,0.85,0.018000000000000002,0.0,no_review
0.9235,0.85,0.018000000000000002,0.0,no_review
0.924,0.85,0.018000000000000002,0.0,no_review
0.9245,0.85,0.018000000000000002,0.0,no_review
0.925,0.85,0.018000000000000002,0.0,no_review
0.9255,0.85,0.018000000000000002,0.0,no_review
0.926,0.85,0.018000000000000002,0.0,no_review
0.9265,0.85,0.018000000000000002,0.0,no_review
0.927,0.85,0.018000000000000002,0.0,no_review
0.9275,0.85,0.018000000000000002,0.0,no_review
0.928,0.85,0.018000000000000002,0.0,no_review
0.9285,0.85,0.018000000000000002,0.0,no_review
0.929,0.85,0.018000000000000002,0.0,no_review
0.9295,0.85,0.018000000000000002,0.0,no_review
0.93,0.85,0.018000000000000002,0.0,no_review
0.9305,0.85,0.018000000000000002,0.0,no_review
0.931,0.85,0.018000000000000002,0.0,no_review
0.9315,0.85,0.018000000000000002,0.0,no_review
0.932,0.85,0.018000000000000002,0.0,no_review
0.9325,0.85,0.018000000000000002,0.0,no_review
0.933,0.85,0.018000000000000002,0.0,no_review
0.9335,0.85,0.018000000000000002,0.0,no_review
0.934,0.85,0.018000000000000002,0.0,no_review
0.9345,0.85,0.018000000000000002,0.0,no_review
0.935,0.85,0.018000000000000002,0.0,no_review
0.9355,0.85,0.018000000000000002,0.0,no_review
0.936,0.85,0.018000000000000002,0.0,no_review
0.9365,0.85,0.018000000000000002,0.0,no_review
0.937,0.85,0.018000000000000002,0.0,no_review
0.9375,0.85,0.018000000000000002,0.0,no_review
0.9380000000000001,0.85,0.018000000000000002,0.0,no_review
0.9385,0.85,0.018000000000000002,0.0,no_review
0.9390000000000001,0.85,0.018000000000000002,0.0,no_review
0.9395,0.85,0.018000000000000002,0.0,no_review
0.9400000000000001,0.85,0.018000000000000002,0.0,no_review
0.9405,0.85,0.018000000000000002,0.0,no_review
0.9410000000000001,0.85,0.018000000000000002,0.0,no_review
0.9415,0.85,0.018000000000000002,0.0,no_review
0.9420000000000001,0.85,0.018000000000000002,0.0,no_review
0.9425,0.85,0.018000000000000002,0.0,no_review
0.9430000000000001,0.85,0.018000000000000002,0.0,no_review
0.9435,0.85,0.018000000000000002,0.0,no_review
0.9440000000000001,0.85,0.018000000000000002,0.0,no_review
0.9445,0.85,0.018000000000000002,0.0,no_review
0.9450000000000001,0.85,0.018000000000000002,0.0,no_review
0.9455,0.85,0.018000000000000002,0.0,no_review
0.9460000000000001,0.85,0.018000000000000002,0.0,no_review
0.9465,0.85,0.018000000000000002,0.0,no_review
0.9470000000000001,0.85,0.018000000000000002,0.0,no_review
0.9475,0.85,0.018000000000000002,0.0,no_review
0.9480000000000001,0.85,0.018000000000000002,0.0,no_review
0.9485,0.85,0.018000000000000002,0.0,no_review
0.9490000000000001,0.85,0.018000000000000002,0.0,no_review
0.9495,0.85,0.018000000000000002,0.0,no_review
0.9500000000000001,0.85,0.018000000000000002,0.0,no_review
0.9505,0.85,0.018000000000000002,0.0,no_review
0.9510000000000001,0.85,0.018000000000000002,0.0,no_review
0.9515,0.85,0.018000000000000002,0.0,no_review
0.9520000000000001,0.8501667129887012,0.018000004167438598,1.1102230246251565e-16,no_review
0.9525,0.8512526150742068,0.01800023470154235,1.1102230246251565e-16,no_review
0.9530000000000001,0.8523424786772558,0.01800081879639839,1.1102230246251565e-16,no_review
0.9535,0.8534363474732616,0.018001757746575548,1.1102230246251565e-16,no_review
0.9540000000000001,0.8545342659461169,0.018003052860968004,1.1102230246251565e-16,no_review
0.9545,0.8556362794092994,0.0180047054630614,1.1102230246251565e-16,no_review
0.9550000000000001,0.8567424340276965,0.01800671689120604,1.1102230246251565e-16,no_review
0.9555,0.8578527768401691,0.01800908849889719,1.1102230246251565e-16,no_review
0.9560000000000001,0.8589673557828952,0.018011821655062932,0.0,no_review
0.9565,0.8600862197135155,0.01801491774435968,1.1102230246251565e-16,no_review
0.9570000000000001,0.861209418436127,0.018018378167475674,1.1102230246251565e-16,no_review
0.9575,0.8623370027271495,0.01802220434144279,0.0,no_review
0.9580000000000001,0.863469024362112,0.01802639769995687,0.0,no_review
0.9585,0.8646055361433933,0.018030959693706872,0.0,no_review
0.9590000000000001,0.8657465919289622,0.01803589179071329,0.0,no_review
0.9595,0.8668922466621587,0.018041195476675993,0.0,no_review
0.96,0.8680425564025662,0.018046872255331997,1.1102230246251565e-16,no_review
0.9605,0.8691975783580206,0.018052923648823358,0.0,no_review
0.961,0.8703573709178085,0.01805935119807579,1.1102230246251565e-16,no_review
0.9615,0.8715219936871136,0.018066156463188113,0.0,no_review
0.962,0.8726915075227588,0.01807334102383328,1.1102230246251565e-16,no_review
0.9625,0.8738659745703184,0.01808090647967107,0.0,no_review
0.963,0.8750454583026495,0.018088854450773236,1.1102230246251565e-16,no_review
0.9635,0.8762300235599236,0.018097186578061242,1.1102230246251565e-16,no_review
0.964,0.8774197365912196,0.018105904523757457,1.1102230246251565e-16,no_review
0.9645,0.8786146650977618,0.01811500997184995,1.1102230246251565e-16,no_review
0.965,0.8798148782778739,0.01812450462857173,1.1102230246251565e-16,no_review
0.9655,0.8810204468737446,0.018134390222894866,3.3306690738754696e-16,no_review
0.966,0.8822314432200822,0.01814466850704003,0.0,no_review
0.9665,0.8834479412947631,0.018155341257002366,3.3306690738754696e-16,no_review
0.967,0.8846700167715679,0.01816641027309387,1.1102230246251565e-16,no_review
0.9675,0.8858977470751148,0.01817787738050358,1.1102230246251565e-16,no_review
0.968,0.8871312114381016,0.018189744429875726,1.1102230246251565e-16,no_review
0.9685,0.8883704909609774,0.018202013297907032,1.1102230246251565e-16,no_review
0.969,0.8896156686741692,0.018214685887963773,1.1102230246251565e-16,no_review
0.9695,0.8908668296030012,0.01822776413071949,1.1102230246251565e-16,no_review
0.97,0.8921240608354473,0.018241249984814255,3.3306690738754696e-16,no_review
0.9705,0.8933874515928732,0.018255145437536438,1.1102230246251565e-16,no_review
0.971,0.8946570933039257,0.01826945250552801,1.1102230246251565e-16,no_review
0.9715,0.89593307968175,0.01828417323551435,1.1102230246251565e-16,no_review
0.972,0.8972155068047091,0.01829930970505969,1.1102230246251565e-16,no_review
0.9725,0.10436279435948276,0.01828538443347513,0.8754793567219027,review
0.973,0.10427623759985691,0.018119852143375168,0.875651078129104,review
0.9735,0.1041899745494458,0.017954316352954663,0.8758222428708468,review
0.974,0.10410400360246741,0.017788777080289992,0.8759928539355585,review
0.9745,0.10401832316555565,0.017623234343324832,0.876162914288826,review
0.975,0.10393293165721494,0.017457688159871695,0.8763324268740619,review
0.9755,0.10384782750822372,0.017292138547612898,0.8765013946121788,review
0.976,0.10376300916105474,0.017126585524102095,0.876669820402289,review
0.9765,0.10367847506997882,0.016961029106765172,0.8768377071216901,review
0.977,0.10359422370105319,0.016795469312901788,0.8770050576259689,review
0.9775,0.10351025353170942,0.016629906159686226,0.8771718747495231,review
0.978,0.1034265630507922,0.0164643396641689,0.87733816130561,review
0.9785,0.10334315075877343,0.0162987698432772,0.8775039200862156,review
0.979,0.10326001516692376,0.01613319671381694,0.8776691538630015,review
0.9795,0.10317715479786424,0.015967620292473225,0.8778338653868214,review
0.98,0.10309456818514708,0.015802040595811827,0.8779980573882418,review
0.9805,0.10301225387325531,0.015636457640280026,0.8781617325776285,review
0.981,0.10293021041743919,0.015470871442208005,0.8783248936454011,review
0.9815,0.10284843638364646,0.015305282017809617,0.878487543262188,review
0.982,0.10276693034827977,0.015139689383183786,0.8786496840791612,review
0.9825,0.1026856908983641,0.01497409355431524,0.8788113187279445,review
0.983,0.10260471663134196,0.014808494547075881,0.8789724498209073,review
0.9835,0.10252400615477084,0.014642892377225505,0.8791330799515558,review
0.984,0.1024435580865195,0.014477287060413136,0.8792932116944109,review
0.9845,0.10236337105459412,0.014311678612177744,0.8794528476052662,review
0.985,0.1022834436968848,0.014146067047949532,0.8796119902215258,review
0.9855,0.102203774661244,0.013980452383050637,0.8797706420622013,review
0.986,0.10212436260525401,0.013814834632696412,0.8799288056282266,review
0.9865,0.10204520619643191,0.013649213811996089,0.8800864834023233,review
0.987,0.1019663041115007,0.013483589935954039,0.8802436778498213,review
0.9875,0.1018876550373094,0.013317963019470417,0.8804003914177927,review
0.988,0.10180925766960236,0.013152333077342405,0.880556626536382,review
0.9885,0.10173111071395838,0.012986700124264831,0.8807123856179199,review
0.989,0.10165321288469366,0.01282106417483139,0.880867671058114,review
0.9895,0.10157556290588432,0.01265542524353525,0.8810224852350776,review
0.99,0.1014981595104337,0.012489783344770248,0.8811768305103507,review
0.9905,0.10142100144010122,0.012324138492831465,0.8813307092289386,review
0.991,0.10134408744590212,0.012158490701916429,0.8814841237189757,review
0.9915,0.10126741628765909,0.011992839986125657,0.8816370762922482,review
0.992,0.10119098673378067,0.01182718635946382,0.8817895692444874,review
0.9925,0.10111479756141756,0.011661529835840295,0.8819416048552766,review
0.993,0.10103884755664173,0.011495870429070305,0.8820931853879372,review
0.9935,0.10096313551357719,0.011330208152875443,0.882244313090473,review
0.994,0.1008876602351629,0.011164543020884791,0.8823949901948633,review
0.9945,0.10081242053274425,0.010998875046635445,0.8825452189175406,review
0.995,0.10073741522577903,0.010833204243573607,0.8826950014597507,review
0.9955,0.10066264314194331,0.010667530625055077,0.8828443400075079,review
0.996,0.10058810311735913,0.010501854204346356,0.8829932367314287,review
0.9965,0.10051379399599565,0.010336174994625103,0.8831416937873962,review
0.997,0.10043971462972613,0.010170493008981216,0.8832897133165629,review
0.9975,0.10036586387880703,0.010004808260417298,0.8834372974449304,review
0.998,0.10029224061103931,0.009839120761849693,0.8835844482842514,review
0.9985,0.10021884370204695,0.009673430526108947,0.8837311679318094,review
0.999,0.10014567203513315,0.009507737565940845,0.8838774584706206,review
0.9995,0.1000727245016528,0.009342041894006827,0.8840233219691195,review
1.0,0.10000000000003037,0.009176343522885017,0.8841687604821996,review
